ticker,year,report_risk_score_real,risk_score_source,risk_score_components,filing_data_quality_flag,filing_warning_text
ADBE,2011,5.3,real_sec_filing,"risk_per1k=1.5, debt=3, legal=1, uncertainty=0, cost+cyber=0",ok,
ADBE,2012,5.7,real_sec_filing,"risk_per1k=1.7, debt=3, legal=1, uncertainty=0, cost+cyber=0",ok,
ADBE,2013,2.9,real_sec_filing,"risk_per1k=2.1, debt=0, legal=1, uncertainty=0, cost+cyber=0",ok,
ADBE,2014,3.6,real_sec_filing,"risk_per1k=1.8, debt=1, legal=1, uncertainty=0, cost+cyber=0",ok,
ADBE,2015,2.5,real_sec_filing,"risk_per1k=1.7, debt=0, legal=1, uncertainty=0, cost+cyber=0",ok,
ADBE,2017,4.6,real_sec_filing,"risk_per1k=1.6, debt=2, legal=1, uncertainty=0, cost+cyber=0",ok,
ADBE,2018,3.2,real_sec_filing,"risk_per1k=1.1, debt=1, legal=1, uncertainty=0, cost+cyber=0",ok,
ADBE,2019,9.6,real_sec_filing,"risk_per1k=1.1, debt=5, legal=1, uncertainty=0, cost+cyber=0",ok,
ADBE,2020,9.6,real_sec_filing,"risk_per1k=1.1, debt=5, legal=1, uncertainty=0, cost+cyber=0",ok,
ADBE,2021,9.5,real_sec_filing,"risk_per1k=1.1, debt=5, legal=1, uncertainty=0, cost+cyber=0",ok,
ADBE,2022,8.4,real_sec_filing,"risk_per1k=1.1, debt=4, legal=1, uncertainty=0, cost+cyber=1",ok,
ADBE,2023,8.5,real_sec_filing,"risk_per1k=1.8, debt=3, legal=1, uncertainty=0, cost+cyber=3",ok,
ADBE,2024,10.7,real_sec_filing,"risk_per1k=1.9, debt=4, legal=1, uncertainty=0, cost+cyber=4",ok,
ADI,2011,65.6,real_sec_filing,"risk_per1k=10.6, debt=28, legal=28, uncertainty=41, cost+cyber=5",ok,
ADI,2012,64.1,real_sec_filing,"risk_per1k=10.2, debt=28, legal=26, uncertainty=40, cost+cyber=6",ok,
ADI,2013,86.9,real_sec_filing,"risk_per1k=18.4, debt=32, legal=24, uncertainty=38, cost+cyber=4",ok,
ADI,2014,86.0,real_sec_filing,"risk_per1k=17.7, debt=35, legal=25, uncertainty=38, cost+cyber=5",ok,
ADI,2015,87.1,real_sec_filing,"risk_per1k=17.6, debt=35, legal=29, uncertainty=39, cost+cyber=5",ok,
ADI,2017,55.1,real_sec_filing,"risk_per1k=9.2, debt=27, legal=18, uncertainty=39, cost+cyber=3",ok,
ADI,2018,56.7,real_sec_filing,"risk_per1k=9.1, debt=27, legal=21, uncertainty=39, cost+cyber=4",ok,
ADI,2019,60.7,real_sec_filing,"risk_per1k=9.6, debt=25, legal=25, uncertainty=32, cost+cyber=9",ok,
ADI,2020,62.2,real_sec_filing,"risk_per1k=11.6, debt=11, legal=29, uncertainty=22, cost+cyber=14",ok,
ADI,2021,65.4,real_sec_filing,"risk_per1k=12.8, debt=14, legal=22, uncertainty=20, cost+cyber=23",ok,
ADI,2022,56.6,real_sec_filing,"risk_per1k=12.0, debt=5, legal=24, uncertainty=23, cost+cyber=23",ok,
ADI,2023,55.9,real_sec_filing,"risk_per1k=10.8, debt=6, legal=23, uncertainty=26, cost+cyber=23",ok,
ADI,2024,56.2,real_sec_filing,"risk_per1k=10.2, debt=6, legal=29, uncertainty=28, cost+cyber=19",ok,
ADSK,2010,43.5,real_sec_filing,"risk_per1k=9.4, debt=6, legal=25, uncertainty=13, cost+cyber=7",ok,
ADSK,2011,38.9,real_sec_filing,"risk_per1k=8.1, debt=5, legal=29, uncertainty=11, cost+cyber=7",ok,
ADSK,2012,49.0,real_sec_filing,"risk_per1k=10.7, debt=15, legal=17, uncertainty=9, cost+cyber=7",ok,
ADSK,2013,48.8,real_sec_filing,"risk_per1k=9.8, debt=17, legal=19, uncertainty=8, cost+cyber=11",ok,
ADSK,2014,45.1,real_sec_filing,"risk_per1k=9.5, debt=15, legal=13, uncertainty=8, cost+cyber=12",ok,
ADSK,2015,45.9,real_sec_filing,"risk_per1k=10.7, debt=16, legal=14, uncertainty=7, cost+cyber=4",ok,
ADSK,2017,50.2,real_sec_filing,"risk_per1k=12.9, debt=9, legal=14, uncertainty=6, cost+cyber=15",ok,
ADSK,2018,48.7,real_sec_filing,"risk_per1k=11.6, debt=4, legal=36, uncertainty=5, cost+cyber=17",ok,
ADSK,2019,53.1,real_sec_filing,"risk_per1k=11.9, debt=5, legal=37, uncertainty=6, cost+cyber=19",ok,
ADSK,2020,48.3,real_sec_filing,"risk_per1k=10.9, debt=5, legal=28, uncertainty=6, cost+cyber=21",ok,
ADSK,2021,47.7,real_sec_filing,"risk_per1k=12.6, debt=5, legal=19, uncertainty=10, cost+cyber=9",ok,
ADSK,2022,51.2,real_sec_filing,"risk_per1k=12.9, debt=5, legal=21, uncertainty=11, cost+cyber=13",ok,
ADSK,2023,53.8,real_sec_filing,"risk_per1k=13.2, debt=6, legal=24, uncertainty=9, cost+cyber=12",ok,
ADSK,2024,55.5,real_sec_filing,"risk_per1k=13.1, debt=6, legal=27, uncertainty=9, cost+cyber=14",ok,
AKAM,2011,35.8,real_sec_filing,"risk_per1k=7.3, debt=4, legal=26, uncertainty=16, cost+cyber=7",ok,
AKAM,2012,34.5,real_sec_filing,"risk_per1k=7.8, debt=3, legal=22, uncertainty=18, cost+cyber=9",ok,
AKAM,2013,44.2,real_sec_filing,"risk_per1k=8.1, debt=11, legal=19, uncertainty=18, cost+cyber=7",ok,
AKAM,2014,45.7,real_sec_filing,"risk_per1k=7.8, debt=11, legal=26, uncertainty=18, cost+cyber=3",ok,
AKAM,2015,46.9,real_sec_filing,"risk_per1k=8.0, debt=13, legal=30, uncertainty=13, cost+cyber=3",ok,
AKAM,2017,40.8,real_sec_filing,"risk_per1k=8.9, debt=5, legal=29, uncertainty=9, cost+cyber=12",ok,
AKAM,2018,60.1,real_sec_filing,"risk_per1k=10.0, debt=18, legal=39, uncertainty=12, cost+cyber=13",ok,
AKAM,2019,60.8,real_sec_filing,"risk_per1k=10.3, debt=19, legal=45, uncertainty=7, cost+cyber=15",ok,
AKAM,2020,55.9,real_sec_filing,"risk_per1k=10.1, debt=6, legal=59, uncertainty=9, cost+cyber=20",ok,
AKAM,2021,56.4,real_sec_filing,"risk_per1k=11.6, debt=7, legal=35, uncertainty=8, cost+cyber=26",ok,
AKAM,2022,61.6,real_sec_filing,"risk_per1k=13.1, debt=6, legal=40, uncertainty=10, cost+cyber=32",ok,
AKAM,2023,59.4,real_sec_filing,"risk_per1k=14.5, debt=4, legal=35, uncertainty=12, cost+cyber=34",ok,
AKAM,2024,57.6,real_sec_filing,"risk_per1k=12.3, debt=5, legal=36, uncertainty=10, cost+cyber=35",ok,
AMAT,2011,11.3,real_sec_filing,"risk_per1k=3.7, debt=0, legal=6, uncertainty=5, cost+cyber=7",ok,
AMAT,2012,19.1,real_sec_filing,"risk_per1k=4.3, debt=4, legal=6, uncertainty=6, cost+cyber=8",ok,
AMAT,2014,21.6,real_sec_filing,"risk_per1k=5.5, debt=4, legal=8, uncertainty=6, cost+cyber=7",ok,
AMAT,2015,58.0,real_sec_filing,"risk_per1k=10.0, debt=18, legal=18, uncertainty=16, cost+cyber=27",ok,
AMAT,2017,66.0,real_sec_filing,"risk_per1k=11.9, debt=20, legal=22, uncertainty=19, cost+cyber=23",ok,
AMAT,2018,70.1,real_sec_filing,"risk_per1k=12.3, debt=20, legal=25, uncertainty=20, cost+cyber=30",ok,
AMAT,2019,66.9,real_sec_filing,"risk_per1k=12.5, debt=22, legal=19, uncertainty=17, cost+cyber=28",ok,
AMAT,2020,69.5,real_sec_filing,"risk_per1k=14.2, debt=22, legal=23, uncertainty=15, cost+cyber=21",ok,
AMAT,2021,55.6,real_sec_filing,"risk_per1k=14.0, debt=6, legal=16, uncertainty=12, cost+cyber=25",ok,
AMAT,2022,61.7,real_sec_filing,"risk_per1k=14.7, debt=6, legal=24, uncertainty=13, cost+cyber=32",ok,
AMAT,2023,60.7,real_sec_filing,"risk_per1k=13.6, debt=6, legal=29, uncertainty=10, cost+cyber=36",ok,
AMAT,2024,66.7,real_sec_filing,"risk_per1k=14.8, debt=7, legal=36, uncertainty=12, cost+cyber=42",ok,
AMZN,2011,45.7,real_sec_filing,"risk_per1k=9.2, debt=9, legal=22, uncertainty=24, cost+cyber=1",ok,
AMZN,2012,50.5,real_sec_filing,"risk_per1k=9.2, debt=12, legal=24, uncertainty=27, cost+cyber=1",ok,
AMZN,2013,45.0,real_sec_filing,"risk_per1k=9.3, debt=6, legal=24, uncertainty=33, cost+cyber=1",ok,
AMZN,2014,44.0,real_sec_filing,"risk_per1k=9.8, debt=4, legal=27, uncertainty=33, cost+cyber=1",ok,
AMZN,2015,44.5,real_sec_filing,"risk_per1k=9.8, debt=4, legal=26, uncertainty=40, cost+cyber=1",ok,
AMZN,2017,41.0,real_sec_filing,"risk_per1k=9.5, debt=4, legal=26, uncertainty=22, cost+cyber=1",ok,
AMZN,2018,42.7,real_sec_filing,"risk_per1k=9.7, debt=5, legal=25, uncertainty=22, cost+cyber=1",ok,
AMZN,2019,52.2,real_sec_filing,"risk_per1k=11.8, debt=4, legal=40, uncertainty=21, cost+cyber=4",ok,
AMZN,2020,55.8,real_sec_filing,"risk_per1k=12.7, debt=4, legal=41, uncertainty=21, cost+cyber=6",ok,
AMZN,2021,58.1,real_sec_filing,"risk_per1k=12.9, debt=4, legal=42, uncertainty=23, cost+cyber=8",ok,
AMZN,2022,61.4,real_sec_filing,"risk_per1k=13.4, debt=4, legal=46, uncertainty=25, cost+cyber=10",ok,
AMZN,2023,65.7,real_sec_filing,"risk_per1k=14.1, debt=3, legal=50, uncertainty=25, cost+cyber=27",ok,
AMZN,2024,66.4,real_sec_filing,"risk_per1k=14.1, debt=3, legal=49, uncertainty=25, cost+cyber=33",ok,
CRM,2010,33.1,real_sec_filing,"risk_per1k=6.2, debt=9, legal=15, uncertainty=10, cost+cyber=7",ok,
CRM,2011,28.9,real_sec_filing,"risk_per1k=6.8, debt=8, legal=14, uncertainty=5, cost+cyber=4",ok,
CRM,2012,35.5,real_sec_filing,"risk_per1k=7.5, debt=11, legal=19, uncertainty=5, cost+cyber=6",ok,
CRM,2013,39.5,real_sec_filing,"risk_per1k=8.6, debt=8, legal=29, uncertainty=5, cost+cyber=6",ok,
CRM,2014,43.9,real_sec_filing,"risk_per1k=7.2, debt=15, legal=34, uncertainty=5, cost+cyber=8",ok,
CRM,2015,42.8,real_sec_filing,"risk_per1k=7.2, debt=10, legal=36, uncertainty=7, cost+cyber=8",ok,
CRM,2017,45.3,real_sec_filing,"risk_per1k=8.2, debt=14, legal=25, uncertainty=8, cost+cyber=8",ok,
CRM,2018,48.6,real_sec_filing,"risk_per1k=8.5, debt=15, legal=28, uncertainty=8, cost+cyber=11",ok,
CRM,2019,50.9,real_sec_filing,"risk_per1k=9.0, debt=15, legal=26, uncertainty=10, cost+cyber=11",ok,
CRM,2020,53.5,real_sec_filing,"risk_per1k=9.9, debt=13, legal=27, uncertainty=9, cost+cyber=14",ok,
CRM,2021,62.4,real_sec_filing,"risk_per1k=13.9, debt=10, legal=29, uncertainty=11, cost+cyber=16",ok,
CRM,2022,55.4,real_sec_filing,"risk_per1k=11.6, debt=10, legal=25, uncertainty=8, cost+cyber=18",ok,
CRM,2023,62.2,real_sec_filing,"risk_per1k=12.3, debt=11, legal=23, uncertainty=14, cost+cyber=31",ok,
CRM,2024,64.0,real_sec_filing,"risk_per1k=12.2, debt=15, legal=23, uncertainty=14, cost+cyber=31",ok,
CSCO,2011,32.0,real_sec_filing,"risk_per1k=9.0, debt=3, legal=7, uncertainty=22, cost+cyber=3",ok,
CSCO,2012,31.8,real_sec_filing,"risk_per1k=8.5, debt=4, legal=8, uncertainty=18, cost+cyber=4",ok,
CSCO,2013,28.6,real_sec_filing,"risk_per1k=8.0, debt=4, legal=6, uncertainty=15, cost+cyber=3",ok,
CSCO,2014,34.0,real_sec_filing,"risk_per1k=8.4, debt=6, legal=7, uncertainty=17, cost+cyber=2",ok,
CSCO,2015,35.3,real_sec_filing,"risk_per1k=8.4, debt=7, legal=7, uncertainty=17, cost+cyber=2",ok,
CSCO,2017,32.3,real_sec_filing,"risk_per1k=8.7, debt=4, legal=8, uncertainty=18, cost+cyber=4",ok,
CSCO,2018,36.1,real_sec_filing,"risk_per1k=10.3, debt=2, legal=11, uncertainty=25, cost+cyber=5",ok,
CSCO,2019,39.4,real_sec_filing,"risk_per1k=10.7, debt=2, legal=11, uncertainty=25, cost+cyber=10",ok,
CSCO,2020,47.1,real_sec_filing,"risk_per1k=13.3, debt=3, legal=10, uncertainty=24, cost+cyber=13",ok,
CSCO,2021,40.5,real_sec_filing,"risk_per1k=10.8, debt=4, legal=4, uncertainty=19, cost+cyber=12",ok,
CSCO,2022,45.8,real_sec_filing,"risk_per1k=11.2, debt=5, legal=7, uncertainty=21, cost+cyber=15",ok,
CSCO,2023,35.3,real_sec_filing,"risk_per1k=9.1, debt=3, legal=8, uncertainty=20, cost+cyber=12",ok,
CSCO,2024,36.8,real_sec_filing,"risk_per1k=9.4, debt=4, legal=11, uncertainty=10, cost+cyber=24",ok,
EA,2010,32.8,real_sec_filing,"risk_per1k=7.2, debt=5, legal=20, uncertainty=17, cost+cyber=3",ok,
EA,2011,31.2,real_sec_filing,"risk_per1k=7.7, debt=4, legal=19, uncertainty=13, cost+cyber=7",ok,
EA,2012,47.3,real_sec_filing,"risk_per1k=9.2, debt=14, legal=19, uncertainty=16, cost+cyber=6",ok,
EA,2013,48.7,real_sec_filing,"risk_per1k=9.5, debt=21, legal=19, uncertainty=12, cost+cyber=5",ok,
EA,2014,51.9,real_sec_filing,"risk_per1k=8.7, debt=23, legal=23, uncertainty=14, cost+cyber=10",ok,
EA,2015,54.6,real_sec_filing,"risk_per1k=10.2, debt=19, legal=23, uncertainty=13, cost+cyber=11",ok,
EA,2017,63.1,real_sec_filing,"risk_per1k=10.8, debt=30, legal=28, uncertainty=15, cost+cyber=14",ok,
EA,2018,62.7,real_sec_filing,"risk_per1k=11.8, debt=29, legal=27, uncertainty=12, cost+cyber=12",ok,
EA,2019,58.9,real_sec_filing,"risk_per1k=10.3, debt=28, legal=26, uncertainty=12, cost+cyber=13",ok,
EA,2020,41.1,real_sec_filing,"risk_per1k=9.2, debt=5, legal=25, uncertainty=12, cost+cyber=11",ok,
EA,2021,35.0,real_sec_filing,"risk_per1k=9.6, debt=6, legal=14, uncertainty=8, cost+cyber=8",ok,
EA,2022,38.8,real_sec_filing,"risk_per1k=9.8, debt=7, legal=12, uncertainty=8, cost+cyber=13",ok,
EA,2023,59.2,real_sec_filing,"risk_per1k=9.7, debt=32, legal=33, uncertainty=10, cost+cyber=13",ok,
EA,2024,67.7,real_sec_filing,"risk_per1k=11.5, debt=29, legal=36, uncertainty=11, cost+cyber=25",ok,
EBAY,2011,42.1,real_sec_filing,"risk_per1k=6.5, debt=8, legal=80, uncertainty=6, cost+cyber=0",ok,
EBAY,2012,45.9,real_sec_filing,"risk_per1k=6.8, debt=11, legal=69, uncertainty=7, cost+cyber=1",ok,
EBAY,2013,50.3,real_sec_filing,"risk_per1k=6.9, debt=19, legal=55, uncertainty=9, cost+cyber=1",ok,
EBAY,2014,42.0,real_sec_filing,"risk_per1k=9.4, debt=17, legal=18, uncertainty=7, cost+cyber=0",ok,
EBAY,2015,67.2,real_sec_filing,"risk_per1k=10.2, debt=58, legal=87, uncertainty=12, cost+cyber=1",ok,
EBAY,2017,67.6,real_sec_filing,"risk_per1k=10.4, debt=46, legal=86, uncertainty=12, cost+cyber=2",ok,
EBAY,2018,59.5,real_sec_filing,"risk_per1k=9.7, debt=17, legal=88, uncertainty=10, cost+cyber=3",ok,
EBAY,2019,65.5,real_sec_filing,"risk_per1k=12.2, debt=13, legal=93, uncertainty=10, cost+cyber=5",ok,
EBAY,2020,62.6,real_sec_filing,"risk_per1k=11.9, debt=19, legal=42, uncertainty=10, cost+cyber=7",ok,
EBAY,2021,60.8,real_sec_filing,"risk_per1k=11.8, debt=18, legal=36, uncertainty=10, cost+cyber=9",ok,
EBAY,2022,62.9,real_sec_filing,"risk_per1k=12.0, debt=20, legal=32, uncertainty=9, cost+cyber=15",ok,
EBAY,2023,70.3,real_sec_filing,"risk_per1k=13.5, debt=21, legal=45, uncertainty=9, cost+cyber=18",ok,
EBAY,2024,72.7,real_sec_filing,"risk_per1k=12.7, debt=23, legal=53, uncertainty=8, cost+cyber=33",ok,
GOOGL,2011,48.2,real_sec_filing,"risk_per1k=11.1, debt=5, legal=38, uncertainty=13, cost+cyber=4",ok,
GOOGL,2012,40.9,real_sec_filing,"risk_per1k=9.7, debt=1, legal=42, uncertainty=11, cost+cyber=10",ok,
GOOGL,2013,49.0,real_sec_filing,"risk_per1k=11.2, debt=3, legal=42, uncertainty=13, cost+cyber=12",ok,
GOOGL,2015,54.5,real_sec_filing,"risk_per1k=12.9, debt=5, legal=38, uncertainty=14, cost+cyber=10",ok,
GRMN,2011,2.3,real_sec_filing,"risk_per1k=1.3, debt=0, legal=1, uncertainty=0, cost+cyber=1",ok,
GRMN,2012,3.9,real_sec_filing,"risk_per1k=1.4, debt=0, legal=6, uncertainty=1, cost+cyber=1",ok,
GRMN,2013,25.8,real_sec_filing,"risk_per1k=5.5, debt=3, legal=17, uncertainty=19, cost+cyber=1",ok,
GRMN,2014,24.3,real_sec_filing,"risk_per1k=5.1, debt=3, legal=14, uncertainty=17, cost+cyber=3",ok,
GRMN,2015,35.1,real_sec_filing,"risk_per1k=6.7, debt=3, legal=22, uncertainty=21, cost+cyber=11",ok,
GRMN,2017,22.4,real_sec_filing,"risk_per1k=5.2, debt=2, legal=12, uncertainty=16, cost+cyber=4",ok,
GRMN,2018,19.0,real_sec_filing,"risk_per1k=4.7, debt=1, legal=14, uncertainty=10, cost+cyber=5",ok,
GRMN,2019,34.8,real_sec_filing,"risk_per1k=7.6, debt=3, legal=21, uncertainty=22, cost+cyber=5",ok,
GRMN,2020,51.4,real_sec_filing,"risk_per1k=10.4, debt=4, legal=31, uncertainty=26, cost+cyber=12",ok,
GRMN,2021,55.7,real_sec_filing,"risk_per1k=12.0, debt=2, legal=34, uncertainty=27, cost+cyber=23",ok,
GRMN,2022,55.1,real_sec_filing,"risk_per1k=11.4, debt=2, legal=35, uncertainty=30, cost+cyber=23",ok,
GRMN,2023,54.7,real_sec_filing,"risk_per1k=10.4, debt=2, legal=39, uncertainty=34, cost+cyber=27",ok,
GRMN,2024,60.3,real_sec_filing,"risk_per1k=11.7, debt=5, legal=29, uncertainty=30, cost+cyber=28",ok,
HPQ,2011,46.3,real_sec_filing,"risk_per1k=11.2, debt=8, legal=20, uncertainty=6, cost+cyber=9",ok,
HPQ,2012,50.0,real_sec_filing,"risk_per1k=12.9, debt=6, legal=20, uncertainty=7, cost+cyber=15",ok,
HPQ,2013,44.8,real_sec_filing,"risk_per1k=12.4, debt=4, legal=17, uncertainty=9, cost+cyber=14",ok,
HPQ,2014,46.5,real_sec_filing,"risk_per1k=11.8, debt=5, legal=18, uncertainty=11, cost+cyber=13",ok,
HPQ,2015,47.6,real_sec_filing,"risk_per1k=12.4, debt=8, legal=14, uncertainty=8, cost+cyber=9",ok,
HPQ,2017,51.2,real_sec_filing,"risk_per1k=14.9, debt=5, legal=17, uncertainty=10, cost+cyber=19",ok,
HPQ,2018,47.6,real_sec_filing,"risk_per1k=15.0, debt=3, legal=17, uncertainty=10, cost+cyber=19",ok,
HPQ,2019,46.8,real_sec_filing,"risk_per1k=12.0, debt=5, legal=16, uncertainty=12, cost+cyber=17",ok,
HPQ,2020,51.9,real_sec_filing,"risk_per1k=14.5, debt=4, legal=19, uncertainty=13, cost+cyber=22",ok,
HPQ,2021,47.8,real_sec_filing,"risk_per1k=13.8, debt=3, legal=18, uncertainty=11, cost+cyber=21",ok,
HPQ,2022,75.1,real_sec_filing,"risk_per1k=17.0, debt=30, legal=28, uncertainty=12, cost+cyber=31",ok,
HPQ,2023,71.5,real_sec_filing,"risk_per1k=14.7, debt=28, legal=25, uncertainty=12, cost+cyber=30",ok,
HPQ,2024,47.2,real_sec_filing,"risk_per1k=11.3, debt=4, legal=19, uncertainty=15, cost+cyber=21",ok,
INTC,2011,36.1,real_sec_filing,"risk_per1k=5.6, debt=7, legal=31, uncertainty=6, cost+cyber=12",ok,
INTC,2012,34.8,real_sec_filing,"risk_per1k=5.4, debt=7, legal=31, uncertainty=5, cost+cyber=11",ok,
INTC,2013,27.9,real_sec_filing,"risk_per1k=4.4, debt=5, legal=30, uncertainty=2, cost+cyber=11",ok,
INTC,2014,27.8,real_sec_filing,"risk_per1k=6.9, debt=3, legal=22, uncertainty=6, cost+cyber=11",ok,
INTC,2015,26.0,real_sec_filing,"risk_per1k=6.3, debt=4, legal=15, uncertainty=6, cost+cyber=12",ok,
INTC,2017,37.3,real_sec_filing,"risk_per1k=5.2, debt=39, legal=2, uncertainty=3, cost+cyber=22",ok,
INTC,2018,17.3,real_sec_filing,"risk_per1k=3.6, debt=6, legal=1, uncertainty=0, cost+cyber=13",ok,
INTC,2019,18.7,real_sec_filing,"risk_per1k=4.0, debt=6, legal=2, uncertainty=0, cost+cyber=12",ok,
INTC,2020,25.2,real_sec_filing,"risk_per1k=5.0, debt=9, legal=5, uncertainty=0, cost+cyber=16",ok,
INTC,2021,16.6,real_sec_filing,"risk_per1k=3.9, debt=4, legal=6, uncertainty=1, cost+cyber=16",ok,
INTC,2022,19.8,real_sec_filing,"risk_per1k=5.7, debt=3, legal=7, uncertainty=1, cost+cyber=22",ok,
INTC,2023,23.0,real_sec_filing,"risk_per1k=5.6, debt=5, legal=5, uncertainty=1, cost+cyber=24",ok,
INTC,2024,24.3,real_sec_filing,"risk_per1k=5.3, debt=4, legal=5, uncertainty=5, cost+cyber=32",ok,
INTU,2011,12.9,real_sec_filing,"risk_per1k=2.9, debt=2, legal=18, uncertainty=3, cost+cyber=1",ok,
INTU,2012,16.0,real_sec_filing,"risk_per1k=2.9, debt=4, legal=19, uncertainty=2, cost+cyber=1",ok,
INTU,2013,19.5,real_sec_filing,"risk_per1k=3.3, debt=6, legal=16, uncertainty=3, cost+cyber=2",ok,
INTU,2014,14.2,real_sec_filing,"risk_per1k=3.6, debt=4, legal=14, uncertainty=3, cost+cyber=0",ok,
INTU,2015,14.7,real_sec_filing,"risk_per1k=3.8, debt=3, legal=15, uncertainty=4, cost+cyber=2",ok,
INTU,2017,34.9,real_sec_filing,"risk_per1k=7.5, debt=6, legal=24, uncertainty=8, cost+cyber=6",ok,
INTU,2018,39.3,real_sec_filing,"risk_per1k=7.7, debt=6, legal=22, uncertainty=8, cost+cyber=25",ok,
INTU,2019,41.8,real_sec_filing,"risk_per1k=7.7, debt=8, legal=23, uncertainty=7, cost+cyber=25",ok,
INTU,2020,34.4,real_sec_filing,"risk_per1k=6.7, debt=10, legal=22, uncertainty=8, cost+cyber=1",ok,
INTU,2021,28.7,real_sec_filing,"risk_per1k=4.3, debt=12, legal=22, uncertainty=3, cost+cyber=0",ok,
INTU,2022,28.3,real_sec_filing,"risk_per1k=5.4, debt=10, legal=16, uncertainty=6, cost+cyber=1",ok,
INTU,2023,28.4,real_sec_filing,"risk_per1k=4.8, debt=12, legal=15, uncertainty=6, cost+cyber=0",ok,
INTU,2024,36.1,real_sec_filing,"risk_per1k=6.6, debt=12, legal=18, uncertainty=9, cost+cyber=3",ok,
LOGI,2013,13.1,real_sec_filing,"risk_per1k=1.9, debt=3, legal=6, uncertainty=2, cost+cyber=13",ok,
LOGI,2017,24.7,real_sec_filing,"risk_per1k=4.0, debt=8, legal=9, uncertainty=5, cost+cyber=11",ok,
LOGI,2018,24.6,real_sec_filing,"risk_per1k=3.9, debt=8, legal=9, uncertainty=5, cost+cyber=11",ok,
LOGI,2019,26.5,real_sec_filing,"risk_per1k=4.0, debt=9, legal=9, uncertainty=4, cost+cyber=14",ok,
LOGI,2020,27.3,real_sec_filing,"risk_per1k=3.7, debt=9, legal=12, uncertainty=4, cost+cyber=16",ok,
LOGI,2021,34.1,real_sec_filing,"risk_per1k=7.5, debt=8, legal=10, uncertainty=5, cost+cyber=19",ok,
LOGI,2022,35.0,real_sec_filing,"risk_per1k=8.0, debt=8, legal=10, uncertainty=3, cost+cyber=24",ok,
LOGI,2023,42.6,real_sec_filing,"risk_per1k=9.9, debt=8, legal=13, uncertainty=5, cost+cyber=27",ok,
LOGI,2024,50.7,real_sec_filing,"risk_per1k=11.5, debt=10, legal=16, uncertainty=7, cost+cyber=25",ok,
LRCX,2010,52.5,real_sec_filing,"risk_per1k=11.4, debt=6, legal=24, uncertainty=25, cost+cyber=9",ok,
LRCX,2011,58.5,real_sec_filing,"risk_per1k=10.8, debt=20, legal=21, uncertainty=20, cost+cyber=9",ok,
LRCX,2012,40.1,real_sec_filing,"risk_per1k=7.2, debt=18, legal=13, uncertainty=11, cost+cyber=6",ok,
LRCX,2013,51.9,real_sec_filing,"risk_per1k=10.5, debt=18, legal=16, uncertainty=16, cost+cyber=5",ok,
LRCX,2014,56.3,real_sec_filing,"risk_per1k=10.5, debt=29, legal=16, uncertainty=24, cost+cyber=4",ok,
LRCX,2015,57.0,real_sec_filing,"risk_per1k=10.3, debt=31, legal=17, uncertainty=24, cost+cyber=5",ok,
LRCX,2017,50.3,real_sec_filing,"risk_per1k=8.7, debt=30, legal=15, uncertainty=18, cost+cyber=5",ok,
LRCX,2018,48.4,real_sec_filing,"risk_per1k=6.9, debt=34, legal=17, uncertainty=18, cost+cyber=7",ok,
LRCX,2019,49.5,real_sec_filing,"risk_per1k=7.4, debt=36, legal=18, uncertainty=17, cost+cyber=7",ok,
LRCX,2020,50.1,real_sec_filing,"risk_per1k=9.6, debt=8, legal=22, uncertainty=17, cost+cyber=17",ok,
LRCX,2021,49.7,real_sec_filing,"risk_per1k=9.8, debt=7, legal=29, uncertainty=15, cost+cyber=9",ok,
LRCX,2022,50.0,real_sec_filing,"risk_per1k=9.7, debt=7, legal=28, uncertainty=15, cost+cyber=12",ok,
LRCX,2023,54.1,real_sec_filing,"risk_per1k=9.9, debt=7, legal=35, uncertainty=14, cost+cyber=17",ok,
LRCX,2024,51.9,real_sec_filing,"risk_per1k=9.4, debt=7, legal=33, uncertainty=14, cost+cyber=16",ok,
META,2017,44.7,real_sec_filing,"risk_per1k=9.8, debt=1, legal=78, uncertainty=16, cost+cyber=1",ok,
META,2018,43.2,real_sec_filing,"risk_per1k=10.2, debt=0, legal=63, uncertainty=12, cost+cyber=3",ok,
META,2019,36.2,real_sec_filing,"risk_per1k=9.3, debt=0, legal=42, uncertainty=10, cost+cyber=5",ok,
META,2020,42.4,real_sec_filing,"risk_per1k=12.1, debt=1, legal=43, uncertainty=8, cost+cyber=3",ok,
META,2021,41.5,real_sec_filing,"risk_per1k=10.8, debt=1, legal=54, uncertainty=7, cost+cyber=3",ok,
META,2022,39.4,real_sec_filing,"risk_per1k=10.0, debt=1, legal=57, uncertainty=6, cost+cyber=4",ok,
META,2023,40.0,real_sec_filing,"risk_per1k=9.6, debt=1, legal=65, uncertainty=6, cost+cyber=7",ok,
META,2024,44.3,real_sec_filing,"risk_per1k=10.2, debt=1, legal=77, uncertainty=7, cost+cyber=10",ok,
MSFT,2010,27.4,real_sec_filing,"risk_per1k=7.6, debt=1, legal=18, uncertainty=14, cost+cyber=4",ok,
MSFT,2011,34.4,real_sec_filing,"risk_per1k=8.2, debt=4, legal=19, uncertainty=14, cost+cyber=6",ok,
MSFT,2012,32.2,real_sec_filing,"risk_per1k=6.5, debt=5, legal=21, uncertainty=12, cost+cyber=5",ok,
MSFT,2013,31.1,real_sec_filing,"risk_per1k=6.5, debt=5, legal=21, uncertainty=10, cost+cyber=4",ok,
MSFT,2014,22.1,real_sec_filing,"risk_per1k=5.1, debt=2, legal=13, uncertainty=13, cost+cyber=6",ok,
MSFT,2015,17.6,real_sec_filing,"risk_per1k=4.0, debt=3, legal=5, uncertainty=12, cost+cyber=2",ok,
MSFT,2017,20.1,real_sec_filing,"risk_per1k=4.6, debt=3, legal=10, uncertainty=13, cost+cyber=1",ok,
MSFT,2018,18.6,real_sec_filing,"risk_per1k=4.7, debt=2, legal=10, uncertainty=10, cost+cyber=5",ok,
MSFT,2019,18.7,real_sec_filing,"risk_per1k=4.1, debt=2, legal=11, uncertainty=9, cost+cyber=8",ok,
MSFT,2020,20.2,real_sec_filing,"risk_per1k=4.8, debt=3, legal=12, uncertainty=8, cost+cyber=6",ok,
MSFT,2021,13.7,real_sec_filing,"risk_per1k=2.9, debt=3, legal=14, uncertainty=1, cost+cyber=4",ok,
MSFT,2022,12.8,real_sec_filing,"risk_per1k=2.0, debt=3, legal=16, uncertainty=0, cost+cyber=4",ok,
MSFT,2023,15.5,real_sec_filing,"risk_per1k=2.8, debt=4, legal=14, uncertainty=0, cost+cyber=6",ok,
MSFT,2024,24.5,real_sec_filing,"risk_per1k=3.8, debt=4, legal=26, uncertainty=1, cost+cyber=9",ok,
MSI,2011,51.7,real_sec_filing,"risk_per1k=8.8, debt=11, legal=37, uncertainty=17, cost+cyber=4",ok,
MSI,2012,54.4,real_sec_filing,"risk_per1k=8.7, debt=13, legal=43, uncertainty=15, cost+cyber=5",ok,
MSI,2013,41.2,real_sec_filing,"risk_per1k=7.3, debt=9, legal=29, uncertainty=10, cost+cyber=5",ok,
MSI,2014,41.0,real_sec_filing,"risk_per1k=8.9, debt=6, legal=27, uncertainty=10, cost+cyber=8",ok,
MSI,2015,52.0,real_sec_filing,"risk_per1k=9.3, debt=18, legal=27, uncertainty=10, cost+cyber=10",ok,
MSI,2017,58.0,real_sec_filing,"risk_per1k=10.4, debt=19, legal=32, uncertainty=12, cost+cyber=9",ok,
MSI,2018,64.5,real_sec_filing,"risk_per1k=11.2, debt=20, legal=35, uncertainty=18, cost+cyber=10",ok,
MSI,2019,67.6,real_sec_filing,"risk_per1k=10.4, debt=19, legal=49, uncertainty=18, cost+cyber=14",ok,
MSI,2020,60.2,real_sec_filing,"risk_per1k=12.6, debt=5, legal=47, uncertainty=12, cost+cyber=19",ok,
MSI,2021,61.5,real_sec_filing,"risk_per1k=10.9, debt=7, legal=58, uncertainty=14, cost+cyber=14",ok,
MSI,2022,61.2,real_sec_filing,"risk_per1k=10.6, debt=6, legal=61, uncertainty=13, cost+cyber=25",ok,
MSI,2023,55.4,real_sec_filing,"risk_per1k=9.8, debt=5, legal=72, uncertainty=11, cost+cyber=19",ok,
MSI,2024,59.3,real_sec_filing,"risk_per1k=12.4, debt=5, legal=45, uncertainty=10, cost+cyber=26",ok,
MU,2011,44.5,real_sec_filing,"risk_per1k=7.8, debt=12, legal=26, uncertainty=16, cost+cyber=1",ok,
MU,2012,53.0,real_sec_filing,"risk_per1k=8.6, debt=35, legal=23, uncertainty=22, cost+cyber=1",ok,
MU,2013,42.6,real_sec_filing,"risk_per1k=6.5, debt=41, legal=11, uncertainty=17, cost+cyber=0",ok,
MU,2014,42.4,real_sec_filing,"risk_per1k=6.8, debt=30, legal=11, uncertainty=19, cost+cyber=0",ok,
MU,2015,42.8,real_sec_filing,"risk_per1k=6.9, debt=27, legal=11, uncertainty=18, cost+cyber=3",ok,
MU,2017,51.4,real_sec_filing,"risk_per1k=7.7, debt=40, legal=10, uncertainty=48, cost+cyber=5",ok,
MU,2018,45.2,real_sec_filing,"risk_per1k=5.8, debt=35, legal=7, uncertainty=35, cost+cyber=5",ok,
MU,2019,45.5,real_sec_filing,"risk_per1k=5.5, debt=16, legal=10, uncertainty=34, cost+cyber=21",ok,
MU,2020,50.6,real_sec_filing,"risk_per1k=7.6, debt=14, legal=13, uncertainty=35, cost+cyber=23",ok,
MU,2021,40.5,real_sec_filing,"risk_per1k=7.6, debt=7, legal=14, uncertainty=20, cost+cyber=13",ok,
MU,2022,47.5,real_sec_filing,"risk_per1k=8.4, debt=8, legal=14, uncertainty=33, cost+cyber=20",ok,
MU,2023,52.0,real_sec_filing,"risk_per1k=9.3, debt=8, legal=18, uncertainty=36, cost+cyber=20",ok,
MU,2024,50.2,real_sec_filing,"risk_per1k=8.6, debt=7, legal=20, uncertainty=32, cost+cyber=21",ok,
NFLX,2011,62.4,real_sec_filing,"risk_per1k=14.2, debt=33, legal=23, uncertainty=13, cost+cyber=2",ok,
NFLX,2012,57.2,real_sec_filing,"risk_per1k=13.1, debt=17, legal=25, uncertainty=12, cost+cyber=1",ok,
NFLX,2013,56.9,real_sec_filing,"risk_per1k=12.1, debt=21, legal=26, uncertainty=10, cost+cyber=3",ok,
NFLX,2014,59.2,real_sec_filing,"risk_per1k=12.0, debt=21, legal=26, uncertainty=11, cost+cyber=8",ok,
NFLX,2015,61.4,real_sec_filing,"risk_per1k=12.1, debt=22, legal=29, uncertainty=12, cost+cyber=8",ok,
NFLX,2017,68.1,real_sec_filing,"risk_per1k=12.6, debt=42, legal=29, uncertainty=16, cost+cyber=10",ok,
NFLX,2018,71.3,real_sec_filing,"risk_per1k=12.3, debt=42, legal=36, uncertainty=17, cost+cyber=13",ok,
NFLX,2019,73.9,real_sec_filing,"risk_per1k=12.6, debt=47, legal=40, uncertainty=17, cost+cyber=14",ok,
NFLX,2020,73.5,real_sec_filing,"risk_per1k=13.8, debt=45, legal=29, uncertainty=20, cost+cyber=14",ok,
NFLX,2021,77.1,real_sec_filing,"risk_per1k=14.6, debt=43, legal=39, uncertainty=18, cost+cyber=16",ok,
NFLX,2022,75.9,real_sec_filing,"risk_per1k=15.2, debt=32, legal=41, uncertainty=15, cost+cyber=16",ok,
NFLX,2023,76.8,real_sec_filing,"risk_per1k=15.2, debt=32, legal=43, uncertainty=14, cost+cyber=19",ok,
NFLX,2024,78.7,real_sec_filing,"risk_per1k=15.5, debt=31, legal=48, uncertainty=14, cost+cyber=22",ok,
NVDA,2010,24.7,real_sec_filing,"risk_per1k=6.0, debt=5, legal=5, uncertainty=15, cost+cyber=4",ok,
NVDA,2011,26.3,real_sec_filing,"risk_per1k=6.2, debt=4, legal=5, uncertainty=21, cost+cyber=6",ok,
NVDA,2012,35.6,real_sec_filing,"risk_per1k=8.8, debt=4, legal=16, uncertainty=24, cost+cyber=4",ok,
NVDA,2013,35.8,real_sec_filing,"risk_per1k=8.0, debt=5, legal=18, uncertainty=24, cost+cyber=3",ok,
NVDA,2014,36.1,real_sec_filing,"risk_per1k=7.9, debt=6, legal=13, uncertainty=26, cost+cyber=3",ok,
NVDA,2015,46.1,real_sec_filing,"risk_per1k=8.4, debt=8, legal=35, uncertainty=19, cost+cyber=1",ok,
NVDA,2017,51.7,real_sec_filing,"risk_per1k=8.8, debt=14, legal=33, uncertainty=19, cost+cyber=1",ok,
NVDA,2018,44.5,real_sec_filing,"risk_per1k=9.0, debt=7, legal=26, uncertainty=20, cost+cyber=1",ok,
NVDA,2019,39.2,real_sec_filing,"risk_per1k=8.2, debt=5, legal=26, uncertainty=20, cost+cyber=2",ok,
NVDA,2020,40.6,real_sec_filing,"risk_per1k=8.3, debt=6, legal=24, uncertainty=20, cost+cyber=2",ok,
NVDA,2021,32.3,real_sec_filing,"risk_per1k=7.7, debt=6, legal=14, uncertainty=10, cost+cyber=5",ok,
NVDA,2022,42.9,real_sec_filing,"risk_per1k=8.2, debt=9, legal=14, uncertainty=18, cost+cyber=10",ok,
NVDA,2023,43.4,real_sec_filing,"risk_per1k=8.2, debt=11, legal=18, uncertainty=14, cost+cyber=8",ok,
NVDA,2024,38.9,real_sec_filing,"risk_per1k=7.8, debt=8, legal=14, uncertainty=12, cost+cyber=12",ok,
ORCL,2010,22.4,real_sec_filing,"risk_per1k=6.4, debt=2, legal=15, uncertainty=8, cost+cyber=6",ok,
ORCL,2011,17.4,real_sec_filing,"risk_per1k=5.3, debt=1, legal=15, uncertainty=2, cost+cyber=8",ok,
ORCL,2012,15.7,real_sec_filing,"risk_per1k=4.0, debt=2, legal=14, uncertainty=2, cost+cyber=6",ok,
ORCL,2013,25.6,real_sec_filing,"risk_per1k=6.8, debt=0, legal=14, uncertainty=11, cost+cyber=13",ok,
ORCL,2014,20.4,real_sec_filing,"risk_per1k=5.7, debt=2, legal=14, uncertainty=3, cost+cyber=11",ok,
ORCL,2015,22.8,real_sec_filing,"risk_per1k=6.4, debt=3, legal=13, uncertainty=4, cost+cyber=10",ok,
ORCL,2017,23.2,real_sec_filing,"risk_per1k=3.4, debt=5, legal=19, uncertainty=0, cost+cyber=13",ok,
ORCL,2018,24.9,real_sec_filing,"risk_per1k=5.9, debt=4, legal=19, uncertainty=2, cost+cyber=11",ok,
ORCL,2019,23.4,real_sec_filing,"risk_per1k=5.2, debt=4, legal=18, uncertainty=1, cost+cyber=12",ok,
ORCL,2020,19.3,real_sec_filing,"risk_per1k=5.2, debt=4, legal=9, uncertainty=3, cost+cyber=7",ok,
ORCL,2021,21.0,real_sec_filing,"risk_per1k=4.9, debt=5, legal=7, uncertainty=4, cost+cyber=7",ok,
ORCL,2022,19.3,real_sec_filing,"risk_per1k=4.6, debt=5, legal=5, uncertainty=5, cost+cyber=5",ok,
ORCL,2023,21.9,real_sec_filing,"risk_per1k=4.8, debt=6, legal=7, uncertainty=2, cost+cyber=8",ok,
ORCL,2024,22.2,real_sec_filing,"risk_per1k=5.1, debt=5, legal=12, uncertainty=2, cost+cyber=8",ok,
QCOM,2011,3.4,real_sec_filing,"risk_per1k=2.6, debt=0, legal=3, uncertainty=0, cost+cyber=0",ok,
QCOM,2012,3.7,real_sec_filing,"risk_per1k=2.6, debt=0, legal=5, uncertainty=0, cost+cyber=0",ok,
QCOM,2013,8.5,real_sec_filing,"risk_per1k=2.9, debt=2, legal=8, uncertainty=2, cost+cyber=0",ok,
QCOM,2014,12.1,real_sec_filing,"risk_per1k=3.0, debt=5, legal=6, uncertainty=0, cost+cyber=0",ok,
QCOM,2015,12.1,real_sec_filing,"risk_per1k=3.0, debt=5, legal=6, uncertainty=0, cost+cyber=0",ok,
QCOM,2017,14.3,real_sec_filing,"risk_per1k=1.6, debt=6, legal=12, uncertainty=0, cost+cyber=0",ok,
QCOM,2018,16.0,real_sec_filing,"risk_per1k=2.5, debt=6, legal=10, uncertainty=0, cost+cyber=3",ok,
QCOM,2019,12.1,real_sec_filing,"risk_per1k=2.6, debt=4, legal=13, uncertainty=0, cost+cyber=0",ok,
QCOM,2020,9.2,real_sec_filing,"risk_per1k=1.8, debt=3, legal=11, uncertainty=0, cost+cyber=0",ok,
QCOM,2021,27.8,real_sec_filing,"risk_per1k=6.7, debt=7, legal=15, uncertainty=2, cost+cyber=3",ok,
QCOM,2022,25.6,real_sec_filing,"risk_per1k=6.2, debt=7, legal=16, uncertainty=1, cost+cyber=1",ok,
QCOM,2023,25.3,real_sec_filing,"risk_per1k=6.2, debt=6, legal=16, uncertainty=1, cost+cyber=3",ok,
QCOM,2024,25.3,real_sec_filing,"risk_per1k=6.1, debt=6, legal=18, uncertainty=1, cost+cyber=2",ok,
STX,2011,35.7,real_sec_filing,"risk_per1k=7.6, debt=9, legal=7, uncertainty=15, cost+cyber=7",ok,
STX,2012,42.3,real_sec_filing,"risk_per1k=9.1, debt=9, legal=7, uncertainty=17, cost+cyber=13",ok,
STX,2013,46.1,real_sec_filing,"risk_per1k=9.7, debt=12, legal=6, uncertainty=25, cost+cyber=7",ok,
STX,2014,48.7,real_sec_filing,"risk_per1k=9.5, debt=12, legal=6, uncertainty=26, cost+cyber=15",ok,
STX,2015,42.1,real_sec_filing,"risk_per1k=7.5, debt=12, legal=5, uncertainty=27, cost+cyber=10",ok,
STX,2016,48.9,real_sec_filing,"risk_per1k=9.5, debt=13, legal=11, uncertainty=27, cost+cyber=8",ok,
STX,2017,51.9,real_sec_filing,"risk_per1k=8.3, debt=53, legal=6, uncertainty=30, cost+cyber=7",ok,
STX,2018,52.9,real_sec_filing,"risk_per1k=8.4, debt=51, legal=6, uncertainty=32, cost+cyber=9",ok,
STX,2019,58.5,real_sec_filing,"risk_per1k=10.6, debt=40, legal=7, uncertainty=27, cost+cyber=11",ok,
STX,2020,55.7,real_sec_filing,"risk_per1k=9.3, debt=39, legal=7, uncertainty=26, cost+cyber=14",ok,
STX,2021,45.3,real_sec_filing,"risk_per1k=9.1, debt=10, legal=14, uncertainty=20, cost+cyber=9",ok,
STX,2022,46.8,real_sec_filing,"risk_per1k=9.6, debt=10, legal=13, uncertainty=21, cost+cyber=10",ok,
STX,2023,47.8,real_sec_filing,"risk_per1k=9.9, debt=10, legal=13, uncertainty=22, cost+cyber=9",ok,
STX,2024,50.2,real_sec_filing,"risk_per1k=10.8, debt=10, legal=15, uncertainty=18, cost+cyber=9",ok,
TSLA,2011,11.6,real_sec_filing,"risk_per1k=1.7, debt=5, legal=7, uncertainty=4, cost+cyber=1",ok,
TSLA,2012,19.1,real_sec_filing,"risk_per1k=1.8, debt=8, legal=14, uncertainty=4, cost+cyber=2",ok,
TSLA,2013,15.0,real_sec_filing,"risk_per1k=1.9, debt=6, legal=15, uncertainty=1, cost+cyber=1",ok,
TSLA,2014,20.4,real_sec_filing,"risk_per1k=3.8, debt=5, legal=14, uncertainty=9, cost+cyber=4",ok,
TSLA,2015,38.9,real_sec_filing,"risk_per1k=6.2, debt=12, legal=13, uncertainty=18, cost+cyber=10",ok,
TSLA,2017,23.9,real_sec_filing,"risk_per1k=3.7, debt=3, legal=19, uncertainty=12, cost+cyber=12",ok,
TSLA,2018,23.8,real_sec_filing,"risk_per1k=3.9, debt=3, legal=24, uncertainty=8, cost+cyber=11",ok,
TSLA,2019,31.6,real_sec_filing,"risk_per1k=4.8, debt=3, legal=27, uncertainty=16, cost+cyber=12",ok,
TSLA,2020,38.1,real_sec_filing,"risk_per1k=6.5, debt=6, legal=26, uncertainty=14, cost+cyber=10",ok,
TSLA,2021,36.0,real_sec_filing,"risk_per1k=6.0, debt=4, legal=27, uncertainty=15, cost+cyber=14",ok,
TSLA,2022,42.1,real_sec_filing,"risk_per1k=6.3, debt=6, legal=30, uncertainty=16, cost+cyber=16",ok,
TSLA,2023,41.4,real_sec_filing,"risk_per1k=6.5, debt=6, legal=29, uncertainty=14, cost+cyber=16",ok,
TSLA,2024,35.7,real_sec_filing,"risk_per1k=6.4, debt=3, legal=29, uncertainty=13, cost+cyber=16",ok,
TXN,2017,76.4,real_sec_filing,"risk_per1k=17.6, debt=10, legal=5, uncertainty=11, cost+cyber=10",ok,
TXN,2018,79.3,real_sec_filing,"risk_per1k=17.4, debt=10, legal=7, uncertainty=11, cost+cyber=11",ok,
TXN,2019,78.9,real_sec_filing,"risk_per1k=16.9, debt=10, legal=7, uncertainty=10, cost+cyber=11",ok,
TXN,2020,80.1,real_sec_filing,"risk_per1k=19.8, debt=10, legal=8, uncertainty=10, cost+cyber=10",ok,
TXN,2021,81.3,real_sec_filing,"risk_per1k=19.9, debt=11, legal=8, uncertainty=10, cost+cyber=11",ok,
TXN,2022,83.5,real_sec_filing,"risk_per1k=19.3, debt=11, legal=10, uncertainty=10, cost+cyber=13",ok,
TXN,2023,84.6,real_sec_filing,"risk_per1k=18.9, debt=11, legal=12, uncertainty=11, cost+cyber=14",ok,
TXN,2024,85.2,real_sec_filing,"risk_per1k=19.2, debt=11, legal=12, uncertainty=11, cost+cyber=15",ok,
WDC,2011,52.9,real_sec_filing,"risk_per1k=11.1, debt=28, legal=10, uncertainty=13, cost+cyber=9",ok,
WDC,2012,47.4,real_sec_filing,"risk_per1k=10.0, debt=25, legal=13, uncertainty=9, cost+cyber=7",ok,
WDC,2013,49.3,real_sec_filing,"risk_per1k=11.3, debt=25, legal=11, uncertainty=9, cost+cyber=4",ok,
WDC,2014,34.6,real_sec_filing,"risk_per1k=9.7, debt=7, legal=13, uncertainty=6, cost+cyber=5",ok,
WDC,2015,40.2,real_sec_filing,"risk_per1k=11.2, debt=8, legal=12, uncertainty=6, cost+cyber=7",ok,
WDC,2017,62.2,real_sec_filing,"risk_per1k=13.9, debt=71, legal=8, uncertainty=15, cost+cyber=7",ok,
WDC,2018,56.3,real_sec_filing,"risk_per1k=15.9, debt=14, legal=6, uncertainty=12, cost+cyber=11",ok,
WDC,2019,65.2,real_sec_filing,"risk_per1k=13.9, debt=66, legal=12, uncertainty=15, cost+cyber=12",ok,
WDC,2020,59.6,real_sec_filing,"risk_per1k=15.3, debt=18, legal=11, uncertainty=12, cost+cyber=12",ok,
WDC,2021,46.5,real_sec_filing,"risk_per1k=10.7, debt=10, legal=15, uncertainty=9, cost+cyber=11",ok,
WDC,2022,48.9,real_sec_filing,"risk_per1k=11.1, debt=11, legal=14, uncertainty=8, cost+cyber=18",ok,
WDC,2023,49.9,real_sec_filing,"risk_per1k=11.3, debt=10, legal=14, uncertainty=9, cost+cyber=20",ok,
WDC,2024,61.7,real_sec_filing,"risk_per1k=11.8, debt=19, legal=14, uncertainty=18, cost+cyber=35",ok,
AAPL,2017,50.2,real_sec_filing,"risk_per1k=10.3, debt=5, legal=25, uncertainty=28, cost+cyber=10",ok,
AAPL,2018,56.4,real_sec_filing,"risk_per1k=11.3, debt=5, legal=27, uncertainty=31, cost+cyber=16",ok,
AAPL,2019,69.4,real_sec_filing,"risk_per1k=13.7, debt=10, legal=34, uncertainty=36, cost+cyber=14",ok,
AAPL,2020,75.9,real_sec_filing,"risk_per1k=15.3, debt=9, legal=44, uncertainty=41, cost+cyber=19",ok,
AAPL,2021,71.1,real_sec_filing,"risk_per1k=15.7, debt=3, legal=54, uncertainty=39, cost+cyber=30",ok,
AAPL,2022,73.1,real_sec_filing,"risk_per1k=16.6, debt=3, legal=58, uncertainty=42, cost+cyber=34",ok,
AAPL,2023,72.4,real_sec_filing,"risk_per1k=16.1, debt=3, legal=61, uncertainty=39, cost+cyber=30",ok,
AAPL,2024,73.4,real_sec_filing,"risk_per1k=16.5, debt=3, legal=69, uncertainty=39, cost+cyber=32",ok,
AMD,2017,41.1,real_sec_filing,"risk_per1k=7.1, debt=10, legal=12, uncertainty=37, cost+cyber=4",ok,
AMD,2018,39.9,real_sec_filing,"risk_per1k=7.3, debt=9, legal=12, uncertainty=39, cost+cyber=2",ok,
AMD,2019,31.9,real_sec_filing,"risk_per1k=6.0, debt=7, legal=8, uncertainty=30, cost+cyber=0",ok,
AMD,2020,48.1,real_sec_filing,"risk_per1k=8.9, debt=18, legal=12, uncertainty=28, cost+cyber=3",ok,
AMD,2021,57.5,real_sec_filing,"risk_per1k=11.9, debt=15, legal=12, uncertainty=38, cost+cyber=7",ok,
AMD,2022,58.0,real_sec_filing,"risk_per1k=12.5, debt=13, legal=7, uncertainty=37, cost+cyber=10",ok,
AMD,2023,45.6,real_sec_filing,"risk_per1k=8.9, debt=13, legal=11, uncertainty=18, cost+cyber=8",ok,
AMD,2024,37.6,real_sec_filing,"risk_per1k=9.2, debt=4, legal=12, uncertainty=25, cost+cyber=7",ok,
AVGO,2018,44.4,real_sec_filing,"risk_per1k=7.2, debt=21, legal=15, uncertainty=10, cost+cyber=12",ok,
AVGO,2019,52.2,real_sec_filing,"risk_per1k=7.0, debt=24, legal=24, uncertainty=13, cost+cyber=18",ok,
AVGO,2020,60.4,real_sec_filing,"risk_per1k=9.8, debt=22, legal=24, uncertainty=19, cost+cyber=17",ok,
AVGO,2021,64.1,real_sec_filing,"risk_per1k=10.0, debt=18, legal=37, uncertainty=21, cost+cyber=15",ok,
AVGO,2022,65.7,real_sec_filing,"risk_per1k=9.3, debt=18, legal=43, uncertainty=25, cost+cyber=16",ok,
AVGO,2023,70.2,real_sec_filing,"risk_per1k=10.3, debt=21, legal=45, uncertainty=31, cost+cyber=13",ok,
AVGO,2024,64.6,real_sec_filing,"risk_per1k=10.2, debt=12, legal=37, uncertainty=24, cost+cyber=20",ok,
KLAC,2017,35.9,real_sec_filing,"risk_per1k=6.3, debt=9, legal=7, uncertainty=17, cost+cyber=7",ok,
KLAC,2018,37.9,real_sec_filing,"risk_per1k=6.4, debt=11, legal=7, uncertainty=18, cost+cyber=7",ok,
KLAC,2019,20.8,real_sec_filing,"risk_per1k=3.1, debt=5, legal=6, uncertainty=11, cost+cyber=2",ok,
KLAC,2020,20.6,real_sec_filing,"risk_per1k=3.0, debt=5, legal=6, uncertainty=11, cost+cyber=2",ok,
KLAC,2021,44.8,real_sec_filing,"risk_per1k=6.8, debt=14, legal=16, uncertainty=17, cost+cyber=11",ok,
KLAC,2022,61.8,real_sec_filing,"risk_per1k=10.9, debt=16, legal=22, uncertainty=17, cost+cyber=28",ok,
KLAC,2023,66.4,real_sec_filing,"risk_per1k=11.4, debt=18, legal=26, uncertainty=23, cost+cyber=22",ok,
KLAC,2024,67.5,real_sec_filing,"risk_per1k=11.9, debt=18, legal=26, uncertainty=23, cost+cyber=22",ok,
MCHP,2017,54.8,real_sec_filing,"risk_per1k=9.0, debt=34, legal=17, uncertainty=23, cost+cyber=10",ok,
MCHP,2018,52.2,real_sec_filing,"risk_per1k=7.3, debt=46, legal=18, uncertainty=21, cost+cyber=9",ok,
MCHP,2019,60.4,real_sec_filing,"risk_per1k=7.8, debt=40, legal=24, uncertainty=23, cost+cyber=27",ok,
MCHP,2020,61.0,real_sec_filing,"risk_per1k=7.9, debt=50, legal=23, uncertainty=22, cost+cyber=28",ok,
MCHP,2021,67.5,real_sec_filing,"risk_per1k=11.8, debt=25, legal=18, uncertainty=27, cost+cyber=34",ok,
MCHP,2022,65.7,real_sec_filing,"risk_per1k=11.7, debt=21, legal=18, uncertainty=23, cost+cyber=43",ok,
MCHP,2023,64.2,real_sec_filing,"risk_per1k=10.6, debt=26, legal=19, uncertainty=23, cost+cyber=39",ok,
MCHP,2024,63.2,real_sec_filing,"risk_per1k=10.2, debt=27, legal=20, uncertainty=21, cost+cyber=41",ok,
MRVL,2017,42.9,real_sec_filing,"risk_per1k=10.6, debt=2, legal=19, uncertainty=23, cost+cyber=17",ok,
MRVL,2018,70.7,real_sec_filing,"risk_per1k=11.3, debt=22, legal=49, uncertainty=33, cost+cyber=7",ok,
MRVL,2019,63.9,real_sec_filing,"risk_per1k=10.6, debt=71, legal=22, uncertainty=21, cost+cyber=10",ok,
MRVL,2020,74.0,real_sec_filing,"risk_per1k=15.0, debt=22, legal=30, uncertainty=17, cost+cyber=26",ok,
MRVL,2021,81.5,real_sec_filing,"risk_per1k=18.2, debt=41, legal=56, uncertainty=15, cost+cyber=12",ok,
ON,2017,24.1,real_sec_filing,"risk_per1k=4.2, debt=3, legal=48, uncertainty=1, cost+cyber=0",ok,
ON,2018,25.4,real_sec_filing,"risk_per1k=4.4, debt=2, legal=54, uncertainty=1, cost+cyber=3",ok,
ON,2019,26.5,real_sec_filing,"risk_per1k=5.1, debt=2, legal=55, uncertainty=1, cost+cyber=3",ok,
ON,2020,27.3,real_sec_filing,"risk_per1k=7.5, debt=2, legal=32, uncertainty=6, cost+cyber=1",ok,
ON,2021,25.3,real_sec_filing,"risk_per1k=7.5, debt=2, legal=28, uncertainty=4, cost+cyber=1",ok,
ON,2022,29.2,real_sec_filing,"risk_per1k=9.0, debt=1, legal=33, uncertainty=3, cost+cyber=1",ok,
ON,2023,34.9,real_sec_filing,"risk_per1k=8.3, debt=4, legal=44, uncertainty=5, cost+cyber=2",ok,
ON,2024,41.0,real_sec_filing,"risk_per1k=8.8, debt=7, legal=42, uncertainty=5, cost+cyber=3",ok,
SWKS,2017,58.7,real_sec_filing,"risk_per1k=11.7, debt=7, legal=23, uncertainty=42, cost+cyber=14",ok,
SWKS,2018,60.5,real_sec_filing,"risk_per1k=11.4, debt=8, legal=22, uncertainty=42, cost+cyber=21",ok,
SWKS,2019,58.2,real_sec_filing,"risk_per1k=11.1, debt=7, legal=22, uncertainty=41, cost+cyber=19",ok,
SWKS,2020,59.4,real_sec_filing,"risk_per1k=12.7, debt=6, legal=24, uncertainty=35, cost+cyber=13",ok,
SWKS,2021,70.8,real_sec_filing,"risk_per1k=12.8, debt=35, legal=19, uncertainty=38, cost+cyber=17",ok,
SWKS,2022,70.7,real_sec_filing,"risk_per1k=12.9, debt=36, legal=17, uncertainty=36, cost+cyber=20",ok,
SWKS,2023,69.7,real_sec_filing,"risk_per1k=11.8, debt=43, legal=19, uncertainty=39, cost+cyber=17",ok,
SWKS,2024,67.1,real_sec_filing,"risk_per1k=11.6, debt=20, legal=22, uncertainty=41, cost+cyber=18",ok,
CDNS,2017,32.8,real_sec_filing,"risk_per1k=8.2, debt=6, legal=12, uncertainty=12, cost+cyber=5",ok,
CDNS,2018,31.9,real_sec_filing,"risk_per1k=7.6, debt=6, legal=10, uncertainty=15, cost+cyber=4",ok,
CDNS,2019,36.7,real_sec_filing,"risk_per1k=7.9, debt=8, legal=14, uncertainty=16, cost+cyber=2",ok,
CDNS,2020,42.8,real_sec_filing,"risk_per1k=8.9, debt=12, legal=15, uncertainty=8, cost+cyber=11",ok,
CDNS,2021,42.8,real_sec_filing,"risk_per1k=8.9, debt=12, legal=15, uncertainty=8, cost+cyber=11",ok,
CDNS,2022,48.3,real_sec_filing,"risk_per1k=8.6, debt=12, legal=23, uncertainty=9, cost+cyber=18",ok,
CDNS,2023,51.2,real_sec_filing,"risk_per1k=9.6, debt=16, legal=19, uncertainty=10, cost+cyber=16",ok,
CDNS,2024,62.0,real_sec_filing,"risk_per1k=10.6, debt=23, legal=32, uncertainty=10, cost+cyber=19",ok,
CHTR,2017,37.1,real_sec_filing,"risk_per1k=2.6, debt=10, legal=31, uncertainty=8, cost+cyber=11",ok,
CHTR,2018,37.5,real_sec_filing,"risk_per1k=2.3, debt=10, legal=34, uncertainty=8, cost+cyber=11",ok,
CHTR,2019,39.7,real_sec_filing,"risk_per1k=3.7, debt=11, legal=31, uncertainty=8, cost+cyber=14",ok,
CHTR,2020,35.5,real_sec_filing,"risk_per1k=2.8, debt=9, legal=30, uncertainty=6, cost+cyber=13",ok,
CHTR,2021,34.9,real_sec_filing,"risk_per1k=2.5, debt=9, legal=30, uncertainty=6, cost+cyber=13",ok,
CHTR,2022,37.3,real_sec_filing,"risk_per1k=2.2, debt=12, legal=32, uncertainty=6, cost+cyber=11",ok,
CHTR,2023,37.5,real_sec_filing,"risk_per1k=2.7, debt=12, legal=34, uncertainty=7, cost+cyber=8",ok,
CHTR,2024,31.2,real_sec_filing,"risk_per1k=2.9, debt=13, legal=22, uncertainty=7, cost+cyber=1",ok,
CMCSA,2017,13.8,real_sec_filing,"risk_per1k=1.6, debt=1, legal=20, uncertainty=8, cost+cyber=0",ok,
CMCSA,2018,18.0,real_sec_filing,"risk_per1k=1.4, debt=1, legal=25, uncertainty=10, cost+cyber=0",ok,
CMCSA,2019,18.7,real_sec_filing,"risk_per1k=1.5, debt=1, legal=28, uncertainty=8, cost+cyber=1",ok,
CMCSA,2020,22.9,real_sec_filing,"risk_per1k=1.6, debt=4, legal=25, uncertainty=9, cost+cyber=1",ok,
CMCSA,2021,21.7,real_sec_filing,"risk_per1k=1.6, debt=5, legal=19, uncertainty=9, cost+cyber=1",ok,
CMCSA,2022,18.4,real_sec_filing,"risk_per1k=1.5, debt=3, legal=20, uncertainty=9, cost+cyber=1",ok,
CMCSA,2023,27.9,real_sec_filing,"risk_per1k=1.7, debt=4, legal=32, uncertainty=13, cost+cyber=2",ok,
CMCSA,2024,29.5,real_sec_filing,"risk_per1k=2.7, debt=4, legal=37, uncertainty=10, cost+cyber=3",ok,
CTSH,2017,72.3,real_sec_filing,"risk_per1k=15.2, debt=7, legal=58, uncertainty=66, cost+cyber=7",ok,
CTSH,2018,73.4,real_sec_filing,"risk_per1k=15.0, debt=2, legal=41, uncertainty=21, cost+cyber=8",ok,
CTSH,2019,71.6,real_sec_filing,"risk_per1k=14.8, debt=2, legal=43, uncertainty=22, cost+cyber=7",ok,
CTSH,2020,79.3,real_sec_filing,"risk_per1k=14.7, debt=8, legal=42, uncertainty=27, cost+cyber=16",ok,
CTSH,2021,78.7,real_sec_filing,"risk_per1k=14.9, debt=8, legal=47, uncertainty=25, cost+cyber=14",ok,
CTSH,2022,59.5,real_sec_filing,"risk_per1k=12.0, debt=8, legal=24, uncertainty=17, cost+cyber=27",ok,
CTSH,2023,59.6,real_sec_filing,"risk_per1k=11.8, debt=8, legal=23, uncertainty=24, cost+cyber=25",ok,
CTSH,2024,61.4,real_sec_filing,"risk_per1k=12.5, debt=13, legal=14, uncertainty=19, cost+cyber=31",ok,
DDOG,2019,24.6,real_sec_filing,"risk_per1k=5.7, debt=8, legal=14, uncertainty=5, cost+cyber=1",ok,
DDOG,2020,25.3,real_sec_filing,"risk_per1k=6.5, debt=9, legal=7, uncertainty=4, cost+cyber=2",ok,
DDOG,2021,24.3,real_sec_filing,"risk_per1k=6.1, debt=9, legal=9, uncertainty=2, cost+cyber=3",ok,
DDOG,2022,33.2,real_sec_filing,"risk_per1k=6.7, debt=12, legal=12, uncertainty=7, cost+cyber=6",ok,
DDOG,2023,36.7,real_sec_filing,"risk_per1k=7.2, debt=13, legal=11, uncertainty=8, cost+cyber=10",ok,
DDOG,2024,36.9,real_sec_filing,"risk_per1k=7.0, debt=14, legal=14, uncertainty=6, cost+cyber=10",ok,
DIS,2017,21.4,real_sec_filing,"risk_per1k=3.8, debt=7, legal=9, uncertainty=6, cost+cyber=3",ok,
DIS,2018,13.4,real_sec_filing,"risk_per1k=3.4, debt=2, legal=9, uncertainty=7, cost+cyber=5",ok,
FTNT,2017,46.3,real_sec_filing,"risk_per1k=10.1, debt=4, legal=31, uncertainty=16, cost+cyber=10",ok,
FTNT,2018,51.8,real_sec_filing,"risk_per1k=10.8, debt=4, legal=35, uncertainty=16, cost+cyber=16",ok,
FTNT,2019,52.5,real_sec_filing,"risk_per1k=11.8, debt=5, legal=27, uncertainty=12, cost+cyber=16",ok,
FTNT,2020,55.3,real_sec_filing,"risk_per1k=12.4, debt=8, legal=24, uncertainty=12, cost+cyber=11",ok,
FTNT,2021,63.8,real_sec_filing,"risk_per1k=14.3, debt=12, legal=20, uncertainty=10, cost+cyber=43",ok,
FTNT,2022,64.4,real_sec_filing,"risk_per1k=14.1, debt=11, legal=22, uncertainty=11, cost+cyber=42",ok,
FTNT,2023,75.7,real_sec_filing,"risk_per1k=14.8, debt=42, legal=24, uncertainty=17, cost+cyber=46",ok,
FTNT,2024,71.3,real_sec_filing,"risk_per1k=16.1, debt=14, legal=26, uncertainty=13, cost+cyber=73",ok,
MPWR,2017,66.6,real_sec_filing,"risk_per1k=12.4, debt=17, legal=34, uncertainty=38, cost+cyber=4",ok,
MPWR,2018,72.4,real_sec_filing,"risk_per1k=13.4, debt=17, legal=33, uncertainty=41, cost+cyber=15",ok,
MPWR,2019,70.4,real_sec_filing,"risk_per1k=13.2, debt=12, legal=35, uncertainty=37, cost+cyber=18",ok,
MPWR,2020,65.7,real_sec_filing,"risk_per1k=15.9, debt=9, legal=23, uncertainty=28, cost+cyber=18",ok,
MPWR,2021,67.5,real_sec_filing,"risk_per1k=16.4, debt=8, legal=27, uncertainty=28, cost+cyber=20",ok,
MPWR,2022,63.4,real_sec_filing,"risk_per1k=17.0, debt=5, legal=24, uncertainty=28, cost+cyber=29",ok,
MPWR,2023,65.7,real_sec_filing,"risk_per1k=17.1, debt=5, legal=31, uncertainty=27, cost+cyber=26",ok,
MPWR,2024,67.6,real_sec_filing,"risk_per1k=18.1, debt=5, legal=33, uncertainty=30, cost+cyber=29",ok,
NOW,2017,68.2,real_sec_filing,"risk_per1k=12.8, debt=29, legal=43, uncertainty=10, cost+cyber=10",ok,
NOW,2018,60.7,real_sec_filing,"risk_per1k=13.4, debt=6, legal=56, uncertainty=8, cost+cyber=13",ok,
NOW,2019,59.0,real_sec_filing,"risk_per1k=11.2, debt=9, legal=48, uncertainty=8, cost+cyber=14",ok,
NOW,2020,53.9,real_sec_filing,"risk_per1k=10.5, debt=8, legal=41, uncertainty=8, cost+cyber=11",ok,
NOW,2021,45.0,real_sec_filing,"risk_per1k=12.0, debt=3, legal=43, uncertainty=2, cost+cyber=7",ok,
NOW,2022,50.2,real_sec_filing,"risk_per1k=11.5, debt=6, legal=41, uncertainty=1, cost+cyber=11",ok,
NOW,2023,56.8,real_sec_filing,"risk_per1k=12.1, debt=7, legal=47, uncertainty=4, cost+cyber=12",ok,
NOW,2024,55.8,real_sec_filing,"risk_per1k=10.2, debt=9, legal=50, uncertainty=5, cost+cyber=14",ok,
OKTA,2018,46.2,real_sec_filing,"risk_per1k=8.1, debt=12, legal=30, uncertainty=8, cost+cyber=10",ok,
OKTA,2019,48.5,real_sec_filing,"risk_per1k=8.0, debt=12, legal=35, uncertainty=8, cost+cyber=13",ok,
OKTA,2020,49.9,real_sec_filing,"risk_per1k=8.4, debt=12, legal=36, uncertainty=8, cost+cyber=13",ok,
OKTA,2021,37.9,real_sec_filing,"risk_per1k=8.3, debt=17, legal=13, uncertainty=6, cost+cyber=3",ok,
OKTA,2022,37.0,real_sec_filing,"risk_per1k=8.5, debt=19, legal=7, uncertainty=5, cost+cyber=2",ok,
OKTA,2023,38.9,real_sec_filing,"risk_per1k=8.6, debt=17, legal=9, uncertainty=5, cost+cyber=8",ok,
OKTA,2024,43.8,real_sec_filing,"risk_per1k=9.1, debt=17, legal=11, uncertainty=5, cost+cyber=16",ok,
PANW,2017,42.2,real_sec_filing,"risk_per1k=12.3, debt=4, legal=15, uncertainty=7, cost+cyber=13",ok,
PANW,2018,43.8,real_sec_filing,"risk_per1k=10.9, debt=5, legal=20, uncertainty=7, cost+cyber=15",ok,
PANW,2019,44.7,real_sec_filing,"risk_per1k=11.5, debt=5, legal=19, uncertainty=7, cost+cyber=15",ok,
PANW,2020,51.0,real_sec_filing,"risk_per1k=12.8, debt=4, legal=27, uncertainty=8, cost+cyber=18",ok,
PANW,2021,58.1,real_sec_filing,"risk_per1k=13.3, debt=6, legal=32, uncertainty=9, cost+cyber=20",ok,
PANW,2022,60.4,real_sec_filing,"risk_per1k=13.8, debt=6, legal=34, uncertainty=9, cost+cyber=24",ok,
PANW,2023,65.5,real_sec_filing,"risk_per1k=15.1, debt=9, legal=38, uncertainty=8, cost+cyber=20",ok,
PANW,2024,67.2,real_sec_filing,"risk_per1k=16.5, debt=9, legal=40, uncertainty=5, cost+cyber=27",ok,
SNPS,2017,41.5,real_sec_filing,"risk_per1k=10.5, debt=6, legal=15, uncertainty=13, cost+cyber=7",ok,
SNPS,2018,44.2,real_sec_filing,"risk_per1k=11.0, debt=5, legal=17, uncertainty=15, cost+cyber=11",ok,
SNPS,2019,42.6,real_sec_filing,"risk_per1k=10.7, debt=4, legal=18, uncertainty=16, cost+cyber=11",ok,
SNPS,2020,42.4,real_sec_filing,"risk_per1k=10.6, debt=3, legal=17, uncertainty=18, cost+cyber=15",ok,
SNPS,2021,50.1,real_sec_filing,"risk_per1k=12.1, debt=5, legal=19, uncertainty=21, cost+cyber=10",ok,
SNPS,2022,52.7,real_sec_filing,"risk_per1k=13.3, debt=4, legal=23, uncertainty=15, cost+cyber=17",ok,
SNPS,2023,52.3,real_sec_filing,"risk_per1k=13.6, debt=7, legal=19, uncertainty=8, cost+cyber=14",ok,
SNPS,2024,63.3,real_sec_filing,"risk_per1k=16.1, debt=10, legal=20, uncertainty=14, cost+cyber=20",ok,
T,2017,49.1,real_sec_filing,"risk_per1k=18.3, debt=0, legal=8, uncertainty=0, cost+cyber=0",ok,
T,2018,52.9,real_sec_filing,"risk_per1k=15.8, debt=0, legal=7, uncertainty=1, cost+cyber=0",ok,
T,2019,88.2,real_sec_filing,"risk_per1k=15.0, debt=20, legal=28, uncertainty=15, cost+cyber=9",ok,
T,2020,84.3,real_sec_filing,"risk_per1k=13.9, debt=21, legal=39, uncertainty=19, cost+cyber=9",ok,
T,2021,82.0,real_sec_filing,"risk_per1k=11.9, debt=36, legal=43, uncertainty=24, cost+cyber=14",ok,
T,2022,87.2,real_sec_filing,"risk_per1k=14.0, debt=22, legal=38, uncertainty=13, cost+cyber=25",ok,
T,2023,87.6,real_sec_filing,"risk_per1k=13.8, debt=17, legal=45, uncertainty=15, cost+cyber=27",ok,
T,2024,88.7,real_sec_filing,"risk_per1k=14.7, debt=17, legal=43, uncertainty=18, cost+cyber=33",ok,
TMUS,2017,81.8,real_sec_filing,"risk_per1k=12.8, debt=43, legal=56, uncertainty=60, cost+cyber=11",ok,
TMUS,2018,87.4,real_sec_filing,"risk_per1k=13.3, debt=50, legal=68, uncertainty=60, cost+cyber=23",ok,
TMUS,2019,89.6,real_sec_filing,"risk_per1k=14.1, debt=56, legal=70, uncertainty=60, cost+cyber=24",ok,
TMUS,2020,79.5,real_sec_filing,"risk_per1k=12.2, debt=84, legal=37, uncertainty=35, cost+cyber=21",ok,
TMUS,2021,84.7,real_sec_filing,"risk_per1k=13.8, debt=84, legal=38, uncertainty=32, cost+cyber=46",ok,
TMUS,2022,82.6,real_sec_filing,"risk_per1k=13.2, debt=68, legal=37, uncertainty=27, cost+cyber=43",ok,
TMUS,2023,82.4,real_sec_filing,"risk_per1k=13.9, debt=43, legal=41, uncertainty=24, cost+cyber=45",ok,
TMUS,2024,83.1,real_sec_filing,"risk_per1k=14.5, debt=44, legal=43, uncertainty=20, cost+cyber=42",ok,
VZ,2017,17.4,real_sec_filing,"risk_per1k=0.7, debt=6, legal=15, uncertainty=2, cost+cyber=5",ok,
VZ,2018,27.2,real_sec_filing,"risk_per1k=2.6, debt=9, legal=20, uncertainty=5, cost+cyber=6",ok,
VZ,2019,54.0,real_sec_filing,"risk_per1k=6.2, debt=26, legal=43, uncertainty=18, cost+cyber=5",ok,
VZ,2020,46.5,real_sec_filing,"risk_per1k=7.3, debt=6, legal=44, uncertainty=19, cost+cyber=5",ok,
VZ,2021,54.6,real_sec_filing,"risk_per1k=7.2, debt=17, legal=48, uncertainty=15, cost+cyber=7",ok,
VZ,2022,50.5,real_sec_filing,"risk_per1k=7.4, debt=7, legal=45, uncertainty=16, cost+cyber=13",ok,
VZ,2023,68.1,real_sec_filing,"risk_per1k=9.1, debt=27, legal=69, uncertainty=16, cost+cyber=18",ok,
VZ,2024,68.8,real_sec_filing,"risk_per1k=10.8, debt=8, legal=71, uncertainty=20, cost+cyber=39",ok,
WDAY,2017,48.7,real_sec_filing,"risk_per1k=13.2, debt=3, legal=24, uncertainty=17, cost+cyber=9",ok,
WDAY,2018,50.0,real_sec_filing,"risk_per1k=13.3, debt=3, legal=25, uncertainty=17, cost+cyber=10",ok,
WDAY,2019,60.6,real_sec_filing,"risk_per1k=13.8, debt=6, legal=32, uncertainty=18, cost+cyber=13",ok,
WDAY,2020,56.4,real_sec_filing,"risk_per1k=13.6, debt=3, legal=35, uncertainty=18, cost+cyber=15",ok,
WDAY,2021,52.2,real_sec_filing,"risk_per1k=13.6, debt=6, legal=22, uncertainty=17, cost+cyber=6",ok,
WDAY,2022,50.7,real_sec_filing,"risk_per1k=14.2, debt=5, legal=16, uncertainty=19, cost+cyber=9",ok,
WDAY,2023,59.8,real_sec_filing,"risk_per1k=14.0, debt=9, legal=23, uncertainty=10, cost+cyber=26",ok,
WDAY,2024,58.8,real_sec_filing,"risk_per1k=12.9, debt=9, legal=37, uncertainty=6, cost+cyber=14",ok,
ZS,2018,44.1,real_sec_filing,"risk_per1k=9.7, debt=7, legal=34, uncertainty=7, cost+cyber=6",ok,
ZS,2019,45.3,real_sec_filing,"risk_per1k=9.7, debt=7, legal=34, uncertainty=7, cost+cyber=7",ok,
ZS,2020,54.3,real_sec_filing,"risk_per1k=10.6, debt=11, legal=33, uncertainty=10, cost+cyber=9",ok,
ZS,2021,56.4,real_sec_filing,"risk_per1k=10.4, debt=15, legal=32, uncertainty=9, cost+cyber=13",ok,
ZS,2022,52.6,real_sec_filing,"risk_per1k=9.0, debt=18, legal=30, uncertainty=8, cost+cyber=13",ok,
ZS,2023,53.7,real_sec_filing,"risk_per1k=9.3, debt=20, legal=30, uncertainty=8, cost+cyber=11",ok,
ZS,2024,61.9,real_sec_filing,"risk_per1k=11.6, debt=17, legal=30, uncertainty=9, cost+cyber=21",ok,
ABBV,2017,50.8,real_sec_filing,"risk_per1k=9.1, debt=1, legal=83, uncertainty=36, cost+cyber=5",ok,
ABBV,2018,56.4,real_sec_filing,"risk_per1k=10.3, debt=2, legal=81, uncertainty=38, cost+cyber=7",ok,
ABBV,2019,53.5,real_sec_filing,"risk_per1k=10.1, debt=1, legal=83, uncertainty=36, cost+cyber=5",ok,
ABBV,2020,35.3,real_sec_filing,"risk_per1k=6.0, debt=2, legal=62, uncertainty=8, cost+cyber=5",ok,
ABBV,2021,37.2,real_sec_filing,"risk_per1k=6.2, debt=2, legal=69, uncertainty=9, cost+cyber=6",ok,
ABBV,2022,42.4,real_sec_filing,"risk_per1k=7.0, debt=2, legal=73, uncertainty=17, cost+cyber=3",ok,
ABBV,2023,40.3,real_sec_filing,"risk_per1k=6.5, debt=2, legal=73, uncertainty=13, cost+cyber=5",ok,
ABBV,2024,41.6,real_sec_filing,"risk_per1k=6.6, debt=2, legal=72, uncertainty=16, cost+cyber=5",ok,
ABT,2017,93.2,real_sec_filing,"risk_per1k=19.2, debt=25, legal=31, uncertainty=33, cost+cyber=4",ok,
ABT,2018,94.6,real_sec_filing,"risk_per1k=19.0, debt=27, legal=33, uncertainty=33, cost+cyber=6",ok,
ABT,2019,94.8,real_sec_filing,"risk_per1k=19.3, debt=23, legal=34, uncertainty=33, cost+cyber=6",ok,
ABT,2020,95.3,real_sec_filing,"risk_per1k=21.8, debt=23, legal=37, uncertainty=34, cost+cyber=7",ok,
ABT,2021,90.7,real_sec_filing,"risk_per1k=14.3, debt=24, legal=59, uncertainty=41, cost+cyber=18",ok,
ABT,2022,83.4,real_sec_filing,"risk_per1k=11.8, debt=25, legal=83, uncertainty=42, cost+cyber=31",ok,
ABT,2023,91.7,real_sec_filing,"risk_per1k=15.9, debt=27, legal=83, uncertainty=49, cost+cyber=97",ok,
ABT,2024,91.2,real_sec_filing,"risk_per1k=15.1, debt=27, legal=89, uncertainty=49, cost+cyber=92",ok,
AMGN,2017,27.8,real_sec_filing,"risk_per1k=5.1, debt=5, legal=42, uncertainty=0, cost+cyber=1",ok,
AMGN,2018,27.0,real_sec_filing,"risk_per1k=4.4, debt=5, legal=40, uncertainty=1, cost+cyber=0",ok,
AMGN,2019,30.5,real_sec_filing,"risk_per1k=4.1, debt=6, legal=42, uncertainty=1, cost+cyber=2",ok,
AMGN,2020,30.2,real_sec_filing,"risk_per1k=5.0, debt=6, legal=41, uncertainty=0, cost+cyber=1",ok,
AMGN,2021,31.2,real_sec_filing,"risk_per1k=5.4, debt=5, legal=44, uncertainty=1, cost+cyber=1",ok,
AMGN,2022,32.3,real_sec_filing,"risk_per1k=5.3, debt=5, legal=44, uncertainty=1, cost+cyber=4",ok,
AMGN,2023,32.7,real_sec_filing,"risk_per1k=5.0, debt=5, legal=43, uncertainty=1, cost+cyber=7",ok,
AMGN,2024,32.1,real_sec_filing,"risk_per1k=5.6, debt=5, legal=40, uncertainty=1, cost+cyber=6",ok,
AXP,2017,92.9,real_sec_filing,"risk_per1k=21.5, debt=50, legal=104, uncertainty=43, cost+cyber=18",ok,
AXP,2018,93.3,real_sec_filing,"risk_per1k=21.3, debt=51, legal=108, uncertainty=45, cost+cyber=19",ok,
AXP,2019,92.4,real_sec_filing,"risk_per1k=21.6, debt=38, legal=119, uncertainty=47, cost+cyber=19",ok,
AXP,2020,88.4,real_sec_filing,"risk_per1k=19.1, debt=19, legal=124, uncertainty=43, cost+cyber=20",ok,
AXP,2021,88.3,real_sec_filing,"risk_per1k=19.0, debt=19, legal=132, uncertainty=36, cost+cyber=23",ok,
AXP,2022,89.8,real_sec_filing,"risk_per1k=18.3, debt=19, legal=141, uncertainty=37, cost+cyber=32",ok,
AXP,2023,87.3,real_sec_filing,"risk_per1k=19.4, debt=11, legal=147, uncertainty=38, cost+cyber=45",ok,
AXP,2024,84.7,real_sec_filing,"risk_per1k=19.1, debt=9, legal=152, uncertainty=34, cost+cyber=42",ok,
BAC,2017,83.4,real_sec_filing,"risk_per1k=19.1, debt=107, legal=51, uncertainty=15, cost+cyber=12",ok,
BAC,2018,62.1,real_sec_filing,"risk_per1k=15.4, debt=65, legal=0, uncertainty=0, cost+cyber=28",ok,
BAC,2019,61.3,real_sec_filing,"risk_per1k=14.8, debt=71, legal=0, uncertainty=0, cost+cyber=30",ok,
BAC,2020,17.9,real_sec_filing,"risk_per1k=5.3, debt=1, legal=1, uncertainty=0, cost+cyber=1",ok,
BAC,2021,11.3,real_sec_filing,"risk_per1k=1.6, debt=1, legal=3, uncertainty=0, cost+cyber=0",ok,
BAC,2022,11.6,real_sec_filing,"risk_per1k=1.2, debt=1, legal=3, uncertainty=0, cost+cyber=0",ok,
BAC,2023,15.8,real_sec_filing,"risk_per1k=1.7, debt=1, legal=1, uncertainty=0, cost+cyber=1",ok,
BAC,2024,21.5,real_sec_filing,"risk_per1k=2.4, debt=1, legal=1, uncertainty=0, cost+cyber=1",ok,
BIIB,2017,19.9,real_sec_filing,"risk_per1k=3.1, debt=2, legal=33, uncertainty=4, cost+cyber=2",ok,
BIIB,2018,23.4,real_sec_filing,"risk_per1k=3.6, debt=3, legal=42, uncertainty=3, cost+cyber=1",ok,
BIIB,2019,21.7,real_sec_filing,"risk_per1k=3.7, debt=1, legal=39, uncertainty=5, cost+cyber=1",ok,
BIIB,2020,23.5,real_sec_filing,"risk_per1k=3.6, debt=1, legal=46, uncertainty=2, cost+cyber=3",ok,
BIIB,2021,23.0,real_sec_filing,"risk_per1k=3.4, debt=1, legal=44, uncertainty=3, cost+cyber=3",ok,
BIIB,2022,22.2,real_sec_filing,"risk_per1k=3.5, debt=0, legal=41, uncertainty=2, cost+cyber=7",ok,
BIIB,2023,24.7,real_sec_filing,"risk_per1k=4.5, debt=0, legal=41, uncertainty=3, cost+cyber=8",ok,
BIIB,2024,31.4,real_sec_filing,"risk_per1k=6.5, debt=1, legal=49, uncertainty=1, cost+cyber=10",ok,
BKNG,2017,31.5,real_sec_filing,"risk_per1k=8.0, debt=10, legal=10, uncertainty=4, cost+cyber=2",ok,
BKNG,2018,33.2,real_sec_filing,"risk_per1k=8.6, debt=7, legal=11, uncertainty=8, cost+cyber=4",ok,
BKNG,2019,36.0,real_sec_filing,"risk_per1k=9.7, debt=6, legal=13, uncertainty=7, cost+cyber=8",ok,
BKNG,2020,62.9,real_sec_filing,"risk_per1k=12.8, debt=10, legal=23, uncertainty=20, cost+cyber=23",ok,
BKNG,2021,49.9,real_sec_filing,"risk_per1k=11.8, debt=7, legal=27, uncertainty=7, cost+cyber=9",ok,
BKNG,2022,55.8,real_sec_filing,"risk_per1k=11.8, debt=7, legal=27, uncertainty=17, cost+cyber=12",ok,
BKNG,2023,69.8,real_sec_filing,"risk_per1k=16.0, debt=7, legal=38, uncertainty=23, cost+cyber=23",ok,
BKNG,2024,69.9,real_sec_filing,"risk_per1k=16.2, debt=5, legal=43, uncertainty=26, cost+cyber=31",ok,
BLK,2017,47.4,real_sec_filing,"risk_per1k=8.2, debt=17, legal=45, uncertainty=1, cost+cyber=4",ok,
BLK,2018,45.4,real_sec_filing,"risk_per1k=8.0, debt=17, legal=38, uncertainty=2, cost+cyber=4",ok,
BLK,2019,50.7,real_sec_filing,"risk_per1k=8.5, debt=17, legal=50, uncertainty=2, cost+cyber=5",ok,
BLK,2020,46.3,real_sec_filing,"risk_per1k=7.7, debt=14, legal=45, uncertainty=2, cost+cyber=4",ok,
BLK,2021,41.6,real_sec_filing,"risk_per1k=7.7, debt=16, legal=31, uncertainty=2, cost+cyber=2",ok,
BLK,2022,38.0,real_sec_filing,"risk_per1k=7.2, debt=18, legal=23, uncertainty=1, cost+cyber=3",ok,
BLK,2023,42.7,real_sec_filing,"risk_per1k=7.3, debt=20, legal=32, uncertainty=1, cost+cyber=3",ok,
BMY,2017,28.0,real_sec_filing,"risk_per1k=4.2, debt=1, legal=95, uncertainty=5, cost+cyber=0",ok,
BMY,2018,28.0,real_sec_filing,"risk_per1k=4.2, debt=1, legal=80, uncertainty=4, cost+cyber=1",ok,
BMY,2019,29.0,real_sec_filing,"risk_per1k=3.2, debt=3, legal=72, uncertainty=4, cost+cyber=1",ok,
BMY,2020,30.1,real_sec_filing,"risk_per1k=4.1, debt=2, legal=74, uncertainty=5, cost+cyber=1",ok,
BMY,2021,31.1,real_sec_filing,"risk_per1k=4.2, debt=2, legal=101, uncertainty=4, cost+cyber=2",ok,
BMY,2022,29.4,real_sec_filing,"risk_per1k=4.1, debt=1, legal=73, uncertainty=4, cost+cyber=4",ok,
BMY,2023,30.0,real_sec_filing,"risk_per1k=4.2, debt=1, legal=74, uncertainty=4, cost+cyber=5",ok,
BMY,2024,30.8,real_sec_filing,"risk_per1k=4.0, debt=1, legal=92, uncertainty=5, cost+cyber=5",ok,
C,2017,31.7,real_sec_filing,"risk_per1k=4.7, debt=36, legal=13, uncertainty=2, cost+cyber=3",ok,
C,2018,31.8,real_sec_filing,"risk_per1k=5.3, debt=43, legal=6, uncertainty=2, cost+cyber=3",ok,
C,2019,29.5,real_sec_filing,"risk_per1k=0.8, debt=35, legal=0, uncertainty=0, cost+cyber=3",ok,
C,2020,,filing_missing_or_error,,too_short,text too short (1 words)
C,2021,,filing_missing_or_error,,too_short,text too short (1 words)
C,2022,,filing_missing_or_error,,too_short,text too short (1 words)
C,2023,,filing_missing_or_error,,too_short,text too short (2 words)
C,2024,,filing_missing_or_error,,too_short,text too short (2 words)
CAT,2017,82.1,real_sec_filing,"risk_per1k=15.1, debt=48, legal=30, uncertainty=37, cost+cyber=25",ok,
CAT,2018,84.8,real_sec_filing,"risk_per1k=15.7, debt=48, legal=44, uncertainty=28, cost+cyber=22",ok,
CAT,2019,80.9,real_sec_filing,"risk_per1k=15.0, debt=49, legal=34, uncertainty=28, cost+cyber=21",ok,
CAT,2020,76.6,real_sec_filing,"risk_per1k=15.8, debt=33, legal=24, uncertainty=25, cost+cyber=23",ok,
CAT,2021,76.2,real_sec_filing,"risk_per1k=16.0, debt=32, legal=24, uncertainty=23, cost+cyber=24",ok,
CAT,2022,76.2,real_sec_filing,"risk_per1k=15.1, debt=32, legal=25, uncertainty=25, cost+cyber=22",ok,
CAT,2023,78.6,real_sec_filing,"risk_per1k=15.7, debt=46, legal=23, uncertainty=30, cost+cyber=24",ok,
CAT,2024,78.6,real_sec_filing,"risk_per1k=15.6, debt=47, legal=23, uncertainty=30, cost+cyber=24",ok,
CB,2017,56.4,real_sec_filing,"risk_per1k=16.7, debt=6, legal=26, uncertainty=7, cost+cyber=11",ok,
CB,2018,56.3,real_sec_filing,"risk_per1k=16.0, debt=6, legal=24, uncertainty=8, cost+cyber=12",ok,
CB,2019,57.7,real_sec_filing,"risk_per1k=16.1, debt=7, legal=24, uncertainty=8, cost+cyber=12",ok,
CB,2020,55.5,real_sec_filing,"risk_per1k=15.6, debt=6, legal=22, uncertainty=8, cost+cyber=13",ok,
CB,2021,54.5,real_sec_filing,"risk_per1k=15.1, debt=6, legal=21, uncertainty=8, cost+cyber=13",ok,
CB,2022,53.3,real_sec_filing,"risk_per1k=13.9, debt=6, legal=21, uncertainty=8, cost+cyber=15",ok,
CB,2023,51.5,real_sec_filing,"risk_per1k=13.0, debt=7, legal=18, uncertainty=8, cost+cyber=14",ok,
CB,2024,52.2,real_sec_filing,"risk_per1k=13.2, debt=7, legal=19, uncertainty=8, cost+cyber=13",ok,
CL,2017,60.9,real_sec_filing,"risk_per1k=11.1, debt=6, legal=50, uncertainty=18, cost+cyber=20",ok,
CL,2018,68.1,real_sec_filing,"risk_per1k=12.2, debt=8, legal=55, uncertainty=16, cost+cyber=29",ok,
CL,2019,69.1,real_sec_filing,"risk_per1k=12.8, debt=8, legal=56, uncertainty=15, cost+cyber=32",ok,
CL,2020,72.0,real_sec_filing,"risk_per1k=15.3, debt=7, legal=51, uncertainty=17, cost+cyber=32",ok,
CL,2021,72.1,real_sec_filing,"risk_per1k=15.2, debt=7, legal=50, uncertainty=17, cost+cyber=37",ok,
CL,2022,69.2,real_sec_filing,"risk_per1k=16.2, debt=5, legal=50, uncertainty=16, cost+cyber=39",ok,
CL,2023,70.5,real_sec_filing,"risk_per1k=16.1, debt=5, legal=54, uncertainty=17, cost+cyber=52",ok,
CL,2024,75.8,real_sec_filing,"risk_per1k=16.9, debt=8, legal=55, uncertainty=17, cost+cyber=53",ok,
CME,2017,71.2,real_sec_filing,"risk_per1k=12.8, debt=29, legal=51, uncertainty=9, cost+cyber=16",ok,
CME,2018,70.8,real_sec_filing,"risk_per1k=12.3, debt=26, legal=51, uncertainty=11, cost+cyber=14",ok,
CME,2019,74.9,real_sec_filing,"risk_per1k=14.5, debt=30, legal=57, uncertainty=11, cost+cyber=11",ok,
CME,2020,68.0,real_sec_filing,"risk_per1k=12.6, debt=28, legal=47, uncertainty=8, cost+cyber=11",ok,
CME,2021,64.8,real_sec_filing,"risk_per1k=11.9, debt=32, legal=39, uncertainty=7, cost+cyber=12",ok,
CME,2022,63.8,real_sec_filing,"risk_per1k=11.1, debt=32, legal=45, uncertainty=7, cost+cyber=10",ok,
CME,2023,62.3,real_sec_filing,"risk_per1k=10.5, debt=34, legal=46, uncertainty=5, cost+cyber=12",ok,
CME,2024,58.6,real_sec_filing,"risk_per1k=10.3, debt=28, legal=40, uncertainty=4, cost+cyber=13",ok,
COF,2017,65.8,real_sec_filing,"risk_per1k=9.5, debt=66, legal=64, uncertainty=13, cost+cyber=3",ok,
COF,2018,72.6,real_sec_filing,"risk_per1k=11.2, debt=71, legal=63, uncertainty=13, cost+cyber=8",ok,
COF,2019,77.0,real_sec_filing,"risk_per1k=10.9, debt=63, legal=68, uncertainty=13, cost+cyber=28",ok,
COF,2020,59.7,real_sec_filing,"risk_per1k=6.6, debt=52, legal=58, uncertainty=4, cost+cyber=26",ok,
COF,2021,62.1,real_sec_filing,"risk_per1k=9.1, debt=45, legal=68, uncertainty=4, cost+cyber=12",ok,
COF,2022,72.9,real_sec_filing,"risk_per1k=12.4, debt=48, legal=72, uncertainty=6, cost+cyber=13",ok,
COF,2023,59.9,real_sec_filing,"risk_per1k=8.4, debt=49, legal=70, uncertainty=2, cost+cyber=12",ok,
COF,2024,61.5,real_sec_filing,"risk_per1k=8.8, debt=49, legal=67, uncertainty=2, cost+cyber=15",ok,
COST,2017,52.2,real_sec_filing,"risk_per1k=9.8, debt=7, legal=34, uncertainty=19, cost+cyber=11",ok,
COST,2018,51.4,real_sec_filing,"risk_per1k=9.5, debt=6, legal=37, uncertainty=18, cost+cyber=15",ok,
COST,2019,61.3,real_sec_filing,"risk_per1k=10.3, debt=14, legal=38, uncertainty=17, cost+cyber=15",ok,
COST,2020,72.0,real_sec_filing,"risk_per1k=13.7, debt=13, legal=43, uncertainty=17, cost+cyber=26",ok,
COST,2021,63.7,real_sec_filing,"risk_per1k=14.0, debt=4, legal=44, uncertainty=18, cost+cyber=33",ok,
COST,2022,62.4,real_sec_filing,"risk_per1k=13.0, debt=4, legal=44, uncertainty=19, cost+cyber=35",ok,
COST,2023,59.4,real_sec_filing,"risk_per1k=12.2, debt=4, legal=42, uncertainty=18, cost+cyber=31",ok,
COST,2024,71.2,real_sec_filing,"risk_per1k=14.9, debt=6, legal=48, uncertainty=18, cost+cyber=55",ok,
DE,2017,71.7,real_sec_filing,"risk_per1k=10.3, debt=22, legal=47, uncertainty=33, cost+cyber=15",ok,
DE,2018,70.1,real_sec_filing,"risk_per1k=10.2, debt=22, legal=42, uncertainty=34, cost+cyber=16",ok,
DE,2019,69.7,real_sec_filing,"risk_per1k=10.2, debt=20, legal=40, uncertainty=35, cost+cyber=17",ok,
DE,2020,76.9,real_sec_filing,"risk_per1k=15.0, debt=25, legal=27, uncertainty=36, cost+cyber=21",ok,
DE,2021,69.9,real_sec_filing,"risk_per1k=12.3, debt=19, legal=28, uncertainty=29, cost+cyber=15",ok,
DE,2022,54.9,real_sec_filing,"risk_per1k=9.1, debt=12, legal=20, uncertainty=19, cost+cyber=26",ok,
DE,2023,61.4,real_sec_filing,"risk_per1k=10.7, debt=12, legal=33, uncertainty=14, cost+cyber=21",ok,
DE,2024,72.3,real_sec_filing,"risk_per1k=12.0, debt=20, legal=36, uncertainty=20, cost+cyber=28",ok,
GILD,2017,63.6,real_sec_filing,"risk_per1k=10.4, debt=89, legal=29, uncertainty=14, cost+cyber=8",ok,
GILD,2018,61.1,real_sec_filing,"risk_per1k=9.9, debt=111, legal=27, uncertainty=14, cost+cyber=6",ok,
GILD,2019,60.8,real_sec_filing,"risk_per1k=9.9, debt=107, legal=29, uncertainty=11, cost+cyber=7",ok,
GILD,2020,58.8,real_sec_filing,"risk_per1k=9.8, debt=51, legal=26, uncertainty=11, cost+cyber=8",ok,
GILD,2021,64.7,real_sec_filing,"risk_per1k=11.1, debt=31, legal=30, uncertainty=14, cost+cyber=13",ok,
GILD,2022,65.7,real_sec_filing,"risk_per1k=10.7, debt=40, legal=27, uncertainty=15, cost+cyber=17",ok,
GILD,2023,65.0,real_sec_filing,"risk_per1k=10.9, debt=42, legal=22, uncertainty=15, cost+cyber=22",ok,
GILD,2024,65.2,real_sec_filing,"risk_per1k=11.0, debt=42, legal=21, uncertainty=15, cost+cyber=24",ok,
HCA,2017,17.6,real_sec_filing,"risk_per1k=1.4, debt=2, legal=33, uncertainty=4, cost+cyber=1",ok,
HCA,2018,17.8,real_sec_filing,"risk_per1k=1.4, debt=2, legal=34, uncertainty=4, cost+cyber=1",ok,
HCA,2019,16.7,real_sec_filing,"risk_per1k=1.5, debt=1, legal=32, uncertainty=4, cost+cyber=1",ok,
HCA,2020,37.7,real_sec_filing,"risk_per1k=5.9, debt=14, legal=21, uncertainty=8, cost+cyber=7",ok,
HCA,2021,35.2,real_sec_filing,"risk_per1k=5.1, debt=15, legal=20, uncertainty=6, cost+cyber=7",ok,
HCA,2022,33.9,real_sec_filing,"risk_per1k=5.7, debt=12, legal=18, uncertainty=5, cost+cyber=9",ok,
HCA,2023,36.8,real_sec_filing,"risk_per1k=5.6, debt=17, legal=19, uncertainty=5, cost+cyber=10",ok,
HCA,2024,38.6,real_sec_filing,"risk_per1k=6.1, debt=17, legal=20, uncertainty=5, cost+cyber=11",ok,
HD,2017,48.5,real_sec_filing,"risk_per1k=8.1, debt=4, legal=44, uncertainty=14, cost+cyber=48",ok,
HD,2018,58.9,real_sec_filing,"risk_per1k=9.2, debt=7, legal=51, uncertainty=16, cost+cyber=37",ok,
HD,2019,56.8,real_sec_filing,"risk_per1k=10.6, debt=7, legal=39, uncertainty=9, cost+cyber=47",ok,
HD,2020,51.2,real_sec_filing,"risk_per1k=8.4, debt=15, legal=26, uncertainty=6, cost+cyber=41",ok,
HD,2021,41.2,real_sec_filing,"risk_per1k=7.2, debt=8, legal=22, uncertainty=5, cost+cyber=43",ok,
HD,2022,43.2,real_sec_filing,"risk_per1k=8.1, debt=9, legal=20, uncertainty=4, cost+cyber=52",ok,
HD,2023,39.2,real_sec_filing,"risk_per1k=6.9, debt=9, legal=16, uncertainty=5, cost+cyber=42",ok,
HD,2024,38.4,real_sec_filing,"risk_per1k=6.5, debt=9, legal=18, uncertainty=5, cost+cyber=36",ok,
HON,2017,80.8,real_sec_filing,"risk_per1k=19.1, debt=3, legal=39, uncertainty=12, cost+cyber=23",ok,
HON,2018,72.3,real_sec_filing,"risk_per1k=19.2, debt=1, legal=42, uncertainty=9, cost+cyber=28",ok,
HON,2019,72.2,real_sec_filing,"risk_per1k=19.8, debt=1, legal=45, uncertainty=11, cost+cyber=33",ok,
HON,2020,67.0,real_sec_filing,"risk_per1k=11.7, debt=26, legal=34, uncertainty=10, cost+cyber=25",ok,
HON,2022,57.5,real_sec_filing,"risk_per1k=10.9, debt=8, legal=24, uncertainty=14, cost+cyber=49",ok,
HON,2023,37.1,real_sec_filing,"risk_per1k=0.6, debt=13, legal=6, uncertainty=9, cost+cyber=2",ok,
HON,2024,63.7,real_sec_filing,"risk_per1k=11.9, debt=9, legal=29, uncertainty=17, cost+cyber=37",ok,
ICE,2017,52.5,real_sec_filing,"risk_per1k=6.3, debt=43, legal=43, uncertainty=1, cost+cyber=22",ok,
ICE,2018,67.2,real_sec_filing,"risk_per1k=11.0, debt=35, legal=55, uncertainty=3, cost+cyber=23",ok,
ICE,2019,66.4,real_sec_filing,"risk_per1k=11.0, debt=43, legal=47, uncertainty=1, cost+cyber=28",ok,
ICE,2020,55.1,real_sec_filing,"risk_per1k=7.9, debt=39, legal=41, uncertainty=1, cost+cyber=23",ok,
ICE,2021,62.6,real_sec_filing,"risk_per1k=11.0, debt=34, legal=40, uncertainty=1, cost+cyber=23",ok,
ICE,2022,72.7,real_sec_filing,"risk_per1k=12.7, debt=35, legal=50, uncertainty=5, cost+cyber=29",ok,
ICE,2023,66.7,real_sec_filing,"risk_per1k=11.3, debt=31, legal=44, uncertainty=1, cost+cyber=48",ok,
ICE,2024,72.0,real_sec_filing,"risk_per1k=12.4, debt=36, legal=55, uncertainty=4, cost+cyber=25",ok,
ISRG,2017,23.5,real_sec_filing,"risk_per1k=2.7, debt=0, legal=53, uncertainty=6, cost+cyber=1",ok,
ISRG,2018,24.1,real_sec_filing,"risk_per1k=2.7, debt=0, legal=52, uncertainty=7, cost+cyber=1",ok,
ISRG,2019,22.3,real_sec_filing,"risk_per1k=2.5, debt=0, legal=51, uncertainty=5, cost+cyber=1",ok,
ISRG,2020,23.9,real_sec_filing,"risk_per1k=3.0, debt=0, legal=50, uncertainty=6, cost+cyber=2",ok,
ISRG,2021,38.0,real_sec_filing,"risk_per1k=7.9, debt=3, legal=49, uncertainty=9, cost+cyber=3",ok,
ISRG,2022,39.8,real_sec_filing,"risk_per1k=8.4, debt=3, legal=48, uncertainty=8, cost+cyber=7",ok,
ISRG,2023,41.1,real_sec_filing,"risk_per1k=8.6, debt=3, legal=50, uncertainty=9, cost+cyber=6",ok,
ISRG,2024,41.7,real_sec_filing,"risk_per1k=8.6, debt=3, legal=49, uncertainty=8, cost+cyber=9",ok,
JNJ,2017,69.0,real_sec_filing,"risk_per1k=17.6, debt=0, legal=40, uncertainty=6, cost+cyber=14",ok,
JNJ,2018,70.0,real_sec_filing,"risk_per1k=17.8, debt=0, legal=41, uncertainty=8, cost+cyber=15",ok,
JNJ,2019,70.2,real_sec_filing,"risk_per1k=18.5, debt=0, legal=47, uncertainty=8, cost+cyber=15",ok,
JNJ,2020,89.2,real_sec_filing,"risk_per1k=26.9, debt=8, legal=57, uncertainty=11, cost+cyber=19",ok,
JNJ,2021,89.2,real_sec_filing,"risk_per1k=26.9, debt=8, legal=57, uncertainty=11, cost+cyber=19",ok,
JNJ,2022,88.7,real_sec_filing,"risk_per1k=25.3, debt=8, legal=61, uncertainty=14, cost+cyber=23",ok,
JNJ,2023,89.5,real_sec_filing,"risk_per1k=21.8, debt=9, legal=62, uncertainty=15, cost+cyber=31",ok,
JNJ,2024,88.7,real_sec_filing,"risk_per1k=22.0, debt=9, legal=62, uncertainty=12, cost+cyber=38",ok,
JPM,2017,65.2,real_sec_filing,"risk_per1k=9.8, debt=64, legal=75, uncertainty=3, cost+cyber=11",ok,
JPM,2018,56.6,real_sec_filing,"risk_per1k=11.9, debt=108, legal=0, uncertainty=0, cost+cyber=26",ok,
JPM,2019,58.2,real_sec_filing,"risk_per1k=12.6, debt=110, legal=0, uncertainty=0, cost+cyber=27",ok,
JPM,2020,79.9,real_sec_filing,"risk_per1k=16.5, debt=28, legal=106, uncertainty=8, cost+cyber=6",ok,
JPM,2021,81.4,real_sec_filing,"risk_per1k=14.8, debt=49, legal=113, uncertainty=11, cost+cyber=12",ok,
JPM,2022,75.2,real_sec_filing,"risk_per1k=12.7, debt=42, legal=110, uncertainty=8, cost+cyber=10",ok,
JPM,2023,68.0,real_sec_filing,"risk_per1k=10.8, debt=31, legal=103, uncertainty=7, cost+cyber=5",ok,
JPM,2024,74.8,real_sec_filing,"risk_per1k=12.8, debt=31, legal=124, uncertainty=8, cost+cyber=9",ok,
KO,2017,31.4,real_sec_filing,"risk_per1k=6.1, debt=8, legal=9, uncertainty=16, cost+cyber=4",ok,
KO,2018,36.9,real_sec_filing,"risk_per1k=5.7, debt=8, legal=16, uncertainty=18, cost+cyber=10",ok,
KO,2019,40.4,real_sec_filing,"risk_per1k=5.8, debt=10, legal=19, uncertainty=15, cost+cyber=14",ok,
KO,2020,27.8,real_sec_filing,"risk_per1k=7.6, debt=3, legal=11, uncertainty=15, cost+cyber=6",ok,
KO,2021,28.9,real_sec_filing,"risk_per1k=6.7, debt=2, legal=12, uncertainty=13, cost+cyber=21",ok,
KO,2022,40.6,real_sec_filing,"risk_per1k=7.9, debt=5, legal=19, uncertainty=14, cost+cyber=27",ok,
KO,2023,40.6,real_sec_filing,"risk_per1k=7.6, debt=5, legal=23, uncertainty=10, cost+cyber=28",ok,
KO,2024,38.7,real_sec_filing,"risk_per1k=7.3, debt=5, legal=22, uncertainty=9, cost+cyber=29",ok,
LOW,2017,49.0,real_sec_filing,"risk_per1k=7.5, debt=18, legal=38, uncertainty=7, cost+cyber=10",ok,
LOW,2018,55.8,real_sec_filing,"risk_per1k=7.8, debt=18, legal=45, uncertainty=9, cost+cyber=20",ok,
LOW,2019,62.1,real_sec_filing,"risk_per1k=8.5, debt=24, legal=45, uncertainty=13, cost+cyber=22",ok,
LOW,2020,63.4,real_sec_filing,"risk_per1k=9.4, debt=16, legal=47, uncertainty=14, cost+cyber=25",ok,
LOW,2021,66.5,real_sec_filing,"risk_per1k=11.0, debt=15, legal=43, uncertainty=11, cost+cyber=34",ok,
LOW,2022,58.8,real_sec_filing,"risk_per1k=10.8, debt=10, legal=31, uncertainty=9, cost+cyber=36",ok,
LOW,2023,59.0,real_sec_filing,"risk_per1k=9.5, debt=11, legal=38, uncertainty=11, cost+cyber=48",ok,
LOW,2024,64.8,real_sec_filing,"risk_per1k=10.8, debt=11, legal=39, uncertainty=14, cost+cyber=56",ok,
MA,2017,40.2,real_sec_filing,"risk_per1k=6.2, debt=6, legal=87, uncertainty=2, cost+cyber=6",ok,
MA,2018,36.0,real_sec_filing,"risk_per1k=5.1, debt=5, legal=85, uncertainty=2, cost+cyber=4",ok,
MA,2019,38.9,real_sec_filing,"risk_per1k=6.0, debt=5, legal=88, uncertainty=3, cost+cyber=7",ok,
MA,2020,39.8,real_sec_filing,"risk_per1k=5.6, debt=6, legal=58, uncertainty=2, cost+cyber=10",ok,
MA,2021,39.1,real_sec_filing,"risk_per1k=4.6, debt=9, legal=47, uncertainty=1, cost+cyber=9",ok,
MA,2022,32.8,real_sec_filing,"risk_per1k=3.9, debt=9, legal=34, uncertainty=0, cost+cyber=8",ok,
MA,2023,35.6,real_sec_filing,"risk_per1k=4.1, debt=11, legal=32, uncertainty=0, cost+cyber=11",ok,
MA,2024,34.5,real_sec_filing,"risk_per1k=4.8, debt=8, legal=34, uncertainty=0, cost+cyber=11",ok,
MCD,2017,63.1,real_sec_filing,"risk_per1k=10.7, debt=9, legal=37, uncertainty=24, cost+cyber=25",ok,
MCD,2018,65.7,real_sec_filing,"risk_per1k=10.6, debt=9, legal=44, uncertainty=26, cost+cyber=25",ok,
MCD,2019,12.7,real_sec_filing,"risk_per1k=4.0, debt=0, legal=1, uncertainty=0, cost+cyber=0",ok,
MCD,2020,12.7,real_sec_filing,"risk_per1k=4.0, debt=0, legal=1, uncertainty=0, cost+cyber=0",ok,
MCD,2021,12.5,real_sec_filing,"risk_per1k=3.9, debt=0, legal=1, uncertainty=0, cost+cyber=0",ok,
MCD,2022,11.7,real_sec_filing,"risk_per1k=3.8, debt=0, legal=1, uncertainty=0, cost+cyber=0",ok,
MCD,2023,20.1,real_sec_filing,"risk_per1k=4.0, debt=0, legal=1, uncertainty=0, cost+cyber=1",ok,
MCD,2024,19.8,real_sec_filing,"risk_per1k=3.9, debt=0, legal=1, uncertainty=0, cost+cyber=1",ok,
MDLZ,2017,53.6,real_sec_filing,"risk_per1k=9.4, debt=24, legal=29, uncertainty=16, cost+cyber=1",ok,
MDLZ,2018,48.9,real_sec_filing,"risk_per1k=5.4, debt=27, legal=13, uncertainty=38, cost+cyber=16",ok,
MDLZ,2019,49.6,real_sec_filing,"risk_per1k=6.2, debt=28, legal=15, uncertainty=21, cost+cyber=22",ok,
MDLZ,2020,48.0,real_sec_filing,"risk_per1k=6.2, debt=35, legal=6, uncertainty=26, cost+cyber=16",ok,
MDLZ,2021,29.1,real_sec_filing,"risk_per1k=6.5, debt=2, legal=6, uncertainty=20, cost+cyber=24",ok,
MDLZ,2022,49.0,real_sec_filing,"risk_per1k=6.5, debt=28, legal=5, uncertainty=27, cost+cyber=25",ok,
MDLZ,2023,46.6,real_sec_filing,"risk_per1k=8.3, debt=9, legal=5, uncertainty=28, cost+cyber=32",ok,
MDLZ,2024,51.9,real_sec_filing,"risk_per1k=9.9, debt=8, legal=13, uncertainty=35, cost+cyber=25",ok,
MMM,2017,47.4,real_sec_filing,"risk_per1k=6.1, debt=19, legal=25, uncertainty=13, cost+cyber=15",ok,
MMM,2018,49.4,real_sec_filing,"risk_per1k=5.3, debt=21, legal=27, uncertainty=13, cost+cyber=22",ok,
MMM,2019,88.7,real_sec_filing,"risk_per1k=17.8, debt=4, legal=15, uncertainty=12, cost+cyber=6",ok,
MMM,2020,87.5,real_sec_filing,"risk_per1k=24.2, debt=4, legal=20, uncertainty=12, cost+cyber=8",ok,
MMM,2021,72.9,real_sec_filing,"risk_per1k=11.0, debt=20, legal=51, uncertainty=15, cost+cyber=37",ok,
MMM,2022,82.7,real_sec_filing,"risk_per1k=13.7, debt=17, legal=72, uncertainty=26, cost+cyber=45",ok,
MMM,2023,85.5,real_sec_filing,"risk_per1k=16.1, debt=13, legal=81, uncertainty=31, cost+cyber=73",ok,
MMM,2024,85.7,real_sec_filing,"risk_per1k=17.1, debt=9, legal=93, uncertainty=60, cost+cyber=82",ok,
MRK,2017,33.2,real_sec_filing,"risk_per1k=5.6, debt=1, legal=43, uncertainty=9, cost+cyber=11",ok,
MRK,2018,21.2,real_sec_filing,"risk_per1k=2.6, debt=0, legal=35, uncertainty=5, cost+cyber=7",ok,
MRK,2019,22.6,real_sec_filing,"risk_per1k=2.8, debt=0, legal=35, uncertainty=7, cost+cyber=7",ok,
MRK,2020,25.9,real_sec_filing,"risk_per1k=3.5, debt=0, legal=36, uncertainty=11, cost+cyber=7",ok,
MRK,2021,23.6,real_sec_filing,"risk_per1k=3.7, debt=0, legal=40, uncertainty=4, cost+cyber=9",ok,
MRK,2022,26.7,real_sec_filing,"risk_per1k=4.0, debt=0, legal=40, uncertainty=4, cost+cyber=15",ok,
MRK,2023,25.0,real_sec_filing,"risk_per1k=3.2, debt=0, legal=40, uncertainty=4, cost+cyber=13",ok,
MRK,2024,24.0,real_sec_filing,"risk_per1k=3.4, debt=0, legal=36, uncertainty=4, cost+cyber=13",ok,
NKE,2017,64.5,real_sec_filing,"risk_per1k=13.2, debt=14, legal=17, uncertainty=40, cost+cyber=14",ok,
NKE,2018,69.6,real_sec_filing,"risk_per1k=13.7, debt=14, legal=24, uncertainty=40, cost+cyber=19",ok,
NKE,2019,71.8,real_sec_filing,"risk_per1k=14.0, debt=14, legal=27, uncertainty=42, cost+cyber=19",ok,
NKE,2020,61.4,real_sec_filing,"risk_per1k=13.7, debt=4, legal=34, uncertainty=35, cost+cyber=18",ok,
NKE,2021,47.9,real_sec_filing,"risk_per1k=12.0, debt=4, legal=17, uncertainty=27, cost+cyber=10",ok,
NKE,2022,59.1,real_sec_filing,"risk_per1k=12.7, debt=6, legal=26, uncertainty=25, cost+cyber=17",ok,
NKE,2023,60.5,real_sec_filing,"risk_per1k=13.1, debt=6, legal=26, uncertainty=26, cost+cyber=20",ok,
NKE,2024,60.4,real_sec_filing,"risk_per1k=13.3, debt=6, legal=26, uncertainty=24, cost+cyber=19",ok,
PEP,2017,59.6,real_sec_filing,"risk_per1k=10.1, debt=9, legal=45, uncertainty=12, cost+cyber=23",ok,
PEP,2018,55.0,real_sec_filing,"risk_per1k=8.9, debt=9, legal=39, uncertainty=11, cost+cyber=26",ok,
PEP,2019,46.7,real_sec_filing,"risk_per1k=8.2, debt=3, legal=39, uncertainty=18, cost+cyber=24",ok,
PEP,2020,71.3,real_sec_filing,"risk_per1k=14.4, debt=10, legal=31, uncertainty=26, cost+cyber=28",ok,
PEP,2021,62.5,real_sec_filing,"risk_per1k=14.0, debt=3, legal=35, uncertainty=23, cost+cyber=47",ok,
PEP,2022,64.9,real_sec_filing,"risk_per1k=14.8, debt=3, legal=37, uncertainty=25, cost+cyber=48",ok,
PEP,2023,63.6,real_sec_filing,"risk_per1k=14.7, debt=3, legal=36, uncertainty=21, cost+cyber=56",ok,
PEP,2024,59.2,real_sec_filing,"risk_per1k=12.5, debt=3, legal=34, uncertainty=19, cost+cyber=60",ok,
PFE,2017,31.4,real_sec_filing,"risk_per1k=3.8, debt=6, legal=40, uncertainty=6, cost+cyber=1",ok,
PFE,2018,24.3,real_sec_filing,"risk_per1k=3.5, debt=4, legal=34, uncertainty=4, cost+cyber=1",ok,
PFE,2019,24.0,real_sec_filing,"risk_per1k=4.3, debt=3, legal=36, uncertainty=3, cost+cyber=2",ok,
PFE,2020,46.3,real_sec_filing,"risk_per1k=9.1, debt=4, legal=52, uncertainty=7, cost+cyber=12",ok,
PFE,2021,45.6,real_sec_filing,"risk_per1k=9.2, debt=4, legal=48, uncertainty=7, cost+cyber=12",ok,
PFE,2022,51.0,real_sec_filing,"risk_per1k=10.1, debt=5, legal=47, uncertainty=8, cost+cyber=15",ok,
PFE,2023,49.7,real_sec_filing,"risk_per1k=10.6, debt=3, legal=44, uncertainty=11, cost+cyber=13",ok,
PFE,2024,49.2,real_sec_filing,"risk_per1k=10.1, debt=3, legal=48, uncertainty=9, cost+cyber=18",ok,
PG,2017,44.7,real_sec_filing,"risk_per1k=9.0, debt=11, legal=22, uncertainty=4, cost+cyber=24",ok,
PG,2018,49.2,real_sec_filing,"risk_per1k=9.7, debt=13, legal=24, uncertainty=3, cost+cyber=26",ok,
PG,2019,54.5,real_sec_filing,"risk_per1k=9.6, debt=16, legal=24, uncertainty=10, cost+cyber=27",ok,
PG,2020,56.1,real_sec_filing,"risk_per1k=11.6, debt=11, legal=27, uncertainty=6, cost+cyber=25",ok,
PG,2021,61.9,real_sec_filing,"risk_per1k=11.7, debt=13, legal=41, uncertainty=5, cost+cyber=28",ok,
PG,2022,69.1,real_sec_filing,"risk_per1k=13.5, debt=12, legal=46, uncertainty=8, cost+cyber=34",ok,
PG,2023,67.8,real_sec_filing,"risk_per1k=13.1, debt=11, legal=46, uncertainty=8, cost+cyber=36",ok,
PG,2024,73.9,real_sec_filing,"risk_per1k=16.5, debt=12, legal=49, uncertainty=7, cost+cyber=64",ok,
PM,2017,52.9,real_sec_filing,"risk_per1k=7.3, debt=12, legal=45, uncertainty=26, cost+cyber=4",ok,
PM,2018,52.0,real_sec_filing,"risk_per1k=8.3, debt=10, legal=45, uncertainty=18, cost+cyber=5",ok,
PM,2019,52.0,real_sec_filing,"risk_per1k=7.4, debt=11, legal=46, uncertainty=22, cost+cyber=4",ok,
PM,2020,67.2,real_sec_filing,"risk_per1k=11.2, debt=11, legal=57, uncertainty=28, cost+cyber=9",ok,
PM,2021,66.9,real_sec_filing,"risk_per1k=13.6, debt=5, legal=59, uncertainty=41, cost+cyber=10",ok,
PM,2022,74.2,real_sec_filing,"risk_per1k=14.2, debt=6, legal=62, uncertainty=49, cost+cyber=23",ok,
PM,2023,78.3,real_sec_filing,"risk_per1k=14.6, debt=9, legal=67, uncertainty=67, cost+cyber=20",ok,
PM,2024,80.4,real_sec_filing,"risk_per1k=14.3, debt=10, legal=70, uncertainty=64, cost+cyber=25",ok,
REGN,2017,9.7,real_sec_filing,"risk_per1k=3.5, debt=1, legal=16, uncertainty=0, cost+cyber=1",ok,
REGN,2018,15.9,real_sec_filing,"risk_per1k=4.8, debt=1, legal=24, uncertainty=0, cost+cyber=1",ok,
REGN,2019,23.5,real_sec_filing,"risk_per1k=5.1, debt=2, legal=41, uncertainty=1, cost+cyber=1",ok,
REGN,2020,21.7,real_sec_filing,"risk_per1k=3.8, debt=2, legal=43, uncertainty=0, cost+cyber=2",ok,
REGN,2021,25.9,real_sec_filing,"risk_per1k=4.4, debt=3, legal=48, uncertainty=0, cost+cyber=2",ok,
REGN,2022,23.8,real_sec_filing,"risk_per1k=3.8, debt=3, legal=41, uncertainty=0, cost+cyber=2",ok,
REGN,2023,26.6,real_sec_filing,"risk_per1k=3.9, debt=3, legal=47, uncertainty=1, cost+cyber=2",ok,
REGN,2024,28.5,real_sec_filing,"risk_per1k=4.5, debt=4, legal=44, uncertainty=1, cost+cyber=2",ok,
SBUX,2017,37.1,real_sec_filing,"risk_per1k=8.2, debt=4, legal=31, uncertainty=4, cost+cyber=25",ok,
SBUX,2018,42.6,real_sec_filing,"risk_per1k=8.5, debt=4, legal=28, uncertainty=11, cost+cyber=33",ok,
SBUX,2019,50.5,real_sec_filing,"risk_per1k=10.5, debt=4, legal=35, uncertainty=13, cost+cyber=31",ok,
SBUX,2020,49.0,real_sec_filing,"risk_per1k=10.4, debt=6, legal=21, uncertainty=16, cost+cyber=24",ok,
SBUX,2021,47.1,real_sec_filing,"risk_per1k=9.4, debt=6, legal=29, uncertainty=9, cost+cyber=27",ok,
SBUX,2022,55.2,real_sec_filing,"risk_per1k=10.6, debt=7, legal=32, uncertainty=12, cost+cyber=28",ok,
SBUX,2023,58.2,real_sec_filing,"risk_per1k=12.4, debt=7, legal=25, uncertainty=14, cost+cyber=31",ok,
SBUX,2024,53.7,real_sec_filing,"risk_per1k=12.7, debt=6, legal=29, uncertainty=6, cost+cyber=26",ok,
TGT,2017,58.1,real_sec_filing,"risk_per1k=6.5, debt=53, legal=40, uncertainty=8, cost+cyber=32",ok,
TGT,2018,55.2,real_sec_filing,"risk_per1k=6.9, debt=34, legal=44, uncertainty=3, cost+cyber=33",ok,
TGT,2019,57.6,real_sec_filing,"risk_per1k=7.2, debt=50, legal=48, uncertainty=2, cost+cyber=30",ok,
TGT,2020,58.8,real_sec_filing,"risk_per1k=7.9, debt=52, legal=43, uncertainty=2, cost+cyber=37",ok,
TGT,2021,57.7,real_sec_filing,"risk_per1k=8.9, debt=23, legal=44, uncertainty=2, cost+cyber=37",ok,
TGT,2022,56.4,real_sec_filing,"risk_per1k=10.2, debt=24, legal=26, uncertainty=2, cost+cyber=47",ok,
TGT,2023,67.7,real_sec_filing,"risk_per1k=13.2, debt=47, legal=23, uncertainty=6, cost+cyber=63",ok,
TGT,2024,70.6,real_sec_filing,"risk_per1k=17.5, debt=12, legal=35, uncertainty=8, cost+cyber=102",ok,
TMO,2017,35.4,real_sec_filing,"risk_per1k=5.6, debt=2, legal=35, uncertainty=23, cost+cyber=4",ok,
TMO,2018,39.6,real_sec_filing,"risk_per1k=6.2, debt=2, legal=41, uncertainty=22, cost+cyber=8",ok,
TMO,2019,40.4,real_sec_filing,"risk_per1k=6.2, debt=2, legal=45, uncertainty=21, cost+cyber=7",ok,
TMO,2020,33.0,real_sec_filing,"risk_per1k=6.7, debt=2, legal=24, uncertainty=13, cost+cyber=10",ok,
TMO,2021,30.0,real_sec_filing,"risk_per1k=5.0, debt=3, legal=27, uncertainty=7, cost+cyber=12",ok,
TMO,2022,58.6,real_sec_filing,"risk_per1k=8.6, debt=6, legal=67, uncertainty=19, cost+cyber=25",ok,
TMO,2023,63.4,real_sec_filing,"risk_per1k=8.9, debt=9, legal=65, uncertainty=20, cost+cyber=27",ok,
TMO,2024,68.3,real_sec_filing,"risk_per1k=9.2, debt=16, legal=70, uncertainty=20, cost+cyber=24",ok,
UNH,2017,33.4,real_sec_filing,"risk_per1k=7.3, debt=3, legal=43, uncertainty=3, cost+cyber=3",ok,
UNH,2018,34.9,real_sec_filing,"risk_per1k=7.7, debt=3, legal=44, uncertainty=3, cost+cyber=4",ok,
UNH,2019,35.4,real_sec_filing,"risk_per1k=7.9, debt=3, legal=44, uncertainty=3, cost+cyber=4",ok,
UNH,2020,37.5,real_sec_filing,"risk_per1k=8.8, debt=2, legal=38, uncertainty=4, cost+cyber=12",ok,
UNH,2021,37.3,real_sec_filing,"risk_per1k=9.0, debt=2, legal=36, uncertainty=4, cost+cyber=12",ok,
UNH,2022,42.4,real_sec_filing,"risk_per1k=10.0, debt=1, legal=48, uncertainty=5, cost+cyber=11",ok,
UNH,2023,46.9,real_sec_filing,"risk_per1k=10.6, debt=2, legal=50, uncertainty=6, cost+cyber=13",ok,
UNH,2024,49.8,real_sec_filing,"risk_per1k=10.5, debt=2, legal=51, uncertainty=9, cost+cyber=17",ok,
V,2017,47.8,real_sec_filing,"risk_per1k=6.5, debt=10, legal=80, uncertainty=4, cost+cyber=8",ok,
V,2018,44.9,real_sec_filing,"risk_per1k=6.2, debt=10, legal=74, uncertainty=4, cost+cyber=4",ok,
V,2019,44.6,real_sec_filing,"risk_per1k=5.4, debt=10, legal=70, uncertainty=3, cost+cyber=10",ok,
V,2020,42.3,real_sec_filing,"risk_per1k=5.7, debt=9, legal=57, uncertainty=2, cost+cyber=9",ok,
V,2021,42.6,real_sec_filing,"risk_per1k=4.8, debt=9, legal=75, uncertainty=3, cost+cyber=7",ok,
V,2022,44.3,real_sec_filing,"risk_per1k=4.7, debt=11, legal=76, uncertainty=3, cost+cyber=8",ok,
V,2023,40.7,real_sec_filing,"risk_per1k=5.2, debt=9, legal=57, uncertainty=2, cost+cyber=6",ok,
V,2024,37.8,real_sec_filing,"risk_per1k=4.1, debt=10, legal=41, uncertainty=2, cost+cyber=9",ok,
VRTX,2017,22.1,real_sec_filing,"risk_per1k=2.9, debt=2, legal=41, uncertainty=4, cost+cyber=4",ok,
VRTX,2018,23.5,real_sec_filing,"risk_per1k=2.0, debt=2, legal=42, uncertainty=4, cost+cyber=9",ok,
VRTX,2019,23.3,real_sec_filing,"risk_per1k=1.9, debt=1, legal=45, uncertainty=4, cost+cyber=8",ok,
VRTX,2020,17.0,real_sec_filing,"risk_per1k=2.2, debt=1, legal=30, uncertainty=1, cost+cyber=7",ok,
VRTX,2021,16.6,real_sec_filing,"risk_per1k=1.7, debt=2, legal=27, uncertainty=1, cost+cyber=7",ok,
VRTX,2022,15.1,real_sec_filing,"risk_per1k=1.5, debt=1, legal=29, uncertainty=0, cost+cyber=6",ok,
VRTX,2023,16.1,real_sec_filing,"risk_per1k=1.4, debt=0, legal=27, uncertainty=2, cost+cyber=10",ok,
VRTX,2024,11.7,real_sec_filing,"risk_per1k=1.2, debt=0, legal=20, uncertainty=2, cost+cyber=8",ok,
WFC,2017,9.0,real_sec_filing,"risk_per1k=6.4, debt=0, legal=0, uncertainty=0, cost+cyber=0",ok,
WFC,2018,21.9,real_sec_filing,"risk_per1k=6.3, debt=0, legal=0, uncertainty=1, cost+cyber=0",ok,
WFC,2019,66.8,real_sec_filing,"risk_per1k=75.8, debt=40, legal=0, uncertainty=6, cost+cyber=0",ok,
WFC,2020,,filing_missing_or_error,,too_short,text too short (79 words)
WFC,2021,,filing_missing_or_error,,too_short,text too short (48 words)
WFC,2022,,filing_missing_or_error,,too_short,text too short (48 words)
WFC,2023,,filing_missing_or_error,,too_short,text too short (40 words)
WFC,2024,,filing_missing_or_error,,too_short,text too short (90 words)
WMT,2017,27.7,real_sec_filing,"risk_per1k=7.3, debt=6, legal=7, uncertainty=7, cost+cyber=10",ok,
WMT,2018,36.3,real_sec_filing,"risk_per1k=8.2, debt=9, legal=11, uncertainty=7, cost+cyber=14",ok,
WMT,2019,40.1,real_sec_filing,"risk_per1k=9.2, debt=8, legal=14, uncertainty=8, cost+cyber=17",ok,
WMT,2020,53.2,real_sec_filing,"risk_per1k=10.6, debt=10, legal=20, uncertainty=13, cost+cyber=23",ok,
WMT,2021,48.4,real_sec_filing,"risk_per1k=10.2, debt=6, legal=15, uncertainty=18, cost+cyber=31",ok,
WMT,2022,39.8,real_sec_filing,"risk_per1k=8.8, debt=6, legal=14, uncertainty=10, cost+cyber=24",ok,
WMT,2023,40.6,real_sec_filing,"risk_per1k=8.6, debt=7, legal=17, uncertainty=6, cost+cyber=28",ok,
WMT,2024,40.0,real_sec_filing,"risk_per1k=8.5, debt=7, legal=19, uncertainty=5, cost+cyber=27",ok,
BA,2017,57.1,real_sec_filing,"risk_per1k=10.1, debt=17, legal=37, uncertainty=13, cost+cyber=6",ok,
BA,2018,63.0,real_sec_filing,"risk_per1k=10.6, debt=17, legal=40, uncertainty=13, cost+cyber=16",ok,
BA,2019,72.5,real_sec_filing,"risk_per1k=12.2, debt=20, legal=54, uncertainty=19, cost+cyber=11",ok,
BA,2020,84.4,real_sec_filing,"risk_per1k=19.4, debt=30, legal=50, uncertainty=23, cost+cyber=20",ok,
BA,2021,85.3,real_sec_filing,"risk_per1k=19.9, debt=29, legal=54, uncertainty=22, cost+cyber=22",ok,
BA,2022,81.3,real_sec_filing,"risk_per1k=15.6, debt=21, legal=51, uncertainty=16, cost+cyber=42",ok,
BA,2023,84.1,real_sec_filing,"risk_per1k=20.3, debt=18, legal=53, uncertainty=17, cost+cyber=80",ok,
BA,2024,83.9,real_sec_filing,"risk_per1k=19.2, debt=24, legal=51, uncertainty=15, cost+cyber=51",ok,
COP,2017,83.6,real_sec_filing,"risk_per1k=20.6, debt=19, legal=6, uncertainty=22, cost+cyber=8",ok,
COP,2018,90.5,real_sec_filing,"risk_per1k=17.3, debt=22, legal=24, uncertainty=24, cost+cyber=8",ok,
COP,2019,91.1,real_sec_filing,"risk_per1k=18.5, debt=21, legal=23, uncertainty=25, cost+cyber=8",ok,
COP,2020,88.6,real_sec_filing,"risk_per1k=17.1, debt=22, legal=27, uncertainty=26, cost+cyber=16",ok,
COP,2021,92.0,real_sec_filing,"risk_per1k=19.3, debt=21, legal=31, uncertainty=26, cost+cyber=26",ok,
COP,2022,92.8,real_sec_filing,"risk_per1k=21.8, debt=18, legal=34, uncertainty=22, cost+cyber=27",ok,
COP,2023,93.2,real_sec_filing,"risk_per1k=23.0, debt=18, legal=34, uncertainty=25, cost+cyber=24",ok,
COP,2024,91.9,real_sec_filing,"risk_per1k=23.5, debt=17, legal=37, uncertainty=27, cost+cyber=27",ok,
CVS,2017,57.9,real_sec_filing,"risk_per1k=9.7, debt=5, legal=76, uncertainty=21, cost+cyber=13",ok,
CVS,2018,26.0,real_sec_filing,"risk_per1k=4.1, debt=5, legal=23, uncertainty=7, cost+cyber=2",ok,
CVS,2019,37.2,real_sec_filing,"risk_per1k=6.5, debt=9, legal=21, uncertainty=11, cost+cyber=3",ok,
CVS,2020,25.8,real_sec_filing,"risk_per1k=5.8, debt=8, legal=9, uncertainty=5, cost+cyber=2",ok,
CVS,2021,25.2,real_sec_filing,"risk_per1k=5.3, debt=8, legal=9, uncertainty=5, cost+cyber=2",ok,
CVS,2022,25.2,real_sec_filing,"risk_per1k=5.6, debt=8, legal=8, uncertainty=5, cost+cyber=2",ok,
CVS,2023,25.9,real_sec_filing,"risk_per1k=7.4, debt=6, legal=6, uncertainty=5, cost+cyber=2",ok,
CVS,2024,29.1,real_sec_filing,"risk_per1k=6.5, debt=9, legal=9, uncertainty=5, cost+cyber=4",ok,
CVX,2017,91.2,real_sec_filing,"risk_per1k=28.1, debt=6, legal=18, uncertainty=12, cost+cyber=6",ok,
CVX,2018,90.6,real_sec_filing,"risk_per1k=28.5, debt=5, legal=19, uncertainty=12, cost+cyber=6",ok,
CVX,2019,89.3,real_sec_filing,"risk_per1k=26.5, debt=5, legal=21, uncertainty=12, cost+cyber=6",ok,
CVX,2020,87.1,real_sec_filing,"risk_per1k=23.0, debt=7, legal=21, uncertainty=21, cost+cyber=8",ok,
CVX,2021,89.6,real_sec_filing,"risk_per1k=24.8, debt=6, legal=28, uncertainty=21, cost+cyber=12",ok,
CVX,2022,87.7,real_sec_filing,"risk_per1k=22.5, debt=6, legal=27, uncertainty=23, cost+cyber=13",ok,
CVX,2023,85.5,real_sec_filing,"risk_per1k=19.4, debt=5, legal=33, uncertainty=23, cost+cyber=11",ok,
CVX,2024,85.9,real_sec_filing,"risk_per1k=18.4, debt=7, legal=31, uncertainty=23, cost+cyber=12",ok,
DUK,2017,87.0,real_sec_filing,"risk_per1k=13.1, debt=45, legal=39, uncertainty=30, cost+cyber=11",ok,
DUK,2018,90.8,real_sec_filing,"risk_per1k=14.1, debt=43, legal=47, uncertainty=34, cost+cyber=20",ok,
DUK,2019,50.4,real_sec_filing,"risk_per1k=6.9, debt=4, legal=16, uncertainty=3, cost+cyber=2",ok,
DUK,2020,51.0,real_sec_filing,"risk_per1k=6.8, debt=4, legal=16, uncertainty=3, cost+cyber=2",ok,
DUK,2021,48.2,real_sec_filing,"risk_per1k=6.4, debt=4, legal=15, uncertainty=3, cost+cyber=2",ok,
DUK,2022,50.5,real_sec_filing,"risk_per1k=6.5, debt=4, legal=16, uncertainty=2, cost+cyber=6",ok,
DUK,2023,51.1,real_sec_filing,"risk_per1k=6.6, debt=4, legal=16, uncertainty=2, cost+cyber=8",ok,
DUK,2024,83.4,real_sec_filing,"risk_per1k=15.4, debt=4, legal=11, uncertainty=2, cost+cyber=8",ok,
EQIX,2017,85.3,real_sec_filing,"risk_per1k=14.3, debt=62, legal=54, uncertainty=43, cost+cyber=14",ok,
EQIX,2018,85.8,real_sec_filing,"risk_per1k=14.6, debt=64, legal=55, uncertainty=49, cost+cyber=13",ok,
EQIX,2019,82.7,real_sec_filing,"risk_per1k=15.7, debt=65, legal=38, uncertainty=50, cost+cyber=12",ok,
EQIX,2020,81.8,real_sec_filing,"risk_per1k=15.0, debt=60, legal=39, uncertainty=51, cost+cyber=11",ok,
EQIX,2021,86.4,real_sec_filing,"risk_per1k=16.3, debt=57, legal=37, uncertainty=51, cost+cyber=29",ok,
EQIX,2022,89.9,real_sec_filing,"risk_per1k=16.8, debt=57, legal=48, uncertainty=50, cost+cyber=31",ok,
EQIX,2023,89.4,real_sec_filing,"risk_per1k=16.9, debt=56, legal=44, uncertainty=50, cost+cyber=38",ok,
EQIX,2024,89.6,real_sec_filing,"risk_per1k=17.3, debt=20, legal=78, uncertainty=50, cost+cyber=48",ok,
LMT,2017,56.1,real_sec_filing,"risk_per1k=10.5, debt=12, legal=25, uncertainty=15, cost+cyber=13",ok,
LMT,2018,55.0,real_sec_filing,"risk_per1k=10.9, debt=10, legal=20, uncertainty=15, cost+cyber=21",ok,
LMT,2019,61.5,real_sec_filing,"risk_per1k=12.2, debt=11, legal=29, uncertainty=13, cost+cyber=21",ok,
LMT,2020,52.4,real_sec_filing,"risk_per1k=11.2, debt=11, legal=15, uncertainty=18, cost+cyber=9",ok,
LMT,2021,57.7,real_sec_filing,"risk_per1k=12.5, debt=10, legal=21, uncertainty=13, cost+cyber=18",ok,
LMT,2022,63.7,real_sec_filing,"risk_per1k=13.9, debt=13, legal=19, uncertainty=14, cost+cyber=25",ok,
LMT,2023,68.2,real_sec_filing,"risk_per1k=14.9, debt=11, legal=29, uncertainty=14, cost+cyber=26",ok,
LMT,2024,69.7,real_sec_filing,"risk_per1k=15.7, debt=11, legal=30, uncertainty=14, cost+cyber=27",ok,
NEE,2017,47.0,real_sec_filing,"risk_per1k=6.3, debt=2, legal=60, uncertainty=37, cost+cyber=20",ok,
NEE,2018,43.1,real_sec_filing,"risk_per1k=5.6, debt=3, legal=44, uncertainty=31, cost+cyber=20",ok,
NEE,2019,48.2,real_sec_filing,"risk_per1k=6.3, debt=3, legal=58, uncertainty=35, cost+cyber=21",ok,
NEE,2020,45.4,real_sec_filing,"risk_per1k=5.8, debt=3, legal=49, uncertainty=30, cost+cyber=23",ok,
NEE,2021,41.7,real_sec_filing,"risk_per1k=5.0, debt=2, legal=46, uncertainty=27, cost+cyber=25",ok,
NEE,2022,40.4,real_sec_filing,"risk_per1k=4.9, debt=1, legal=48, uncertainty=25, cost+cyber=23",ok,
NEE,2023,40.1,real_sec_filing,"risk_per1k=4.9, debt=1, legal=46, uncertainty=24, cost+cyber=24",ok,
NEE,2024,43.2,real_sec_filing,"risk_per1k=5.5, debt=1, legal=53, uncertainty=26, cost+cyber=23",ok,
NOC,2017,82.1,real_sec_filing,"risk_per1k=15.9, debt=19, legal=61, uncertainty=48, cost+cyber=9",ok,
NOC,2018,78.1,real_sec_filing,"risk_per1k=14.7, debt=15, legal=56, uncertainty=39, cost+cyber=9",ok,
NOC,2019,79.0,real_sec_filing,"risk_per1k=15.1, debt=13, legal=60, uncertainty=39, cost+cyber=11",ok,
NOC,2020,76.6,real_sec_filing,"risk_per1k=13.7, debt=16, legal=63, uncertainty=41, cost+cyber=6",ok,
NOC,2021,71.9,real_sec_filing,"risk_per1k=11.2, debt=15, legal=62, uncertainty=39, cost+cyber=8",ok,
NOC,2022,82.3,real_sec_filing,"risk_per1k=15.0, debt=15, legal=56, uncertainty=40, cost+cyber=22",ok,
NOC,2023,83.7,real_sec_filing,"risk_per1k=17.3, debt=15, legal=55, uncertainty=40, cost+cyber=22",ok,
NOC,2024,85.1,real_sec_filing,"risk_per1k=17.7, debt=16, legal=55, uncertainty=36, cost+cyber=29",ok,
OXY,2017,27.0,real_sec_filing,"risk_per1k=6.7, debt=4, legal=16, uncertainty=5, cost+cyber=7",ok,
OXY,2018,35.4,real_sec_filing,"risk_per1k=8.5, debt=3, legal=23, uncertainty=9, cost+cyber=8",ok,
OXY,2019,69.7,real_sec_filing,"risk_per1k=11.2, debt=26, legal=40, uncertainty=25, cost+cyber=12",ok,
OXY,2020,73.4,real_sec_filing,"risk_per1k=11.8, debt=38, legal=39, uncertainty=34, cost+cyber=10",ok,
OXY,2021,67.5,real_sec_filing,"risk_per1k=12.3, debt=18, legal=31, uncertainty=27, cost+cyber=9",ok,
OXY,2022,59.5,real_sec_filing,"risk_per1k=11.2, debt=6, legal=42, uncertainty=21, cost+cyber=11",ok,
OXY,2023,52.9,real_sec_filing,"risk_per1k=10.2, debt=5, legal=46, uncertainty=15, cost+cyber=10",ok,
OXY,2024,81.6,real_sec_filing,"risk_per1k=12.9, debt=20, legal=53, uncertainty=36, cost+cyber=30",ok,
PLD,2017,73.1,real_sec_filing,"risk_per1k=14.0, debt=75, legal=17, uncertainty=22, cost+cyber=10",ok,
PLD,2018,72.0,real_sec_filing,"risk_per1k=13.7, debt=71, legal=17, uncertainty=22, cost+cyber=11",ok,
PLD,2019,69.0,real_sec_filing,"risk_per1k=12.6, debt=82, legal=19, uncertainty=24, cost+cyber=11",ok,
PLD,2020,65.5,real_sec_filing,"risk_per1k=11.8, debt=92, legal=17, uncertainty=27, cost+cyber=8",ok,
PLD,2021,64.7,real_sec_filing,"risk_per1k=11.5, debt=86, legal=15, uncertainty=26, cost+cyber=11",ok,
PLD,2022,64.5,real_sec_filing,"risk_per1k=11.6, debt=82, legal=14, uncertainty=25, cost+cyber=12",ok,
PLD,2023,69.6,real_sec_filing,"risk_per1k=13.4, debt=36, legal=15, uncertainty=25, cost+cyber=26",ok,
PLD,2024,70.5,real_sec_filing,"risk_per1k=13.7, debt=36, legal=16, uncertainty=25, cost+cyber=27",ok,
PYPL,2017,47.3,real_sec_filing,"risk_per1k=10.7, debt=3, legal=53, uncertainty=9, cost+cyber=8",ok,
PYPL,2018,52.9,real_sec_filing,"risk_per1k=10.8, debt=5, legal=41, uncertainty=12, cost+cyber=17",ok,
PYPL,2019,51.8,real_sec_filing,"risk_per1k=11.7, debt=4, legal=41, uncertainty=10, cost+cyber=16",ok,
PYPL,2020,48.8,real_sec_filing,"risk_per1k=9.0, debt=2, legal=91, uncertainty=9, cost+cyber=22",ok,
PYPL,2021,50.0,real_sec_filing,"risk_per1k=7.9, debt=5, legal=87, uncertainty=7, cost+cyber=22",ok,
PYPL,2022,50.4,real_sec_filing,"risk_per1k=9.4, debt=4, legal=71, uncertainty=5, cost+cyber=23",ok,
PYPL,2023,53.8,real_sec_filing,"risk_per1k=9.7, debt=5, legal=73, uncertainty=5, cost+cyber=28",ok,
PYPL,2024,52.8,real_sec_filing,"risk_per1k=9.8, debt=4, legal=89, uncertainty=5, cost+cyber=27",ok,
SLB,2017,56.5,real_sec_filing,"risk_per1k=7.0, debt=48, legal=18, uncertainty=38, cost+cyber=14",ok,
SLB,2018,58.2,real_sec_filing,"risk_per1k=7.9, debt=47, legal=20, uncertainty=36, cost+cyber=12",ok,
SLB,2019,54.1,real_sec_filing,"risk_per1k=6.4, debt=44, legal=19, uncertainty=46, cost+cyber=9",ok,
SLB,2020,65.6,real_sec_filing,"risk_per1k=10.2, debt=19, legal=26, uncertainty=46, cost+cyber=19",ok,
SLB,2021,60.9,real_sec_filing,"risk_per1k=10.4, debt=11, legal=32, uncertainty=30, cost+cyber=11",ok,
SLB,2022,60.2,real_sec_filing,"risk_per1k=9.5, debt=12, legal=36, uncertainty=24, cost+cyber=15",ok,
SLB,2023,70.7,real_sec_filing,"risk_per1k=12.1, debt=10, legal=37, uncertainty=31, cost+cyber=41",ok,
SLB,2024,67.3,real_sec_filing,"risk_per1k=11.8, debt=7, legal=40, uncertainty=29, cost+cyber=43",ok,
SO,2017,24.6,real_sec_filing,"risk_per1k=1.7, debt=5, legal=34, uncertainty=3, cost+cyber=5",ok,
SO,2018,29.5,real_sec_filing,"risk_per1k=1.7, debt=8, legal=31, uncertainty=3, cost+cyber=7",ok,
SO,2019,47.5,real_sec_filing,"risk_per1k=2.8, debt=223, legal=36, uncertainty=0, cost+cyber=0",ok,
SO,2020,,filing_missing_or_error,,too_short,text too short (4 words)
SO,2021,,filing_missing_or_error,,too_short,text too short (4 words)
SO,2022,,filing_missing_or_error,,too_short,text too short (4 words)
SO,2023,,filing_missing_or_error,,too_short,text too short (4 words)
SO,2024,,filing_missing_or_error,,too_short,text too short (4 words)
UPS,2017,56.2,real_sec_filing,"risk_per1k=8.2, debt=12, legal=30, uncertainty=19, cost+cyber=27",ok,
UPS,2018,58.1,real_sec_filing,"risk_per1k=8.7, debt=11, legal=31, uncertainty=23, cost+cyber=29",ok,
UPS,2019,63.1,real_sec_filing,"risk_per1k=10.8, debt=9, legal=30, uncertainty=30, cost+cyber=30",ok,
UPS,2020,75.4,real_sec_filing,"risk_per1k=14.9, debt=10, legal=40, uncertainty=33, cost+cyber=33",ok,
UPS,2021,76.4,real_sec_filing,"risk_per1k=15.8, debt=9, legal=42, uncertainty=35, cost+cyber=35",ok,
UPS,2022,76.8,real_sec_filing,"risk_per1k=16.0, debt=9, legal=44, uncertainty=32, cost+cyber=35",ok,
UPS,2023,81.2,real_sec_filing,"risk_per1k=18.9, debt=8, legal=61, uncertainty=31, cost+cyber=61",ok,
UPS,2024,78.6,real_sec_filing,"risk_per1k=17.7, debt=6, legal=58, uncertainty=35, cost+cyber=48",ok,
XOM,2017,27.4,real_sec_filing,"risk_per1k=4.8, debt=5, legal=20, uncertainty=7, cost+cyber=16",ok,
XOM,2018,28.7,real_sec_filing,"risk_per1k=5.1, debt=5, legal=22, uncertainty=7, cost+cyber=16",ok,
XOM,2019,28.8,real_sec_filing,"risk_per1k=5.1, debt=5, legal=20, uncertainty=8, cost+cyber=17",ok,
XOM,2020,30.9,real_sec_filing,"risk_per1k=5.6, debt=5, legal=22, uncertainty=8, cost+cyber=19",ok,
XOM,2021,35.7,real_sec_filing,"risk_per1k=6.3, debt=5, legal=23, uncertainty=11, cost+cyber=24",ok,
XOM,2022,37.2,real_sec_filing,"risk_per1k=6.6, debt=5, legal=23, uncertainty=11, cost+cyber=26",ok,
XOM,2023,46.7,real_sec_filing,"risk_per1k=8.7, debt=6, legal=26, uncertainty=11, cost+cyber=61",ok,
XOM,2024,51.7,real_sec_filing,"risk_per1k=8.7, debt=8, legal=31, uncertainty=11, cost+cyber=61",ok,
AMT,2017,58.4,real_sec_filing,"risk_per1k=8.9, debt=61, legal=22, uncertainty=27, cost+cyber=5",ok,
AMT,2018,63.2,real_sec_filing,"risk_per1k=10.2, debt=60, legal=22, uncertainty=30, cost+cyber=7",ok,
AMT,2019,60.7,real_sec_filing,"risk_per1k=9.5, debt=60, legal=21, uncertainty=29, cost+cyber=7",ok,
AMT,2020,63.7,real_sec_filing,"risk_per1k=10.6, debt=73, legal=22, uncertainty=27, cost+cyber=4",ok,
AMT,2021,51.4,real_sec_filing,"risk_per1k=9.0, debt=16, legal=20, uncertainty=23, cost+cyber=7",ok,
AMT,2022,54.4,real_sec_filing,"risk_per1k=8.9, debt=16, legal=22, uncertainty=32, cost+cyber=9",ok,
AMT,2023,53.7,real_sec_filing,"risk_per1k=8.8, debt=16, legal=21, uncertainty=25, cost+cyber=12",ok,
AMT,2024,63.5,real_sec_filing,"risk_per1k=10.0, debt=50, legal=20, uncertainty=16, cost+cyber=28",ok,
BLK,2024,43.9,real_sec_filing,"risk_per1k=7.5, debt=19, legal=35, uncertainty=1, cost+cyber=4",ok,
DIS,2019,6.2,real_sec_filing,"risk_per1k=2.0, debt=0, legal=7, uncertainty=4, cost+cyber=0",ok,
DIS,2020,4.7,real_sec_filing,"risk_per1k=1.8, debt=0, legal=6, uncertainty=2, cost+cyber=0",ok,
DIS,2021,5.7,real_sec_filing,"risk_per1k=3.0, debt=0, legal=5, uncertainty=2, cost+cyber=0",ok,
DIS,2022,6.7,real_sec_filing,"risk_per1k=2.6, debt=0, legal=6, uncertainty=3, cost+cyber=1",ok,
DIS,2023,13.5,real_sec_filing,"risk_per1k=3.4, debt=2, legal=6, uncertainty=6, cost+cyber=6",ok,
DIS,2024,12.2,real_sec_filing,"risk_per1k=2.8, debt=1, legal=10, uncertainty=3, cost+cyber=9",ok,
FDX,2017,13.3,real_sec_filing,"risk_per1k=1.3, debt=2, legal=10, uncertainty=1, cost+cyber=23",ok,
FDX,2018,12.2,real_sec_filing,"risk_per1k=1.0, debt=2, legal=5, uncertainty=1, cost+cyber=25",ok,
FDX,2019,13.6,real_sec_filing,"risk_per1k=1.3, debt=3, legal=5, uncertainty=1, cost+cyber=22",ok,
FDX,2020,13.7,real_sec_filing,"risk_per1k=1.0, debt=4, legal=2, uncertainty=1, cost+cyber=17",ok,
FDX,2021,80.4,real_sec_filing,"risk_per1k=33.5, debt=2, legal=1, uncertainty=1, cost+cyber=0",ok,
FDX,2022,81.1,real_sec_filing,"risk_per1k=34.7, debt=2, legal=1, uncertainty=1, cost+cyber=0",ok,
FDX,2023,80.3,real_sec_filing,"risk_per1k=33.4, debt=2, legal=1, uncertainty=1, cost+cyber=0",ok,
FDX,2024,88.7,real_sec_filing,"risk_per1k=32.7, debt=2, legal=1, uncertainty=1, cost+cyber=1",ok,
GE,2017,36.4,real_sec_filing,"risk_per1k=2.5, debt=9, legal=17, uncertainty=16, cost+cyber=31",ok,
GE,2018,38.4,real_sec_filing,"risk_per1k=2.4, debt=10, legal=14, uncertainty=26, cost+cyber=26",ok,
GE,2019,31.0,real_sec_filing,"risk_per1k=2.0, debt=9, legal=10, uncertainty=16, cost+cyber=16",ok,
GE,2020,51.2,real_sec_filing,"risk_per1k=4.8, debt=24, legal=17, uncertainty=28, cost+cyber=40",ok,
GE,2021,48.8,real_sec_filing,"risk_per1k=4.7, debt=22, legal=19, uncertainty=18, cost+cyber=33",ok,
GE,2022,47.7,real_sec_filing,"risk_per1k=3.6, debt=27, legal=21, uncertainty=14, cost+cyber=51",ok,
GE,2023,50.2,real_sec_filing,"risk_per1k=4.2, debt=42, legal=24, uncertainty=10, cost+cyber=39",ok,
GE,2024,56.0,real_sec_filing,"risk_per1k=4.4, debt=39, legal=35, uncertainty=14, cost+cyber=45",ok,
GOOGL,2017,50.5,real_sec_filing,"risk_per1k=12.1, debt=2, legal=46, uncertainty=12, cost+cyber=12",ok,
GOOGL,2018,55.8,real_sec_filing,"risk_per1k=12.3, debt=2, legal=53, uncertainty=15, cost+cyber=20",ok,
GOOGL,2019,47.1,real_sec_filing,"risk_per1k=10.2, debt=1, legal=48, uncertainty=13, cost+cyber=17",ok,
GOOGL,2020,50.0,real_sec_filing,"risk_per1k=10.9, debt=1, legal=57, uncertainty=10, cost+cyber=18",ok,
GOOGL,2021,48.5,real_sec_filing,"risk_per1k=9.7, debt=2, legal=56, uncertainty=14, cost+cyber=16",ok,
GOOGL,2022,58.0,real_sec_filing,"risk_per1k=11.0, debt=4, legal=55, uncertainty=15, cost+cyber=28",ok,
GOOGL,2023,57.0,real_sec_filing,"risk_per1k=10.5, debt=6, legal=44, uncertainty=14, cost+cyber=26",ok,
GOOGL,2024,60.4,real_sec_filing,"risk_per1k=11.4, debt=6, legal=46, uncertainty=14, cost+cyber=28",ok,
MRVL,2022,72.2,real_sec_filing,"risk_per1k=23.4, debt=25, legal=24, uncertainty=13, cost+cyber=18",ok,
MRVL,2023,65.6,real_sec_filing,"risk_per1k=21.9, debt=9, legal=22, uncertainty=11, cost+cyber=41",ok,
MRVL,2024,63.9,real_sec_filing,"risk_per1k=21.4, debt=8, legal=20, uncertainty=11, cost+cyber=42",ok,
SCHW,2017,59.5,real_sec_filing,"risk_per1k=8.2, debt=57, legal=89, uncertainty=6, cost+cyber=2",ok,
SCHW,2018,58.4,real_sec_filing,"risk_per1k=7.8, debt=53, legal=84, uncertainty=6, cost+cyber=2",ok,
SCHW,2019,56.3,real_sec_filing,"risk_per1k=8.0, debt=58, legal=73, uncertainty=2, cost+cyber=2",ok,
SCHW,2020,48.4,real_sec_filing,"risk_per1k=6.3, debt=34, legal=63, uncertainty=0, cost+cyber=1",ok,
SCHW,2021,48.7,real_sec_filing,"risk_per1k=6.7, debt=30, legal=64, uncertainty=0, cost+cyber=1",ok,
SCHW,2022,49.7,real_sec_filing,"risk_per1k=6.6, debt=27, legal=68, uncertainty=1, cost+cyber=3",ok,
SCHW,2023,54.5,real_sec_filing,"risk_per1k=7.6, debt=44, legal=63, uncertainty=2, cost+cyber=4",ok,
SCHW,2024,56.2,real_sec_filing,"risk_per1k=8.3, debt=43, legal=54, uncertainty=3, cost+cyber=6",ok,
