ticker,company_name,cik,year,revenue,net_income,assets,liabilities,equity,cash,debt,operating_income,gross_profit,shares_outstanding,data_source,data_quality_flag
MSFT,Microsoft Corp,789019,2017,93580000000.0,12193000000.0,193468000000.0,121471000000.0,80083000000.0,8669000000.0,40600000000.0,18161000000.0,60542000000.0,7702243979.0,sec_company_facts,ok
MSFT,Microsoft Corp,789019,2018,91154000000.0,20539000000.0,250312000000.0,162601000000.0,83090000000.0,5595000000.0,77100000000.0,26078000000.0,58374000000.0,7668217316.0,sec_company_facts,ok
MSFT,Microsoft Corp,789019,2019,96571000000.0,25489000000.0,258848000000.0,176130000000.0,87711000000.0,6510000000.0,76200000000.0,29025000000.0,62310000000.0,7635409400.0,sec_company_facts,ok
MSFT,Microsoft Corp,789019,2020,110360000000.0,16571000000.0,286556000000.0,184226000000.0,82718000000.0,11356000000.0,72178000000.0,35058000000.0,72007000000.0,7567652935.0,sec_company_facts,ok
MSFT,Microsoft Corp,789019,2021,125843000000.0,39240000000.0,301311000000.0,183007000000.0,102330000000.0,13576000000.0,63327000000.0,42959000000.0,82933000000.0,7514891248.0,sec_company_facts,ok
MSFT,Microsoft Corp,789019,2022,143015000000.0,44281000000.0,333779000000.0,191791000000.0,118304000000.0,14224000000.0,58146000000.0,52959000000.0,96937000000.0,7457891872.0,sec_company_facts,ok
MSFT,Microsoft Corp,789019,2023,168088000000.0,61271000000.0,364840000000.0,198298000000.0,141988000000.0,13931000000.0,49781000000.0,69916000000.0,115856000000.0,7429763722.0,sec_company_facts,ok
MSFT,Microsoft Corp,789019,2024,198270000000.0,72738000000.0,411976000000.0,205753000000.0,166542000000.0,34704000000.0,47237000000.0,83383000000.0,135620000000.0,7433038381.0,sec_company_facts,ok
AMZN,Amazon COM Inc,1018724,2017,107006000000.0,596000000.0,64747000000.0,,10741000000.0,14557000000.0,8838000000.0,2233000000.0,,484107183.0,sec_company_facts,ok
AMZN,Amazon COM Inc,1018724,2018,135987000000.0,2371000000.0,83402000000.0,,13384000000.0,20522000000.0,24942000000.0,4186000000.0,,491202890.0,sec_company_facts,ok
AMZN,Amazon COM Inc,1018724,2019,177866000000.0,3033000000.0,131310000000.0,,19285000000.0,31750000000.0,24965000000.0,4106000000.0,,497810444.0,sec_company_facts,ok
AMZN,Amazon COM Inc,1018724,2020,232887000000.0,10073000000.0,162648000000.0,,27709000000.0,36092000000.0,24820000000.0,12421000000.0,,503564743.0,sec_company_facts,ok
AMZN,Amazon COM Inc,1018724,2021,280522000000.0,11588000000.0,225248000000.0,,43549000000.0,42122000000.0,33174000000.0,14541000000.0,,508844410.0,sec_company_facts,ok
AMZN,Amazon COM Inc,1018724,2022,386064000000.0,21331000000.0,321195000000.0,,62060000000.0,36220000000.0,50553000000.0,22899000000.0,,10247259757.0,sec_company_facts,ok
AMZN,Amazon COM Inc,1018724,2023,469822000000.0,33364000000.0,420549000000.0,,93404000000.0,53888000000.0,70542000000.0,24879000000.0,,10387381291.0,sec_company_facts,ok
AMZN,Amazon COM Inc,1018724,2024,513983000000.0,-2722000000.0,462675000000.0,,138245000000.0,73387000000.0,67182000000.0,12248000000.0,,10597729352.0,sec_company_facts,ok
META,Facebook Inc,1326801,2017,17928000000.0,3688000000.0,64961000000.0,5767000000.0,36096000000.0,4315000000.0,,6225000000.0,,,sec_company_facts,ok
META,Facebook Inc,1326801,2018,27638000000.0,10217000000.0,84524000000.0,10177000000.0,44218000000.0,8903000000.0,,12427000000.0,,,sec_company_facts,ok
META,Facebook Inc,1326801,2019,40653000000.0,15934000000.0,97334000000.0,13207000000.0,59194000000.0,8079000000.0,,20203000000.0,,,sec_company_facts,ok
META,Facebook Inc,1326801,2020,55838000000.0,22112000000.0,133376000000.0,32322000000.0,74347000000.0,10019000000.0,,24913000000.0,,,sec_company_facts,ok
META,Facebook Inc,1326801,2021,70697000000.0,18485000000.0,159316000000.0,31026000000.0,84127000000.0,19079000000.0,,23986000000.0,,,sec_company_facts,ok
META,Facebook Inc,1326801,2022,85965000000.0,29146000000.0,165987000000.0,41108000000.0,101054000000.0,17576000000.0,0.0,32671000000.0,,,sec_company_facts,ok
META,Facebook Inc,1326801,2023,117929000000.0,39370000000.0,185727000000.0,60014000000.0,128290000000.0,16601000000.0,9923000000.0,46753000000.0,,,sec_company_facts,ok
META,Facebook Inc,1326801,2024,116609000000.0,23200000000.0,229623000000.0,76455000000.0,124879000000.0,14681000000.0,18385000000.0,28944000000.0,,,sec_company_facts,ok
NVDA,Nvidia Corp,1045810,2017,4682000000.0,631000000.0,7370000000.0,2814000000.0,4455000000.0,1152000000.0,0.0,759000000.0,2599000000.0,588632086.0,sec_company_facts,ok
NVDA,Nvidia Corp,1045810,2018,5010000000.0,614000000.0,9841000000.0,4048000000.0,4418000000.0,497000000.0,1983000000.0,747000000.0,2811000000.0,604636210.0,sec_company_facts,ok
NVDA,Nvidia Corp,1045810,2019,6910000000.0,1666000000.0,11241000000.0,3770000000.0,4469000000.0,596000000.0,1985000000.0,1934000000.0,4063000000.0,606000000.0,sec_company_facts,ok
NVDA,Nvidia Corp,1045810,2020,9714000000.0,3047000000.0,13292000000.0,3950000000.0,5762000000.0,782000000.0,1988000000.0,3210000000.0,5822000000.0,612000000.0,sec_company_facts,ok
NVDA,Nvidia Corp,1045810,2021,11716000000.0,4141000000.0,17315000000.0,5111000000.0,7471000000.0,10896000000.0,1991000000.0,3804000000.0,7171000000.0,620000000.0,sec_company_facts,ok
NVDA,Nvidia Corp,1045810,2022,10918000000.0,2796000000.0,28791000000.0,11898000000.0,9342000000.0,847000000.0,6963000000.0,2846000000.0,6768000000.0,2510000000.0,sec_company_facts,ok
NVDA,Nvidia Corp,1045810,2023,16675000000.0,4332000000.0,44187000000.0,17575000000.0,12204000000.0,1990000000.0,10946000000.0,4532000000.0,10396000000.0,2470000000.0,sec_company_facts,ok
NVDA,Nvidia Corp,1045810,2024,26914000000.0,9752000000.0,41182000000.0,19081000000.0,16893000000.0,3389000000.0,10953000000.0,10041000000.0,17475000000.0,2500000000.0,sec_company_facts,ok
ORCL,Oracle Corp,1341439,2017,38226000000.0,9938000000.0,112180000000.0,,47289000000.0,17769000000.0,,13871000000.0,23709000000.0,4136682000.0,sec_company_facts,ok
ORCL,Oracle Corp,1341439,2018,37047000000.0,8901000000.0,134991000000.0,,53860000000.0,21716000000.0,,12604000000.0,22410000000.0,3981155000.0,sec_company_facts,ok
ORCL,Oracle Corp,1341439,2019,37792000000.0,9452000000.0,137851000000.0,,46372000000.0,21620000000.0,,12913000000.0,,3335819000.0,sec_company_facts,ok
ORCL,Oracle Corp,1341439,2020,39383000000.0,3587000000.0,108709000000.0,,21785000000.0,20514000000.0,,13264000000.0,,3068682000.0,sec_company_facts,ok
ORCL,Oracle Corp,1341439,2021,39506000000.0,11083000000.0,115438000000.0,,12074000000.0,37239000000.0,,13535000000.0,,2792000000.0,sec_company_facts,ok
ORCL,Oracle Corp,1341439,2022,39068000000.0,10135000000.0,131107000000.0,,5238000000.0,30098000000.0,0.0,13896000000.0,,2664926000.0,sec_company_facts,ok
ORCL,Oracle Corp,1341439,2023,40479000000.0,13746000000.0,109297000000.0,,-6220000000.0,21383000000.0,,15213000000.0,,2714259000.0,sec_company_facts,ok
ORCL,Oracle Corp,1341439,2024,42440000000.0,6717000000.0,134384000000.0,,1073000000.0,9765000000.0,,10926000000.0,,2755860000.0,sec_company_facts,ok
NFLX,Netflix Inc,1065280,2017,6779511000.0,122641000.0,13586610000.0,10906810000.0,1857708000.0,1113608000.0,3364311000.0,305826000.0,588196000.0,433948461.0,sec_company_facts,ok
NFLX,Netflix Inc,1065280,2018,1957736000.0,186678000.0,19012742000.0,15430786000.0,2223426000.0,2822795000.0,9048828000.0,49453000.0,895904000.0,436598597.0,sec_company_facts,ok
NFLX,Netflix Inc,1065280,2019,11692713000.0,558929000.0,25974400000.0,20735635000.0,2679800000.0,3794483000.0,14873195000.0,838679000.0,1400277000.0,438806649.0,sec_company_facts,ok
NFLX,Netflix Inc,1065280,2020,15794341000.0,1211242000.0,33975712000.0,26393555000.0,3581956000.0,5018437000.0,20723441000.0,1605226000.0,1650378000.0,442895261.0,sec_company_facts,ok
NFLX,Netflix Inc,1065280,2021,20156447000.0,1866916000.0,39280359000.0,28215119000.0,5238765000.0,8205550000.0,15809095000.0,2604254000.0,,443963107.0,sec_company_facts,ok
NFLX,Netflix Inc,1065280,2022,24996056000.0,2761395000.0,44584663000.0,28735415000.0,7582157000.0,6027804000.0,14693072000.0,4585289000.0,,445346776.0,sec_company_facts,ok
NFLX,Netflix Inc,1065280,2023,29697844000.0,5116228000.0,48594768000.0,27817367000.0,11065240000.0,5147176000.0,14353076000.0,6194509000.0,,432759584.0,sec_company_facts,ok
NFLX,Netflix Inc,1065280,2024,31615550000.0,4491924000.0,48731992000.0,28143679000.0,15849248000.0,7116913000.0,14143417000.0,5632831000.0,,427757100.0,sec_company_facts,ok
TSLA,Tesla Motors Inc,1318605,2017,4046025000.0,-888663000.0,22664076000.0,16750167000.0,4752911000.0,1905713000.0,5892016000.0,-716629000.0,923503000.0,168919941.0,sec_company_facts,ok
TSLA,Tesla Motors Inc,1318605,2018,21461268000.0,-674914000.0,28655372000.0,23022980000.0,4237242000.0,1196908000.0,8828985000.0,-667340000.0,1599257000.0,172721487.0,sec_company_facts,ok
TSLA,Tesla Motors Inc,1318605,2019,11759000000.0,-1962000000.0,29740000000.0,23427000000.0,4923000000.0,3393000000.0,8411000000.0,-1632000000.0,2223000000.0,181341586.0,sec_company_facts,ok
TSLA,Tesla Motors Inc,1318605,2020,21461000000.0,-976000000.0,34309000000.0,26199000000.0,6618000000.0,3686000000.0,10402000000.0,-388000000.0,4042000000.0,959853504.0,sec_company_facts,ok
TSLA,Tesla Motors Inc,1318605,2021,24578000000.0,-862000000.0,52148000000.0,28418000000.0,22225000000.0,6268000000.0,8462000000.0,-69000000.0,4069000000.0,1033507611.0,sec_company_facts,ok
TSLA,Tesla Motors Inc,1318605,2022,31536000000.0,721000000.0,62131000000.0,30548000000.0,30189000000.0,19384000000.0,4254000000.0,1994000000.0,6630000000.0,3164102701.0,sec_company_facts,ok
TSLA,Tesla Motors Inc,1318605,2023,53823000000.0,5519000000.0,82338000000.0,36440000000.0,44704000000.0,17576000000.0,1029000000.0,6523000000.0,13606000000.0,3184790415.0,sec_company_facts,ok
TSLA,Tesla Motors Inc,1318605,2024,81462000000.0,12556000000.0,106618000000.0,43009000000.0,62634000000.0,16253000000.0,2682000000.0,13656000000.0,20853000000.0,3216517037.0,sec_company_facts,ok
ADBE,Adobe Systems Inc,796343,2017,4795511000.0,629551000.0,12697246000.0,5272411000.0,6775905000.0,1117400000.0,1892200000.0,903095000.0,4051194000.0,491578529.0,sec_company_facts,ok
ADBE,Adobe Systems Inc,796343,2018,5854430000.0,1168782000.0,14535556000.0,6075687000.0,7001580000.0,876560000.0,1881421000.0,1493602000.0,5034522000.0,487725915.0,sec_company_facts,ok
ADBE,Adobe Systems Inc,796343,2019,7301505000.0,1693954000.0,18768682000.0,9406568000.0,7424835000.0,1011315000.0,4124800000.0,2168095000.0,6291014000.0,482130975.0,sec_company_facts,ok
ADBE,Adobe Systems Inc,796343,2020,9030000000.0,2591000000.0,20762000000.0,10232000000.0,8459000000.0,2306000000.0,989000000.0,2840000000.0,7835000000.0,478700000.0,sec_company_facts,ok
ADBE,Adobe Systems Inc,796343,2021,11171000000.0,2951000000.0,24284000000.0,11020000000.0,9362000000.0,1643000000.0,4117000000.0,3268000000.0,9498000000.0,471700000.0,sec_company_facts,ok
ADBE,Adobe Systems Inc,796343,2022,12868000000.0,5260000000.0,27241000000.0,12444000000.0,10530000000.0,3844000000.0,4123000000.0,4237000000.0,11146000000.0,457800000.0,sec_company_facts,ok
ADBE,Adobe Systems Inc,796343,2023,15785000000.0,4822000000.0,27165000000.0,13114000000.0,13264000000.0,4236000000.0,3629000000.0,5802000000.0,13920000000.0,452000000.0,sec_company_facts,ok
ADBE,Adobe Systems Inc,796343,2024,17606000000.0,4756000000.0,29779000000.0,13261000000.0,14797000000.0,7141000000.0,3634000000.0,6098000000.0,15441000000.0,435300000.0,sec_company_facts,ok
QCOM,Qualcomm Inc/De,804328,2017,25281000000.0,5271000000.0,50796000000.0,20591000000.0,31778000000.0,7907000000.0,10008000000.0,5776000000.0,,1474164639.0,sec_company_facts,ok
QCOM,Qualcomm Inc/De,804328,2018,23554000000.0,5705000000.0,52359000000.0,34740000000.0,65486000000.0,7560000000.0,19398000000.0,6495000000.0,,1212162586.0,sec_company_facts,ok
QCOM,Qualcomm Inc/De,804328,2019,22258000000.0,2445000000.0,65498000000.0,31911000000.0,30725000000.0,35029000000.0,15365000000.0,2581000000.0,,1141844863.0,sec_company_facts,ok
QCOM,Qualcomm Inc/De,804328,2020,22611000000.0,-4964000000.0,32718000000.0,28048000000.0,32957000000.0,11839000000.0,13437000000.0,621000000.0,,1131000000.0,sec_company_facts,ok
QCOM,Qualcomm Inc/De,804328,2021,24273000000.0,4386000000.0,35594000000.0,29517000000.0,35594000000.0,6707000000.0,15226000000.0,7667000000.0,,1120000000.0,sec_company_facts,ok
QCOM,Qualcomm Inc/De,804328,2022,23531000000.0,5198000000.0,41240000000.0,31290000000.0,41240000000.0,7116000000.0,13701000000.0,6255000000.0,,1121000000.0,sec_company_facts,ok
QCOM,Qualcomm Inc/De,804328,2023,33566000000.0,9043000000.0,49014000000.0,31001000000.0,49014000000.0,2773000000.0,13537000000.0,9789000000.0,,1113000000.0,sec_company_facts,ok
QCOM,Qualcomm Inc/De,804328,2024,44200000000.0,12936000000.0,51040000000.0,29459000000.0,51040000000.0,8450000000.0,14484000000.0,15860000000.0,,1111000000.0,sec_company_facts,ok
TXN,Texas Instruments Inc,97476,2017,13000000000.0,2986000000.0,16431000000.0,5958000000.0,10473000000.0,1199000000.0,3609000000.0,4322000000.0,7575000000.0,983787502.0,sec_company_facts,ok
TXN,Texas Instruments Inc,97476,2018,13370000000.0,3595000000.0,17642000000.0,7305000000.0,10337000000.0,1000000000.0,4077000000.0,4855000000.0,8257000000.0,938484603.0,sec_company_facts,ok
TXN,Texas Instruments Inc,97476,2019,14961000000.0,3682000000.0,17137000000.0,8143000000.0,8994000000.0,2438000000.0,5068000000.0,6083000000.0,9614000000.0,933975619.0,sec_company_facts,ok
TXN,Texas Instruments Inc,97476,2020,15784000000.0,5580000000.0,18018000000.0,9111000000.0,8907000000.0,2437000000.0,5803000000.0,6713000000.0,10277000000.0,920239191.0,sec_company_facts,ok
TXN,Texas Instruments Inc,97476,2021,14383000000.0,5017000000.0,19351000000.0,10164000000.0,9187000000.0,3107000000.0,6798000000.0,5723000000.0,9164000000.0,923547062.0,sec_company_facts,ok
TXN,Texas Instruments Inc,97476,2022,14461000000.0,5595000000.0,24676000000.0,11343000000.0,13333000000.0,4631000000.0,7741000000.0,5894000000.0,9269000000.0,906205795.0,sec_company_facts,ok
TXN,Texas Instruments Inc,97476,2023,18344000000.0,7769000000.0,27207000000.0,12630000000.0,14577000000.0,3050000000.0,8735000000.0,8960000000.0,12376000000.0,909287673.0,sec_company_facts,ok
TXN,Texas Instruments Inc,97476,2024,20028000000.0,8749000000.0,32348000000.0,15451000000.0,16897000000.0,2964000000.0,11223000000.0,10140000000.0,13771000000.0,910332971.0,sec_company_facts,ok
CRM,Salesforce COM Inc,1108524,2017,1511167000.0,-262688000.0,12762920000.0,7760051000.0,3038510000.0,781635000.0,,-145633000.0,4084316000.0,707500000.0,sec_company_facts,ok
CRM,Salesforce COM Inc,1108524,2018,,-47426000.0,17584923000.0,10084796000.0,3975183000.0,908117000.0,1726821000.0,114923000.0,5012668000.0,731500000.0,sec_company_facts,missing_revenue
CRM,Salesforce COM Inc,1108524,2019,8437000000.0,323000000.0,21984000000.0,11608000000.0,5003000000.0,1158000000.0,3198000000.0,218000000.0,6203000000.0,771000000.0,sec_company_facts,ok
CRM,Salesforce COM Inc,1108524,2020,13282000000.0,1110000000.0,55126000000.0,21241000000.0,10376000000.0,4145000000.0,2690000000.0,535000000.0,9831000000.0,921000000.0,sec_company_facts,ok
CRM,Salesforce COM Inc,1108524,2021,13282000000.0,1110000000.0,55126000000.0,21241000000.0,10376000000.0,4145000000.0,2690000000.0,535000000.0,9831000000.0,921000000.0,sec_company_facts,ok
CRM,Salesforce COM Inc,1108524,2022,17098000000.0,126000000.0,66301000000.0,24808000000.0,15605000000.0,6195000000.0,2677000000.0,297000000.0,12863000000.0,990000000.0,sec_company_facts,ok
CRM,Salesforce COM Inc,1108524,2023,21252000000.0,4072000000.0,95209000000.0,37078000000.0,33885000000.0,5464000000.0,10596000000.0,455000000.0,15814000000.0,1000000000.0,sec_company_facts,ok
CRM,Salesforce COM Inc,1108524,2024,26492000000.0,1444000000.0,98849000000.0,40490000000.0,41493000000.0,7016000000.0,10601000000.0,548000000.0,19466000000.0,970000000.0,sec_company_facts,ok
GRMN,Garmin LTD,1121788,2017,2820270000.0,456227000.0,4525133000.0,,3403367000.0,1196268000.0,,549581000.0,1538704000.0,198077418.0,sec_company_facts,ok
GRMN,Garmin LTD,1121788,2018,3045797000.0,517724000.0,4948289000.0,,3373734000.0,891488000.0,,632864000.0,1688525000.0,198077418.0,sec_company_facts,ok
GRMN,Garmin LTD,1121788,2019,3121560000.0,709007000.0,5382858000.0,,3453259000.0,1201732000.0,,683637000.0,1797941000.0,190687357.0,sec_company_facts,ok
GRMN,Garmin LTD,1121788,2020,3347444000.0,694080000.0,6166799000.0,,3852419000.0,1027567000.0,,778343000.0,1979719000.0,191571374.0,sec_company_facts,ok
GRMN,Garmin LTD,1121788,2021,3757505000.0,952486000.0,7031373000.0,,4162974000.0,1458442000.0,,945586000.0,2233976000.0,192787080.0,sec_company_facts,ok
GRMN,Garmin LTD,1121788,2022,4186573000.0,992324000.0,7854427000.0,,4793496000.0,1498058000.0,,1054240000.0,2481336000.0,191359482.0,sec_company_facts,ok
GRMN,Garmin LTD,1121788,2023,4982795000.0,1082200000.0,7731170000.0,,5516116000.0,1279194000.0,,1218620000.0,2890459000.0,191777417.0,sec_company_facts,ok
GRMN,Garmin LTD,1121788,2024,4860286000.0,973585000.0,8603569000.0,,6114159000.0,1693452000.0,,1027845000.0,2806775000.0,192403775.0,sec_company_facts,ok
LOGI,Logitech International SA,1032975,2017,2004908000.0,9283000.0,1324147000.0,564199000.0,804128000.0,519195000.0,,154184000.0,705457000.0,163570990.0,sec_company_facts,ok
LOGI,Logitech International SA,1032975,2018,2018100000.0,119317000.0,1498677000.0,642566000.0,758134000.0,537038000.0,,129058000.0,681047000.0,165449160.0,sec_company_facts,ok
LOGI,Logitech International SA,1032975,2019,2221427000.0,205876000.0,1743157000.0,692600000.0,759948000.0,641947000.0,,211860000.0,820041000.0,166598546.0,sec_company_facts,ok
LOGI,Logitech International SA,1032975,2020,2566863000.0,208542000.0,2024124000.0,847785000.0,856111000.0,604516000.0,,229733000.0,909241000.0,167817568.0,sec_company_facts,ok
LOGI,Logitech International SA,1032975,2021,2788322000.0,257573000.0,2363474000.0,874206000.0,1050557000.0,715566000.0,,263194000.0,1037011000.0,168439978.0,sec_company_facts,ok
LOGI,Logitech International SA,1032975,2022,2975851000.0,449723000.0,4142378000.0,1880589000.0,1176339000.0,1750327000.0,,276495000.0,1122381000.0,164684163.0,sec_company_facts,ok
LOGI,Logitech International SA,1032975,2023,5252279000.0,947257000.0,4035405000.0,1636667000.0,1489268000.0,1328716000.0,,1148125000.0,2335735000.0,158737710.0,sec_company_facts,ok
LOGI,Logitech International SA,1032975,2024,5481101000.0,644513000.0,3560753000.0,1303193000.0,2261789000.0,1149023000.0,,774012000.0,2263006000.0,153443934.0,sec_company_facts,ok
HPQ,HP Inc,47217,2017,51463000000.0,4554000000.0,28987000000.0,,28987000000.0,15133000000.0,6735000000.0,3920000000.0,,165228387.0,sec_company_facts,ok
HPQ,HP Inc,47217,2018,48238000000.0,2496000000.0,32913000000.0,,32913000000.0,17433000000.0,6747000000.0,3549000000.0,,1553494507.0,sec_company_facts,ok
HPQ,HP Inc,47217,2019,52056000000.0,2526000000.0,34622000000.0,,34622000000.0,6288000000.0,4524000000.0,3368000000.0,,1433345730.0,sec_company_facts,ok
HPQ,HP Inc,47217,2020,58472000000.0,5327000000.0,33467000000.0,,-3408000000.0,4537000000.0,6261000000.0,3831000000.0,,1289636312.0,sec_company_facts,ok
HPQ,HP Inc,47217,2021,58756000000.0,3152000000.0,34681000000.0,,-639000000.0,4864000000.0,7573000000.0,3877000000.0,,1082722559.0,sec_company_facts,ok
HPQ,HP Inc,47217,2022,56638000000.0,2815000000.0,38605000000.0,,-1211000000.0,4299000000.0,11190000000.0,3442000000.0,,982145796.0,sec_company_facts,ok
HPQ,HP Inc,47217,2023,63460000000.0,6541000000.0,38494000000.0,,-2275000000.0,3145000000.0,9612000000.0,5359000000.0,,990902449.0,sec_company_facts,ok
HPQ,HP Inc,47217,2024,62910000000.0,3132000000.0,37004000000.0,,-1644000000.0,3107000000.0,9748000000.0,4559000000.0,12263000000.0,937797736.0,sec_company_facts,ok
INTC,Intel Corp,50863,2017,55355000000.0,11420000000.0,113327000000.0,,55865000000.0,2561000000.0,25258000000.0,14002000000.0,34679000000.0,4668000000.0,sec_company_facts,ok
INTC,Intel Corp,50863,2018,59387000000.0,10316000000.0,123249000000.0,,61085000000.0,15308000000.0,26776000000.0,13133000000.0,36233000000.0,4497000000.0,sec_company_facts,ok
INTC,Intel Corp,50863,2019,62761000000.0,9601000000.0,127963000000.0,,66226000000.0,,25859000000.0,18050000000.0,39098000000.0,4277000000.0,sec_company_facts,ok
INTC,Intel Corp,50863,2020,70848000000.0,21053000000.0,136524000000.0,,69653000000.0,,29003000000.0,23316000000.0,43737000000.0,4063000000.0,sec_company_facts,ok
INTC,Intel Corp,50863,2021,71965000000.0,21048000000.0,153091000000.0,,74563000000.0,,36401000000.0,22035000000.0,42140000000.0,4072000000.0,sec_company_facts,ok
INTC,Intel Corp,50863,2022,77867000000.0,20899000000.0,168406000000.0,,95391000000.0,,38101000000.0,23678000000.0,43612000000.0,4137000000.0,sec_company_facts,ok
INTC,Intel Corp,50863,2023,79024000000.0,19868000000.0,182103000000.0,,101423000000.0,,38107000000.0,19456000000.0,43815000000.0,4228000000.0,sec_company_facts,ok
INTC,Intel Corp,50863,2024,63054000000.0,8014000000.0,191572000000.0,,105590000000.0,,49266000000.0,2334000000.0,26866000000.0,4330000000.0,sec_company_facts,ok
CSCO,Cisco Systems Inc,858877,2017,49161000000.0,8981000000.0,121652000000.0,58067000000.0,63586000000.0,6726000000.0,28642000000.0,10770000000.0,29681000000.0,4951955851.0,sec_company_facts,ok
CSCO,Cisco Systems Inc,858877,2018,49247000000.0,10739000000.0,129818000000.0,63681000000.0,66137000000.0,6877000000.0,30472000000.0,12660000000.0,30960000000.0,4571334136.0,sec_company_facts,ok
CSCO,Cisco Systems Inc,858877,2019,48005000000.0,9609000000.0,108784000000.0,65580000000.0,43204000000.0,8934000000.0,25569000000.0,11973000000.0,30224000000.0,4245290230.0,sec_company_facts,ok
CSCO,Cisco Systems Inc,858877,2020,49330000000.0,110000000.0,97793000000.0,64222000000.0,66137000000.0,11750000000.0,20473000000.0,12309000000.0,30606000000.0,4233425297.0,sec_company_facts,ok
CSCO,Cisco Systems Inc,858877,2021,51904000000.0,11621000000.0,94853000000.0,56933000000.0,43204000000.0,11809000000.0,14583000000.0,14219000000.0,32666000000.0,4217735917.0,sec_company_facts,ok
CSCO,Cisco Systems Inc,858877,2022,49301000000.0,11214000000.0,97497000000.0,56222000000.0,33571000000.0,9175000000.0,11526000000.0,13620000000.0,31683000000.0,4108844167.0,sec_company_facts,ok
CSCO,Cisco Systems Inc,858877,2023,49818000000.0,10591000000.0,94002000000.0,54229000000.0,37920000000.0,7079000000.0,8915000000.0,12833000000.0,31894000000.0,4054857783.0,sec_company_facts,ok
CSCO,Cisco Systems Inc,858877,2024,51557000000.0,11812000000.0,101852000000.0,57499000000.0,41275000000.0,10123000000.0,8391000000.0,13969000000.0,32248000000.0,3990734794.0,sec_company_facts,ok
MU,Micron Technology Inc,723125,2017,16192000000.0,2899000000.0,27540000000.0,14612000000.0,12080000000.0,4140000000.0,9154000000.0,2998000000.0,5215000000.0,1153255224.0,sec_company_facts,ok
MU,Micron Technology Inc,723125,2018,12399000000.0,-276000000.0,35336000000.0,15845000000.0,18621000000.0,5109000000.0,9872000000.0,168000000.0,2505000000.0,1134255375.0,sec_company_facts,ok
MU,Micron Technology Inc,723125,2019,20322000000.0,5089000000.0,43376000000.0,10112000000.0,32294000000.0,6506000000.0,3777000000.0,5868000000.0,8436000000.0,1107050823.0,sec_company_facts,ok
MU,Micron Technology Inc,723125,2020,30391000000.0,14135000000.0,48887000000.0,12019000000.0,35881000000.0,7152000000.0,6157000000.0,14994000000.0,17891000000.0,1113221799.0,sec_company_facts,ok
MU,Micron Technology Inc,723125,2021,23406000000.0,6313000000.0,53678000000.0,14682000000.0,38996000000.0,7624000000.0,5968000000.0,7376000000.0,10702000000.0,1118623738.0,sec_company_facts,ok
MU,Micron Technology Inc,723125,2022,21435000000.0,2687000000.0,58849000000.0,14916000000.0,38996000000.0,7763000000.0,6020000000.0,3003000000.0,6552000000.0,1087168584.0,sec_company_facts,ok
MU,Micron Technology Inc,723125,2023,27705000000.0,5861000000.0,66283000000.0,16376000000.0,38996000000.0,8262000000.0,12049000000.0,6283000000.0,10423000000.0,1098034471.0,sec_company_facts,ok
MU,Micron Technology Inc,723125,2024,30758000000.0,8687000000.0,64254000000.0,20134000000.0,43933000000.0,8577000000.0,11343000000.0,9702000000.0,13898000000.0,1108742682.0,sec_company_facts,ok
AMAT,Applied Materials Inc,6951,2017,9659000000.0,1377000000.0,14570000000.0,7353000000.0,7868000000.0,3002000000.0,3125000000.0,1693000000.0,3952000000.0,1056340714.0,sec_company_facts,ok
AMAT,Applied Materials Inc,6951,2018,10825000000.0,1721000000.0,19419000000.0,10070000000.0,7613000000.0,4797000000.0,5304000000.0,2152000000.0,4511000000.0,958606093.0,sec_company_facts,ok
AMAT,Applied Materials Inc,6951,2019,14698000000.0,3519000000.0,17633000000.0,10788000000.0,7413000000.0,3440000000.0,5309000000.0,3936000000.0,6612000000.0,915304098.0,sec_company_facts,ok
AMAT,Applied Materials Inc,6951,2020,16705000000.0,3038000000.0,19024000000.0,10810000000.0,9630000000.0,3440000000.0,5313000000.0,4491000000.0,7517000000.0,914344189.0,sec_company_facts,ok
AMAT,Applied Materials Inc,6951,2021,14608000000.0,2706000000.0,22353000000.0,11775000000.0,6845000000.0,3129000000.0,5448000000.0,3350000000.0,6386000000.0,888513248.0,sec_company_facts,ok
AMAT,Applied Materials Inc,6951,2022,17202000000.0,3619000000.0,25825000000.0,13578000000.0,8214000000.0,5351000000.0,5452000000.0,4365000000.0,7692000000.0,844139722.0,sec_company_facts,ok
AMAT,Applied Materials Inc,6951,2023,23063000000.0,5888000000.0,26726000000.0,14532000000.0,10578000000.0,4995000000.0,5457000000.0,6889000000.0,10914000000.0,831067105.0,sec_company_facts,ok
AMAT,Applied Materials Inc,6951,2024,25785000000.0,6525000000.0,30729000000.0,14380000000.0,12247000000.0,1995000000.0,5461000000.0,7788000000.0,11993000000.0,813684638.0,sec_company_facts,ok
ADI,Analog Devices Inc,6281,2017,3435092000.0,696878000.0,7970278000.0,,5165618000.0,569233000.0,,830841000.0,2259262000.0,368635788.0,sec_company_facts,ok
ADI,Analog Devices Inc,6281,2018,3421409000.0,861664000.0,21141294000.0,,10161540000.0,884353000.0,,1028112000.0,2227173000.0,370159553.0,sec_company_facts,ok
ADI,Analog Devices Inc,6281,2019,5246354000.0,805379000.0,20438366000.0,,11268173000.0,816591000.0,,1162761000.0,3168241000.0,368302369.0,sec_company_facts,ok
ADI,Analog Devices Inc,6281,2020,6224689000.0,1506980000.0,21392641000.0,,11709188000.0,648322000.0,,1899589000.0,4250396000.0,369484899.0,sec_company_facts,ok
ADI,Analog Devices Inc,6281,2021,5991065000.0,1363011000.0,21468603000.0,,11997945000.0,1055860000.0,,1710608000.0,4013750000.0,525330672.0,sec_company_facts,ok
ADI,Analog Devices Inc,6281,2022,5603056000.0,1220761000.0,52322071000.0,,37992542000.0,1977964000.0,,1498244000.0,3690478000.0,509295941.0,sec_company_facts,ok
ADI,Analog Devices Inc,6281,2023,7318286000.0,1390422000.0,50302350000.0,,36465323000.0,1470572000.0,6548625000.0,1692201000.0,4525012000.0,496261678.0,sec_company_facts,ok
ADI,Analog Devices Inc,6281,2024,12013953000.0,2748561000.0,48794478000.0,,35565122000.0,958061000.0,5902457000.0,3278700000.0,7532474000.0,496296854.0,sec_company_facts,ok
XLNX,Xilinx Inc,743988,2017,2213881000.0,550867000.0,4740532000.0,,2611594000.0,892572000.0,995247000.0,669881000.0,1541974000.0,253404000.0,sec_company_facts,ok
XLNX,Xilinx Inc,743988,2018,2356742000.0,628133000.0,5060547000.0,,2662790000.0,503816000.0,996882000.0,706390000.0,1648110000.0,253920000.0,sec_company_facts,ok
XLNX,Xilinx Inc,743988,2019,2467023000.0,463981000.0,5151348000.0,,2586151000.0,,1234807000.0,686022000.0,1723604000.0,243846000.0,sec_company_facts,ok
XLNX,Xilinx Inc,743988,2021,3059040000.0,889750000.0,4693334000.0,,2360353000.0,,747110000.0,956799000.0,2103172000.0,245840000.0,sec_company_facts,ok
WDC,Western Digital Corp,106040,2017,14572000000.0,1465000000.0,32862000000.0,21717000000.0,8842000000.0,4804000000.0,16994000000.0,1611000000.0,4221000000.0,294875015.0,sec_company_facts,ok
WDC,Western Digital Corp,106040,2018,12994000000.0,242000000.0,29860000000.0,18442000000.0,9219000000.0,5024000000.0,13151000000.0,466000000.0,3435000000.0,291356809.0,sec_company_facts,ok
WDC,Western Digital Corp,106040,2019,19093000000.0,397000000.0,29235000000.0,17704000000.0,11145000000.0,5005000000.0,11172000000.0,1954000000.0,6072000000.0,296003875.0,sec_company_facts,ok
WDC,Western Digital Corp,106040,2020,20647000000.0,675000000.0,26370000000.0,16403000000.0,11418000000.0,3455000000.0,10522000000.0,3617000000.0,7705000000.0,302525787.0,sec_company_facts,ok
WDC,Western Digital Corp,106040,2021,16569000000.0,-754000000.0,25662000000.0,16111000000.0,11531000000.0,3048000000.0,9575000000.0,87000000.0,3752000000.0,308748049.0,sec_company_facts,ok
WDC,Western Digital Corp,106040,2022,16736000000.0,-250000000.0,26132000000.0,15411000000.0,9967000000.0,3370000000.0,8725000000.0,335000000.0,3781000000.0,314492541.0,sec_company_facts,ok
WDC,Western Digital Corp,106040,2023,16922000000.0,821000000.0,26259000000.0,14038000000.0,9551000000.0,2327000000.0,7022000000.0,1220000000.0,4521000000.0,321895961.0,sec_company_facts,ok
WDC,Western Digital Corp,106040,2024,18793000000.0,1546000000.0,24546000000.0,12706000000.0,10800000000.0,2023000000.0,7070000000.0,2391000000.0,5874000000.0,343451583.0,sec_company_facts,ok
STX,Seagate Technology PLC,1137789,2017,13739000000.0,1742000000.0,8213000000.0,6620000000.0,1593000000.0,2634000000.0,4091000000.0,2058000000.0,,291813271.0,sec_company_facts,ok
STX,Seagate Technology PLC,1137789,2018,11160000000.0,248000000.0,9268000000.0,7904000000.0,3018000000.0,2479000000.0,5021000000.0,445000000.0,,287184721.0,sec_company_facts,ok
STX,Seagate Technology PLC,1137789,2019,10771000000.0,772000000.0,9410000000.0,7745000000.0,1593000000.0,1125000000.0,4320000000.0,1054000000.0,,269037767.0,sec_company_facts,ok
STX,Seagate Technology PLC,1137789,2020,11184000000.0,1182000000.0,8885000000.0,6723000000.0,1364000000.0,2539000000.0,4253000000.0,1634000000.0,,257461532.0,sec_company_facts,ok
STX,Seagate Technology PLC,1137789,2021,10390000000.0,2012000000.0,8930000000.0,7143000000.0,1665000000.0,1853000000.0,4156000000.0,1487000000.0,,227603061.0,sec_company_facts,ok
STX,Seagate Technology PLC,1137789,2022,10509000000.0,1004000000.0,8675000000.0,8044000000.0,2162000000.0,2220000000.0,4894000000.0,1300000000.0,,208755418.0,sec_company_facts,ok
STX,Seagate Technology PLC,1137789,2023,10681000000.0,1314000000.0,8944000000.0,8835000000.0,1787000000.0,1209000000.0,964000000.0,1492000000.0,,207393242.0,sec_company_facts,ok
STX,Seagate Technology PLC,1137789,2024,11661000000.0,1649000000.0,7556000000.0,8755000000.0,631000000.0,615000000.0,5388000000.0,1955000000.0,,210195239.0,sec_company_facts,ok
LRCX,LAM Research Corp,707549,2017,5259312000.0,655577000.0,12264315000.0,6162246000.0,5029735000.0,1452677000.0,4318461000.0,788039000.0,2284336000.0,162454686.0,sec_company_facts,ok
LRCX,LAM Research Corp,707549,2018,5885893000.0,914049000.0,12122765000.0,5135453000.0,5103144000.0,1501539000.0,2686658000.0,1074256000.0,2618922000.0,157579984.0,sec_company_facts,ok
LRCX,LAM Research Corp,707549,2019,8013620000.0,1697763000.0,12479478000.0,5899435000.0,5894517000.0,2377534000.0,2368748000.0,1902132000.0,3603359000.0,144532998.0,sec_company_facts,ok
LRCX,LAM Research Corp,707549,2020,11076998000.0,2380681000.0,12001333000.0,7278029000.0,6817451000.0,4512257000.0,4430011000.0,3213299000.0,5165032000.0,145625225.0,sec_company_facts,ok
LRCX,LAM Research Corp,707549,2021,9653559000.0,2191430000.0,14559047000.0,9375558000.0,6501851000.0,3658219000.0,5795478000.0,2464732000.0,4358459000.0,141953681.0,sec_company_facts,ok
LRCX,LAM Research Corp,707549,2022,10044736000.0,2251753000.0,15892152000.0,9864964000.0,4673865000.0,4915172000.0,4960935000.0,2673802000.0,4608693000.0,136987792.0,sec_company_facts,ok
LRCX,LAM Research Corp,707549,2023,14626150000.0,3908458000.0,17195632000.0,10917266000.0,5172494000.0,4418263000.0,4962459000.0,4482023000.0,6805306000.0,132511701.0,sec_company_facts,ok
LRCX,LAM Research Corp,707549,2024,17227039000.0,4605286000.0,18781643000.0,10571471000.0,6027188000.0,3522001000.0,4965365000.0,5381822000.0,7871807000.0,129876000.0,sec_company_facts,ok
INTU,Intuit Inc,896878,2017,4192000000.0,365000000.0,4250000000.0,3089000000.0,3078000000.0,849000000.0,488000000.0,738000000.0,,254973504.0,sec_company_facts,ok
INTU,Intuit Inc,896878,2018,4694000000.0,979000000.0,4068000000.0,2714000000.0,2332000000.0,808000000.0,438000000.0,1242000000.0,,258671620.0,sec_company_facts,ok
INTU,Intuit Inc,896878,2019,5196000000.0,985000000.0,5134000000.0,2318000000.0,1492000000.0,529000000.0,388000000.0,1418000000.0,,260073642.0,sec_company_facts,ok
INTU,Intuit Inc,896878,2020,6025000000.0,1329000000.0,6283000000.0,2534000000.0,1699000000.0,1464000000.0,2048000000.0,1560000000.0,,261807204.0,sec_company_facts,ok
INTU,Intuit Inc,896878,2021,6784000000.0,1557000000.0,10931000000.0,5825000000.0,2816000000.0,2116000000.0,2048000000.0,1854000000.0,,273091929.0,sec_company_facts,ok
INTU,Intuit Inc,896878,2022,7679000000.0,1826000000.0,15516000000.0,5647000000.0,3749000000.0,6442000000.0,2034000000.0,2176000000.0,,281869879.0,sec_company_facts,ok
INTU,Intuit Inc,896878,2023,9633000000.0,2062000000.0,27734000000.0,11293000000.0,5106000000.0,2562000000.0,6914000000.0,2500000000.0,,280259493.0,sec_company_facts,ok
INTU,Intuit Inc,896878,2024,12726000000.0,2066000000.0,27780000000.0,10511000000.0,9869000000.0,2796000000.0,6120000000.0,2571000000.0,,280292000.0,sec_company_facts,ok
SYMC,Symantec Corp,849399,2017,3956000000.0,878000000.0,11767000000.0,8091000000.0,3676000000.0,5983000000.0,2207000000.0,154000000.0,3229000000.0,608240301.0,sec_company_facts,ok
SYMC,Symantec Corp,849399,2018,3600000000.0,2488000000.0,18174000000.0,14687000000.0,3487000000.0,4247000000.0,8186000000.0,457000000.0,2985000000.0,638800147.0,sec_company_facts,ok
SYMC,Symantec Corp,849399,2019,4019000000.0,-106000000.0,15759000000.0,10736000000.0,5023000000.0,1774000000.0,5026000000.0,-100000000.0,3166000000.0,618193875.0,sec_company_facts,ok
SYMC,Symantec Corp,849399,2020,2559000000.0,1138000000.0,15938000000.0,10200000000.0,3487000000.0,1791000000.0,4452000000.0,-154000000.0,2096000000.0,589028713.0,sec_company_facts,ok
SYMC,Symantec Corp,849399,2021,2456000000.0,31000000.0,7735000000.0,7725000000.0,5023000000.0,2177000000.0,4221000000.0,158000000.0,2001000000.0,579944942.0,sec_company_facts,ok
SYMC,Symantec Corp,849399,2022,2490000000.0,3887000000.0,6361000000.0,6861000000.0,5738000000.0,933000000.0,3601000000.0,355000000.0,2097000000.0,580064068.0,sec_company_facts,ok
SYMC,Symantec Corp,849399,2023,2551000000.0,554000000.0,6943000000.0,7036000000.0,10000000.0,1887000000.0,3736000000.0,896000000.0,2189000000.0,640770648.0,sec_company_facts,ok
SYMC,Symantec Corp,849399,2024,2796000000.0,836000000.0,15947000000.0,13747000000.0,-500000000.0,750000000.0,9762000000.0,1005000000.0,2388000000.0,626145897.0,sec_company_facts,ok
ADSK,Autodesk Inc,769397,2017,2512200000.0,81800000.0,5515300000.0,,2261500000.0,1853000000.0,1487700000.0,120700000.0,2170100000.0,220849268.0,sec_company_facts,ok
ADSK,Autodesk Inc,769397,2018,2504100000.0,-330500000.0,4798100000.0,,2219200000.0,1410600000.0,1092000000.0,1300000.0,2133400000.0,218327862.0,sec_company_facts,ok
ADSK,Autodesk Inc,769397,2019,2031000000.0,-582100000.0,4113600000.0,,1619600000.0,1353000000.0,1586000000.0,-499600000.0,1689100000.0,219535216.0,sec_company_facts,ok
ADSK,Autodesk Inc,769397,2020,2056600000.0,-566900000.0,4729200000.0,,733600000.0,1213100000.0,2100000000.0,-509100000.0,1753200000.0,219800000.0,sec_company_facts,ok
ADSK,Autodesk Inc,769397,2021,2569800000.0,-80800000.0,6179300000.0,,-256000000.0,1774700000.0,1650000000.0,-25000000.0,2283900000.0,219592294.0,sec_company_facts,ok
ADSK,Autodesk Inc,769397,2022,3274300000.0,214500000.0,7279800000.0,,-210900000.0,1772200000.0,2650000000.0,343000000.0,2949400000.0,217307974.0,sec_company_facts,ok
ADSK,Autodesk Inc,769397,2023,3790000000.0,1208000000.0,8607000000.0,,-139000000.0,1528000000.0,2300000000.0,629000000.0,3453000000.0,214782702.0,sec_company_facts,ok
ADSK,Autodesk Inc,769397,2024,4386000000.0,497000000.0,9438000000.0,,965000000.0,1947000000.0,2300000000.0,618000000.0,3968000000.0,215446979.0,sec_company_facts,ok
VMW,VMware Inc,1124610,2018,6571000000.0,997000000.0,16397000000.0,8181000000.0,8216000000.0,2071000000.0,0.0,1197000000.0,,,sec_company_facts,ok
VMW,VMware Inc,1124610,2019,469000000.0,24000000.0,21206000000.0,12582000000.0,8624000000.0,5971000000.0,3964000000.0,25000000.0,,,sec_company_facts,ok
VMW,VMware Inc,1124610,2020,8336000000.0,437000000.0,17593000000.0,14702000000.0,1865000000.0,3532000000.0,3972000000.0,1463000000.0,,,sec_company_facts,ok
VMW,VMware Inc,1124610,2021,9613000000.0,1650000000.0,26294000000.0,19285000000.0,7009000000.0,2915000000.0,2731000000.0,1803000000.0,,,sec_company_facts,ok
VMW,VMware Inc,1124610,2022,10811000000.0,6412000000.0,29016000000.0,19965000000.0,9051000000.0,4692000000.0,4717000000.0,1441000000.0,,421056294.0,sec_company_facts,ok
VMW,VMware Inc,1124610,2023,11767000000.0,2058000000.0,28676000000.0,29552000000.0,7009000000.0,3614000000.0,12671000000.0,2388000000.0,,428483378.0,sec_company_facts,ok
EA,Electronic Arts Inc,712515,2017,4515000000.0,875000000.0,7050000000.0,3652000000.0,2422000000.0,1782000000.0,,948000000.0,3086000000.0,310028355.0,sec_company_facts,ok
EA,Electronic Arts Inc,712515,2018,4396000000.0,1156000000.0,7718000000.0,3658000000.0,3036000000.0,2068000000.0,,898000000.0,3042000000.0,306832936.0,sec_company_facts,ok
EA,Electronic Arts Inc,712515,2019,4845000000.0,967000000.0,8584000000.0,3989000000.0,3396000000.0,2493000000.0,,1224000000.0,3547000000.0,297261219.0,sec_company_facts,ok
EA,Electronic Arts Inc,712515,2020,5150000000.0,1043000000.0,8957000000.0,3626000000.0,4060000000.0,2565000000.0,,1434000000.0,3873000000.0,288687620.0,sec_company_facts,ok
EA,Electronic Arts Inc,712515,2021,4950000000.0,1019000000.0,11112000000.0,3651000000.0,4595000000.0,4258000000.0,,996000000.0,3628000000.0,286191176.0,sec_company_facts,ok
EA,Electronic Arts Inc,712515,2022,5537000000.0,3039000000.0,13288000000.0,5448000000.0,5331000000.0,4708000000.0,,1445000000.0,4168000000.0,279893605.0,sec_company_facts,ok
EA,Electronic Arts Inc,712515,2023,5629000000.0,837000000.0,13800000000.0,6175000000.0,7461000000.0,,,1046000000.0,4135000000.0,272712152.0,sec_company_facts,ok
EA,Electronic Arts Inc,712515,2024,6991000000.0,789000000.0,13459000000.0,6166000000.0,7840000000.0,,,1129000000.0,5132000000.0,266378719.0,sec_company_facts,ok
ATVI,Activision Blizzard Inc,718877,2017,4664000000.0,892000000.0,17452000000.0,8333000000.0,7233000000.0,4848000000.0,4887000000.0,1319000000.0,,758631663.0,sec_company_facts,ok
ATVI,Activision Blizzard Inc,718877,2018,6608000000.0,966000000.0,18668000000.0,9206000000.0,8068000000.0,4713000000.0,4390000000.0,1412000000.0,,763833873.0,sec_company_facts,ok
ATVI,Activision Blizzard Inc,718877,2019,7017000000.0,273000000.0,17890000000.0,6498000000.0,9119000000.0,4225000000.0,2671000000.0,1309000000.0,,769221524.0,sec_company_facts,ok
ATVI,Activision Blizzard Inc,718877,2020,7500000000.0,1848000000.0,19845000000.0,7040000000.0,9462000000.0,5794000000.0,2675000000.0,1988000000.0,,774753965.0,sec_company_facts,ok
ATVI,Activision Blizzard Inc,718877,2021,6489000000.0,1503000000.0,23109000000.0,8072000000.0,11392000000.0,8647000000.0,3605000000.0,1607000000.0,,779234888.0,sec_company_facts,ok
ATVI,Activision Blizzard Inc,718877,2022,8086000000.0,2197000000.0,25056000000.0,7457000000.0,12805000000.0,10423000000.0,3608000000.0,2734000000.0,,784274126.0,sec_company_facts,ok
EBAY,eBay Inc,1065088,2017,8592000000.0,1725000000.0,23847000000.0,13308000000.0,6576000000.0,1816000000.0,7509000000.0,2197000000.0,6821000000.0,1012079673.0,sec_company_facts,ok
EBAY,eBay Inc,1065088,2018,9298000000.0,7266000000.0,25986000000.0,17937000000.0,10526000000.0,2120000000.0,9234000000.0,2325000000.0,7294000000.0,914880451.0,sec_company_facts,ok
EBAY,eBay Inc,1065088,2019,9927000000.0,-1017000000.0,22819000000.0,16538000000.0,8049000000.0,2202000000.0,7685000000.0,2264000000.0,7706000000.0,700853307.0,sec_company_facts,ok
EBAY,eBay Inc,1065088,2020,8650000000.0,2530000000.0,18174000000.0,15304000000.0,6281000000.0,901000000.0,6738000000.0,1752000000.0,6627000000.0,680445767.0,sec_company_facts,ok
EBAY,eBay Inc,1065088,2021,7429000000.0,1786000000.0,19310000000.0,15749000000.0,2870000000.0,1101000000.0,7740000000.0,1770000000.0,5844000000.0,559842135.0,sec_company_facts,ok
EBAY,eBay Inc,1065088,2022,8894000000.0,5667000000.0,26626000000.0,16848000000.0,3561000000.0,1379000000.0,7727000000.0,2636000000.0,7097000000.0,534736900.0,sec_company_facts,ok
EBAY,eBay Inc,1065088,2023,10420000000.0,13608000000.0,20850000000.0,15697000000.0,9778000000.0,1379000000.0,7721000000.0,2923000000.0,7770000000.0,502000000.0,sec_company_facts,ok
EBAY,eBay Inc,1065088,2024,9795000000.0,-1269000000.0,21620000000.0,15224000000.0,5153000000.0,2154000000.0,6973000000.0,2350000000.0,7115000000.0,461000000.0,sec_company_facts,ok
MSI,Motorola Solutions Inc,68505,2017,5695000000.0,610000000.0,8346000000.0,,-964000000.0,967000000.0,4392000000.0,994000000.0,2719000000.0,161307525.0,sec_company_facts,ok
MSI,Motorola Solutions Inc,68505,2018,6038000000.0,560000000.0,8463000000.0,,-1742000000.0,1205000000.0,4419000000.0,1048000000.0,2869000000.0,163871288.0,sec_company_facts,ok
MSI,Motorola Solutions Inc,68505,2019,6380000000.0,-155000000.0,8208000000.0,,-1293000000.0,1257000000.0,5289000000.0,1284000000.0,3024000000.0,170579096.0,sec_company_facts,ok
MSI,Motorola Solutions Inc,68505,2020,7343000000.0,966000000.0,9409000000.0,,-700000000.0,1001000000.0,5113000000.0,1255000000.0,3480000000.0,169028294.0,sec_company_facts,ok
MSI,Motorola Solutions Inc,68505,2021,7887000000.0,868000000.0,10642000000.0,,-558000000.0,1254000000.0,5163000000.0,1581000000.0,3931000000.0,168209089.0,sec_company_facts,ok
MSI,Motorola Solutions Inc,68505,2022,7414000000.0,949000000.0,10876000000.0,,-40000000.0,1874000000.0,5688000000.0,1383000000.0,3608000000.0,167250071.0,sec_company_facts,ok
MSI,Motorola Solutions Inc,68505,2023,8171000000.0,1245000000.0,12189000000.0,,116000000.0,1325000000.0,6013000000.0,1667000000.0,4040000000.0,166132981.0,sec_company_facts,ok
MSI,Motorola Solutions Inc,68505,2024,9112000000.0,1363000000.0,12814000000.0,,724000000.0,1705000000.0,4705000000.0,1661000000.0,4229000000.0,166936952.0,sec_company_facts,ok
JNPR,Juniper Networks Inc,1043604,2017,4857800000.0,633700000.0,9656500000.0,4694000000.0,9656500000.0,1639600000.0,2133700000.0,912000000.0,3078600000.0,343756577.0,sec_company_facts,ok
JNPR,Juniper Networks Inc,1043604,2018,4990100000.0,592700000.0,9833800000.0,5152900000.0,9833800000.0,2006500000.0,2139000000.0,889700000.0,3104500000.0,347922460.0,sec_company_facts,ok
JNPR,Juniper Networks Inc,1043604,2019,5027200000.0,306200000.0,9363300000.0,4540100000.0,9363300000.0,2489000000.0,1683900000.0,848100000.0,3072100000.0,330527200.0,sec_company_facts,ok
JNPR,Juniper Networks Inc,1043604,2020,4647500000.0,566900000.0,8837700000.0,4227100000.0,8837700000.0,1215800000.0,1683900000.0,572200000.0,2741200000.0,328172099.0,sec_company_facts,ok
JNPR,Juniper Networks Inc,1043604,2021,4445400000.0,345000000.0,9378300000.0,4834800000.0,4823200000.0,1361900000.0,2127300000.0,442200000.0,2616800000.0,322758505.0,sec_company_facts,ok
JNPR,Juniper Networks Inc,1043604,2022,4445100000.0,257800000.0,8887000000.0,4570100000.0,4610600000.0,922500000.0,1686800000.0,353100000.0,2573700000.0,323959789.0,sec_company_facts,ok
JNPR,Juniper Networks Inc,1043604,2023,4735400000.0,252700000.0,9326700000.0,4851600000.0,4543500000.0,880100000.0,1601300000.0,387500000.0,2740100000.0,321907366.0,sec_company_facts,ok
JNPR,Juniper Networks Inc,1043604,2024,5301200000.0,471000000.0,9518500000.0,5025800000.0,4316900000.0,1068100000.0,1616800000.0,519100000.0,2958300000.0,333189763.0,sec_company_facts,ok
AKAM,Akamai Technologies Inc,1086222,2017,2197448000.0,321406000.0,4373146000.0,1148776000.0,2945335000.0,238650000.0,,466150000.0,,170031585.0,sec_company_facts,ok
AKAM,Akamai Technologies Inc,1086222,2018,2347988000.0,320727000.0,4648916000.0,1286447000.0,3162865000.0,324169000.0,,466510000.0,,163212497.0,sec_company_facts,ok
AKAM,Akamai Technologies Inc,1086222,2019,2489035000.0,222766000.0,5461770000.0,2269910000.0,3270218000.0,313382000.0,,314289000.0,,161881857.0,sec_company_facts,ok
AKAM,Akamai Technologies Inc,1086222,2020,2714474000.0,298373000.0,7006886000.0,3348928000.0,3362469000.0,1036455000.0,,362499000.0,,163220270.0,sec_company_facts,ok
AKAM,Akamai Technologies Inc,1086222,2021,2893617000.0,478035000.0,7764130000.0,3512834000.0,3191860000.0,393745000.0,,548918000.0,,160346656.0,sec_company_facts,ok
AKAM,Akamai Technologies Inc,1086222,2022,3198149000.0,557054000.0,8138673000.0,3608659000.0,3657958000.0,352917000.0,,658534000.0,,156275794.0,sec_company_facts,ok
AKAM,Akamai Technologies Inc,1086222,2023,3461223000.0,651642000.0,8303400000.0,3943213000.0,4251296000.0,536725000.0,,783148000.0,,151530300.0,sec_company_facts,ok
AKAM,Akamai Technologies Inc,1086222,2024,3616654000.0,523672000.0,9900037000.0,5302882000.0,4530014000.0,542337000.0,,676274000.0,,150317536.0,sec_company_facts,ok
AAPL,Apple Inc,320193,2017,233715000000.0,53394000000.0,321686000000.0,193437000000.0,111547000000.0,13844000000.0,75427000000.0,71230000000.0,93626000000.0,5134312000.0,sec_company_facts,ok
AAPL,Apple Inc,320193,2018,215639000000.0,45687000000.0,375319000000.0,241272000000.0,119355000000.0,21120000000.0,97207000000.0,60024000000.0,84263000000.0,4745398000.0,sec_company_facts,ok
AAPL,Apple Inc,320193,2019,229234000000.0,48351000000.0,365725000000.0,258578000000.0,128249000000.0,25913000000.0,93735000000.0,61344000000.0,88186000000.0,4443265000.0,sec_company_facts,ok
AAPL,Apple Inc,320193,2020,265595000000.0,59531000000.0,338516000000.0,248028000000.0,134047000000.0,48844000000.0,91807000000.0,70898000000.0,101839000000.0,17001802000.0,sec_company_facts,ok
AAPL,Apple Inc,320193,2021,260174000000.0,55256000000.0,323888000000.0,258549000000.0,107147000000.0,38016000000.0,98667000000.0,63930000000.0,98392000000.0,16406397000.0,sec_company_facts,ok
AAPL,Apple Inc,320193,2022,274515000000.0,57411000000.0,351002000000.0,287912000000.0,90488000000.0,34940000000.0,109106000000.0,66288000000.0,104956000000.0,15908118000.0,sec_company_facts,ok
AAPL,Apple Inc,320193,2023,365817000000.0,94680000000.0,352755000000.0,302083000000.0,65339000000.0,23646000000.0,110087000000.0,108949000000.0,152836000000.0,15552752000.0,sec_company_facts,ok
AAPL,Apple Inc,320193,2024,394328000000.0,99803000000.0,352583000000.0,290437000000.0,63090000000.0,29965000000.0,105103000000.0,119437000000.0,170782000000.0,15115823000.0,sec_company_facts,ok
AMD,Advanced Micro Devices,2488,2017,3991000000.0,-660000000.0,3321000000.0,,187000000.0,805000000.0,1435000000.0,-481000000.0,1080000000.0,969110191.0,sec_company_facts,ok
AMD,Advanced Micro Devices,2488,2018,4319000000.0,-498000000.0,3552000000.0,,-350000000.0,1264000000.0,1395000000.0,-373000000.0,1003000000.0,1005298882.0,sec_company_facts,ok
AMD,Advanced Micro Devices,2488,2019,5253000000.0,-33000000.0,4556000000.0,,596000000.0,1185000000.0,1250000000.0,127000000.0,1787000000.0,1169661536.0,sec_company_facts,ok
AMD,Advanced Micro Devices,2488,2020,6475000000.0,337000000.0,6028000000.0,,1266000000.0,1078000000.0,486000000.0,451000000.0,2447000000.0,1211280009.0,sec_company_facts,ok
AMD,Advanced Micro Devices,2488,2021,6731000000.0,341000000.0,8962000000.0,,2827000000.0,1466000000.0,330000000.0,631000000.0,2868000000.0,1199303422.0,sec_company_facts,ok
AMD,Advanced Micro Devices,2488,2022,9763000000.0,2490000000.0,12419000000.0,,5837000000.0,2535000000.0,1000000.0,1369000000.0,4347000000.0,1611388217.0,sec_company_facts,ok
AMD,Advanced Micro Devices,2488,2023,16434000000.0,3162000000.0,67580000000.0,,7497000000.0,4835000000.0,2467000000.0,3648000000.0,7929000000.0,1615786841.0,sec_company_facts,ok
AMD,Advanced Micro Devices,2488,2024,23601000000.0,1320000000.0,67885000000.0,,54750000000.0,4835000000.0,1717000000.0,1264000000.0,10603000000.0,1620477962.0,sec_company_facts,ok
AVGO,Broadcom Inc,1730168,2018,13240000000.0,-1739000000.0,54418000000.0,31232000000.0,20285000000.0,1822000000.0,17548000000.0,-409000000.0,5940000000.0,407270901.0,sec_company_facts,ok
AVGO,Broadcom Inc,1730168,2019,17636000000.0,1692000000.0,50124000000.0,23467000000.0,26657000000.0,3097000000.0,17493000000.0,2371000000.0,8509000000.0,397792289.0,sec_company_facts,ok
AVGO,Broadcom Inc,1730168,2020,20848000000.0,12259000000.0,67493000000.0,42523000000.0,67493000000.0,11204000000.0,30011000000.0,5135000000.0,10733000000.0,406713118.0,sec_company_facts,ok
AVGO,Broadcom Inc,1730168,2021,22597000000.0,2695000000.0,75933000000.0,52032000000.0,75933000000.0,4292000000.0,40994000000.0,3444000000.0,12483000000.0,412873968.0,sec_company_facts,ok
AVGO,Broadcom Inc,1730168,2022,23888000000.0,2663000000.0,75570000000.0,50581000000.0,75570000000.0,12163000000.0,39440000000.0,4014000000.0,13516000000.0,417886140.0,sec_company_facts,ok
AVGO,Broadcom Inc,1730168,2023,27450000000.0,6437000000.0,73249000000.0,50540000000.0,73249000000.0,12416000000.0,39075000000.0,8519000000.0,16844000000.0,468140569.0,sec_company_facts,ok
AVGO,Broadcom Inc,1730168,2024,33203000000.0,11495000000.0,72861000000.0,48873000000.0,72861000000.0,14189000000.0,37621000000.0,14225000000.0,22095000000.0,4687356156.0,sec_company_facts,ok
KLAC,KLA Corp,319201,2017,2814049000.0,366158000.0,4962432000.0,4273318000.0,3669346000.0,630861000.0,3057936000.0,,372400000.0,156840420.0,sec_company_facts,ok
KLAC,KLA Corp,319201,2018,2984493000.0,704422000.0,5532173000.0,4205756000.0,421439000.0,838025000.0,2930457000.0,,472837000.0,156126508.0,sec_company_facts,ok
KLAC,KLA Corp,319201,2019,3480014000.0,926076000.0,5638619000.0,4018108000.0,1620511000.0,1404382000.0,2237402000.0,,616464000.0,159255950.0,sec_company_facts,ok
KLAC,KLA Corp,319201,2020,4036701000.0,802265000.0,9008516000.0,6330823000.0,2659108000.0,,3423382000.0,,711873000.0,155461444.0,sec_company_facts,ok
KLAC,KLA Corp,319201,2021,4568904000.0,1175617000.0,9279960000.0,6598950000.0,2665424000.0,1234409000.0,3469670000.0,,809173000.0,152737157.0,sec_company_facts,ok
KLAC,KLA Corp,319201,2022,5806424000.0,1216785000.0,10271124000.0,6895482000.0,3377554000.0,1434610000.0,3422767000.0,,,141803776.0,sec_company_facts,ok
KLAC,KLA Corp,319201,2023,6918734000.0,2078292000.0,12597088000.0,11197998000.0,1401351000.0,1584908000.0,6660718000.0,,,136720074.0,sec_company_facts,ok
KLAC,KLA Corp,319201,2024,9211883000.0,3321807000.0,14072357000.0,11152604000.0,2919753000.0,1927865000.0,5890736000.0,,,134425022.0,sec_company_facts,ok
MCHP,Microchip Technology Inc,827054,2017,2147036000.0,369009000.0,5537883000.0,,11076000.0,466603000.0,2453400000.0,425620000.0,1229564000.0,229397877.0,sec_company_facts,ok
MCHP,Microchip Technology Inc,827054,2018,2173300000.0,324100000.0,7686900000.0,,7686900000.0,607800000.0,2950500000.0,352300000.0,1205500000.0,235036703.0,sec_company_facts,ok
MCHP,Microchip Technology Inc,827054,2019,3407800000.0,164600000.0,8257200000.0,,8257200000.0,901300000.0,3068300000.0,275800000.0,1757200000.0,237926508.0,sec_company_facts,ok
MCHP,Microchip Technology Inc,827054,2020,3980800000.0,255400000.0,18350000000.0,,3270700000.0,428600000.0,10307000000.0,936300000.0,2420700000.0,245332497.0,sec_company_facts,ok
MCHP,Microchip Technology Inc,827054,2021,5349500000.0,355900000.0,17426100000.0,,3279800000.0,401000000.0,9482200000.0,714300000.0,2931300000.0,273531409.0,sec_company_facts,ok
MCHP,Microchip Technology Inc,827054,2022,5274200000.0,570600000.0,16478800000.0,,5287500000.0,280000000.0,8904100000.0,647100000.0,3242100000.0,554501300.0,sec_company_facts,ok
MCHP,Microchip Technology Inc,827054,2023,5438400000.0,349400000.0,16199500000.0,,5585500000.0,317400000.0,7687400000.0,998100000.0,3378800000.0,545384035.0,sec_company_facts,ok
MCHP,Microchip Technology Inc,827054,2024,6820900000.0,1285500000.0,16370300000.0,,5337100000.0,234000000.0,6439900000.0,1849600000.0,4449600000.0,536885996.0,sec_company_facts,ok
ON,ON Semiconductor Corp,863894,2017,32604865.0,4346036.0,38623707.0,4690296.0,28065326.0,-1690409.0,,6618407.0,18969959.0,53208489.0,sec_company_facts,ok
ON,ON Semiconductor Corp,863894,2018,13655592.0,-6612047.0,55336366.0,6883161.0,33933411.0,892520.0,1753805.0,-8494112.0,7019512.0,62617813.0,sec_company_facts,ok
ON,ON Semiconductor Corp,863894,2019,15864483.0,-23938389.0,48452639.0,18971221.0,48453205.0,,,-20872407.0,8772541.0,65039114.0,sec_company_facts,ok
ON,ON Semiconductor Corp,863894,2020,31803387.0,-12017366.0,53628770.0,21295634.0,29481418.0,,,-6435894.0,21656822.0,70075460.0,sec_company_facts,ok
ON,ON Semiconductor Corp,863894,2021,42592060.0,-18973535.0,51543675.0,21432359.0,32333136.0,,,-14746694.0,30786858.0,80029748.0,sec_company_facts,ok
ON,ON Semiconductor Corp,863894,2022,61259528.0,7394374.0,178146723.0,25852779.0,30111316.0,,,12972657.0,47927223.0,80623128.0,sec_company_facts,ok
ON,ON Semiconductor Corp,863894,2023,39354352.0,-84040618.0,135358450.0,52561133.0,154517223.0,,,-83488158.0,30591388.0,93672854.0,sec_company_facts,ok
ON,ON Semiconductor Corp,863894,2024,16296958.0,-93152692.0,50023091.0,30344930.0,82797317.0,9625494.0,,-93782216.0,7565928.0,146383920.0,sec_company_facts,ok
SWKS,Skyworks Solutions Inc,4127,2017,3258400000.0,798300000.0,3855400000.0,314000000.0,2532400000.0,805800000.0,,1023100000.0,1554500000.0,183189590.0,sec_company_facts,ok
SWKS,Skyworks Solutions Inc,4127,2018,3289000000.0,995200000.0,4573600000.0,507900000.0,3159200000.0,1043600000.0,,1118700000.0,1665200000.0,177531995.0,sec_company_facts,ok
SWKS,Skyworks Solutions Inc,4127,2019,3651400000.0,1010200000.0,4828900000.0,731900000.0,3541400000.0,1083800000.0,,1253800000.0,1841800000.0,170155181.0,sec_company_facts,ok
SWKS,Skyworks Solutions Inc,4127,2020,3868000000.0,918400000.0,4839600000.0,717300000.0,4065700000.0,1616800000.0,,1319300000.0,1950700000.0,164900017.0,sec_company_facts,ok
SWKS,Skyworks Solutions Inc,4127,2021,3376800000.0,853600000.0,5106700000.0,942500000.0,4097000000.0,733300000.0,0.0,952000000.0,1603800000.0,166691622.0,sec_company_facts,ok
SWKS,Skyworks Solutions Inc,4127,2022,3355700000.0,814800000.0,8590700000.0,3293600000.0,4122300000.0,851300000.0,2235600000.0,891800000.0,1612900000.0,158974105.0,sec_company_facts,ok
SWKS,Skyworks Solutions Inc,4127,2023,5109100000.0,1498300000.0,8873800000.0,3404800000.0,4164200000.0,566700000.0,1689900000.0,1612700000.0,2512400000.0,160225891.0,sec_company_facts,ok
SWKS,Skyworks Solutions Inc,4127,2024,5485500000.0,1275200000.0,8426700000.0,2344000000.0,5297100000.0,718800000.0,992900000.0,1527000000.0,2604300000.0,160741022.0,sec_company_facts,ok
MRVL,Marvell Technology Inc,1058057,2017,3637206000.0,435346000.0,5442127000.0,1302004000.0,4675910000.0,965750000.0,,456376000.0,,502400000.0,sec_company_facts,ok
MRVL,Marvell Technology Inc,1058057,2018,2602497000.0,-811400000.0,4648650000.0,620999000.0,5146089000.0,1210977000.0,,-745410000.0,1196376000.0,496500000.0,sec_company_facts,ok
MRVL,Marvell Technology Inc,1058057,2019,2300992000.0,21151000.0,4708287000.0,566874000.0,4140123000.0,1278180000.0,1732699000.0,130407000.0,1283428000.0,659100000.0,sec_company_facts,ok
MRVL,Marvell Technology Inc,1058057,2020,2409170000.0,520831000.0,10016752000.0,2710342000.0,4027651000.0,582410000.0,1732699000.0,429695000.0,1461940000.0,663100000.0,sec_company_facts,ok
MRVL,Marvell Technology Inc,1058057,2021,2865791000.0,-179094000.0,11133235000.0,2454655000.0,4141413000.0,647604000.0,1439024000.0,43270000.0,1458392000.0,675700000.0,sec_company_facts,ok
NOW,ServiceNow Inc,1373715,2017,1005480000.0,-198426000.0,2033767000.0,1646806000.0,428675000.0,412305000.0,,-166365000.0,676067000.0,174700000.0,sec_company_facts,ok
NOW,ServiceNow Inc,1373715,2018,1390985000.0,-414249000.0,3550245000.0,2771501000.0,566814000.0,401238000.0,,-382168000.0,991990000.0,180500000.0,sec_company_facts,ok
NOW,ServiceNow Inc,1373715,2019,1918494000.0,-116846000.0,3879140000.0,2767941000.0,541093000.0,726495000.0,,-64396000.0,1418632000.0,189800000.0,sec_company_facts,ok
NOW,ServiceNow Inc,1373715,2020,2608816000.0,-26704000.0,6022430000.0,3894489000.0,778744000.0,566204000.0,,-42426000.0,1986158000.0,196100000.0,sec_company_facts,ok
NOW,ServiceNow Inc,1373715,2021,3460000000.0,626698000.0,8715000000.0,5881000000.0,1110000000.0,776000000.0,,42000000.0,2664000000.0,200000000.0,sec_company_facts,ok
NOW,ServiceNow Inc,1373715,2022,4519000000.0,119000000.0,10798000000.0,7103000000.0,2127000000.0,1677000000.0,,199000000.0,3532000000.0,203000000.0,sec_company_facts,ok
NOW,ServiceNow Inc,1373715,2023,5896000000.0,230000000.0,13299000000.0,8267000000.0,2834000000.0,1728000000.0,,257000000.0,4543000000.0,205000000.0,sec_company_facts,ok
NOW,ServiceNow Inc,1373715,2024,7245000000.0,325000000.0,17387000000.0,9759000000.0,3695000000.0,1470000000.0,,355000000.0,5672000000.0,206000000.0,sec_company_facts,ok
PANW,Palo Alto Networks Inc,1327567,2017,928100000.0,-131300000.0,2858200000.0,,894900000.0,653800000.0,500200000.0,-99800000.0,676600000.0,91842364.0,sec_company_facts,ok
PANW,Palo Alto Networks Inc,1327567,2018,1378500000.0,-192700000.0,3438300000.0,,759600000.0,375800000.0,524700000.0,-157300000.0,1008500000.0,93822985.0,sec_company_facts,ok
PANW,Palo Alto Networks Inc,1327567,2019,1755100000.0,-203000000.0,5948900000.0,,1160300000.0,744300000.0,1920100000.0,-165800000.0,1278700000.0,96990480.0,sec_company_facts,ok
PANW,Palo Alto Networks Inc,1327567,2020,2273600000.0,-122200000.0,6592200000.0,,1586300000.0,2506900000.0,1430000000.0,-104200000.0,1628500000.0,96373294.0,sec_company_facts,ok
PANW,Palo Alto Networks Inc,1327567,2021,2899600000.0,-81900000.0,9065400000.0,,1101800000.0,961400000.0,3084100000.0,-54100000.0,2091200000.0,97406113.0,sec_company_facts,ok
PANW,Palo Alto Networks Inc,1327567,2022,3408400000.0,-267000000.0,10241600000.0,9478000000.0,634500000.0,2958000000.0,3226000000.0,-179000000.0,2408900000.0,99737936.0,sec_company_facts,ok
PANW,Palo Alto Networks Inc,1327567,2023,4256100000.0,-498900000.0,12253600000.0,12043600000.0,210000000.0,1874200000.0,3676800000.0,-304100000.0,2981200000.0,308594604.0,sec_company_facts,ok
PANW,Palo Alto Networks Inc,1327567,2024,5501500000.0,-267000000.0,14501100000.0,12752700000.0,634500000.0,2118500000.0,,-188800000.0,3782800000.0,325600000.0,sec_company_facts,ok
FTNT,Fortinet Inc,1262039,2017,1009268000.0,7987000.0,2139941000.0,1302260000.0,675966000.0,283254000.0,,14877000.0,722491000.0,168024163.0,sec_company_facts,ok
FTNT,Fortinet Inc,1262039,2018,1275400000.0,32200000.0,2257900000.0,1668500000.0,755400000.0,543300000.0,,42900000.0,937600000.0,170633671.0,sec_company_facts,ok
FTNT,Fortinet Inc,1262039,2019,1494900000.0,31400000.0,3078000000.0,2067800000.0,837700000.0,709000000.0,,109800000.0,1109600000.0,172514722.0,sec_company_facts,ok
FTNT,Fortinet Inc,1262039,2020,1804600000.0,334900000.0,3879200000.0,2536800000.0,602000000.0,1222500000.0,,234400000.0,1354200000.0,163190919.0,sec_company_facts,ok
FTNT,Fortinet Inc,1262039,2021,2163000000.0,331700000.0,4044500000.0,3188500000.0,856000000.0,1061800000.0,0.0,351000000.0,1657100000.0,160815446.0,sec_company_facts,ok
FTNT,Fortinet Inc,1262039,2022,2594400000.0,488500000.0,5919100000.0,5120700000.0,781700000.0,1319100000.0,988400000.0,531800000.0,2024400000.0,784066289.0,sec_company_facts,ok
FTNT,Fortinet Inc,1262039,2023,3342200000.0,606800000.0,6228000000.0,6509600000.0,-281600000.0,1682900000.0,990400000.0,650400000.0,2559200000.0,763030948.0,sec_company_facts,ok
FTNT,Fortinet Inc,1262039,2024,4417400000.0,857300000.0,6228000000.0,7722300000.0,-463400000.0,1397900000.0,992300000.0,969600000.0,3332500000.0,768974062.0,sec_company_facts,ok
WDAY,Workday Inc,1327811,2017,787860000.0,-247982000.0,2730094000.0,1593937000.0,1187217000.0,581326000.0,,-215702000.0,,203000000.0,sec_company_facts,ok
WDAY,Workday Inc,1327811,2018,1156690000.0,-275048000.0,3268282000.0,1991674000.0,1201228000.0,300087000.0,,-249789000.0,,212000000.0,sec_company_facts,ok
WDAY,Workday Inc,1327811,2019,1574440000.0,-384699000.0,4947424000.0,3367059000.0,1226280000.0,539923000.0,,-353086000.0,,,sec_company_facts,ok
WDAY,Workday Inc,1327811,2020,2143050000.0,-321222000.0,5520746000.0,3562304000.0,1580365000.0,1134355000.0,,-303223000.0,,,sec_company_facts,ok
WDAY,Workday Inc,1327811,2021,2822180000.0,-418258000.0,6816365000.0,4329814000.0,1958442000.0,638554000.0,1262286000.0,-463284000.0,,,sec_company_facts,ok
WDAY,Workday Inc,1327811,2022,3627206000.0,-480674000.0,8718411000.0,5440577000.0,2486551000.0,731141000.0,1795014000.0,-502230000.0,,,sec_company_facts,ok
WDAY,Workday Inc,1327811,2023,4317996000.0,-282431000.0,10498505000.0,5963423000.0,3277834000.0,1384181000.0,1839797000.0,-248599000.0,,,sec_company_facts,ok
WDAY,Workday Inc,1327811,2024,5139000000.0,29000000.0,13486000000.0,7901000000.0,4535000000.0,1534000000.0,2976000000.0,-116000000.0,,,sec_company_facts,ok
CDNS,Cadence Design Systems Inc,813672,2017,1702091000.0,252417000.0,2096908000.0,,1333574000.0,932161000.0,,285430000.0,,282869000.0,sec_company_facts,ok
CDNS,Cadence Design Systems Inc,813672,2018,1816083000.0,203086000.0,2418714000.0,,1376115000.0,616686000.0,,244901000.0,,280385000.0,sec_company_facts,ok
CDNS,Cadence Design Systems Inc,813672,2019,1943032000.0,204101000.0,2468654000.0,,741770000.0,465232000.0,,323955000.0,,280168000.0,sec_company_facts,ok
CDNS,Cadence Design Systems Inc,813672,2020,2138022000.0,345777000.0,3357225000.0,,989202000.0,688087000.0,,396209000.0,,278974000.0,sec_company_facts,ok
CDNS,Cadence Design Systems Inc,813672,2021,2336319000.0,988979000.0,3950785000.0,,1288401000.0,533298000.0,,491796000.0,,277336000.0,sec_company_facts,ok
CDNS,Cadence Design Systems Inc,813672,2022,2682891000.0,590644000.0,4386299000.0,,2102894000.0,1088940000.0,,645552000.0,,272940000.0,sec_company_facts,ok
CDNS,Cadence Design Systems Inc,813672,2023,2988244000.0,695955000.0,5137071000.0,,2493018000.0,882325000.0,,779089000.0,,272239000.0,sec_company_facts,ok
CDNS,Cadence Design Systems Inc,813672,2024,3561718000.0,848952000.0,5669491000.0,,2740675000.0,1008152000.0,,1073686000.0,,274108000.0,sec_company_facts,ok
SNPS,Synopsys Inc,883241,2017,2242211000.0,225934000.0,5240365000.0,2045219000.0,3195146000.0,985762000.0,0.0,266466000.0,1723291000.0,148713662.0,sec_company_facts,ok
SNPS,Synopsys Inc,883241,2018,2422532000.0,266826000.0,5396414000.0,2116690000.0,3275620000.0,836188000.0,134063000.0,317395000.0,1879570000.0,149515012.0,sec_company_facts,ok
SNPS,Synopsys Inc,883241,2019,2724880000.0,136563000.0,6145974000.0,2660959000.0,3479152000.0,723115000.0,125535000.0,347563000.0,2070696000.0,150534877.0,sec_company_facts,ok
SNPS,Synopsys Inc,883241,2020,3121058000.0,432518000.0,6405160000.0,2316284000.0,4083013000.0,728597000.0,120093000.0,360225000.0,2385160000.0,153032497.0,sec_company_facts,ok
SNPS,Synopsys Inc,883241,2021,3360694000.0,532367000.0,8030062000.0,3117695000.0,4907404000.0,1235653000.0,100823000.0,520231000.0,2607748000.0,153438336.0,sec_company_facts,ok
SNPS,Synopsys Inc,883241,2022,3685281000.0,664347000.0,8752260000.0,3453317000.0,5295137000.0,1432840000.0,25094000.0,620141000.0,2890591000.0,152417194.0,sec_company_facts,ok
SNPS,Synopsys Inc,883241,2023,4204193000.0,757516000.0,9418087000.0,3858897000.0,5515725000.0,1417608000.0,20824000.0,734790000.0,3342416000.0,151986878.0,sec_company_facts,ok
SNPS,Synopsys Inc,883241,2024,4615714000.0,984594000.0,10333131000.0,4148830000.0,6147308000.0,1433966000.0,18078000.0,1148714000.0,3717701000.0,154578449.0,sec_company_facts,ok
CTSH,Cognizant Technology Solutions,1058290,2017,12416000000.0,1624000000.0,14262000000.0,3534000000.0,7740000000.0,2010000000.0,800000000.0,2142000000.0,,588051333.0,sec_company_facts,ok
CTSH,Cognizant Technology Solutions,1058290,2018,16125000000.0,1553000000.0,15221000000.0,4552000000.0,9278000000.0,2125000000.0,750000000.0,2289000000.0,,575099275.0,sec_company_facts,ok
CTSH,Cognizant Technology Solutions,1058290,2019,16125000000.0,1504000000.0,15846000000.0,4422000000.0,10728000000.0,2034000000.0,736000000.0,2481000000.0,,548637106.0,sec_company_facts,ok
CTSH,Cognizant Technology Solutions,1058290,2020,16125000000.0,2101000000.0,16204000000.0,5182000000.0,10669000000.0,2645000000.0,700000000.0,2801000000.0,,530614258.0,sec_company_facts,ok
CTSH,Cognizant Technology Solutions,1058290,2021,16783000000.0,1842000000.0,16923000000.0,6087000000.0,11424000000.0,2680000000.0,663000000.0,2453000000.0,,524534828.0,sec_company_facts,ok
CTSH,Cognizant Technology Solutions,1058290,2022,16652000000.0,1392000000.0,17852000000.0,5861000000.0,11022000000.0,2680000000.0,626000000.0,2114000000.0,,509294618.0,sec_company_facts,ok
CTSH,Cognizant Technology Solutions,1058290,2023,18507000000.0,2137000000.0,17852000000.0,5543000000.0,10836000000.0,2191000000.0,638000000.0,2826000000.0,,497842032.0,sec_company_facts,ok
CTSH,Cognizant Technology Solutions,1058290,2024,19428000000.0,2290000000.0,18483000000.0,5256000000.0,11991000000.0,2621000000.0,606000000.0,2968000000.0,,494615514.0,sec_company_facts,ok
OKTA,Okta Inc,1660134,2018,,-76302000.0,130635000.0,146286000.0,-117198000.0,54408000.0,,-75988000.0,49883000.0,,sec_company_facts,missing_revenue
OKTA,Okta Inc,1660134,2019,160806000.0,-75056000.0,399263000.0,199923000.0,-158271000.0,23282000.0,,-74670000.0,104857000.0,,sec_company_facts,ok
OKTA,Okta Inc,1660134,2020,256547000.0,-109849000.0,984313000.0,731936000.0,-212361000.0,127949000.0,,-111852000.0,175792000.0,,sec_company_facts,ok
OKTA,Okta Inc,1660134,2021,399254000.0,-125497000.0,1955395000.0,1550051000.0,199340000.0,298394000.0,,-119622000.0,285833000.0,,sec_company_facts,ok
OKTA,Okta Inc,1660134,2022,586067000.0,-208913000.0,3298797000.0,2604754000.0,252377000.0,520048000.0,,-185832000.0,426685000.0,,sec_company_facts,ok
OKTA,Okta Inc,1660134,2023,835000000.0,-266000000.0,9206000000.0,3284000000.0,405000000.0,435000000.0,,-204000000.0,617000000.0,,sec_company_facts,ok
OKTA,Okta Inc,1660134,2024,1300000000.0,-848000000.0,9307000000.0,3841000000.0,693000000.0,260000000.0,,-768000000.0,904000000.0,,sec_company_facts,ok
DDOG,Datadog Inc,1707753,2019,88177000.0,-51968000.0,183013000.0,135621000.0,-102902000.0,50941000.0,,-47172000.0,68332000.0,75354059.0,sec_company_facts,ok
DDOG,Datadog Inc,1707753,2020,159935000.0,-52727000.0,485738000.0,222726000.0,-128538000.0,298000000.0,,-47994000.0,119195000.0,85282748.0,sec_company_facts,ok
DDOG,Datadog Inc,1707753,2021,271653000.0,-102303000.0,803911000.0,390264000.0,-153529000.0,297081000.0,,-101356000.0,193643000.0,91502880.0,sec_company_facts,ok
DDOG,Datadog Inc,1707753,2022,427620000.0,-167174000.0,973172000.0,522341000.0,263012000.0,400814000.0,0.0,-171105000.0,304930000.0,94857635.0,sec_company_facts,ok
DDOG,Datadog Inc,1707753,2023,608489000.0,-129434000.0,1642931000.0,1227498000.0,413647000.0,860949000.0,566520000.0,-129478000.0,447435000.0,97390886.0,sec_company_facts,ok
DDOG,Datadog Inc,1707753,2024,862374000.0,-203848000.0,1743482000.0,1344585000.0,450831000.0,644167000.0,567543000.0,-173680000.0,630180000.0,101715185.0,sec_company_facts,ok
ZS,Zscaler Inc,1713683,2018,80325000.0,-27438000.0,182902000.0,133067000.0,-95332000.0,83842000.0,,-26843000.0,60198000.0,119773132.0,sec_company_facts,ok
ZS,Zscaler Inc,1713683,2019,125717000.0,-35460000.0,447781000.0,207545000.0,-124740000.0,87978000.0,,-35073000.0,98245000.0,127454926.0,sec_company_facts,ok
ZS,Zscaler Inc,1713683,2020,190174000.0,-33646000.0,604162000.0,295604000.0,-151142000.0,135579000.0,861615000.0,-34624000.0,152299000.0,132906329.0,sec_company_facts,ok
ZS,Zscaler Inc,1713683,2021,302836000.0,-28655000.0,1833458000.0,1348629000.0,240236000.0,141851000.0,861615000.0,-35313000.0,243167000.0,138735981.0,sec_company_facts,ok
ZS,Zscaler Inc,1713683,2022,431269000.0,-115116000.0,2257631000.0,1728736000.0,308558000.0,275898000.0,913538000.0,-113956000.0,335536000.0,143052488.0,sec_company_facts,ok
ZS,Zscaler Inc,1713683,2023,673100000.0,-262029000.0,2832665000.0,2259365000.0,484829000.0,1013210000.0,968674000.0,-207812000.0,522783000.0,147168773.0,sec_company_facts,ok
ZS,Zscaler Inc,1713683,2024,1090946000.0,-390278000.0,3608317000.0,2883205000.0,528895000.0,1262206000.0,1134159000.0,-327429000.0,848664000.0,152490005.0,sec_company_facts,ok
MPWR,Monolithic Power Systems Inc,1280452,2017,333067000.0,35172000.0,511126000.0,80010000.0,346425000.0,126266000.0,,41070000.0,180169000.0,42132242.0,sec_company_facts,ok
MPWR,Monolithic Power Systems Inc,1280452,2018,388665000.0,52720000.0,652569000.0,130562000.0,368516000.0,82759000.0,,54447000.0,210873000.0,42916000.0,sec_company_facts,ok
MPWR,Monolithic Power Systems Inc,1280452,2019,470929000.0,65203000.0,793432000.0,153339000.0,431116000.0,172704000.0,,77424000.0,258283000.0,44602000.0,sec_company_facts,ok
MPWR,Monolithic Power Systems Inc,1280452,2020,582382000.0,105268000.0,956375000.0,182884000.0,522007000.0,172960000.0,,113488000.0,322668000.0,45621000.0,sec_company_facts,ok
MPWR,Monolithic Power Systems Inc,1280452,2021,627921000.0,108839000.0,1208491000.0,241904000.0,640093000.0,334944000.0,,102562000.0,346325000.0,46509000.0,sec_company_facts,ok
MPWR,Monolithic Power Systems Inc,1280452,2022,844452000.0,164375000.0,1585825000.0,341840000.0,773491000.0,189265000.0,,158882000.0,465954000.0,47305000.0,sec_company_facts,ok
MPWR,Monolithic Power Systems Inc,1280452,2023,1207798000.0,242023000.0,2058885000.0,390283000.0,966587000.0,288607000.0,,262417000.0,685459000.0,48661000.0,sec_company_facts,ok
MPWR,Monolithic Power Systems Inc,1280452,2024,1794148000.0,437672000.0,2434353000.0,384414000.0,1243985000.0,527843000.0,,526785000.0,1048552000.0,47866000.0,sec_company_facts,ok
T,AT&T Inc,732717,2017,146801000000.0,13345000000.0,403821000000.0,,403821000000.0,8603000000.0,113681000000.0,20362000000.0,,6142000000.0,sec_company_facts,ok
T,AT&T Inc,732717,2018,163786000000.0,12976000000.0,444097000000.0,,444097000000.0,5121000000.0,125972000000.0,23543000000.0,,7285000000.0,sec_company_facts,ok
T,AT&T Inc,732717,2019,38038000000.0,4662000000.0,531864000000.0,,531864000000.0,5788000000.0,166250000000.0,6201000000.0,,7172884070.0,sec_company_facts,ok
T,AT&T Inc,732717,2020,170756000000.0,19370000000.0,551669000000.0,,551669000000.0,50498000000.0,161109000000.0,26096000000.0,,7131763496.0,sec_company_facts,ok
T,AT&T Inc,732717,2021,181193000000.0,13903000000.0,525761000000.0,,525761000000.0,5204000000.0,155209000000.0,27955000000.0,,7142892741.0,sec_company_facts,ok
T,AT&T Inc,732717,2022,143050000000.0,-5176000000.0,551622000000.0,,551622000000.0,9702000000.0,167476000000.0,8372000000.0,,7129870323.0,sec_company_facts,ok
T,AT&T Inc,732717,2023,134038000000.0,20081000000.0,402853000000.0,,402853000000.0,7924000000.0,133207000000.0,25897000000.0,,7152792253.0,sec_company_facts,ok
T,AT&T Inc,732717,2024,120741000000.0,-8524000000.0,407060000000.0,,407060000000.0,19223000000.0,133402000000.0,-4587000000.0,,7178183000.0,sec_company_facts,ok
VZ,Verizon Communications Inc,732712,2017,131620000000.0,17879000000.0,244180000000.0,,244180000000.0,10598000000.0,105433000000.0,33060000000.0,,4079486153.0,sec_company_facts,ok
VZ,Verizon Communications Inc,732712,2018,125980000000.0,13127000000.0,257143000000.0,,257143000000.0,2079000000.0,113642000000.0,29249000000.0,,4132045883.0,sec_company_facts,ok
VZ,Verizon Communications Inc,732712,2019,126034000000.0,30101000000.0,264829000000.0,,264829000000.0,2745000000.0,105873000000.0,27425000000.0,,4135863778.0,sec_company_facts,ok
VZ,Verizon Communications Inc,732712,2020,130863000000.0,15528000000.0,291727000000.0,,291727000000.0,2594000000.0,100712000000.0,22278000000.0,,4138148588.0,sec_company_facts,ok
VZ,Verizon Communications Inc,732712,2021,131868000000.0,19265000000.0,316481000000.0,,316481000000.0,22171000000.0,123173000000.0,30378000000.0,,4197823662.0,sec_company_facts,ok
VZ,Verizon Communications Inc,732712,2022,128292000000.0,17801000000.0,366596000000.0,,366596000000.0,2921000000.0,143425000000.0,28798000000.0,,4199882937.0,sec_company_facts,ok
VZ,Verizon Communications Inc,732712,2023,133613000000.0,22065000000.0,379680000000.0,,379680000000.0,2605000000.0,140676000000.0,32448000000.0,,4204272443.0,sec_company_facts,ok
VZ,Verizon Communications Inc,732712,2024,136835000000.0,21256000000.0,380255000000.0,,380255000000.0,2065000000.0,137701000000.0,30467000000.0,,4209703958.0,sec_company_facts,ok
CMCSA,Comcast Corp,1166691,2017,74510000000.0,8163000000.0,180500000000.0,,53943000000.0,3910000000.0,55566000000.0,15998000000.0,,,sec_company_facts,ok
CMCSA,Comcast Corp,1166691,2018,80736000000.0,8678000000.0,187462000000.0,,68616000000.0,3428000000.0,59422000000.0,16831000000.0,,,sec_company_facts,ok
CMCSA,Comcast Corp,1166691,2019,85029000000.0,22735000000.0,251684000000.0,,71613000000.0,3814000000.0,107345000000.0,18018000000.0,,,sec_company_facts,ok
CMCSA,Comcast Corp,1166691,2020,94507000000.0,11731000000.0,263414000000.0,,82726000000.0,5500000000.0,97765000000.0,19009000000.0,,,sec_company_facts,ok
CMCSA,Comcast Corp,1166691,2021,108942000000.0,13057000000.0,273869000000.0,,90323000000.0,11740000000.0,100614000000.0,21125000000.0,,,sec_company_facts,ok
CMCSA,Comcast Corp,1166691,2022,103564000000.0,10534000000.0,275905000000.0,,96092000000.0,8711000000.0,92718000000.0,17493000000.0,,,sec_company_facts,ok
CMCSA,Comcast Corp,1166691,2023,116385000000.0,14159000000.0,257275000000.0,,80943000000.0,4749000000.0,93068000000.0,20817000000.0,,,sec_company_facts,ok
CMCSA,Comcast Corp,1166691,2024,121427000000.0,5370000000.0,264811000000.0,,82703000000.0,6215000000.0,95021000000.0,14041000000.0,,,sec_company_facts,ok
DIS,Walt Disney Co,1001039,2017,52465000000.0,8382000000.0,92033000000.0,,43265000000.0,4269000000.0,20170000000.0,14681000000.0,,1510312194.0,sec_company_facts,ok
DIS,Walt Disney Co,1001039,2018,55632000000.0,9391000000.0,95789000000.0,,41315000000.0,4610000000.0,25291000000.0,15721000000.0,,1488670964.0,sec_company_facts,ok
TMUS,T-Mobile US Inc,1283699,2017,32467000000.0,733000000.0,65891000000.0,,15663000000.0,5315000000.0,21832000000.0,2479000000.0,,854428593.0,sec_company_facts,ok
TMUS,T-Mobile US Inc,1283699,2018,37490000000.0,1460000000.0,70563000000.0,,16557000000.0,4582000000.0,12121000000.0,4050000000.0,,850221464.0,sec_company_facts,ok
TMUS,T-Mobile US Inc,1283699,2019,40604000000.0,4536000000.0,72468000000.0,,18236000000.0,1203000000.0,12124000000.0,4888000000.0,,856932845.0,sec_company_facts,ok
TMUS,T-Mobile US Inc,1283699,2020,43310000000.0,2888000000.0,86921000000.0,,22559000000.0,1528000000.0,24969000000.0,5309000000.0,,1242804085.0,sec_company_facts,ok
TMUS,T-Mobile US Inc,1283699,2021,44998000000.0,3468000000.0,200162000000.0,,24718000000.0,10385000000.0,71125000000.0,5722000000.0,,1249289954.0,sec_company_facts,ok
TMUS,T-Mobile US Inc,1283699,2022,68397000000.0,3064000000.0,206563000000.0,,28789000000.0,6631000000.0,74193000000.0,6636000000.0,,1219383110.0,sec_company_facts,ok
TMUS,T-Mobile US Inc,1283699,2023,80118000000.0,3024000000.0,211338000000.0,,65344000000.0,4507000000.0,71960000000.0,6892000000.0,,1186867575.0,sec_company_facts,ok
TMUS,T-Mobile US Inc,1283699,2024,79571000000.0,2590000000.0,207682000000.0,,69102000000.0,5135000000.0,75018000000.0,6543000000.0,,1141744952.0,sec_company_facts,ok
CHTR,Charter Communications Inc,1091667,2017,9754000000.0,-271000000.0,149067000000.0,,40139000000.0,3000000.0,61747000000.0,1114000000.0,,,sec_company_facts,ok
CHTR,Charter Communications Inc,1091667,2018,29003000000.0,3522000000.0,146623000000.0,,39084000000.0,621000000.0,70231000000.0,2456000000.0,,,sec_company_facts,ok
CHTR,Charter Communications Inc,1091667,2019,41581000000.0,9895000000.0,146130000000.0,,36285000000.0,551000000.0,72827000000.0,4106000000.0,,,sec_company_facts,ok
CHTR,Charter Communications Inc,1091667,2020,43634000000.0,1230000000.0,148188000000.0,,31445000000.0,3483000000.0,79078000000.0,5221000000.0,,,sec_company_facts,ok
CHTR,Charter Communications Inc,1091667,2021,45764000000.0,1668000000.0,144206000000.0,,23805000000.0,1001000000.0,82752000000.0,6511000000.0,,,sec_company_facts,ok
CHTR,Charter Communications Inc,1091667,2022,48097000000.0,3222000000.0,142491000000.0,,14050000000.0,601000000.0,91561000000.0,8405000000.0,,,sec_company_facts,ok
CHTR,Charter Communications Inc,1091667,2023,51682000000.0,4654000000.0,144523000000.0,,9119000000.0,645000000.0,97603000000.0,10526000000.0,,,sec_company_facts,ok
CHTR,Charter Communications Inc,1091667,2024,54022000000.0,5055000000.0,147193000000.0,,11086000000.0,709000000.0,97777000000.0,11962000000.0,,,sec_company_facts,ok
JPM,JPMorgan Chase & Co,19617,2017,93543000000.0,24442000000.0,2351698000000.0,2236782000000.0,247573000000.0,-7341000000.0,,,,3431958491.0,sec_company_facts,ok
JPM,JPMorgan Chase & Co,19617,2018,96569000000.0,24733000000.0,2490972000000.0,2277907000000.0,254190000000.0,361683000000.0,,,,3274241726.0,sec_company_facts,ok
JPM,JPMorgan Chase & Co,19617,2019,100705000000.0,24441000000.0,2533600000000.0,2366017000000.0,255693000000.0,,,,,3073976616.0,sec_company_facts,ok
JPM,JPMorgan Chase & Co,19617,2020,108783000000.0,32474000000.0,2622532000000.0,2426049000000.0,256515000000.0,,,,,3051506436.0,sec_company_facts,ok
JPM,JPMorgan Chase & Co,19617,2021,115720000000.0,36431000000.0,2686477000000.0,3105403000000.0,261330000000.0,,,,,2952808970.0,sec_company_facts,ok
JPM,JPMorgan Chase & Co,19617,2022,119951000000.0,29131000000.0,3384757000000.0,3449440000000.0,279354000000.0,,,,,2943355459.0,sec_company_facts,ok
JPM,JPMorgan Chase & Co,19617,2023,121649000000.0,48334000000.0,3743567000000.0,3373411000000.0,294127000000.0,,,,,2880371498.0,sec_company_facts,ok
JPM,JPMorgan Chase & Co,19617,2024,128695000000.0,37676000000.0,3665743000000.0,3547515000000.0,292332000000.0,,,,,2796106099.0,sec_company_facts,ok
BAC,Bank of America Corp,70858,2017,82965000000.0,15910000000.0,2188067000000.0,1921872000000.0,243476000000.0,138589000000.0,216823000000.0,,,10243688896.0,sec_company_facts,ok
BAC,Bank of America Corp,70858,2018,83701000000.0,17822000000.0,2281234000000.0,2014088000000.0,255615000000.0,159353000000.0,227402000000.0,,,9658759764.0,sec_company_facts,ok
BAC,Bank of America Corp,70858,2019,87126000000.0,18232000000.0,2354507000000.0,2089182000000.0,266195000000.0,177404000000.0,229392000000.0,,,8728530308.0,sec_company_facts,ok
BAC,Bank of America Corp,70858,2020,91020000000.0,28147000000.0,2434079000000.0,2169269000000.0,267146000000.0,,240856000000.0,,,8633185862.0,sec_company_facts,ok
BAC,Bank of America Corp,70858,2021,91244000000.0,27430000000.0,2819627000000.0,2546703000000.0,265325000000.0,,262934000000.0,,,8069801301.0,sec_company_facts,ok
BAC,Bank of America Corp,70858,2022,85528000000.0,17894000000.0,3169495000000.0,2899429000000.0,264810000000.0,,280117000000.0,,,8003839222.0,sec_company_facts,ok
BAC,Bank of America Corp,70858,2023,89113000000.0,31978000000.0,3051375000000.0,2778178000000.0,272924000000.0,,275982000000.0,,,7872657542.0,sec_company_facts,ok
BAC,Bank of America Corp,70858,2024,94950000000.0,27528000000.0,3180151000000.0,2888505000000.0,270066000000.0,,302204000000.0,,,7604677274.0,sec_company_facts,ok
V,Visa Inc,1403161,2017,13880000000.0,6328000000.0,64035000000.0,31123000000.0,64035000000.0,1971000000.0,15882000000.0,9064000000.0,,,sec_company_facts,ok
V,Visa Inc,1403161,2018,15082000000.0,5991000000.0,67977000000.0,35217000000.0,67977000000.0,3518000000.0,16618000000.0,7883000000.0,,,sec_company_facts,ok
V,Visa Inc,1403161,2019,18358000000.0,6699000000.0,69225000000.0,35219000000.0,69225000000.0,9874000000.0,16630000000.0,12144000000.0,,,sec_company_facts,ok
V,Visa Inc,1403161,2020,20609000000.0,10301000000.0,72574000000.0,37890000000.0,72574000000.0,8162000000.0,16729000000.0,12954000000.0,,,sec_company_facts,ok
V,Visa Inc,1403161,2021,22977000000.0,12080000000.0,80919000000.0,44709000000.0,80919000000.0,16289000000.0,24070000000.0,15001000000.0,,,sec_company_facts,ok
V,Visa Inc,1403161,2022,21846000000.0,10866000000.0,82896000000.0,45307000000.0,82896000000.0,16487000000.0,19978000000.0,14081000000.0,,,sec_company_facts,ok
V,Visa Inc,1403161,2023,24105000000.0,12311000000.0,85501000000.0,49920000000.0,85501000000.0,15689000000.0,20200000000.0,15804000000.0,,,sec_company_facts,ok
V,Visa Inc,1403161,2024,29310000000.0,14957000000.0,90499000000.0,51766000000.0,90499000000.0,16286000000.0,20463000000.0,18813000000.0,,,sec_company_facts,ok
MA,Mastercard Inc,1141391,2017,9667000000.0,,18675000000.0,12991000000.0,5656000000.0,5137000000.0,5180000000.0,5078000000.0,,,sec_company_facts,ok
MA,Mastercard Inc,1141391,2018,21831000000.0,,21329000000.0,15761000000.0,5468000000.0,5747000000.0,5424000000.0,5761000000.0,,,sec_company_facts,ok
MA,Mastercard Inc,1141391,2019,21831000000.0,,24860000000.0,19371000000.0,5395000000.0,6721000000.0,5834000000.0,6622000000.0,,,sec_company_facts,ok
MA,Mastercard Inc,1141391,2020,21831000000.0,,29236000000.0,23245000000.0,5893000000.0,6988000000.0,8527000000.0,7282000000.0,,,sec_company_facts,ok
MA,Mastercard Inc,1141391,2021,24980000000.0,,33584000000.0,27067000000.0,6391000000.0,10113000000.0,12023000000.0,9664000000.0,,,sec_company_facts,ok
MA,Mastercard Inc,1141391,2022,15301000000.0,,37669000000.0,30257000000.0,7312000000.0,7421000000.0,13109000000.0,8081000000.0,,,sec_company_facts,ok
MA,Mastercard Inc,1141391,2023,18884000000.0,,38724000000.0,32347000000.0,6298000000.0,7008000000.0,13749000000.0,10082000000.0,,,sec_company_facts,ok
MA,Mastercard Inc,1141391,2024,22237000000.0,,42448000000.0,35451000000.0,6929000000.0,8588000000.0,14344000000.0,12264000000.0,,,sec_company_facts,ok
AXP,American Express Co,4962,2017,,5163000000.0,161000000000.0,138392000000.0,20673000000.0,474000000.0,46990000000.0,,,860278838.0,sec_company_facts,missing_revenue
AXP,American Express Co,4962,2018,24235000000.0,5375000000.0,159000000000.0,162935000000.0,20673000000.0,2255000000.0,55804000000.0,,,843368671.0,sec_company_facts,ok
AXP,American Express Co,4962,2019,24780000000.0,2748000000.0,181000000000.0,166312000000.0,20523000000.0,,58423000000.0,,,808040664.0,sec_company_facts,ok
AXP,American Express Co,4962,2020,26607000000.0,6921000000.0,189000000000.0,175250000000.0,18261000000.0,,57835000000.0,,,805588980.0,sec_company_facts,ok
AXP,American Express Co,4962,2021,28159000000.0,6759000000.0,198000000000.0,168383000000.0,22290000000.0,,42952000000.0,,,759354994.0,sec_company_facts,ok
AXP,American Express Co,4962,2022,21974000000.0,3135000000.0,191000000000.0,166371000000.0,23071000000.0,,38675000000.0,,,744192702.0,sec_company_facts,ok
AXP,American Express Co,4962,2023,27716000000.0,8060000000.0,189000000000.0,203643000000.0,22984000000.0,,42573000000.0,,,723869787.0,sec_company_facts,ok
AXP,American Express Co,4962,2024,34219000000.0,7514000000.0,228354000000.0,233051000000.0,22177000000.0,,47866000000.0,,,702532111.0,sec_company_facts,ok
BLK,BlackRock Inc,1364742,2017,,3345000000.0,220177000000.0,190833000000.0,29098000000.0,5723000000.0,4915000000.0,4664000000.0,,160718719.0,sec_company_facts,missing_revenue
BLK,BlackRock Inc,1364742,2018,12261000000.0,3168000000.0,220241000000.0,187977000000.0,31798000000.0,6894000000.0,5014000000.0,4565000000.0,,158031934.0,sec_company_facts,ok
BLK,BlackRock Inc,1364742,2019,13600000000.0,4952000000.0,159573000000.0,126033000000.0,32374000000.0,6488000000.0,4979000000.0,5254000000.0,,154827534.0,sec_company_facts,ok
BLK,BlackRock Inc,1364742,2020,14198000000.0,4305000000.0,168622000000.0,133693000000.0,33547000000.0,4829000000.0,4955000000.0,5457000000.0,,152633854.0,sec_company_facts,ok
BLK,BlackRock Inc,1364742,2021,14539000000.0,4476000000.0,176982000000.0,139326000000.0,35283000000.0,8664000000.0,7264000000.0,5551000000.0,,152042401.0,sec_company_facts,ok
BLK,BlackRock Inc,1364742,2022,16205000000.0,4932000000.0,152648000000.0,113755000000.0,37693000000.0,9323000000.0,7446000000.0,5695000000.0,,150236373.0,sec_company_facts,ok
BLK,BlackRock Inc,1364742,2023,19374000000.0,5901000000.0,117628000000.0,78843000000.0,37744000000.0,7416000000.0,6654000000.0,7450000000.0,,148942491.0,sec_company_facts,ok
C,Citigroup Inc,831001,2017,76354000000.0,17242000000.0,1792077000000.0,1565934000000.0,225120000000.0,-11208000000.0,206178000000.0,,,2570065748.0,sec_company_facts,ok
C,Citigroup Inc,831001,2018,70797000000.0,14912000000.0,1842465000000.0,1640793000000.0,200740000000.0,133097000000.0,236709000000.0,,,2351523709.0,sec_company_facts,ok
C,Citigroup Inc,831001,2019,72444000000.0,-6798000000.0,1917383000000.0,1720309000000.0,196220000000.0,,231999000000.0,,,2106486793.0,sec_company_facts,ok
C,Citigroup Inc,831001,2020,72854000000.0,18045000000.0,1951158000000.0,1757212000000.0,193242000000.0,,248760000000.0,,,2087317952.0,sec_company_facts,ok
C,Citigroup Inc,831001,2021,75067000000.0,19401000000.0,2260090000000.0,2059890000000.0,199442000000.0,,271686000000.0,,,1980894613.0,sec_company_facts,ok
C,Citigroup Inc,831001,2022,75501000000.0,11047000000.0,2260000000000.0,2088741000000.0,201972000000.0,,254374000000.0,,,1943712436.0,sec_company_facts,ok
C,Citigroup Inc,831001,2023,71884000000.0,21952000000.0,2291000000000.0,2214838000000.0,201189000000.0,,271606000000.0,,,1911366783.0,sec_company_facts,ok
C,Citigroup Inc,831001,2024,75338000000.0,14845000000.0,2417000000000.0,2205583000000.0,205453000000.0,,286619000000.0,,,1884479551.0,sec_company_facts,ok
WFC,Wells Fargo & Co,72971,2017,88389000000.0,22894000000.0,1930115000000.0,1729618000000.0,199581000000.0,-460000000.0,255077000000.0,,,4877753899.0,sec_company_facts,ok
WFC,Wells Fargo & Co,72971,2018,88267000000.0,21938000000.0,1951757000000.0,1743678000000.0,206936000000.0,,225020000000.0,,,4549421815.0,sec_company_facts,ok
WFC,Wells Fargo & Co,72971,2019,88389000000.0,22183000000.0,1895883000000.0,1698817000000.0,196166000000.0,,229044000000.0,,,4099887226.0,sec_company_facts,ok
WFC,Wells Fargo & Co,72971,2020,,22393000000.0,1927555000000.0,1739571000000.0,187146000000.0,,228191000000.0,,,4134106677.0,sec_company_facts,missing_revenue
WFC,Wells Fargo & Co,72971,2021,,19715000000.0,1952911000000.0,1767199000000.0,184680000000.0,,212950000000.0,,,3814556833.0,sec_company_facts,missing_revenue
WFC,Wells Fargo & Co,72971,2022,,3377000000.0,1948068000000.0,1757958000000.0,187606000000.0,,160689000000.0,,,3793867540.0,sec_company_facts,missing_revenue
WFC,Wells Fargo & Co,72971,2023,,22109000000.0,1881020000000.0,1698807000000.0,180227000000.0,,174870000000.0,,,3577443489.0,sec_company_facts,missing_revenue
WFC,Wells Fargo & Co,72971,2024,,13677000000.0,1932468000000.0,1745025000000.0,185735000000.0,,207588000000.0,,,3288186582.0,sec_company_facts,missing_revenue
COF,Capital One Financial Corp,927628,2017,23413000000.0,4050000000.0,357033000000.0,309519000000.0,45053000000.0,,59468000000.0,,,486287085.0,sec_company_facts,ok
COF,Capital One Financial Corp,927628,2018,3431000000.0,3751000000.0,365693000000.0,316963000000.0,47284000000.0,,59705000000.0,,,467880673.0,sec_company_facts,ok
COF,Capital One Financial Corp,927628,2019,3431000000.0,1982000000.0,372538000000.0,320870000000.0,47514000000.0,,49503000000.0,,,457122734.0,sec_company_facts,ok
COF,Capital One Financial Corp,927628,2020,3431000000.0,6015000000.0,390365000000.0,332354000000.0,48730000000.0,,48383000000.0,,,459236740.0,sec_company_facts,ok
COF,Capital One Financial Corp,927628,2021,3820000000.0,5546000000.0,421602000000.0,361398000000.0,51668000000.0,,39871000000.0,,,413661098.0,sec_company_facts,ok
COF,Capital One Financial Corp,927628,2022,3737000000.0,2714000000.0,432381000000.0,371352000000.0,58011000000.0,,42266000000.0,,,381079743.0,sec_company_facts,ok
COF,Capital One Financial Corp,927628,2023,4780000000.0,12390000000.0,455249000000.0,402667000000.0,60204000000.0,,47832000000.0,,,380212220.0,sec_company_facts,ok
COF,Capital One Financial Corp,927628,2024,5417000000.0,7360000000.0,478464000000.0,420375000000.0,61029000000.0,,49318000000.0,,,381327698.0,sec_company_facts,ok
ICE,Intercontinental Exchange Inc,1571949,2017,3338000000.0,1274000000.0,82003000000.0,66213000000.0,15717000000.0,1278000000.0,6100000000.0,1750000000.0,,582294307.0,sec_company_facts,ok
ICE,Intercontinental Exchange Inc,1571949,2018,5971000000.0,1430000000.0,78264000000.0,61279000000.0,16957000000.0,,7441000000.0,2172000000.0,,568498076.0,sec_company_facts,ok
ICE,Intercontinental Exchange Inc,1571949,2019,5843000000.0,2526000000.0,92791000000.0,75489000000.0,17201000000.0,,7819000000.0,2379000000.0,,553450116.0,sec_company_facts,ok
ICE,Intercontinental Exchange Inc,1571949,2020,6276000000.0,1988000000.0,94493000000.0,77129000000.0,17255000000.0,,16537000000.0,2583000000.0,,561706616.0,sec_company_facts,ok
ICE,Intercontinental Exchange Inc,1571949,2021,6547000000.0,1933000000.0,126200000000.0,106573000000.0,19498000000.0,,13918000000.0,2673000000.0,,561852310.0,sec_company_facts,ok
ICE,Intercontinental Exchange Inc,1571949,2022,8244000000.0,2089000000.0,193502000000.0,170754000000.0,22709000000.0,,18122000000.0,3033000000.0,,558851248.0,sec_company_facts,ok
ICE,Intercontinental Exchange Inc,1571949,2023,9168000000.0,4058000000.0,194338000000.0,171577000000.0,22706000000.0,1799000000.0,18118000000.0,3449000000.0,,572616425.0,sec_company_facts,ok
ICE,Intercontinental Exchange Inc,1571949,2024,9636000000.0,1446000000.0,136084000000.0,110298000000.0,25717000000.0,1799000000.0,20659000000.0,3638000000.0,,574564858.0,sec_company_facts,ok
CME,CME Group Inc,1156375,2017,3326800000.0,367800000.0,69369400000.0,49028700000.0,20923500000.0,1366100000.0,,1988700000.0,,,sec_company_facts,ok
CME,CME Group Inc,1156375,2018,3595200000.0,1534100000.0,75791200000.0,53379400000.0,20551800000.0,1868600000.0,,2200500000.0,,,sec_company_facts,ok
CME,CME Group Inc,1156375,2019,3644700000.0,4063400000.0,77475700000.0,51510400000.0,20340700000.0,1903600000.0,,2310600000.0,,,sec_company_facts,ok
CME,CME Group Inc,1156375,2020,4309400000.0,1962200000.0,75215300000.0,49056000000.0,26128900000.0,1374500000.0,,2607600000.0,,,sec_company_facts,ok
CME,CME Group Inc,1156375,2021,4868000000.0,2116500000.0,124659600000.0,98308100000.0,26319900000.0,1551400000.0,,2587800000.0,,,sec_company_facts,ok
CME,CME Group Inc,1156375,2022,4883600000.0,2105200000.0,196780300000.0,169381000000.0,27399300000.0,1633200000.0,,2637400000.0,,,sec_company_facts,ok
CME,CME Group Inc,1156375,2023,4689700000.0,2636400000.0,174175700000.0,147297000000.0,26878700000.0,2834900000.0,,2645200000.0,,,sec_company_facts,ok
CME,CME Group Inc,1156375,2024,5019400000.0,3226200000.0,129706100000.0,102968200000.0,26737900000.0,2720100000.0,,3015900000.0,,,sec_company_facts,ok
CB,Chubb Ltd,896159,2017,18987000000.0,2834000000.0,159786000000.0,111511000000.0,29135000000.0,655000000.0,12610000000.0,,,464091254.0,sec_company_facts,ok
CB,Chubb Ltd,896159,2018,31469000000.0,4135000000.0,167022000000.0,115850000000.0,48275000000.0,985000000.0,11556000000.0,,,458380937.0,sec_company_facts,ok
CB,Chubb Ltd,896159,2019,32243000000.0,3861000000.0,167771000000.0,117459000000.0,51172000000.0,728000000.0,12087000000.0,,,451907796.0,sec_company_facts,ok
CB,Chubb Ltd,896159,2020,32717000000.0,3962000000.0,176943000000.0,121612000000.0,50312000000.0,1247000000.0,13559000000.0,,,450224906.0,sec_company_facts,ok
CB,Chubb Ltd,896159,2021,34186000000.0,4454000000.0,190774000000.0,131333000000.0,55331000000.0,1537000000.0,14948000000.0,,,426229254.0,sec_company_facts,ok
CB,Chubb Ltd,896159,2022,35994000000.0,3533000000.0,200054000000.0,140340000000.0,59441000000.0,1747000000.0,15169000000.0,,,413506316.0,sec_company_facts,ok
CB,Chubb Ltd,896159,2023,40869000000.0,8525000000.0,199017000000.0,148498000000.0,58328000000.0,,14402000000.0,,,405758796.0,sec_company_facts,ok
CB,Chubb Ltd,896159,2024,43097000000.0,5246000000.0,230682000000.0,166991000000.0,50519000000.0,,13035000000.0,,,400412084.0,sec_company_facts,ok
JNJ,Johnson & Johnson,200406,2017,70074000000.0,15409000000.0,141208000000.0,70790000000.0,141208000000.0,14523000000.0,22442000000.0,,48538000000.0,2682901553.0,sec_company_facts,ok
JNJ,Johnson & Johnson,200406,2018,71890000000.0,16540000000.0,157303000000.0,97143000000.0,157303000000.0,13732000000.0,30675000000.0,,50101000000.0,2663138579.0,sec_company_facts,ok
JNJ,Johnson & Johnson,200406,2019,76450000000.0,1300000000.0,152954000000.0,93202000000.0,152954000000.0,18107000000.0,27684000000.0,,51011000000.0,2634721257.0,sec_company_facts,ok
JNJ,Johnson & Johnson,200406,2020,81581000000.0,15297000000.0,157728000000.0,98257000000.0,157728000000.0,17305000000.0,26494000000.0,,54490000000.0,2628679824.0,sec_company_facts,ok
JNJ,Johnson & Johnson,200406,2021,82059000000.0,15119000000.0,174894000000.0,111616000000.0,174894000000.0,13985000000.0,34434000000.0,,54503000000.0,2629268158.0,sec_company_facts,ok
JNJ,Johnson & Johnson,200406,2022,82584000000.0,14714000000.0,182018000000.0,107995000000.0,182018000000.0,14487000000.0,32116000000.0,,54157000000.0,2604286303.0,sec_company_facts,ok
JNJ,Johnson & Johnson,200406,2023,78740000000.0,20878000000.0,187378000000.0,110574000000.0,187378000000.0,12889000000.0,28437000000.0,,55338000000.0,2408767228.0,sec_company_facts,ok
JNJ,Johnson & Johnson,200406,2024,79990000000.0,17941000000.0,167558000000.0,98784000000.0,167558000000.0,21859000000.0,27350000000.0,,55394000000.0,2407616693.0,sec_company_facts,ok
UNH,UnitedHealth Group Inc,731766,2017,157107000000.0,5813000000.0,111254000000.0,82621000000.0,122810000000.0,7495000000.0,25777000000.0,11021000000.0,,967662919.0,sec_company_facts,ok
UNH,UnitedHealth Group Inc,731766,2018,184840000000.0,7017000000.0,122810000000.0,87036000000.0,139058000000.0,10923000000.0,28835000000.0,12930000000.0,,959538515.0,sec_company_facts,ok
UNH,UnitedHealth Group Inc,731766,2019,201159000000.0,10558000000.0,139058000000.0,95994000000.0,152221000000.0,10430000000.0,34581000000.0,15209000000.0,,948573372.0,sec_company_facts,ok
UNH,UnitedHealth Group Inc,731766,2020,226247000000.0,11986000000.0,152221000000.0,111727000000.0,173889000000.0,11981000000.0,36808000000.0,17344000000.0,,945319404.0,sec_company_facts,ok
UNH,UnitedHealth Group Inc,731766,2021,242155000000.0,13839000000.0,173889000000.0,126750000000.0,197289000000.0,10866000000.0,38648000000.0,19685000000.0,,940899146.0,sec_company_facts,ok
UNH,UnitedHealth Group Inc,731766,2022,257141000000.0,15403000000.0,197289000000.0,135727000000.0,212206000000.0,21375000000.0,42383000000.0,22405000000.0,,932846602.0,sec_company_facts,ok
UNH,UnitedHealth Group Inc,731766,2023,287597000000.0,17285000000.0,212206000000.0,159358000000.0,245705000000.0,23365000000.0,54513000000.0,23970000000.0,,921934109.0,sec_company_facts,ok
UNH,UnitedHealth Group Inc,731766,2024,324162000000.0,20120000000.0,245705000000.0,174801000000.0,273720000000.0,25427000000.0,58263000000.0,28435000000.0,,914712333.0,sec_company_facts,ok
ABBV,AbbVie Inc,1551152,2017,22859000000.0,5144000000.0,66099000000.0,,1742000000.0,8348000000.0,36440000000.0,7537000000.0,4589000000.0,1587972655.0,sec_company_facts,ok
ABBV,AbbVie Inc,1551152,2018,25638000000.0,5953000000.0,70786000000.0,,3945000000.0,8399000000.0,30953000000.0,9340000000.0,4922000000.0,1475083514.0,sec_company_facts,ok
ABBV,AbbVie Inc,1551152,2019,28216000000.0,5309000000.0,59352000000.0,,4636000000.0,5100000000.0,67233000000.0,9545000000.0,6007000000.0,1479156683.0,sec_company_facts,ok
ABBV,AbbVie Inc,1551152,2020,32753000000.0,5687000000.0,89115000000.0,,-8172000000.0,39924000000.0,84948000000.0,6383000000.0,9174000000.0,1765881690.0,sec_company_facts,ok
ABBV,AbbVie Inc,1551152,2021,33266000000.0,7882000000.0,150565000000.0,,13076000000.0,8449000000.0,75962000000.0,12983000000.0,10566000000.0,1768753829.0,sec_company_facts,ok
ABBV,AbbVie Inc,1551152,2022,45804000000.0,4616000000.0,146529000000.0,,15408000000.0,9746000000.0,63128000000.0,11363000000.0,10951000000.0,1769399971.0,sec_company_facts,ok
ABBV,AbbVie Inc,1551152,2023,56197000000.0,11542000000.0,138805000000.0,,17254000000.0,9201000000.0,59245000000.0,17924000000.0,8597000000.0,1766473359.0,sec_company_facts,ok
ABBV,AbbVie Inc,1551152,2024,58054000000.0,11836000000.0,134711000000.0,,10360000000.0,12814000000.0,66841000000.0,18117000000.0,10706000000.0,1765354859.0,sec_company_facts,ok
PFE,Pfizer Inc,78003,2017,48851000000.0,6960000000.0,171615000000.0,111776000000.0,59544000000.0,3343000000.0,31398000000.0,,,5952864751.0,sec_company_facts,ok
PFE,Pfizer Inc,78003,2018,52824000000.0,7215000000.0,171797000000.0,100141000000.0,71308000000.0,1342000000.0,33538000000.0,,,5551804790.0,sec_company_facts,ok
PFE,Pfizer Inc,78003,2019,52546000000.0,21308000000.0,159422000000.0,95664000000.0,63407000000.0,1139000000.0,32909000000.0,,,5547639005.0,sec_company_facts,ok
PFE,Pfizer Inc,78003,2020,40825000000.0,11153000000.0,167594000000.0,104148000000.0,63143000000.0,1121000000.0,4000000000.0,,,5577629491.0,sec_company_facts,ok
PFE,Pfizer Inc,78003,2021,40905000000.0,16026000000.0,154229000000.0,90756000000.0,63238000000.0,1786000000.0,37133000000.0,,,5623346471.0,sec_company_facts,ok
PFE,Pfizer Inc,78003,2022,41651000000.0,9159000000.0,181476000000.0,104013000000.0,77201000000.0,1944000000.0,36195000000.0,,,5619074621.0,sec_company_facts,ok
PFE,Pfizer Inc,78003,2023,73636000000.0,21979000000.0,197205000000.0,101288000000.0,95661000000.0,416000000.0,32884000000.0,,,5646778425.0,sec_company_facts,ok
PFE,Pfizer Inc,78003,2024,101175000000.0,31372000000.0,226501000000.0,137213000000.0,89014000000.0,2853000000.0,61538000000.0,,,5667340414.0,sec_company_facts,ok
MRK,Merck & Co Inc,310158,2017,39498000000.0,4442000000.0,95377000000.0,,40088000000.0,7441000000.0,24274000000.0,,,2696190502.0,sec_company_facts,ok
MRK,Merck & Co Inc,310158,2018,39807000000.0,3920000000.0,87872000000.0,,34336000000.0,6092000000.0,21353000000.0,,,2581220308.0,sec_company_facts,ok
MRK,Merck & Co Inc,310158,2019,40122000000.0,2394000000.0,82637000000.0,,26701000000.0,7965000000.0,19806000000.0,,,2536268760.0,sec_company_facts,ok
MRK,Merck & Co Inc,310158,2020,42294000000.0,6220000000.0,84397000000.0,,25907000000.0,9676000000.0,22736000000.0,,,2530315668.0,sec_company_facts,ok
MRK,Merck & Co Inc,310158,2021,39121000000.0,9843000000.0,91588000000.0,,25317000000.0,8050000000.0,25360000000.0,,,2527733606.0,sec_company_facts,ok
MRK,Merck & Co Inc,310158,2022,41518000000.0,7067000000.0,105694000000.0,,38184000000.0,8096000000.0,30690000000.0,,,2538592467.0,sec_company_facts,ok
MRK,Merck & Co Inc,310158,2023,48704000000.0,13049000000.0,109160000000.0,,45991000000.0,12694000000.0,28745000000.0,,,2532643872.0,sec_company_facts,ok
MRK,Merck & Co Inc,310158,2024,59283000000.0,14519000000.0,106675000000.0,,37581000000.0,6841000000.0,33683000000.0,,,2526036240.0,sec_company_facts,ok
TMO,Thermo Fisher Scientific Inc,97745,2017,16965000000.0,1975000000.0,40834000000.0,,20548000000.0,786000000.0,15372000000.0,2336000000.0,1958000000.0,401784066.0,sec_company_facts,ok
TMO,Thermo Fisher Scientific Inc,97745,2018,18274000000.0,2022000000.0,45908000000.0,,21350000000.0,1335000000.0,18873000000.0,2458000000.0,2193000000.0,399003681.0,sec_company_facts,ok
TMO,Thermo Fisher Scientific Inc,97745,2019,20918000000.0,2225000000.0,56669000000.0,,21540000000.0,2103000000.0,18990000000.0,2960000000.0,2580000000.0,398828389.0,sec_company_facts,ok
TMO,Thermo Fisher Scientific Inc,97745,2020,24358000000.0,2938000000.0,56232000000.0,,25413000000.0,2399000000.0,17752000000.0,3783000000.0,,393793362.0,sec_company_facts,ok
TMO,Thermo Fisher Scientific Inc,97745,2021,25542000000.0,3696000000.0,58381000000.0,,34507000000.0,10325000000.0,21728000000.0,4594000000.0,,391191770.0,sec_company_facts,ok
TMO,Thermo Fisher Scientific Inc,97745,2022,32218000000.0,6375000000.0,69052000000.0,,40793000000.0,4477000000.0,34670000000.0,7794000000.0,,385430077.0,sec_company_facts,ok
TMO,Thermo Fisher Scientific Inc,97745,2023,39211000000.0,7725000000.0,95123000000.0,,43978000000.0,8524000000.0,34278000000.0,10028000000.0,,381312268.0,sec_company_facts,ok
TMO,Thermo Fisher Scientific Inc,97745,2024,44915000000.0,6950000000.0,97154000000.0,,46735000000.0,8077000000.0,34727000000.0,8393000000.0,,377261182.0,sec_company_facts,ok
ABT,Abbott Laboratories,1800,2017,20405000000.0,4423000000.0,41247000000.0,,20538000000.0,4063000000.0,20684000000.0,2867000000.0,2601000000.0,1746333892.0,sec_company_facts,ok
ABT,Abbott Laboratories,1800,2018,20853000000.0,1400000000.0,52666000000.0,,30897000000.0,9407000000.0,27718000000.0,3026000000.0,2751000000.0,1756470269.0,sec_company_facts,ok
ABT,Abbott Laboratories,1800,2019,27390000000.0,477000000.0,76250000000.0,,30524000000.0,3844000000.0,19366000000.0,1564000000.0,3739000000.0,1763433243.0,sec_company_facts,ok
ABT,Abbott Laboratories,1800,2020,30578000000.0,2368000000.0,67173000000.0,,31088000000.0,3860000000.0,17938000000.0,3650000000.0,,1771529358.0,sec_company_facts,ok
ABT,Abbott Laboratories,1800,2021,31904000000.0,3687000000.0,72548000000.0,,32784000000.0,6838000000.0,18534000000.0,4532000000.0,,1763482267.0,sec_company_facts,ok
ABT,Abbott Laboratories,1800,2022,34608000000.0,4495000000.0,75196000000.0,,35802000000.0,9799000000.0,18050000000.0,5357000000.0,,1737946233.0,sec_company_facts,ok
ABT,Abbott Laboratories,1800,2023,43075000000.0,7071000000.0,74438000000.0,,36686000000.0,9882000000.0,16773000000.0,8425000000.0,,1735184289.0,sec_company_facts,ok
ABT,Abbott Laboratories,1800,2024,43653000000.0,6933000000.0,73214000000.0,,38603000000.0,6896000000.0,14679000000.0,8362000000.0,,1734323411.0,sec_company_facts,ok
AMGN,Amgen Inc,318154,2017,21662000000.0,6939000000.0,77626000000.0,,25778000000.0,3731000000.0,34596000000.0,8470000000.0,4221000000.0,720562246.0,sec_company_facts,ok
AMGN,Amgen Inc,318154,2018,22991000000.0,7722000000.0,79954000000.0,,28083000000.0,4144000000.0,35342000000.0,9794000000.0,4203000000.0,622278034.0,sec_company_facts,ok
AMGN,Amgen Inc,318154,2019,22849000000.0,1979000000.0,66416000000.0,,29875000000.0,6945000000.0,33929000000.0,9973000000.0,4399000000.0,589806819.0,sec_company_facts,ok
AMGN,Amgen Inc,318154,2020,23747000000.0,8394000000.0,59707000000.0,,25241000000.0,6037000000.0,29903000000.0,10263000000.0,4231000000.0,577566383.0,sec_company_facts,ok
AMGN,Amgen Inc,318154,2021,23362000000.0,7842000000.0,62948000000.0,,12500000000.0,6266000000.0,32986000000.0,9674000000.0,,557029370.0,sec_company_facts,ok
AMGN,Amgen Inc,318154,2022,25424000000.0,7264000000.0,61165000000.0,,9673000000.0,7989000000.0,33309000000.0,9139000000.0,,533976238.0,sec_company_facts,ok
AMGN,Amgen Inc,318154,2023,25979000000.0,5893000000.0,65121000000.0,,9409000000.0,7629000000.0,38945000000.0,7639000000.0,,535918901.0,sec_company_facts,ok
AMGN,Amgen Inc,318154,2024,26323000000.0,6552000000.0,97154000000.0,,6700000000.0,10944000000.0,64613000000.0,9566000000.0,,537204943.0,sec_company_facts,ok
GILD,Gilead Sciences Inc,882184,2017,10824000000.0,,11558900000.0,4765900000.0,6792500000.0,661800000.0,,,,375037829.0,sec_company_facts,ok
GILD,Gilead Sciences Inc,882184,2018,12157400000.0,886300000.0,12184600000.0,4437000000.0,7747100000.0,1383800000.0,,,,376274635.0,sec_company_facts,ok
GILD,Gilead Sciences Inc,882184,2019,14091000000.0,1038400000.0,14114600000.0,4955700000.0,8984400000.0,1473100000.0,,,,368493204.0,sec_company_facts,ok
GILD,Gilead Sciences Inc,882184,2020,16068000000.0,1460300000.0,15606600000.0,5311500000.0,10020900000.0,1494300000.0,,,,364390995.0,sec_company_facts,ok
GILD,Gilead Sciences Inc,882184,2021,17592900000.0,1618500000.0,18912300000.0,6790800000.0,11840000000.0,3018500000.0,,,,356529507.0,sec_company_facts,ok
GILD,Gilead Sciences Inc,882184,2022,20311100000.0,2373700000.0,24015900000.0,8799700000.0,14886500000.0,3210400000.0,,,,344341227.0,sec_company_facts,ok
GILD,Gilead Sciences Inc,882184,2023,27774200000.0,4175800000.0,30351100000.0,10565500000.0,19396300000.0,2540500000.0,,,,333184374.0,sec_company_facts,ok
GILD,Gilead Sciences Inc,882184,2024,33480000000.0,5857500000.0,32582400000.0,9444500000.0,22696200000.0,3873600000.0,,,,321169526.0,sec_company_facts,ok
VRTX,Vertex Pharmaceuticals Inc,875320,2017,1032336000.0,-556334000.0,2896787000.0,1558596000.0,1156582000.0,625259000.0,,-466879000.0,,253891984.0,sec_company_facts,ok
VRTX,Vertex Pharmaceuticals Inc,875320,2018,1702177000.0,-112052000.0,3546014000.0,1503708000.0,2028579000.0,714768000.0,,9936000.0,,255656889.0,sec_company_facts,ok
VRTX,Vertex Pharmaceuticals Inc,875320,2019,2488652000.0,263484000.0,6245898000.0,1810695000.0,6245898000.0,1183945000.0,,123243000.0,,259268593.0,sec_company_facts,ok
VRTX,Vertex Pharmaceuticals Inc,875320,2020,3047597000.0,2096896000.0,8318465000.0,2233221000.0,8318465000.0,1665412000.0,,635150000.0,,259960062.0,sec_company_facts,ok
VRTX,Vertex Pharmaceuticals Inc,875320,2021,4162800000.0,1176800000.0,11751800000.0,3065000000.0,4435200000.0,2650100000.0,,1197500000.0,,254576691.0,sec_company_facts,ok
VRTX,Vertex Pharmaceuticals Inc,875320,2022,6205700000.0,2711700000.0,13432500000.0,3332500000.0,6085200000.0,3109300000.0,,2856300000.0,,257091441.0,sec_company_facts,ok
VRTX,Vertex Pharmaceuticals Inc,875320,2023,7574400000.0,2342100000.0,18150900000.0,4238200000.0,8686800000.0,5988200000.0,,2782100000.0,,258307816.0,sec_company_facts,ok
VRTX,Vertex Pharmaceuticals Inc,875320,2024,8930700000.0,3322000000.0,22730200000.0,5149800000.0,10100000000.0,6795000000.0,,4307400000.0,,256789869.0,sec_company_facts,ok
REGN,Regeneron Pharmaceuticals Inc,872589,2017,4103728000.0,636056000.0,6973466000.0,2524221000.0,2550251000.0,648719000.0,,1251916000.0,,,sec_company_facts,ok
REGN,Regeneron Pharmaceuticals Inc,872589,2018,4860400000.0,895500000.0,8764300000.0,2620200000.0,3654800000.0,535200000.0,,1330700000.0,,,sec_company_facts,ok
REGN,Regeneron Pharmaceuticals Inc,872589,2019,5872200000.0,1198500000.0,11734500000.0,2977200000.0,4449300000.0,812700000.0,,2079600000.0,,,sec_company_facts,ok
REGN,Regeneron Pharmaceuticals Inc,872589,2020,5145600000.0,2444400000.0,14805200000.0,3715500000.0,6144100000.0,1467700000.0,0.0,2534400000.0,,,sec_company_facts,ok
REGN,Regeneron Pharmaceuticals Inc,872589,2021,6557600000.0,2115800000.0,17163300000.0,6138000000.0,8757300000.0,1617800000.0,1978500000.0,2209800000.0,,,sec_company_facts,ok
REGN,Regeneron Pharmaceuticals Inc,872589,2022,8497100000.0,3513200000.0,25434800000.0,6666000000.0,11089700000.0,2193700000.0,1980000000.0,3576600000.0,,,sec_company_facts,ok
REGN,Regeneron Pharmaceuticals Inc,872589,2023,16071700000.0,8075300000.0,29214500000.0,6550500000.0,11025300000.0,2885600000.0,1981400000.0,8946800000.0,,,sec_company_facts,ok
REGN,Regeneron Pharmaceuticals Inc,872589,2024,12172900000.0,4338400000.0,33080200000.0,7107100000.0,18768800000.0,3105900000.0,1982900000.0,4738900000.0,,,sec_company_facts,ok
BMY,Bristol-Myers Squibb Co,14272,2017,16560000000.0,1565000000.0,31892000000.0,17360000000.0,16177000000.0,5571000000.0,5716000000.0,,3339000000.0,1632582502.0,sec_company_facts,ok
BMY,Bristol-Myers Squibb Co,14272,2018,19427000000.0,4457000000.0,32937000000.0,21704000000.0,11741000000.0,2385000000.0,7237000000.0,,3664000000.0,1632675877.0,sec_company_facts,ok
BMY,Bristol-Myers Squibb Co,14272,2019,20776000000.0,1007000000.0,33083000000.0,20859000000.0,14031000000.0,5342000000.0,5775000000.0,,3629000000.0,2257510796.0,sec_company_facts,ok
BMY,Bristol-Myers Squibb Co,14272,2020,22561000000.0,4920000000.0,34834000000.0,78246000000.0,51598000000.0,7335000000.0,5635000000.0,,4096000000.0,2240475153.0,sec_company_facts,ok
BMY,Bristol-Myers Squibb Co,14272,2021,26145000000.0,3439000000.0,118481000000.0,80599000000.0,37822000000.0,14546000000.0,50336000000.0,,,2179712820.0,sec_company_facts,ok
BMY,Bristol-Myers Squibb Co,14272,2022,42518000000.0,-9015000000.0,109314000000.0,73308000000.0,35946000000.0,13979000000.0,44369000000.0,,,2098775978.0,sec_company_facts,ok
BMY,Bristol-Myers Squibb Co,14272,2023,46385000000.0,6994000000.0,96820000000.0,65702000000.0,31061000000.0,9123000000.0,38953000000.0,,,2022193411.0,sec_company_facts,ok
BMY,Bristol-Myers Squibb Co,14272,2024,46159000000.0,6327000000.0,95159000000.0,65674000000.0,29430000000.0,11464000000.0,39526000000.0,,,2029312023.0,sec_company_facts,ok
ISRG,Intuitive Surgical Inc,1035267,2017,2384400000.0,588800000.0,6486900000.0,709100000.0,5777800000.0,600300000.0,,740000000.0,1577900000.0,112298504.0,sec_company_facts,ok
ISRG,Intuitive Surgical Inc,1035267,2018,2706500000.0,738300000.0,5776800000.0,996400000.0,4778800000.0,648200000.0,,949700000.0,1892900000.0,114488602.0,sec_company_facts,ok
ISRG,Intuitive Surgical Inc,1035267,2019,3138200000.0,670900000.0,7846700000.0,1159200000.0,6678800000.0,857900000.0,,1062900000.0,2202000000.0,115984044.0,sec_company_facts,ok
ISRG,Intuitive Surgical Inc,1035267,2020,3724200000.0,1127900000.0,9733200000.0,1448500000.0,8263800000.0,1167600000.0,,1199400000.0,2604100000.0,117718298.0,sec_company_facts,ok
ISRG,Intuitive Surgical Inc,1035267,2021,4478500000.0,1379300000.0,11168900000.0,1409800000.0,9731500000.0,1622600000.0,,1374500000.0,3110200000.0,357744031.0,sec_company_facts,ok
ISRG,Intuitive Surgical Inc,1035267,2022,4358400000.0,1060600000.0,13555000000.0,1603500000.0,11901100000.0,1290900000.0,,1049800000.0,2861200000.0,350389679.0,sec_company_facts,ok
ISRG,Intuitive Surgical Inc,1035267,2023,5710100000.0,1704600000.0,12974000000.0,1861400000.0,11041900000.0,1581200000.0,,1821000000.0,3958500000.0,352325863.0,sec_company_facts,ok
ISRG,Intuitive Surgical Inc,1035267,2024,6222200000.0,1322300000.0,15441500000.0,2044200000.0,13307600000.0,2750100000.0,,1577100000.0,4196000000.0,356656964.0,sec_company_facts,ok
HCA,HCA Healthcare Inc,860730,2017,,2129000000.0,32744000000.0,39391000000.0,-7302000000.0,566000000.0,31376000000.0,,,349903700.0,sec_company_facts,missing_revenue
HCA,HCA Healthcare Inc,860730,2018,41490000000.0,2890000000.0,33758000000.0,41588000000.0,-6806000000.0,732000000.0,33058000000.0,,,342376700.0,sec_company_facts,ok
HCA,HCA Healthcare Inc,860730,2019,43614000000.0,2216000000.0,36593000000.0,42125000000.0,-4950000000.0,502000000.0,32821000000.0,,,338427300.0,sec_company_facts,ok
HCA,HCA Healthcare Inc,860730,2020,46677000000.0,3787000000.0,39207000000.0,,-2808000000.0,621000000.0,33722000000.0,,,339917500.0,sec_company_facts,ok
HCA,HCA Healthcare Inc,860730,2021,51336000000.0,3505000000.0,45058000000.0,,572000000.0,1793000000.0,31004000000.0,,,303600000.0,sec_company_facts,ok
HCA,HCA Healthcare Inc,860730,2022,51533000000.0,3754000000.0,47490000000.0,,-933000000.0,1451000000.0,34579000000.0,,,276966400.0,sec_company_facts,ok
HCA,HCA Healthcare Inc,860730,2023,58752000000.0,6956000000.0,50742000000.0,,-2767000000.0,908000000.0,38084000000.0,,,264498700.0,sec_company_facts,ok
HCA,HCA Healthcare Inc,860730,2024,60233000000.0,5643000000.0,52438000000.0,,-1774000000.0,935000000.0,39593000000.0,,,248341900.0,sec_company_facts,ok
BIIB,Biogen Inc,875045,2017,10763800000.0,3547000000.0,22876800000.0,10748200000.0,10809000000.0,1204900000.0,6512700000.0,4891000000.0,2413800000.0,211562686.0,sec_company_facts,ok
BIIB,Biogen Inc,875045,2018,11448800000.0,3702800000.0,23652600000.0,11054500000.0,9372800000.0,1308000000.0,5935000000.0,5151700000.0,2426100000.0,196708784.0,sec_company_facts,ok
BIIB,Biogen Inc,875045,2019,12273900000.0,2539100000.0,25288900000.0,12257300000.0,12140100000.0,2326500000.0,5936500000.0,5345800000.0,2685100000.0,174064011.0,sec_company_facts,ok
BIIB,Biogen Inc,875045,2020,13452900000.0,4430700000.0,27234300000.0,13895200000.0,13343200000.0,,4459000000.0,5888600000.0,2887800000.0,152335731.0,sec_company_facts,ok
BIIB,Biogen Inc,875045,2021,14377900000.0,5888500000.0,24618900000.0,13932800000.0,10700300000.0,,7426200000.0,7042600000.0,,146962793.0,sec_company_facts,ok
BIIB,Biogen Inc,875045,2022,13444600000.0,4000600000.0,23877300000.0,12917600000.0,10896200000.0,,6274000000.0,,,144485646.0,sec_company_facts,ok
BIIB,Biogen Inc,875045,2023,10981700000.0,1556100000.0,24554100000.0,11165700000.0,13397900000.0,,6938200000.0,,,145360798.0,sec_company_facts,ok
BIIB,Biogen Inc,875045,2024,10173400000.0,3046900000.0,26844800000.0,12045400000.0,26844800000.0,,6295800000.0,,,146374937.0,sec_company_facts,ok
HD,Home Depot Inc,354950,2017,88519000000.0,7009000000.0,42966000000.0,38633000000.0,6316000000.0,1723000000.0,22349000000.0,11774000000.0,30265000000.0,1157269522.0,sec_company_facts,ok
HD,Home Depot Inc,354950,2018,94595000000.0,7957000000.0,44529000000.0,43075000000.0,4333000000.0,2216000000.0,24267000000.0,13427000000.0,32313000000.0,1103903507.0,sec_company_facts,ok
HD,Home Depot Inc,354950,2019,100904000000.0,8630000000.0,44003000000.0,45881000000.0,1454000000.0,2538000000.0,29500000000.0,14681000000.0,34356000000.0,1074741592.0,sec_company_facts,ok
HD,Home Depot Inc,354950,2020,108203000000.0,11121000000.0,51236000000.0,54352000000.0,-1878000000.0,2133000000.0,34750000000.0,15530000000.0,37160000000.0,1077069383.0,sec_company_facts,ok
HD,Home Depot Inc,354950,2021,110225000000.0,11242000000.0,70581000000.0,67282000000.0,-3116000000.0,7895000000.0,36400000000.0,15843000000.0,37572000000.0,1033349933.0,sec_company_facts,ok
HD,Home Depot Inc,354950,2022,132110000000.0,12866000000.0,71876000000.0,73572000000.0,3299000000.0,2343000000.0,41150000000.0,18278000000.0,44853000000.0,1014955506.0,sec_company_facts,ok
HD,Home Depot Inc,354950,2023,151157000000.0,16433000000.0,76445000000.0,74883000000.0,-1696000000.0,2757000000.0,42150000000.0,23040000000.0,50832000000.0,991015773.0,sec_company_facts,ok
HD,Home Depot Inc,354950,2024,157403000000.0,17105000000.0,76530000000.0,75486000000.0,1562000000.0,3760000000.0,51365000000.0,24039000000.0,52778000000.0,994032168.0,sec_company_facts,ok
WMT,Walmart Inc,104169,2017,485651000000.0,16363000000.0,203490000000.0,,80546000000.0,7281000000.0,40959000000.0,27147000000.0,,3033009079.0,sec_company_facts,ok
WMT,Walmart Inc,104169,2018,482130000000.0,14694000000.0,199581000000.0,,77798000000.0,9135000000.0,38271000000.0,24105000000.0,,2950696818.0,sec_company_facts,ok
WMT,Walmart Inc,104169,2019,481317000000.0,13643000000.0,198825000000.0,,77869000000.0,6756000000.0,33783000000.0,22764000000.0,,2869684230.0,sec_company_facts,ok
WMT,Walmart Inc,104169,2020,495761000000.0,9862000000.0,204522000000.0,,72496000000.0,7722000000.0,45396000000.0,20437000000.0,,2832277220.0,sec_company_facts,ok
WMT,Walmart Inc,104169,2021,510329000000.0,6670000000.0,219295000000.0,,74669000000.0,9465000000.0,49076000000.0,21957000000.0,,2817071695.0,sec_company_facts,ok
WMT,Walmart Inc,104169,2022,519926000000.0,14881000000.0,236495000000.0,,80925000000.0,17741000000.0,44309000000.0,20568000000.0,,2751779629.0,sec_company_facts,ok
WMT,Walmart Inc,104169,2023,555233000000.0,13510000000.0,252496000000.0,,83253000000.0,14760000000.0,37667000000.0,22548000000.0,,2695655933.0,sec_company_facts,ok
WMT,Walmart Inc,104169,2024,567762000000.0,13673000000.0,244860000000.0,,76693000000.0,8625000000.0,38840000000.0,25942000000.0,,8058048674.0,sec_company_facts,ok
COST,Costco Wholesale Corp,909832,2017,116199000000.0,2377000000.0,33017000000.0,20831000000.0,12079000000.0,5738000000.0,5161000000.0,3624000000.0,,436989606.0,sec_company_facts,ok
COST,Costco Wholesale Corp,909832,2018,118719000000.0,2350000000.0,33163000000.0,25268000000.0,10778000000.0,4801000000.0,6659000000.0,3672000000.0,,438208376.0,sec_company_facts,ok
COST,Costco Wholesale Corp,909832,2019,129025000000.0,2679000000.0,36347000000.0,27727000000.0,12799000000.0,3379000000.0,6613000000.0,4111000000.0,16465000000.0,439656950.0,sec_company_facts,ok
COST,Costco Wholesale Corp,909832,2020,141576000000.0,3134000000.0,40830000000.0,29816000000.0,15243000000.0,4546000000.0,6852000000.0,4480000000.0,,441228027.0,sec_company_facts,ok
COST,Costco Wholesale Corp,909832,2021,152703000000.0,3659000000.0,45400000000.0,36851000000.0,18284000000.0,6055000000.0,7657000000.0,4737000000.0,,441823811.0,sec_company_facts,ok
COST,Costco Wholesale Corp,909832,2022,166761000000.0,4002000000.0,55556000000.0,41190000000.0,17564000000.0,11258000000.0,6692000000.0,5435000000.0,,442604145.0,sec_company_facts,ok
COST,Costco Wholesale Corp,909832,2023,195929000000.0,5007000000.0,59268000000.0,43519000000.0,20642000000.0,10203000000.0,6484000000.0,6708000000.0,,442740572.0,sec_company_facts,ok
COST,Costco Wholesale Corp,909832,2024,226954000000.0,5844000000.0,64166000000.0,43936000000.0,25058000000.0,13700000000.0,5377000000.0,7793000000.0,,443073537.0,sec_company_facts,ok
NKE,Nike Inc,320187,2017,30601000000.0,3273000000.0,21379000000.0,,10824000000.0,2220000000.0,2037000000.0,,14067000000.0,,sec_company_facts,ok
NKE,Nike Inc,320187,2018,32376000000.0,3760000000.0,23259000000.0,,12707000000.0,3852000000.0,3477000000.0,,14971000000.0,,sec_company_facts,ok
NKE,Nike Inc,320187,2019,34350000000.0,4240000000.0,22536000000.0,,12258000000.0,3138000000.0,3474000000.0,,15312000000.0,,sec_company_facts,ok
NKE,Nike Inc,320187,2020,36397000000.0,1933000000.0,23717000000.0,,12407000000.0,3808000000.0,3470000000.0,,15956000000.0,,sec_company_facts,ok
NKE,Nike Inc,320187,2021,39117000000.0,4029000000.0,31342000000.0,,9812000000.0,8348000000.0,9409000000.0,,17474000000.0,,sec_company_facts,ok
NKE,Nike Inc,320187,2022,37403000000.0,2539000000.0,37740000000.0,,9040000000.0,9889000000.0,9413000000.0,,16241000000.0,,sec_company_facts,ok
NKE,Nike Inc,320187,2023,44538000000.0,5727000000.0,40321000000.0,,8055000000.0,8574000000.0,9420000000.0,,19962000000.0,,sec_company_facts,ok
NKE,Nike Inc,320187,2024,46710000000.0,6046000000.0,37531000000.0,,12767000000.0,7441000000.0,8927000000.0,,21479000000.0,,sec_company_facts,ok
MCD,McDonald's Corp,63908,2017,25413000000.0,4529300000.0,37938700000.0,,12853400000.0,2077900000.0,25955700000.0,7145500000.0,,794497880.0,sec_company_facts,ok
MCD,McDonald's Corp,63908,2018,24621900000.0,4686500000.0,31023900000.0,,7087900000.0,7685500000.0,29536400000.0,7744500000.0,,765317332.0,sec_company_facts,ok
MCD,McDonald's Corp,63908,2019,22820400000.0,5192300000.0,33803700000.0,,-2204300000.0,1223400000.0,31075300000.0,9552700000.0,,745446655.0,sec_company_facts,ok
MCD,McDonald's Corp,63908,2020,21257900000.0,5924300000.0,32811200000.0,,-3268000000.0,2463800000.0,34177200000.0,8822600000.0,,745572145.0,sec_company_facts,ok
MCD,McDonald's Corp,63908,2021,21364400000.0,6025400000.0,47510800000.0,,-6258400000.0,866000000.0,37440400000.0,9069800000.0,,743584718.0,sec_company_facts,ok
MCD,McDonald's Corp,63908,2022,19207800000.0,4730500000.0,52626800000.0,,-8210300000.0,4709200000.0,35622700000.0,7324000000.0,,731496951.0,sec_company_facts,ok
MCD,McDonald's Corp,63908,2023,23222900000.0,7545200000.0,53854300000.0,,-7824900000.0,2583800000.0,35903500000.0,10356000000.0,,722051488.0,sec_company_facts,ok
MCD,McDonald's Corp,63908,2024,23183000000.0,6177000000.0,50436000000.0,,-4601000000.0,4579000000.0,39345000000.0,9371000000.0,,714461139.0,sec_company_facts,ok
SBUX,Starbucks Corp,829224,2017,19162700000.0,2757400000.0,14312500000.0,8421800000.0,5884000000.0,1708400000.0,3585200000.0,3601000000.0,,1422800000.0,sec_company_facts,ok
SBUX,Starbucks Corp,829224,2018,21315900000.0,2817700000.0,14312500000.0,8908600000.0,5450100000.0,1530100000.0,3932600000.0,4171900000.0,,1240600000.0,sec_company_facts,ok
SBUX,Starbucks Corp,829224,2019,22386800000.0,2884700000.0,14365600000.0,22980600000.0,1169500000.0,2128800000.0,9440100000.0,4134700000.0,,1181000000.0,sec_company_facts,ok
SBUX,Starbucks Corp,829224,2020,24719500000.0,4518300000.0,24156400000.0,25450600000.0,-6232200000.0,2462300000.0,11167000000.0,3883300000.0,,1173700000.0,sec_company_facts,ok
SBUX,Starbucks Corp,829224,2021,26508600000.0,3599200000.0,19219600000.0,37173900000.0,-7805100000.0,8756300000.0,15909500000.0,4077900000.0,,1173200000.0,sec_company_facts,ok
SBUX,Starbucks Corp,829224,2022,23518000000.0,928300000.0,29374500000.0,36707100000.0,-5321200000.0,,14615800000.0,1561700000.0,,1147800000.0,sec_company_facts,ok
SBUX,Starbucks Corp,829224,2023,29060600000.0,4199300000.0,27978400000.0,36677100000.0,-8706600000.0,,14868900000.0,4872100000.0,,1136700000.0,sec_company_facts,ok
SBUX,Starbucks Corp,829224,2024,32250300000.0,3281600000.0,29445500000.0,37433300000.0,-7994800000.0,,15366200000.0,4617800000.0,,1133800000.0,sec_company_facts,ok
LOW,Lowe's Companies Inc,60667,2017,59074000000.0,2546000000.0,34408000000.0,27974000000.0,6434000000.0,466000000.0,14394000000.0,4971000000.0,20570000000.0,825766281.0,sec_company_facts,ok
LOW,Lowe's Companies Inc,60667,2018,65017000000.0,3091000000.0,35291000000.0,29418000000.0,5873000000.0,405000000.0,15564000000.0,5846000000.0,21674000000.0,795922717.0,sec_company_facts,ok
LOW,Lowe's Companies Inc,60667,2019,68619000000.0,3447000000.0,34508000000.0,30864000000.0,3644000000.0,511000000.0,14391000000.0,6586000000.0,22434000000.0,754948648.0,sec_company_facts,ok
LOW,Lowe's Companies Inc,60667,2020,71309000000.0,2314000000.0,39471000000.0,37499000000.0,1972000000.0,716000000.0,16768000000.0,4018000000.0,22908000000.0,717256852.0,sec_company_facts,ok
LOW,Lowe's Companies Inc,60667,2021,72148000000.0,4281000000.0,46735000000.0,45298000000.0,1437000000.0,4690000000.0,24285000000.0,6314000000.0,22943000000.0,661561297.0,sec_company_facts,ok
LOW,Lowe's Companies Inc,60667,2022,89597000000.0,5835000000.0,44640000000.0,49456000000.0,-4816000000.0,1133000000.0,33270000000.0,9647000000.0,29572000000.0,596356261.0,sec_company_facts,ok
LOW,Lowe's Companies Inc,60667,2023,96250000000.0,8442000000.0,43708000000.0,57962000000.0,1437000000.0,1348000000.0,35770000000.0,12093000000.0,32056000000.0,572184243.0,sec_company_facts,ok
LOW,Lowe's Companies Inc,60667,2024,97059000000.0,6437000000.0,41795000000.0,56845000000.0,-4816000000.0,921000000.0,35319000000.0,10159000000.0,32257000000.0,559706540.0,sec_company_facts,ok
TGT,Target Corp,27419,2017,73785000000.0,3363000000.0,37431000000.0,,13997000000.0,2512000000.0,10440000000.0,,21544000000.0,538796010.0,sec_company_facts,ok
TGT,Target Corp,27419,2018,70271000000.0,2734000000.0,40303000000.0,,12965000000.0,2643000000.0,10247000000.0,4864000000.0,,516333213.0,sec_company_facts,ok
TGT,Target Corp,27419,2019,72714000000.0,2914000000.0,41290000000.0,,10915000000.0,1556000000.0,9992000000.0,4224000000.0,,500961951.0,sec_company_facts,ok
TGT,Target Corp,27419,2020,75356000000.0,2937000000.0,42779000000.0,,11651000000.0,2577000000.0,10643000000.0,4110000000.0,,498616180.0,sec_company_facts,ok
TGT,Target Corp,27419,2021,78112000000.0,3281000000.0,51248000000.0,,11297000000.0,8511000000.0,11568000000.0,4658000000.0,,462418075.0,sec_company_facts,ok
TGT,Target Corp,27419,2022,93561000000.0,4368000000.0,53811000000.0,,11833000000.0,5911000000.0,11568000000.0,6539000000.0,,460363991.0,sec_company_facts,ok
TGT,Target Corp,27419,2023,106005000000.0,6946000000.0,53335000000.0,,14440000000.0,2229000000.0,14141000000.0,8946000000.0,,461690206.0,sec_company_facts,ok
TGT,Target Corp,27419,2024,109120000000.0,2780000000.0,55356000000.0,,12827000000.0,3805000000.0,14151000000.0,3848000000.0,,455576464.0,sec_company_facts,ok
BKNG,Booking Holdings Inc,1075531,2017,9223987000.0,2551360000.0,19838973000.0,9990293000.0,8566694000.0,1477265000.0,6170522000.0,3258907000.0,8591807000.0,48288592.0,sec_company_facts,ok
BKNG,Booking Holdings Inc,1075531,2018,10743000000.0,2135000000.0,25451000000.0,14187000000.0,8795000000.0,2542000000.0,8810000000.0,2906000000.0,10328000000.0,45012725.0,sec_company_facts,ok
BKNG,Booking Holdings Inc,1075531,2019,12681000000.0,2341000000.0,22687000000.0,13902000000.0,9820000000.0,2542000000.0,8649000000.0,4538000000.0,12439000000.0,41061814.0,sec_company_facts,ok
BKNG,Booking Holdings Inc,1075531,2020,14527000000.0,3998000000.0,21402000000.0,15469000000.0,11261000000.0,2624000000.0,7640000000.0,5341000000.0,,40961796.0,sec_company_facts,ok
BKNG,Booking Holdings Inc,1075531,2021,15066000000.0,4865000000.0,21874000000.0,16981000000.0,8785000000.0,6312000000.0,11029000000.0,5345000000.0,,40887702.0,sec_company_facts,ok
BKNG,Booking Holdings Inc,1075531,2022,6796000000.0,59000000.0,23641000000.0,17463000000.0,5933000000.0,11127000000.0,8937000000.0,-631000000.0,,37648373.0,sec_company_facts,ok
BKNG,Booking Holdings Inc,1075531,2023,10958000000.0,1165000000.0,25361000000.0,22579000000.0,4893000000.0,12221000000.0,12485000000.0,2496000000.0,,34171027.0,sec_company_facts,ok
BKNG,Booking Holdings Inc,1075531,2024,17090000000.0,3058000000.0,24342000000.0,27086000000.0,6178000000.0,12107000000.0,14184000000.0,5102000000.0,,32815201.0,sec_company_facts,ok
PG,Procter & Gamble Co,80424,2017,70749000000.0,7036000000.0,129495000000.0,69153000000.0,127136000000.0,8548000000.0,18945000000.0,11049000000.0,,2550014230.0,sec_company_facts,ok
PG,Procter & Gamble Co,80424,2018,65299000000.0,10508000000.0,127136000000.0,64628000000.0,120406000000.0,6836000000.0,18038000000.0,13258000000.0,,2488011390.0,sec_company_facts,ok
PG,Procter & Gamble Co,80424,2019,65058000000.0,15326000000.0,120406000000.0,65427000000.0,118310000000.0,8098000000.0,20863000000.0,13766000000.0,,2502259668.0,sec_company_facts,ok
PG,Procter & Gamble Co,80424,2020,66832000000.0,9750000000.0,118310000000.0,67516000000.0,115095000000.0,,20395000000.0,13363000000.0,,2486086692.0,sec_company_facts,ok
PG,Procter & Gamble Co,80424,2021,67684000000.0,3897000000.0,115095000000.0,73822000000.0,120700000000.0,,23537000000.0,5487000000.0,,2427424874.0,sec_company_facts,ok
PG,Procter & Gamble Co,80424,2022,70950000000.0,13027000000.0,120700000000.0,72653000000.0,119307000000.0,,23099000000.0,15706000000.0,,2389553883.0,sec_company_facts,ok
PG,Procter & Gamble Co,80424,2023,76118000000.0,14306000000.0,119307000000.0,70354000000.0,117208000000.0,,22848000000.0,17986000000.0,,2357306187.0,sec_company_facts,ok
PG,Procter & Gamble Co,80424,2024,80187000000.0,14742000000.0,117208000000.0,73764000000.0,120829000000.0,,24378000000.0,17813000000.0,,2354050987.0,sec_company_facts,ok
KO,Coca-Cola Co,21344,2017,44294000000.0,7351000000.0,87270000000.0,,23062000000.0,8958000000.0,33211000000.0,8728000000.0,26812000000.0,4265906533.0,sec_company_facts,ok
KO,Coca-Cola Co,21344,2018,41863000000.0,6527000000.0,87896000000.0,,17072000000.0,8555000000.0,34506000000.0,8657000000.0,25398000000.0,4275340031.0,sec_company_facts,ok
KO,Coca-Cola Co,21344,2019,36212000000.0,1248000000.0,83216000000.0,,16981000000.0,6102000000.0,30379000000.0,7755000000.0,22491000000.0,4290276067.0,sec_company_facts,ok
KO,Coca-Cola Co,21344,2020,34300000000.0,6434000000.0,86381000000.0,,18981000000.0,9077000000.0,31769000000.0,9152000000.0,21233000000.0,4309311676.0,sec_company_facts,ok
KO,Coca-Cola Co,21344,2021,37266000000.0,8920000000.0,87296000000.0,,19299000000.0,6480000000.0,40610000000.0,10086000000.0,22647000000.0,4335473308.0,sec_company_facts,ok
KO,Coca-Cola Co,21344,2022,33014000000.0,7747000000.0,94354000000.0,,22999000000.0,6795000000.0,39454000000.0,8997000000.0,19581000000.0,4326691783.0,sec_company_facts,ok
KO,Coca-Cola Co,21344,2023,38655000000.0,9771000000.0,92763000000.0,,24105000000.0,9684000000.0,36776000000.0,10308000000.0,23298000000.0,4312456168.0,sec_company_facts,ok
KO,Coca-Cola Co,21344,2024,43004000000.0,9542000000.0,97703000000.0,,25941000000.0,9519000000.0,35547000000.0,10909000000.0,25004000000.0,4301000395.0,sec_company_facts,ok
PEP,PepsiCo Inc,77476,2017,63056000000.0,5452000000.0,73490000000.0,62291000000.0,11246000000.0,6134000000.0,34454000000.0,8353000000.0,34325000000.0,1419908267.0,sec_company_facts,ok
PEP,PepsiCo Inc,77476,2018,62799000000.0,6329000000.0,79804000000.0,68823000000.0,11045000000.0,10610000000.0,37816000000.0,9804000000.0,34577000000.0,1404686108.0,sec_company_facts,ok
PEP,PepsiCo Inc,77476,2019,63525000000.0,4857000000.0,77648000000.0,63046000000.0,14518000000.0,8721000000.0,32248000000.0,10276000000.0,34729000000.0,1389544618.0,sec_company_facts,ok
PEP,PepsiCo Inc,77476,2020,64661000000.0,12515000000.0,78547000000.0,63679000000.0,14786000000.0,5509000000.0,31996000000.0,10110000000.0,35280000000.0,1379608641.0,sec_company_facts,ok
PEP,PepsiCo Inc,77476,2021,67161000000.0,7314000000.0,92918000000.0,79366000000.0,13454000000.0,8185000000.0,43728000000.0,10291000000.0,37029000000.0,1383451400.0,sec_company_facts,ok
PEP,PepsiCo Inc,77476,2022,70372000000.0,7120000000.0,92377000000.0,76226000000.0,16043000000.0,5596000000.0,39898000000.0,10080000000.0,38575000000.0,1377251316.0,sec_company_facts,ok
PEP,PepsiCo Inc,77476,2023,79474000000.0,7618000000.0,92187000000.0,74914000000.0,17149000000.0,4954000000.0,38753000000.0,11162000000.0,42399000000.0,1374429271.0,sec_company_facts,ok
PEP,PepsiCo Inc,77476,2024,86392000000.0,8910000000.0,100495000000.0,81858000000.0,18503000000.0,9711000000.0,41519000000.0,11512000000.0,45816000000.0,1371499838.0,sec_company_facts,ok
PM,Philip Morris International Inc,1413329,2017,73908000000.0,6873000000.0,36851000000.0,47751000000.0,-12688000000.0,1682000000.0,25851000000.0,10623000000.0,17429000000.0,1553229898.0,sec_company_facts,ok
PM,Philip Morris International Inc,1413329,2018,26685000000.0,6967000000.0,42968000000.0,53198000000.0,-12086000000.0,8447000000.0,31334000000.0,10903000000.0,17294000000.0,1554584344.0,sec_company_facts,ok
PM,Philip Morris International Inc,1413329,2019,28748000000.0,6035000000.0,39801000000.0,50540000000.0,-12459000000.0,6593000000.0,26975000000.0,11581000000.0,18316000000.0,1555911930.0,sec_company_facts,ok
PM,Philip Morris International Inc,1413329,2020,29625000000.0,7911000000.0,42875000000.0,52474000000.0,-11577000000.0,6861000000.0,26656000000.0,11377000000.0,18867000000.0,1557451856.0,sec_company_facts,ok
PM,Philip Morris International Inc,1413329,2021,29805000000.0,7185000000.0,44815000000.0,55446000000.0,-12567000000.0,7280000000.0,28168000000.0,10531000000.0,19292000000.0,1549827817.0,sec_company_facts,ok
PM,Philip Morris International Inc,1413329,2022,28694000000.0,8056000000.0,41290000000.0,49498000000.0,-10106000000.0,4496000000.0,24783000000.0,11668000000.0,19125000000.0,1550232895.0,sec_company_facts,ok
PM,Philip Morris International Inc,1413329,2023,31405000000.0,9109000000.0,61681000000.0,67992000000.0,-8957000000.0,3207000000.0,34875000000.0,12975000000.0,21375000000.0,1552456597.0,sec_company_facts,ok
PM,Philip Morris International Inc,1413329,2024,31762000000.0,9048000000.0,65304000000.0,74750000000.0,-11225000000.0,3060000000.0,41243000000.0,12246000000.0,20360000000.0,1554857221.0,sec_company_facts,ok
CL,Colgate-Palmolive Co,21665,2017,16034000000.0,1384000000.0,11935000000.0,12106000000.0,-243000000.0,1089000000.0,6520000000.0,2789000000.0,9399000000.0,875326736.0,sec_company_facts,ok
CL,Colgate-Palmolive Co,21665,2018,15195000000.0,2441000000.0,12123000000.0,12433000000.0,-60000000.0,970000000.0,6566000000.0,3955000000.0,9123000000.0,861676494.0,sec_company_facts,ok
CL,Colgate-Palmolive Co,21665,2019,15454000000.0,2024000000.0,12676000000.0,11964000000.0,-102000000.0,726000000.0,6354000000.0,3707000000.0,9280000000.0,855029777.0,sec_company_facts,ok
CL,Colgate-Palmolive Co,21665,2020,15544000000.0,2400000000.0,12161000000.0,14476000000.0,117000000.0,883000000.0,7333000000.0,3694000000.0,9231000000.0,848562678.0,sec_company_facts,ok
CL,Colgate-Palmolive Co,21665,2021,15693000000.0,2367000000.0,15034000000.0,14819000000.0,743000000.0,888000000.0,7334000000.0,3554000000.0,9325000000.0,840487222.0,sec_company_facts,ok
CL,Colgate-Palmolive Co,21665,2022,16471000000.0,2695000000.0,15920000000.0,14069000000.0,609000000.0,832000000.0,7194000000.0,3885000000.0,10017000000.0,830378790.0,sec_company_facts,ok
CL,Colgate-Palmolive Co,21665,2023,17421000000.0,2166000000.0,15731000000.0,14925000000.0,401000000.0,775000000.0,8741000000.0,3332000000.0,10375000000.0,823150919.0,sec_company_facts,ok
CL,Colgate-Palmolive Co,21665,2024,17967000000.0,1785000000.0,16393000000.0,15436000000.0,609000000.0,966000000.0,7005000000.0,2893000000.0,10248000000.0,811536437.0,sec_company_facts,ok
MDLZ,Mondelez International Inc,1418135,2017,6282000000.0,764000000.0,9791000000.0,7657000000.0,2134000000.0,1787000000.0,4325000000.0,1298000000.0,3723000000.0,179744078.0,sec_company_facts,ok
MDLZ,Mondelez International Inc,1418135,2018,2025000000.0,100000000.0,15744000000.0,8081000000.0,2711000000.0,90000000.0,5098000000.0,147000000.0,800000000.0,1406081521.0,sec_company_facts,ok
MDLZ,Mondelez International Inc,1418135,2019,4269000000.0,378000000.0,48918000000.0,26385000000.0,6510000000.0,83000000.0,14580000000.0,897000000.0,2044000000.0,1406986313.0,sec_company_facts,ok
MDLZ,Mondelez International Inc,1418135,2020,7442000000.0,586000000.0,49518000000.0,26261000000.0,7398000000.0,75000000.0,13174000000.0,1237000000.0,3882000000.0,1407267272.0,sec_company_facts,ok
MDLZ,Mondelez International Inc,1418135,2021,11120000000.0,1254000000.0,49779000000.0,25949000000.0,22533000000.0,240000000.0,13488000000.0,2378000000.0,6342000000.0,1418158363.0,sec_company_facts,ok
MDLZ,Mondelez International Inc,1418135,2022,11618000000.0,1325000000.0,50598000000.0,25626000000.0,23257000000.0,567000000.0,11733000000.0,2480000000.0,6486000000.0,1406447151.0,sec_company_facts,ok
MDLZ,Mondelez International Inc,1418135,2023,12683000000.0,2146000000.0,51837000000.0,26712000000.0,23829000000.0,535000000.0,11072000000.0,2894000000.0,6977000000.0,1387591010.0,sec_company_facts,ok
MDLZ,Mondelez International Inc,1418135,2024,14057000000.0,1436000000.0,52130000000.0,26454000000.0,24972000000.0,267000000.0,9945000000.0,2605000000.0,7323000000.0,1356750877.0,sec_company_facts,ok
HON,Honeywell International Inc,773840,2017,38581000000.0,4768000000.0,49316000000.0,,19369000000.0,6959000000.0,12409000000.0,,2975000000.0,752002033.0,sec_company_facts,ok
HON,Honeywell International Inc,773840,2018,39302000000.0,4812000000.0,54566000000.0,,16502000000.0,5455000000.0,13924000000.0,,2966000000.0,729085890.0,sec_company_facts,ok
HON,Honeywell International Inc,773840,2019,40534000000.0,1545000000.0,59470000000.0,,18180000000.0,9287000000.0,12628000000.0,,3201000000.0,712599803.0,sec_company_facts,ok
HON,Honeywell International Inc,773840,2020,36709000000.0,6143000000.0,58679000000.0,,17549000000.0,14275000000.0,18787000000.0,,3005000000.0,685818771.0,sec_company_facts,ok
HON,Honeywell International Inc,773840,2022,32637000000.0,4779000000.0,64586000000.0,,18569000000.0,10959000000.0,16057000000.0,,,668140252.0,sec_company_facts,ok
HON,Honeywell International Inc,773840,2023,34392000000.0,5542000000.0,62275000000.0,,16697000000.0,9627000000.0,16853000000.0,,,652181812.0,sec_company_facts,ok
HON,Honeywell International Inc,773840,2024,35466000000.0,4966000000.0,61525000000.0,,15856000000.0,7925000000.0,27265000000.0,8022000000.0,,649918551.0,sec_company_facts,ok
CAT,Caterpillar Inc,18230,2017,47011000000.0,2512000000.0,78342000000.0,61491000000.0,74704000000.0,7341000000.0,22818000000.0,3785000000.0,1958000000.0,597625772.0,sec_company_facts,ok
CAT,Caterpillar Inc,18230,2018,38537000000.0,-67000000.0,74704000000.0,63196000000.0,76962000000.0,8261000000.0,23847000000.0,1162000000.0,2329000000.0,575542738.0,sec_company_facts,ok
CAT,Caterpillar Inc,18230,2019,45462000000.0,754000000.0,78509000000.0,64429000000.0,78509000000.0,7857000000.0,25000000000.0,4460000000.0,3584000000.0,550082610.0,sec_company_facts,ok
CAT,Caterpillar Inc,18230,2020,54722000000.0,6147000000.0,78453000000.0,63824000000.0,78453000000.0,8284000000.0,26281000000.0,8293000000.0,3721000000.0,545303847.0,sec_company_facts,ok
CAT,Caterpillar Inc,18230,2021,53800000000.0,6093000000.0,78324000000.0,62946000000.0,78324000000.0,9352000000.0,25999000000.0,8290000000.0,,535888051.0,sec_company_facts,ok
CAT,Caterpillar Inc,18230,2022,41748000000.0,2998000000.0,82793000000.0,66277000000.0,82793000000.0,9254000000.0,26033000000.0,4553000000.0,,516345490.0,sec_company_facts,ok
CAT,Caterpillar Inc,18230,2023,50971000000.0,6489000000.0,81943000000.0,66052000000.0,81943000000.0,7004000000.0,25714000000.0,6878000000.0,,499377269.0,sec_company_facts,ok
CAT,Caterpillar Inc,18230,2024,59427000000.0,6705000000.0,87476000000.0,67973000000.0,87476000000.0,6978000000.0,24472000000.0,7904000000.0,,477932024.0,sec_company_facts,ok
DE,Deere & Company,315189,2017,28862800000.0,1940000000.0,57883000000.0,51373700000.0,6520000000.0,3787000000.0,23703000000.0,3140000000.0,929000000.0,322595010.0,sec_company_facts,ok
DE,Deere & Company,315189,2018,26644000000.0,1523900000.0,57918000000.0,56211800000.0,9557300000.0,4162200000.0,25891300000.0,2609000000.0,916000000.0,318570788.0,sec_company_facts,ok
DE,Deere & Company,315189,2019,29738000000.0,2159000000.0,65786000000.0,58803000000.0,11288000000.0,3904000000.0,27237000000.0,3574000000.0,1270000000.0,313275755.0,sec_company_facts,ok
DE,Deere & Company,315189,2020,37358000000.0,2368000000.0,70108000000.0,61580000000.0,11413000000.0,3857000000.0,30229000000.0,4476000000.0,1509000000.0,313361302.0,sec_company_facts,ok
DE,Deere & Company,315189,2021,39258000000.0,3253000000.0,73011000000.0,62147000000.0,12937000000.0,7066000000.0,32734000000.0,4415000000.0,,307407282.0,sec_company_facts,ok
DE,Deere & Company,315189,2022,35540000000.0,2751000000.0,75091000000.0,65680000000.0,18431000000.0,7066000000.0,,4305000000.0,,298237257.0,sec_company_facts,ok
DE,Deere & Company,315189,2023,44024000000.0,5963000000.0,84114000000.0,69673000000.0,20262000000.0,8017000000.0,,8012000000.0,,280255442.0,sec_company_facts,ok
DE,Deere & Company,315189,2024,52577000000.0,7131000000.0,90030000000.0,82201000000.0,21785000000.0,4774000000.0,,9508000000.0,,271575282.0,sec_company_facts,ok
MMM,3M Co,66740,2017,30274000000.0,4833000000.0,32883000000.0,22563000000.0,10298000000.0,,11478000000.0,6980000000.0,,595500000.0,sec_company_facts,ok
MMM,3M Co,66740,2018,30109000000.0,5050000000.0,32906000000.0,26365000000.0,11563000000.0,,13198000000.0,7027000000.0,,575800000.0,sec_company_facts,ok
MMM,3M Co,66740,2019,8278000000.0,4858000000.0,37987000000.0,26652000000.0,9796000000.0,,14156000000.0,7692000000.0,,575600000.0,sec_company_facts,ok
MMM,3M Co,66740,2020,32765000000.0,5349000000.0,44659000000.0,34533000000.0,10063000000.0,,19359000000.0,7207000000.0,,579100000.0,sec_company_facts,ok
MMM,3M Co,66740,2021,32136000000.0,4517000000.0,47344000000.0,34413000000.0,12867000000.0,,18783000000.0,6174000000.0,,571100000.0,sec_company_facts,ok
MMM,3M Co,66740,2022,32184000000.0,5449000000.0,47072000000.0,31955000000.0,15046000000.0,,17347000000.0,7161000000.0,,550500000.0,sec_company_facts,ok
MMM,3M Co,66740,2023,35355000000.0,5921000000.0,46455000000.0,31685000000.0,14722000000.0,,15939000000.0,7369000000.0,,552700000.0,sec_company_facts,ok
MMM,3M Co,66740,2024,26161000000.0,5777000000.0,50580000000.0,45712000000.0,4807000000.0,,14240000000.0,4369000000.0,,542900000.0,sec_company_facts,ok
GS,Goldman Sachs Group Inc,886982,2017,,6083000000.0,861395000000.0,773272000000.0,86728000000.0,75025000000.0,197491000000.0,,,379887039.0,sec_company_facts,missing_revenue
GS,Goldman Sachs Group Inc,886982,2018,,7398000000.0,916776000000.0,834533000000.0,86893000000.0,93439000000.0,227579000000.0,,,368272261.0,sec_company_facts,missing_revenue
GS,Goldman Sachs Group Inc,886982,2019,,4286000000.0,931796000000.0,841611000000.0,82243000000.0,121711000000.0,,,,345672769.0,sec_company_facts,missing_revenue
GS,Goldman Sachs Group Inc,886982,2020,,10459000000.0,992968000000.0,902703000000.0,90185000000.0,110051000000.0,,,,345794361.0,sec_company_facts,missing_revenue
GS,Goldman Sachs Group Inc,886982,2021,,8466000000.0,1163028000000.0,1067096000000.0,90265000000.0,130547000000.0,,,,337922970.0,sec_company_facts,missing_revenue
GS,Goldman Sachs Group Inc,886982,2022,,9459000000.0,1463988000000.0,1354062000000.0,95932000000.0,261036000000.0,,,,335423289.0,sec_company_facts,missing_revenue
GS,Goldman Sachs Group Inc,886982,2023,,21635000000.0,1441799000000.0,1324610000000.0,109926000000.0,241825000000.0,,,,325562747.0,sec_company_facts,missing_revenue
GS,Goldman Sachs Group Inc,886982,2024,,11261000000.0,1641594000000.0,1524689000000.0,117189000000.0,241577000000.0,,,,312039033.0,sec_company_facts,missing_revenue
MS,Morgan Stanley,895421,2017,,6127000000.0,814949000000.0,737772000000.0,76050000000.0,87591000000.0,164775000000.0,,,1791846388.0,sec_company_facts,missing_revenue
MS,Morgan Stanley,895421,2018,,5979000000.0,851733000000.0,773267000000.0,77391000000.0,85552000000.0,191063000000.0,,,1708787567.0,sec_company_facts,missing_revenue
MS,Morgan Stanley,895421,2019,,6111000000.0,853531000000.0,772125000000.0,80246000000.0,,188117000000.0,,,1599276515.0,sec_company_facts,missing_revenue
MS,Morgan Stanley,895421,2020,,8748000000.0,895429000000.0,812732000000.0,81549000000.0,82171000000.0,190060000000.0,,,1813552280.0,sec_company_facts,missing_revenue
MS,Morgan Stanley,895421,2021,,9042000000.0,1115862000000.0,1012713000000.0,101781000000.0,105654000000.0,213388000000.0,,,1781299489.0,sec_company_facts,missing_revenue
MS,Morgan Stanley,895421,2022,,10996000000.0,1188140000000.0,1081542000000.0,105441000000.0,127725000000.0,227363000000.0,,,1681940155.0,sec_company_facts,missing_revenue
MS,Morgan Stanley,895421,2023,,15034000000.0,1180231000000.0,1079000000000.0,100141000000.0,128127000000.0,233867000000.0,,,1635268297.0,sec_company_facts,missing_revenue
MS,Morgan Stanley,895421,2024,,11029000000.0,1193693000000.0,1093711000000.0,99038000000.0,89232000000.0,260544000000.0,,,1612855585.0,sec_company_facts,missing_revenue
UPS,United Parcel Service Inc,1090727,2017,58363000000.0,4844000000.0,38311000000.0,,405000000.0,2291000000.0,23886000000.0,7668000000.0,,,sec_company_facts,ok
UPS,United Parcel Service Inc,1090727,2018,61610000000.0,3422000000.0,40545000000.0,,994000000.0,3476000000.0,22349000000.0,7688000000.0,,,sec_company_facts,ok
UPS,United Parcel Service Inc,1090727,2019,66585000000.0,4905000000.0,45574000000.0,,3021000000.0,3320000000.0,24891000000.0,7529000000.0,,,sec_company_facts,ok
UPS,United Parcel Service Inc,1090727,2020,71861000000.0,4791000000.0,50016000000.0,,3267000000.0,4225000000.0,24472000000.0,7024000000.0,,,sec_company_facts,ok
UPS,United Parcel Service Inc,1090727,2021,74094000000.0,4440000000.0,57857000000.0,,657000000.0,5238000000.0,21677000000.0,7798000000.0,,,sec_company_facts,ok
UPS,United Parcel Service Inc,1090727,2022,84628000000.0,1343000000.0,62408000000.0,,14253000000.0,10255000000.0,19436000000.0,7684000000.0,,,sec_company_facts,ok
UPS,United Parcel Service Inc,1090727,2023,97287000000.0,12890000000.0,69405000000.0,,19786000000.0,5602000000.0,21998000000.0,12810000000.0,,,sec_company_facts,ok
UPS,United Parcel Service Inc,1090727,2024,100338000000.0,11548000000.0,71124000000.0,,17306000000.0,3206000000.0,21030000000.0,13094000000.0,,,sec_company_facts,ok
BA,Boeing Co,12927,2017,96114000000.0,5176000000.0,89997000000.0,,817000000.0,11733000000.0,9568000000.0,7443000000.0,14026000000.0,588490313.0,sec_company_facts,ok
BA,Boeing Co,12927,2018,93496000000.0,5034000000.0,112362000000.0,,1656000000.0,8801000000.0,9782000000.0,6527000000.0,14470000000.0,564985109.0,sec_company_facts,ok
BA,Boeing Co,12927,2019,94005000000.0,8458000000.0,117359000000.0,,339000000.0,8813000000.0,10657000000.0,10344000000.0,17393000000.0,563152208.0,sec_company_facts,ok
BA,Boeing Co,12927,2020,101127000000.0,10460000000.0,133625000000.0,141925000000.0,-8617000000.0,7637000000.0,20964000000.0,11987000000.0,19637000000.0,582996860.0,sec_company_facts,ok
BA,Boeing Co,12927,2021,76559000000.0,-636000000.0,152136000000.0,170211000000.0,-18316000000.0,9485000000.0,63380000000.0,-1975000000.0,4466000000.0,582999765.0,sec_company_facts,ok
BA,Boeing Co,12927,2022,58158000000.0,-11873000000.0,138552000000.0,153398000000.0,-14999000000.0,7752000000.0,57921000000.0,-12767000000.0,-5685000000.0,598239585.0,sec_company_facts,ok
BA,Boeing Co,12927,2023,62286000000.0,-4202000000.0,137100000000.0,152948000000.0,-15883000000.0,8052000000.0,56794000000.0,-2870000000.0,3049000000.0,610135205.0,sec_company_facts,ok
BA,Boeing Co,12927,2024,66608000000.0,-4935000000.0,137012000000.0,154240000000.0,-17233000000.0,14614000000.0,52055000000.0,-3519000000.0,3530000000.0,750074411.0,sec_company_facts,ok
LMT,Lockheed Martin Corp,936468,2017,40536000000.0,3605000000.0,47806000000.0,46200000000.0,1511000000.0,1446000000.0,14282000000.0,4712000000.0,4492000000.0,285570742.0,sec_company_facts,ok
LMT,Lockheed Martin Corp,936468,2018,47290000000.0,5173000000.0,46620000000.0,47396000000.0,-850000000.0,1090000000.0,14263000000.0,5888000000.0,5401000000.0,282562534.0,sec_company_facts,ok
LMT,Lockheed Martin Corp,936468,2019,49960000000.0,1963000000.0,44876000000.0,43427000000.0,1394000000.0,772000000.0,14104000000.0,6744000000.0,6371000000.0,281937366.0,sec_company_facts,ok
LMT,Lockheed Martin Corp,936468,2020,53762000000.0,5046000000.0,47528000000.0,44357000000.0,3127000000.0,1514000000.0,12654000000.0,7334000000.0,7274000000.0,280103431.0,sec_company_facts,ok
LMT,Lockheed Martin Corp,936468,2021,59812000000.0,6230000000.0,50710000000.0,44672000000.0,6015000000.0,3160000000.0,12169000000.0,8545000000.0,8367000000.0,272326925.0,sec_company_facts,ok
LMT,Lockheed Martin Corp,936468,2022,65398000000.0,6833000000.0,50873000000.0,39914000000.0,10959000000.0,3604000000.0,11676000000.0,8644000000.0,8654000000.0,255297298.0,sec_company_facts,ok
LMT,Lockheed Martin Corp,936468,2023,67044000000.0,6315000000.0,52880000000.0,43614000000.0,9266000000.0,2547000000.0,15547000000.0,9123000000.0,9061000000.0,241643304.0,sec_company_facts,ok
LMT,Lockheed Martin Corp,936468,2024,65984000000.0,5732000000.0,52456000000.0,45621000000.0,10959000000.0,1442000000.0,17459000000.0,8348000000.0,8287000000.0,235385902.0,sec_company_facts,ok
NOC,Northrop Grumman Corp,1133421,2017,23526000000.0,1990000000.0,25614000000.0,20355000000.0,5522000000.0,3863000000.0,15266000000.0,3076000000.0,,174087585.0,sec_company_facts,ok
NOC,Northrop Grumman Corp,1133421,2018,24706000000.0,2043000000.0,35128000000.0,27996000000.0,5363000000.0,2319000000.0,14400000000.0,3277000000.0,,169737507.0,sec_company_facts,ok
NOC,Northrop Grumman Corp,1133421,2019,26004000000.0,2869000000.0,37653000000.0,29466000000.0,7132000000.0,2541000000.0,13879000000.0,3218000000.0,,167637130.0,sec_company_facts,ok
NOC,Northrop Grumman Corp,1133421,2020,30095000000.0,3229000000.0,41089000000.0,32270000000.0,8187000000.0,11225000000.0,15003000000.0,3780000000.0,,166718384.0,sec_company_facts,ok
NOC,Northrop Grumman Corp,1133421,2021,33841000000.0,2248000000.0,44469000000.0,33890000000.0,8819000000.0,1579000000.0,12783000000.0,3969000000.0,,156101934.0,sec_company_facts,ok
NOC,Northrop Grumman Corp,1133421,2022,36799000000.0,3189000000.0,42579000000.0,29653000000.0,10579000000.0,2245000000.0,12877000000.0,4065000000.0,,153053371.0,sec_company_facts,ok
NOC,Northrop Grumman Corp,1133421,2023,35667000000.0,7005000000.0,43755000000.0,28443000000.0,12926000000.0,4907000000.0,13856000000.0,5651000000.0,,150035705.0,sec_company_facts,ok
NOC,Northrop Grumman Corp,1133421,2024,36602000000.0,4896000000.0,46544000000.0,31749000000.0,15312000000.0,,16274000000.0,3601000000.0,,144755659.0,sec_company_facts,ok
XOM,Exxon Mobil Corp,34088,2017,239854000000.0,16150000000.0,336758000000.0,156484000000.0,167325000000.0,4616000000.0,27700000000.0,,,4237462159.0,sec_company_facts,ok
XOM,Exxon Mobil Corp,34088,2018,200628000000.0,7840000000.0,330314000000.0,154191000000.0,187688000000.0,3705000000.0,23100000000.0,,,4234802431.0,sec_company_facts,ok
XOM,Exxon Mobil Corp,34088,2019,237162000000.0,19710000000.0,348691000000.0,147668000000.0,191794000000.0,3042000000.0,20538000000.0,,,4232190744.0,sec_company_facts,ok
XOM,Exxon Mobil Corp,34088,2020,279332000000.0,20840000000.0,346196000000.0,163659000000.0,191650000000.0,3089000000.0,26342000000.0,,,4233483160.0,sec_company_facts,ok
XOM,Exxon Mobil Corp,34088,2021,255583000000.0,14340000000.0,362597000000.0,168620000000.0,157150000000.0,4364000000.0,47182000000.0,,,4233592429.0,sec_company_facts,ok
XOM,Exxon Mobil Corp,34088,2022,181502000000.0,-22440000000.0,332750000000.0,163240000000.0,168577000000.0,6802000000.0,43428000000.0,,,4070984988.0,sec_company_facts,ok
XOM,Exxon Mobil Corp,34088,2023,285640000000.0,23040000000.0,338923000000.0,166594000000.0,195049000000.0,29640000000.0,40559000000.0,,,3967844307.0,sec_company_facts,ok
XOM,Exxon Mobil Corp,34088,2024,413680000000.0,55740000000.0,369067000000.0,163779000000.0,204802000000.0,31539000000.0,37483000000.0,,,4339143313.0,sec_company_facts,ok
CVX,Chevron Corp,93410,2017,138477000000.0,4587000000.0,260078000000.0,113356000000.0,145556000000.0,12785000000.0,32490000000.0,,,1910253256.0,sec_company_facts,ok
CVX,Chevron Corp,93410,2018,158902000000.0,-497000000.0,253806000000.0,104487000000.0,148124000000.0,11022000000.0,30234000000.0,,,1900062760.0,sec_company_facts,ok
CVX,Chevron Corp,93410,2019,158902000000.0,9195000000.0,253863000000.0,98221000000.0,154554000000.0,,18730000000.0,,,1879324765.0,sec_company_facts,ok
CVX,Chevron Corp,93410,2020,158902000000.0,14824000000.0,237428000000.0,92220000000.0,144213000000.0,,25676000000.0,,,1926376764.0,sec_company_facts,ok
CVX,Chevron Corp,93410,2021,139865000000.0,2924000000.0,239790000000.0,107064000000.0,131688000000.0,,25676000000.0,,,1947553346.0,sec_company_facts,ok
CVX,Chevron Corp,93410,2022,94471000000.0,-5543000000.0,239535000000.0,99595000000.0,139067000000.0,5596000000.0,31113000000.0,,,1906674044.0,sec_company_facts,ok
CVX,Chevron Corp,93410,2023,155606000000.0,15625000000.0,257709000000.0,97467000000.0,159282000000.0,5640000000.0,21375000000.0,,,1857269160.0,sec_company_facts,ok
CVX,Chevron Corp,93410,2024,235717000000.0,35465000000.0,261632000000.0,99703000000.0,160957000000.0,,20307000000.0,,,1760598537.0,sec_company_facts,ok
COP,ConocoPhillips,1163165,2017,30935000000.0,-4428000000.0,97484000000.0,54546000000.0,34974000000.0,5062000000.0,26186000000.0,,,1174577506.0,sec_company_facts,ok
COP,ConocoPhillips,1163165,2018,23693000000.0,-3615000000.0,89772000000.0,42561000000.0,30607000000.0,6325000000.0,22435000000.0,,,1134404094.0,sec_company_facts,ok
COP,ConocoPhillips,1163165,2019,29106000000.0,-855000000.0,73362000000.0,37916000000.0,31939000000.0,5915000000.0,14856000000.0,,,1081132415.0,sec_company_facts,ok
COP,ConocoPhillips,1163165,2020,36417000000.0,6257000000.0,69980000000.0,35464000000.0,34981000000.0,5088000000.0,14790000000.0,,,1354734727.0,sec_company_facts,ok
COP,ConocoPhillips,1163165,2021,32567000000.0,7189000000.0,70514000000.0,32769000000.0,62618000000.0,2991000000.0,14750000000.0,,,1299526916.0,sec_company_facts,ok
COP,ConocoPhillips,1163165,2022,13662000000.0,-2701000000.0,62618000000.0,45255000000.0,90661000000.0,5028000000.0,18734000000.0,,,1218776494.0,sec_company_facts,ok
COP,ConocoPhillips,1163165,2023,34590000000.0,8079000000.0,90661000000.0,45826000000.0,29849000000.0,6458000000.0,16226000000.0,,,1176408368.0,sec_company_facts,ok
COP,ConocoPhillips,1163165,2024,61049000000.0,18680000000.0,93829000000.0,46645000000.0,45406000000.0,5635000000.0,17863000000.0,,,1272380205.0,sec_company_facts,ok
SLB,Schlumberger Ltd,87347,2017,35475000000.0,2072000000.0,68005000000.0,36427000000.0,41078000000.0,,16463000000.0,6510000000.0,,1383932776.0,sec_company_facts,ok
SLB,Schlumberger Ltd,87347,2018,27810000000.0,-1687000000.0,77956000000.0,34726000000.0,36842000000.0,,14875000000.0,3273000000.0,,1382964324.0,sec_company_facts,ok
SLB,Schlumberger Ltd,87347,2019,30440000000.0,-1505000000.0,71987000000.0,33921000000.0,36162000000.0,,14644000000.0,3921000000.0,,1384515345.0,sec_company_facts,ok
SLB,Schlumberger Ltd,87347,2020,32815000000.0,2138000000.0,70507000000.0,32136000000.0,23760000000.0,,14770000000.0,4187000000.0,,1392325960.0,sec_company_facts,ok
SLB,Schlumberger Ltd,87347,2021,32917000000.0,-10137000000.0,56312000000.0,29945000000.0,12071000000.0,,16036000000.0,3978000000.0,,1403381685.0,sec_company_facts,ok
SLB,Schlumberger Ltd,87347,2022,23601000000.0,-10518000000.0,42434000000.0,26225000000.0,15004000000.0,,13286000000.0,2401000000.0,,1420188492.0,sec_company_facts,ok
SLB,Schlumberger Ltd,87347,2023,22929000000.0,1881000000.0,41511000000.0,25146000000.0,17685000000.0,,10594000000.0,3365000000.0,,1427394843.0,sec_company_facts,ok
SLB,Schlumberger Ltd,87347,2024,28091000000.0,3441000000.0,43135000000.0,26598000000.0,20189000000.0,,10842000000.0,,,1400850420.0,sec_company_facts,ok
OXY,Occidental Petroleum Corp,797468,2017,12480000000.0,-7829000000.0,43409000000.0,,43109000000.0,3789000000.0,9819000000.0,,,765148694.0,sec_company_facts,ok
OXY,Occidental Petroleum Corp,797468,2018,10090000000.0,-574000000.0,43109000000.0,,-258000000.0,1672000000.0,9328000000.0,,,749546443.0,sec_company_facts,ok
OXY,Occidental Petroleum Corp,797468,2019,15560000000.0,1311000000.0,42026000000.0,,21330000000.0,3033000000.0,10201000000.0,,,895224961.0,sec_company_facts,ok
OXY,Occidental Petroleum Corp,797468,2020,19192000000.0,4114000000.0,42159000000.0,,34232000000.0,3032000000.0,38537000000.0,,,931554718.0,sec_company_facts,ok
OXY,Occidental Petroleum Corp,797468,2021,19192000000.0,-985000000.0,107190000000.0,,18573000000.0,2008000000.0,35827000000.0,,,934063989.0,sec_company_facts,ok
OXY,Occidental Petroleum Corp,797468,2022,17130000000.0,-14831000000.0,80064000000.0,,34232000000.0,2764000000.0,29028000000.0,,,900072447.0,sec_company_facts,ok
OXY,Occidental Petroleum Corp,797468,2023,25959000000.0,2322000000.0,75036000000.0,,30085000000.0,984000000.0,19146000000.0,,,879499439.0,sec_company_facts,ok
OXY,Occidental Petroleum Corp,797468,2024,36234000000.0,12421000000.0,74008000000.0,,30250000000.0,1426000000.0,19001000000.0,,,938500965.0,sec_company_facts,ok
NEE,NextEra Energy Inc,753308,2017,,2752000000.0,82479000000.0,,24341000000.0,1292000000.0,27818000000.0,4632000000.0,,470793941.0,sec_company_facts,missing_revenue
NEE,NextEra Energy Inc,753308,2018,15400000000.0,2906000000.0,90474000000.0,,28236000000.0,1714000000.0,31410000000.0,4459000000.0,,478167505.0,sec_company_facts,ok
NEE,NextEra Energy Inc,753308,2019,15400000000.0,5380000000.0,97963000000.0,,34144000000.0,638000000.0,26782000000.0,5173000000.0,,488965893.0,sec_company_facts,ok
NEE,NextEra Energy Inc,753308,2020,15400000000.0,6638000000.0,103702000000.0,75844000000.0,37005000000.0,600000000.0,37543000000.0,4280000000.0,,1959874682.0,sec_company_facts,ok
NEE,NextEra Energy Inc,753308,2021,17500000000.0,3769000000.0,117691000000.0,82755000000.0,36513000000.0,1105000000.0,41944000000.0,5353000000.0,,1962744998.0,sec_company_facts,ok
NEE,NextEra Energy Inc,753308,2022,17000000000.0,2919000000.0,127684000000.0,95243000000.0,37202000000.0,639000000.0,50960000000.0,5116000000.0,,1987495306.0,sec_company_facts,ok
NEE,NextEra Energy Inc,753308,2023,18800000000.0,3573000000.0,140912000000.0,109499000000.0,39229000000.0,1601000000.0,55256000000.0,2913000000.0,,2052429154.0,sec_company_facts,ok
NEE,NextEra Energy Inc,753308,2024,23000000000.0,4147000000.0,158935000000.0,118465000000.0,47468000000.0,2690000000.0,61405000000.0,4081000000.0,,2057026280.0,sec_company_facts,ok
DUK,Duke Energy Corp,1326160,2017,,2816000000.0,121156000000.0,,41033000000.0,463000000.0,47895000000.0,5078000000.0,,700092667.0,sec_company_facts,missing_revenue
DUK,Duke Energy Corp,1326160,2018,23757000000.0,2152000000.0,132761000000.0,,-1000000.0,358000000.0,52279000000.0,5202000000.0,,727010882.0,sec_company_facts,ok
DUK,Duke Energy Corp,1326160,2019,23757000000.0,3059000000.0,137914000000.0,,43817000000.0,442000000.0,54529000000.0,5625000000.0,,733321965.0,sec_company_facts,ok
DUK,Duke Energy Corp,1326160,2020,23757000000.0,2666000000.0,145392000000.0,,46822000000.0,311000000.0,58126000000.0,4685000000.0,,768663580.0,sec_company_facts,ok
DUK,Duke Energy Corp,1326160,2021,24348000000.0,3748000000.0,158838000000.0,,47964000000.0,259000000.0,59863000000.0,5709000000.0,,769358344.0,sec_company_facts,ok
DUK,Duke Energy Corp,1326160,2022,23253000000.0,1377000000.0,162388000000.0,,49296000000.0,341000000.0,63835000000.0,4571000000.0,,770080285.0,sec_company_facts,ok
DUK,Duke Energy Corp,1326160,2023,24486000000.0,3908000000.0,169587000000.0,,49322000000.0,409000000.0,69751000000.0,5500000000.0,,770811446.0,sec_company_facts,ok
DUK,Duke Energy Corp,1326160,2024,28675000000.0,2550000000.0,178086000000.0,,49112000000.0,253000000.0,75252000000.0,6012000000.0,,776461008.0,sec_company_facts,ok
SO,Southern Co,92122,2017,17489000000.0,2367000000.0,78318000000.0,82803000000.0,24758000000.0,710000000.0,42629000000.0,4282000000.0,,1008159482.0,sec_company_facts,ok
SO,Southern Co,92122,2018,5771000000.0,658000000.0,109697000000.0,85153000000.0,24167000000.0,2130000000.0,44462000000.0,4486000000.0,,1034564279.0,sec_company_facts,ok
SO,Southern Co,92122,2019,6372000000.0,938000000.0,111005000000.0,87584000000.0,24723000000.0,1396000000.0,40736000000.0,2333000000.0,,1054228409.0,sec_company_facts,ok
SO,Southern Co,92122,2020,23495000000.0,2226000000.0,116914000000.0,86650000000.0,27505000000.0,1975000000.0,41798000000.0,4191000000.0,,1056609660.0,sec_company_facts,ok
SO,Southern Co,92122,2021,21419000000.0,4739000000.0,118700000000.0,90410000000.0,27972000000.0,1065000000.0,45073000000.0,7736000000.0,,1060226587.0,sec_company_facts,ok
SO,Southern Co,92122,2022,20375000000.0,3119000000.0,122935000000.0,94967000000.0,27874000000.0,1798000000.0,50120000000.0,4885000000.0,,1088907919.0,sec_company_facts,ok
SO,Southern Co,92122,2023,23113000000.0,2393000000.0,127534000000.0,100359000000.0,30408000000.0,1917000000.0,50656000000.0,3698000000.0,,1091015113.0,sec_company_facts,ok
SO,Southern Co,92122,2024,29279000000.0,3524000000.0,134891000000.0,104106000000.0,31444000000.0,748000000.0,57210000000.0,5370000000.0,,1096802197.0,sec_company_facts,ok
EQIX,Equinix Inc,1101239,2017,2725867000.0,187774000.0,12608371000.0,8242542000.0,2270131000.0,2228838000.0,8470275000.0,567342000.0,416476000.0,79228072.0,sec_company_facts,ok
EQIX,Equinix Inc,1101239,2018,3611989000.0,126800000.0,18691457000.0,11841667000.0,2745386000.0,748476000.0,9890531000.0,618739000.0,480564000.0,80865431.0,sec_company_facts,ok
EQIX,Equinix Inc,1101239,2019,4368428000.0,232982000.0,20244638000.0,13025359000.0,7219279000.0,1412517000.0,10401097000.0,809014000.0,593447000.0,85443883.0,sec_company_facts,ok
EQIX,Equinix Inc,1101239,2020,5071654000.0,365359000.0,23965615000.0,15125233000.0,8840606000.0,606166000.0,10633881000.0,977383000.0,681188000.0,89287863.0,sec_company_facts,ok
EQIX,Equinix Inc,1101239,2021,5562140000.0,507450000.0,27006841000.0,16372723000.0,10633988000.0,1869577000.0,11722148000.0,1169631000.0,,90721039.0,sec_company_facts,ok
EQIX,Equinix Inc,1101239,2022,5998545000.0,369777000.0,27918698000.0,17036934000.0,10882082000.0,1604869000.0,12880507000.0,1052928000.0,,92784198.0,sec_company_facts,ok
EQIX,Equinix Inc,1101239,2023,6635537000.0,500191000.0,30310742000.0,18804910000.0,11505966000.0,1536358000.0,13840646000.0,1108162000.0,,94621449.0,sec_company_facts,ok
EQIX,Equinix Inc,1101239,2024,7263000000.0,705000000.0,32651000000.0,20137000000.0,12489000000.0,1906000000.0,15334000000.0,1200000000.0,,97332005.0,sec_company_facts,ok
PLD,Prologis Inc,1045609,2017,,869439000.0,30249932000.0,11791792000.0,14991081000.0,350692000.0,10608294000.0,380172000.0,,533054000.0,sec_company_facts,missing_revenue
PLD,Prologis Inc,1045609,2018,2533135000.0,1209932000.0,29481075000.0,10775334000.0,15631158000.0,264080000.0,9412631000.0,668378000.0,,630350000.0,sec_company_facts,ok
PLD,Prologis Inc,1045609,2019,2618134000.0,1652325000.0,38417664000.0,12616776000.0,22298093000.0,807316000.0,11089815000.0,1954031000.0,,738743000.0,sec_company_facts,ok
PLD,Prologis Inc,1045609,2020,2804449000.0,1649361000.0,40031850000.0,13960066000.0,22653127000.0,447046000.0,11905877000.0,1687998000.0,,739500000.0,sec_company_facts,ok
PLD,Prologis Inc,1045609,2021,3330621000.0,1572959000.0,56065005000.0,19740425000.0,31971547000.0,343856000.0,16849076000.0,1849766000.0,,740000000.0,sec_company_facts,ok
PLD,Prologis Inc,1045609,2022,4438735000.0,1481814000.0,58486220000.0,20744010000.0,33426873000.0,598000000.0,17715054000.0,2118944000.0,,923429000.0,sec_company_facts,ok
PLD,Prologis Inc,1045609,2023,4759440000.0,2939723000.0,87897448000.0,30034355000.0,53237282000.0,556000000.0,215300000.0,3206996000.0,,924881000.0,sec_company_facts,ok
PLD,Prologis Inc,1045609,2024,5973692000.0,3364856000.0,93020840000.0,35197120000.0,53181724000.0,278000000.0,29000501000.0,3467538000.0,,926860000.0,sec_company_facts,ok
CVS,CVS Health Corp,64803,2017,153290000000.0,5237000000.0,94462000000.0,,36830000000.0,2481000000.0,25700000000.0,9475000000.0,26528000000.0,1014532157.0,sec_company_facts,ok
CVS,CVS Health Corp,64803,2018,177526000000.0,5317000000.0,95131000000.0,57436000000.0,37691000000.0,3371000000.0,27002000000.0,10386000000.0,,1297082165.0,sec_company_facts,ok
CVS,CVS Health Corp,64803,2019,177526000000.0,6622000000.0,196456000000.0,137913000000.0,58225000000.0,1696000000.0,27002000000.0,9538000000.0,,1304159680.0,sec_company_facts,ok
CVS,CVS Health Corp,64803,2020,194579000000.0,-594000000.0,222449000000.0,158279000000.0,63864000000.0,4059000000.0,64699000000.0,4021000000.0,,1311354926.0,sec_company_facts,ok
CVS,CVS Health Corp,64803,2021,256776000000.0,6634000000.0,230715000000.0,161014000000.0,69389000000.0,5683000000.0,59207000000.0,11987000000.0,,1312510426.0,sec_company_facts,ok
CVS,CVS Health Corp,64803,2022,268706000000.0,7179000000.0,232999000000.0,157618000000.0,75075000000.0,7854000000.0,51971000000.0,13911000000.0,,1284111667.0,sec_company_facts,ok
CVS,CVS Health Corp,64803,2023,292111000000.0,8001000000.0,228275000000.0,156506000000.0,71469000000.0,9408000000.0,50476000000.0,13310000000.0,,1258449553.0,sec_company_facts,ok
CVS,CVS Health Corp,64803,2024,322467000000.0,4311000000.0,249728000000.0,173092000000.0,76461000000.0,12945000000.0,58638000000.0,7954000000.0,,1260795063.0,sec_company_facts,ok
PYPL,PayPal Holdings Inc,1633917,2017,9248000000.0,1228000000.0,33103000000.0,18391000000.0,8248000000.0,2201000000.0,,1461000000.0,,1200160405.0,sec_company_facts,ok
PYPL,PayPal Holdings Inc,1633917,2018,10842000000.0,1401000000.0,40774000000.0,24780000000.0,13759000000.0,1590000000.0,,1586000000.0,,1173209367.0,sec_company_facts,ok
PYPL,PayPal Holdings Inc,1633917,2019,13094000000.0,1795000000.0,43332000000.0,27946000000.0,15386000000.0,2883000000.0,0.0,2127000000.0,,1172955485.0,sec_company_facts,ok
PYPL,PayPal Holdings Inc,1633917,2020,15451000000.0,2057000000.0,51333000000.0,34404000000.0,16885000000.0,7575000000.0,4965000000.0,2194000000.0,,1171175760.0,sec_company_facts,ok
PYPL,PayPal Holdings Inc,1633917,2021,17772000000.0,2459000000.0,70379000000.0,50316000000.0,20019000000.0,7349000000.0,8939000000.0,2719000000.0,,1165004913.0,sec_company_facts,ok
PYPL,PayPal Holdings Inc,1633917,2022,21454000000.0,4202000000.0,75803000000.0,54076000000.0,21727000000.0,4794000000.0,8049000000.0,3289000000.0,,1131373298.0,sec_company_facts,ok
PYPL,PayPal Holdings Inc,1633917,2023,25371000000.0,4169000000.0,78624000000.0,58350000000.0,20274000000.0,5197000000.0,10417000000.0,4262000000.0,,1071741864.0,sec_company_facts,ok
PYPL,PayPal Holdings Inc,1633917,2024,27518000000.0,2419000000.0,82166000000.0,61115000000.0,21727000000.0,7776000000.0,9676000000.0,3837000000.0,,989242452.0,sec_company_facts,ok
