company_id,company_name,ticker,year,actual_market_cap,estimated_fair_value,valuation_gap_pct,quality_score,report_risk_score,model_error,final_signal,best_model_used,explanation_text,output_quality_flag,output_warning_text,final_signal_display
789019,Microsoft Corp,MSFT,2010,177555885452.2705,239343902566.5132,34.79919404352957,81.43453768453767,50,-0.2986160335666739,Research candidate,Ridge Regression,"Research signal: Research candidate. This signal was assigned because the model-estimated fair value is 34.8% above actual market cap; fundamentals score in the upper third of the training dataset; report risk is set to neutral because SEC filing text has not been integrated into this dataset; and the log-scale model error is low (-0.30). The valuation gap is a research signal, not proof of undervaluation or overvaluation. This output is for research purposes only and does not constitute investment advice.",neutral_report_risk,Report risk is currently neutral because filing-text extraction has not yet been integrated for this dataset.,Research candidate
789019,Microsoft Corp,MSFT,2011,169639207029.34265,214057025269.50916,26.183698343086164,75.7416036715102,50,-0.23256858258278612,Research candidate,Ridge Regression,"Research signal: Research candidate. This signal was assigned because the model-estimated fair value is 26.2% above actual market cap; fundamentals score in the upper third of the training dataset; report risk is set to neutral because SEC filing text has not been integrated into this dataset; and the log-scale model error is low (-0.23). The valuation gap is a research signal, not proof of undervaluation or overvaluation. This output is for research purposes only and does not constitute investment advice.",neutral_report_risk,Report risk is currently neutral because filing-text extraction has not yet been integrated for this dataset.,Research candidate
789019,Microsoft Corp,MSFT,2012,178341411392.2119,242535871371.80014,35.995262950123525,76.85069603293903,50,-0.30744986789224527,Research candidate,Ridge Regression,"Research signal: Research candidate. This signal was assigned because the model-estimated fair value is 36.0% above actual market cap; fundamentals score in the upper third of the training dataset; report risk is set to neutral because SEC filing text has not been integrated into this dataset; and the log-scale model error is moderate (-0.31). The valuation gap is a research signal, not proof of undervaluation or overvaluation. This output is for research purposes only and does not constitute investment advice.",neutral_report_risk,Report risk is currently neutral because filing-text extraction has not yet been integrated for this dataset.,Research candidate
789019,Microsoft Corp,MSFT,2013,254592907035.82764,406614535226.1592,59.71165102762988,77.9297667545331,50,-0.4681998222863868,Research candidate,Ridge Regression,"Research signal: Research candidate. This signal was assigned because the model-estimated fair value is 59.7% above actual market cap; fundamentals score in the upper third of the training dataset; report risk is set to neutral because SEC filing text has not been integrated into this dataset; and the log-scale model error is moderate (-0.47). The valuation gap is a research signal, not proof of undervaluation or overvaluation. This output is for research purposes only and does not constitute investment advice.",neutral_report_risk,Report risk is currently neutral because filing-text extraction has not yet been integrated for this dataset.,Research candidate
789019,Microsoft Corp,MSFT,2014,316413669342.041,174371240474.42188,-44.89136931504443,51.90283859442739,50,0.5958638453449225,Potentially overvalued,Ridge Regression,"Research signal: Potentially overvalued. This signal was assigned because the model-estimated fair value is 44.9% below actual market cap; fundamentals are in the middle range of the training dataset; report risk is set to neutral because SEC filing text has not been integrated into this dataset; and the log-scale model error is moderate (+0.60). The valuation gap is a research signal, not proof of undervaluation or overvaluation. This output is for research purposes only and does not constitute investment advice.",neutral_report_risk,Report risk is currently neutral because filing-text extraction has not yet been integrated for this dataset.,Potentially overvalued
789019,Microsoft Corp,MSFT,2015,377622197753.90625,189279158566.64896,-49.87605080091164,48.11375799693557,50,0.6906712641903034,Potentially overvalued,Ridge Regression,"Research signal: Potentially overvalued. This signal was assigned because the model-estimated fair value is 49.9% below actual market cap; fundamentals are in the middle range of the training dataset; report risk is set to neutral because SEC filing text has not been integrated into this dataset; and the log-scale model error is high (+0.69) — treat this estimate with additional caution. The valuation gap is a research signal, not proof of undervaluation or overvaluation. This output is for research purposes only and does not constitute investment advice.",neutral_report_risk,Report risk is currently neutral because filing-text extraction has not yet been integrated for this dataset.,Potentially overvalued
1288776,Google Inc.,GOOGL,2011,208005255635.28094,100495798814.25873,-51.685932883124195,72.66744366744366,50,0.7274474230772441,Potentially overvalued,Ridge Regression,"Research signal: Potentially overvalued. This signal was assigned because the model-estimated fair value is 51.7% below actual market cap; fundamentals score in the upper third of the training dataset; report risk is set to neutral because SEC filing text has not been integrated into this dataset; and the log-scale model error is high (+0.73) — treat this estimate with additional caution. The valuation gap is a research signal, not proof of undervaluation or overvaluation. This output is for research purposes only and does not constitute investment advice.",neutral_report_risk,Report risk is currently neutral because filing-text extraction has not yet been integrated for this dataset.,Potentially overvalued
1288776,Google Inc.,GOOGL,2012,231368935883.4105,201984442145.81805,-12.700276130586358,76.56017217465816,50,0.13582288615539895,Potentially overvalued,Ridge Regression,"Research signal: Potentially overvalued. This signal was assigned because the model-estimated fair value is 12.7% below actual market cap; fundamentals score in the upper third of the training dataset; report risk is set to neutral because SEC filing text has not been integrated into this dataset; and the log-scale model error is low (+0.14). The valuation gap is a research signal, not proof of undervaluation or overvaluation. This output is for research purposes only and does not constitute investment advice.",neutral_report_risk,Report risk is currently neutral because filing-text extraction has not yet been integrated for this dataset.,Potentially overvalued
1288776,Google Inc.,GOOGL,2013,373062257936.7408,335014644389.43494,-10.198730302478758,70.65277687006659,50,0.10757107160927859,Potentially overvalued,Ridge Regression,"Research signal: Potentially overvalued. This signal was assigned because the model-estimated fair value is 10.2% below actual market cap; fundamentals score in the upper third of the training dataset; report risk is set to neutral because SEC filing text has not been integrated into this dataset; and the log-scale model error is low (+0.11). The valuation gap is a research signal, not proof of undervaluation or overvaluation. This output is for research purposes only and does not constitute investment advice.",neutral_report_risk,Report risk is currently neutral because filing-text extraction has not yet been integrated for this dataset.,Potentially overvalued
1288776,Google Inc.,GOOGL,2015,530063393497.0093,519807071327.4193,-1.9349236893959996,68.69752703163918,50,0.019538883711415878,Fairly valued / neutral,Ridge Regression,"Research signal: Fairly valued / neutral. This signal was assigned because the model-estimated fair value is within 5% of actual market cap; fundamentals score in the upper third of the training dataset; report risk is set to neutral because SEC filing text has not been integrated into this dataset; and the log-scale model error is low (+0.02). The valuation gap is a research signal, not proof of undervaluation or overvaluation. This output is for research purposes only and does not constitute investment advice.",neutral_report_risk,Report risk is currently neutral because filing-text extraction has not yet been integrated for this dataset.,Fairly valued / neutral
1018724,Amazon COM Inc,AMZN,2011,78760497570.03784,37124008672.33776,-52.86468494015645,44.004273504273506,50,0.7521476769606927,Potentially overvalued,Ridge Regression,"Research signal: Potentially overvalued. This signal was assigned because the model-estimated fair value is 52.9% below actual market cap; fundamentals score in the lower third of the training dataset; report risk is set to neutral because SEC filing text has not been integrated into this dataset; and the log-scale model error is high (+0.75) — treat this estimate with additional caution. The valuation gap is a research signal, not proof of undervaluation or overvaluation. This output is for research purposes only and does not constitute investment advice.",neutral_report_risk,Report risk is currently neutral because filing-text extraction has not yet been integrated for this dataset.,Potentially overvalued
1018724,Amazon COM Inc,AMZN,2012,113894979515.07568,45099400243.22131,-60.402644229588944,43.51121749486235,50,0.9264078434315728,Potentially overvalued,Ridge Regression,"Research signal: Potentially overvalued. This signal was assigned because the model-estimated fair value is 60.4% below actual market cap; fundamentals score in the lower third of the training dataset; report risk is set to neutral because SEC filing text has not been integrated into this dataset; and the log-scale model error is high (+0.93) — treat this estimate with additional caution. The valuation gap is a research signal, not proof of undervaluation or overvaluation. This output is for research purposes only and does not constitute investment advice.",neutral_report_risk,Report risk is currently neutral because filing-text extraction has not yet been integrated for this dataset.,Potentially overvalued
1018724,Amazon COM Inc,AMZN,2013,183044617424.01123,51206447034.913086,-72.02515553008773,45.24613859660589,50,1.273864491415484,Potentially overvalued,Ridge Regression,"Research signal: Potentially overvalued. This signal was assigned because the model-estimated fair value is 72.0% below actual market cap; fundamentals are in the middle range of the training dataset; report risk is set to neutral because SEC filing text has not been integrated into this dataset; and the log-scale model error is high (+1.27) — treat this estimate with additional caution. The valuation gap is a research signal, not proof of undervaluation or overvaluation. This output is for research purposes only and does not constitute investment advice.","high_model_error, neutral_report_risk, needs_review",Model error of +1.274 (log scale) is large — the model fit was poor for this observation. | Report risk is currently neutral because filing-text extraction has not yet been integrated for this dataset.,Needs review
1018724,Amazon COM Inc,AMZN,2014,144312749290.4663,61435504469.416664,-57.42891409700608,31.476942320400262,50,0.853994897828926,Potentially overvalued,Ridge Regression,"Research signal: Potentially overvalued. This signal was assigned because the model-estimated fair value is 57.4% below actual market cap; fundamentals score in the lower third of the training dataset; report risk is set to neutral because SEC filing text has not been integrated into this dataset; and the log-scale model error is high (+0.85) — treat this estimate with additional caution. The valuation gap is a research signal, not proof of undervaluation or overvaluation. This output is for research purposes only and does not constitute investment advice.",neutral_report_risk,Report risk is currently neutral because filing-text extraction has not yet been integrated for this dataset.,Potentially overvalued
1018724,Amazon COM Inc,AMZN,2015,318344175338.7451,79789967680.73781,-74.9359423347908,43.81835791415231,50,1.3837353316223187,Potentially overvalued,Ridge Regression,"Research signal: Potentially overvalued. This signal was assigned because the model-estimated fair value is 74.9% below actual market cap; fundamentals score in the lower third of the training dataset; report risk is set to neutral because SEC filing text has not been integrated into this dataset; and the log-scale model error is high (+1.38) — treat this estimate with additional caution. The valuation gap is a research signal, not proof of undervaluation or overvaluation. This output is for research purposes only and does not constitute investment advice.","high_model_error, neutral_report_risk, needs_review",Model error of +1.384 (log scale) is large — the model fit was poor for this observation. | Report risk is currently neutral because filing-text extraction has not yet been integrated for this dataset.,Needs review
1045810,Nvidia Corp,NVDA,2010,8299842663.741419,8912658317.769339,7.383461095052536,36.89219114219114,50,-0.07123599070007813,Fairly valued / neutral,Ridge Regression,"Research signal: Fairly valued / neutral. This signal was assigned because the model-estimated fair value is 7.4% above actual market cap; fundamentals score in the lower third of the training dataset; report risk is set to neutral because SEC filing text has not been integrated into this dataset; and the log-scale model error is low (-0.07). The valuation gap is a research signal, not proof of undervaluation or overvaluation. This output is for research purposes only and does not constitute investment advice.",neutral_report_risk,Report risk is currently neutral because filing-text extraction has not yet been integrated for this dataset.,Fairly valued / neutral
1045810,Nvidia Corp,NVDA,2011,7769836869.281373,10668079373.299479,37.3012014637852,52.40238110798858,50,-0.3170068773941992,Research candidate,Ridge Regression,"Research signal: Research candidate. This signal was assigned because the model-estimated fair value is 37.3% above actual market cap; fundamentals are in the middle range of the training dataset; report risk is set to neutral because SEC filing text has not been integrated into this dataset; and the log-scale model error is moderate (-0.32). The valuation gap is a research signal, not proof of undervaluation or overvaluation. This output is for research purposes only and does not constitute investment advice.",neutral_report_risk,Report risk is currently neutral because filing-text extraction has not yet been integrated for this dataset.,Research candidate
1045810,Nvidia Corp,NVDA,2012,6968806095.987474,11422819576.514818,63.913580305985164,44.41220072762128,50,-0.49416915359575597,Possible value trap,Ridge Regression,"Research signal: Possible value trap. This signal was assigned because the model-estimated fair value is 63.9% above actual market cap; fundamentals score in the lower third of the training dataset; report risk is set to neutral because SEC filing text has not been integrated into this dataset; and the log-scale model error is moderate (-0.49). The valuation gap is a research signal, not proof of undervaluation or overvaluation. This output is for research purposes only and does not constitute investment advice.",neutral_report_risk,Report risk is currently neutral because filing-text extraction has not yet been integrated for this dataset.,Possible value trap
1045810,Nvidia Corp,NVDA,2013,8569381696.917545,11490704420.615923,34.09023926135994,28.49888714608341,50,-0.29334281463597023,Possible value trap,Ridge Regression,"Research signal: Possible value trap. This signal was assigned because the model-estimated fair value is 34.1% above actual market cap; fundamentals score in the lower third of the training dataset; report risk is set to neutral because SEC filing text has not been integrated into this dataset; and the log-scale model error is low (-0.29). The valuation gap is a research signal, not proof of undervaluation or overvaluation. This output is for research purposes only and does not constitute investment advice.",neutral_report_risk,Report risk is currently neutral because filing-text extraction has not yet been integrated for this dataset.,Possible value trap
1045810,Nvidia Corp,NVDA,2014,10473354155.28655,15491027613.053059,47.908944769463155,48.74150382327952,50,-0.3914266603952683,Research candidate,Ridge Regression,"Research signal: Research candidate. This signal was assigned because the model-estimated fair value is 47.9% above actual market cap; fundamentals are in the middle range of the training dataset; report risk is set to neutral because SEC filing text has not been integrated into this dataset; and the log-scale model error is moderate (-0.39). The valuation gap is a research signal, not proof of undervaluation or overvaluation. This output is for research purposes only and does not constitute investment advice.",neutral_report_risk,Report risk is currently neutral because filing-text extraction has not yet been integrated for this dataset.,Research candidate
1045810,Nvidia Corp,NVDA,2015,17312679424.28589,14456672367.920311,-16.496620692688545,43.41379285304519,50,0.1802830842039569,Potentially overvalued,Ridge Regression,"Research signal: Potentially overvalued. This signal was assigned because the model-estimated fair value is 16.5% below actual market cap; fundamentals score in the lower third of the training dataset; report risk is set to neutral because SEC filing text has not been integrated into this dataset; and the log-scale model error is low (+0.18). The valuation gap is a research signal, not proof of undervaluation or overvaluation. This output is for research purposes only and does not constitute investment advice.",neutral_report_risk,Report risk is currently neutral because filing-text extraction has not yet been integrated for this dataset.,Potentially overvalued
1341439,Oracle Corp,ORCL,2010,128344271598.81592,64183087453.394485,-49.99146697094455,60.984848484848484,50,0.6929765345396959,Potentially overvalued,Ridge Regression,"Research signal: Potentially overvalued. This signal was assigned because the model-estimated fair value is 50.0% below actual market cap; fundamentals are in the middle range of the training dataset; report risk is set to neutral because SEC filing text has not been integrated into this dataset; and the log-scale model error is high (+0.69) — treat this estimate with additional caution. The valuation gap is a research signal, not proof of undervaluation or overvaluation. This output is for research purposes only and does not constitute investment advice.",neutral_report_risk,Report risk is currently neutral because filing-text extraction has not yet been integrated for this dataset.,Potentially overvalued
1341439,Oracle Corp,ORCL,2011,102525603160.85815,115007039975.24814,12.173970627421873,68.24777792301157,50,-0.11488078934352686,Research candidate,Ridge Regression,"Research signal: Research candidate. This signal was assigned because the model-estimated fair value is 12.2% above actual market cap; fundamentals score in the upper third of the training dataset; report risk is set to neutral because SEC filing text has not been integrated into this dataset; and the log-scale model error is low (-0.11). The valuation gap is a research signal, not proof of undervaluation or overvaluation. This output is for research purposes only and does not constitute investment advice.",neutral_report_risk,Report risk is currently neutral because filing-text extraction has not yet been integrated for this dataset.,Research candidate
1341439,Oracle Corp,ORCL,2012,127200874252.31934,120496034173.2545,-5.27106446278421,69.26312005751258,50,0.05415068297138603,Fairly valued / neutral,Ridge Regression,"Research signal: Fairly valued / neutral. This signal was assigned because the model-estimated fair value is 5.3% below actual market cap; fundamentals score in the upper third of the training dataset; report risk is set to neutral because SEC filing text has not been integrated into this dataset; and the log-scale model error is low (+0.05). The valuation gap is a research signal, not proof of undervaluation or overvaluation. This output is for research purposes only and does not constitute investment advice.",neutral_report_risk,Report risk is currently neutral because filing-text extraction has not yet been integrated for this dataset.,Fairly valued / neutral
1341439,Oracle Corp,ORCL,2013,142176060241.69922,157119628605.92346,10.510608001670734,68.89583469490012,50,-0.09994133037712771,Research candidate,Ridge Regression,"Research signal: Research candidate. This signal was assigned because the model-estimated fair value is 10.5% above actual market cap; fundamentals score in the upper third of the training dataset; report risk is set to neutral because SEC filing text has not been integrated into this dataset; and the log-scale model error is low (-0.10). The valuation gap is a research signal, not proof of undervaluation or overvaluation. This output is for research purposes only and does not constitute investment advice.",neutral_report_risk,Report risk is currently neutral because filing-text extraction has not yet been integrated for this dataset.,Research candidate
1341439,Oracle Corp,ORCL,2014,164568626502.99072,223504276544.8039,35.81220266229914,64.57384048972834,50,-0.30610288270116115,Research candidate,Ridge Regression,"Research signal: Research candidate. This signal was assigned because the model-estimated fair value is 35.8% above actual market cap; fundamentals are in the middle range of the training dataset; report risk is set to neutral because SEC filing text has not been integrated into this dataset; and the log-scale model error is moderate (-0.31). The valuation gap is a research signal, not proof of undervaluation or overvaluation. This output is for research purposes only and does not constitute investment advice.",neutral_report_risk,Report risk is currently neutral because filing-text extraction has not yet been integrated for this dataset.,Research candidate
1341439,Oracle Corp,ORCL,2015,128936440629.9591,196952646224.30905,52.75173198673362,60.27596780166874,50,-0.42364375070135196,Research candidate,Ridge Regression,"Research signal: Research candidate. This signal was assigned because the model-estimated fair value is 52.8% above actual market cap; fundamentals are in the middle range of the training dataset; report risk is set to neutral because SEC filing text has not been integrated into this dataset; and the log-scale model error is moderate (-0.42). The valuation gap is a research signal, not proof of undervaluation or overvaluation. This output is for research purposes only and does not constitute investment advice.",neutral_report_risk,Report risk is currently neutral because filing-text extraction has not yet been integrated for this dataset.,Research candidate
1065280,Netflix Inc,NFLX,2011,3838569549.1425543,6861891254.93077,78.7616758556206,59.82750582750583,50,-0.5808833129248043,Research candidate,Ridge Regression,"Research signal: Research candidate. This signal was assigned because the model-estimated fair value is 78.8% above actual market cap; fundamentals are in the middle range of the training dataset; report risk is set to neutral because SEC filing text has not been integrated into this dataset; and the log-scale model error is moderate (-0.58). The valuation gap is a research signal, not proof of undervaluation or overvaluation. This output is for research purposes only and does not constitute investment advice.",neutral_report_risk,Report risk is currently neutral because filing-text extraction has not yet been integrated for this dataset.,Research candidate
1065280,Netflix Inc,NFLX,2012,5129356542.953664,14154707323.567934,175.95483380878716,34.29111387055312,50,-1.0150670207173178,Possible value trap,Ridge Regression,"Research signal: Possible value trap. This signal was assigned because the model-estimated fair value is 176.0% above actual market cap; fundamentals score in the lower third of the training dataset; report risk is set to neutral because SEC filing text has not been integrated into this dataset; and the log-scale model error is high (-1.02) — treat this estimate with additional caution. The valuation gap is a research signal, not proof of undervaluation or overvaluation. This output is for research purposes only and does not constitute investment advice.","extreme_valuation_gap, high_model_error, neutral_report_risk, needs_review",Valuation gap of +176.0% exceeds 100% — the model estimate is likely unreliable for this observation. | Model error of -1.015 (log scale) is large — the model fit was poor for this observation. | Report risk is currently neutral because filing-text extraction has not yet been integrated for this dataset.,Needs review
1065280,Netflix Inc,NFLX,2013,21945508084.73034,16122751394.641142,-26.532795083202764,51.266572990872056,50,0.3083310709505973,Potentially overvalued,Ridge Regression,"Research signal: Potentially overvalued. This signal was assigned because the model-estimated fair value is 26.5% below actual market cap; fundamentals are in the middle range of the training dataset; report risk is set to neutral because SEC filing text has not been integrated into this dataset; and the log-scale model error is moderate (+0.31). The valuation gap is a research signal, not proof of undervaluation or overvaluation. This output is for research purposes only and does not constitute investment advice.",neutral_report_risk,Report risk is currently neutral because filing-text extraction has not yet been integrated for this dataset.,Potentially overvalued
1065280,Netflix Inc,NFLX,2014,20638656748.459698,15278346554.132517,-25.97218539780808,57.34466519980539,50,0.30072929040388985,Potentially overvalued,Ridge Regression,"Research signal: Potentially overvalued. This signal was assigned because the model-estimated fair value is 26.0% below actual market cap; fundamentals are in the middle range of the training dataset; report risk is set to neutral because SEC filing text has not been integrated into this dataset; and the log-scale model error is moderate (+0.30). The valuation gap is a research signal, not proof of undervaluation or overvaluation. This output is for research purposes only and does not constitute investment advice.",neutral_report_risk,Report risk is currently neutral because filing-text extraction has not yet been integrated for this dataset.,Potentially overvalued
1065280,Netflix Inc,NFLX,2015,48947826351.82648,16152872433.141558,-66.99981666797996,42.97337320000871,50,1.1086570690212838,Potentially overvalued,Ridge Regression,"Research signal: Potentially overvalued. This signal was assigned because the model-estimated fair value is 67.0% below actual market cap; fundamentals score in the lower third of the training dataset; report risk is set to neutral because SEC filing text has not been integrated into this dataset; and the log-scale model error is high (+1.11) — treat this estimate with additional caution. The valuation gap is a research signal, not proof of undervaluation or overvaluation. This output is for research purposes only and does not constitute investment advice.","high_model_error, neutral_report_risk, needs_review",Model error of +1.109 (log scale) is large — the model fit was poor for this observation. | Report risk is currently neutral because filing-text extraction has not yet been integrated for this dataset.,Needs review
1318605,Tesla Motors Inc,TSLA,2011,2985385579.584628,1800982762.7461905,-39.67336162329924,14.77059052059052,50,0.505396415679602,Potentially overvalued,Ridge Regression,"Research signal: Potentially overvalued. This signal was assigned because the model-estimated fair value is 39.7% below actual market cap; fundamentals score in the lower third of the training dataset; report risk is set to neutral because SEC filing text has not been integrated into this dataset; and the log-scale model error is moderate (+0.51). The valuation gap is a research signal, not proof of undervaluation or overvaluation. This output is for research purposes only and does not constitute investment advice.",neutral_report_risk,Report risk is currently neutral because filing-text extraction has not yet been integrated for this dataset.,Potentially overvalued
1318605,Tesla Motors Inc,TSLA,2012,3868437283.924384,7021851797.355302,81.51649573162777,26.440014813846588,50,-0.5961763491606789,Possible value trap,Ridge Regression,"Research signal: Possible value trap. This signal was assigned because the model-estimated fair value is 81.5% above actual market cap; fundamentals score in the lower third of the training dataset; report risk is set to neutral because SEC filing text has not been integrated into this dataset; and the log-scale model error is moderate (-0.60). The valuation gap is a research signal, not proof of undervaluation or overvaluation. This output is for research purposes only and does not constitute investment advice.",neutral_report_risk,Report risk is currently neutral because filing-text extraction has not yet been integrated for this dataset.,Possible value trap
1318605,Tesla Motors Inc,TSLA,2013,18516579071.928974,22703005349.356018,22.60906974859974,49.16025641025641,50,-0.20383081315132756,Research candidate,Ridge Regression,"Research signal: Research candidate. This signal was assigned because the model-estimated fair value is 22.6% above actual market cap; fundamentals are in the middle range of the training dataset; report risk is set to neutral because SEC filing text has not been integrated into this dataset; and the log-scale model error is low (-0.20). The valuation gap is a research signal, not proof of undervaluation or overvaluation. This output is for research purposes only and does not constitute investment advice.",neutral_report_risk,Report risk is currently neutral because filing-text extraction has not yet been integrated for this dataset.,Research candidate
1318605,Tesla Motors Inc,TSLA,2014,27954180893.421677,8614395158.472338,-69.18387560230921,27.713012584507915,50,1.1771321135914938,Potentially overvalued,Ridge Regression,"Research signal: Potentially overvalued. This signal was assigned because the model-estimated fair value is 69.2% below actual market cap; fundamentals score in the lower third of the training dataset; report risk is set to neutral because SEC filing text has not been integrated into this dataset; and the log-scale model error is high (+1.18) — treat this estimate with additional caution. The valuation gap is a research signal, not proof of undervaluation or overvaluation. This output is for research purposes only and does not constitute investment advice.","high_model_error, neutral_report_risk, needs_review",Model error of +1.177 (log scale) is large — the model fit was poor for this observation. | Report risk is currently neutral because filing-text extraction has not yet been integrated for this dataset.,Needs review
1318605,Tesla Motors Inc,TSLA,2015,31543316034.793858,12227495585.837017,-61.23585873993249,32.986585844062475,50,0.9476745610179087,Potentially overvalued,Ridge Regression,"Research signal: Potentially overvalued. This signal was assigned because the model-estimated fair value is 61.2% below actual market cap; fundamentals score in the lower third of the training dataset; report risk is set to neutral because SEC filing text has not been integrated into this dataset; and the log-scale model error is high (+0.95) — treat this estimate with additional caution. The valuation gap is a research signal, not proof of undervaluation or overvaluation. This output is for research purposes only and does not constitute investment advice.",neutral_report_risk,Report risk is currently neutral because filing-text extraction has not yet been integrated for this dataset.,Potentially overvalued
796343,Adobe Systems Inc,ADBE,2011,13895836025.009155,16385751475.320662,17.9184285553619,57.658508158508155,50,-0.16482291600187438,Research candidate,Ridge Regression,"Research signal: Research candidate. This signal was assigned because the model-estimated fair value is 17.9% above actual market cap; fundamentals are in the middle range of the training dataset; report risk is set to neutral because SEC filing text has not been integrated into this dataset; and the log-scale model error is low (-0.16). The valuation gap is a research signal, not proof of undervaluation or overvaluation. This output is for research purposes only and does not constitute investment advice.",neutral_report_risk,Report risk is currently neutral because filing-text extraction has not yet been integrated for this dataset.,Research candidate
796343,Adobe Systems Inc,ADBE,2012,18618893910.79712,15778760313.53635,-15.254040389659087,52.279132082870404,50,0.1655121150782506,Potentially overvalued,Ridge Regression,"Research signal: Potentially overvalued. This signal was assigned because the model-estimated fair value is 15.3% below actual market cap; fundamentals are in the middle range of the training dataset; report risk is set to neutral because SEC filing text has not been integrated into this dataset; and the log-scale model error is low (+0.17). The valuation gap is a research signal, not proof of undervaluation or overvaluation. This output is for research purposes only and does not constitute investment advice.",neutral_report_risk,Report risk is currently neutral because filing-text extraction has not yet been integrated for this dataset.,Potentially overvalued
796343,Adobe Systems Inc,ADBE,2013,29716109210.063934,17485816835.17567,-41.15711208500418,26.66690630242032,50,0.5302992106469766,Potentially overvalued,Ridge Regression,"Research signal: Potentially overvalued. This signal was assigned because the model-estimated fair value is 41.2% below actual market cap; fundamentals score in the lower third of the training dataset; report risk is set to neutral because SEC filing text has not been integrated into this dataset; and the log-scale model error is moderate (+0.53). The valuation gap is a research signal, not proof of undervaluation or overvaluation. This output is for research purposes only and does not constitute investment advice.",neutral_report_risk,Report risk is currently neutral because filing-text extraction has not yet been integrated for this dataset.,Potentially overvalued
796343,Adobe Systems Inc,ADBE,2014,36167085281.79932,17673921800.37585,-51.13257907661678,33.72337864627584,50,0.7160592503285663,Potentially overvalued,Ridge Regression,"Research signal: Potentially overvalued. This signal was assigned because the model-estimated fair value is 51.1% below actual market cap; fundamentals score in the lower third of the training dataset; report risk is set to neutral because SEC filing text has not been integrated into this dataset; and the log-scale model error is high (+0.72) — treat this estimate with additional caution. The valuation gap is a research signal, not proof of undervaluation or overvaluation. This output is for research purposes only and does not constitute investment advice.",neutral_report_risk,Report risk is currently neutral because filing-text extraction has not yet been integrated for this dataset.,Potentially overvalued
796343,Adobe Systems Inc,ADBE,2015,46764178675.354,21137133675.36106,-54.800588240629345,49.55592227087554,50,0.7940861134078112,Potentially overvalued,Ridge Regression,"Research signal: Potentially overvalued. This signal was assigned because the model-estimated fair value is 54.8% below actual market cap; fundamentals are in the middle range of the training dataset; report risk is set to neutral because SEC filing text has not been integrated into this dataset; and the log-scale model error is high (+0.79) — treat this estimate with additional caution. The valuation gap is a research signal, not proof of undervaluation or overvaluation. This output is for research purposes only and does not constitute investment advice.",neutral_report_risk,Report risk is currently neutral because filing-text extraction has not yet been integrated for this dataset.,Potentially overvalued
804328,Qualcomm Inc/De,QCOM,2011,62942511547.08862,38207479401.56312,-39.29781563771999,64.02622377622377,50,0.4991905023711105,Potentially overvalued,Ridge Regression,"Research signal: Potentially overvalued. This signal was assigned because the model-estimated fair value is 39.3% below actual market cap; fundamentals are in the middle range of the training dataset; report risk is set to neutral because SEC filing text has not been integrated into this dataset; and the log-scale model error is moderate (+0.50). The valuation gap is a research signal, not proof of undervaluation or overvaluation. This output is for research purposes only and does not constitute investment advice.",neutral_report_risk,Report risk is currently neutral because filing-text extraction has not yet been integrated for this dataset.,Potentially overvalued
804328,Qualcomm Inc/De,QCOM,2012,73100945503.23486,54537950210.77958,-25.393645957197414,74.8495632093763,50,0.2929445075690502,Potentially overvalued,Ridge Regression,"Research signal: Potentially overvalued. This signal was assigned because the model-estimated fair value is 25.4% below actual market cap; fundamentals score in the upper third of the training dataset; report risk is set to neutral because SEC filing text has not been integrated into this dataset; and the log-scale model error is low (+0.29). The valuation gap is a research signal, not proof of undervaluation or overvaluation. This output is for research purposes only and does not constitute investment advice.",neutral_report_risk,Report risk is currently neutral because filing-text extraction has not yet been integrated for this dataset.,Potentially overvalued
804328,Qualcomm Inc/De,QCOM,2013,88694979400.63477,59416222319.67968,-33.010613767328465,75.71312332527285,50,0.4006359935837551,Potentially overvalued,Ridge Regression,"Research signal: Potentially overvalued. This signal was assigned because the model-estimated fair value is 33.0% below actual market cap; fundamentals score in the upper third of the training dataset; report risk is set to neutral because SEC filing text has not been integrated into this dataset; and the log-scale model error is moderate (+0.40). The valuation gap is a research signal, not proof of undervaluation or overvaluation. This output is for research purposes only and does not constitute investment advice.",neutral_report_risk,Report risk is currently neutral because filing-text extraction has not yet been integrated for this dataset.,Potentially overvalued
804328,Qualcomm Inc/De,QCOM,2014,89835365154.26636,61472112595.66826,-31.572479846764562,65.51837570529159,50,0.37939510085562134,Potentially overvalued,Ridge Regression,"Research signal: Potentially overvalued. This signal was assigned because the model-estimated fair value is 31.6% below actual market cap; fundamentals score in the upper third of the training dataset; report risk is set to neutral because SEC filing text has not been integrated into this dataset; and the log-scale model error is moderate (+0.38). The valuation gap is a research signal, not proof of undervaluation or overvaluation. This output is for research purposes only and does not constitute investment advice.",neutral_report_risk,Report risk is currently neutral because filing-text extraction has not yet been integrated for this dataset.,Potentially overvalued
804328,Qualcomm Inc/De,QCOM,2015,56902363952.63672,46352512277.79179,-18.54026958111303,45.76531853401013,50,0.20506139314124994,Potentially overvalued,Ridge Regression,"Research signal: Potentially overvalued. This signal was assigned because the model-estimated fair value is 18.5% below actual market cap; fundamentals are in the middle range of the training dataset; report risk is set to neutral because SEC filing text has not been integrated into this dataset; and the log-scale model error is low (+0.21). The valuation gap is a research signal, not proof of undervaluation or overvaluation. This output is for research purposes only and does not constitute investment advice.",neutral_report_risk,Report risk is currently neutral because filing-text extraction has not yet been integrated for this dataset.,Potentially overvalued
1108524,Salesforce COM Inc,CRM,2010,17247206388.387222,9789490241.788435,-43.24013975747498,35.86247086247086,50,0.5663407959521862,Potentially overvalued,Ridge Regression,"Research signal: Potentially overvalued. This signal was assigned because the model-estimated fair value is 43.2% below actual market cap; fundamentals score in the lower third of the training dataset; report risk is set to neutral because SEC filing text has not been integrated into this dataset; and the log-scale model error is moderate (+0.57). The valuation gap is a research signal, not proof of undervaluation or overvaluation. This output is for research purposes only and does not constitute investment advice.",neutral_report_risk,Report risk is currently neutral because filing-text extraction has not yet been integrated for this dataset.,Potentially overvalued
1108524,Salesforce COM Inc,CRM,2011,13667277815.431114,13039436549.860872,-4.593755055314485,51.52754177286887,50,0.04702614904018887,Fairly valued / neutral,Ridge Regression,"Research signal: Fairly valued / neutral. This signal was assigned because the model-estimated fair value is within 5% of actual market cap; fundamentals are in the middle range of the training dataset; report risk is set to neutral because SEC filing text has not been integrated into this dataset; and the log-scale model error is low (+0.05). The valuation gap is a research signal, not proof of undervaluation or overvaluation. This output is for research purposes only and does not constitute investment advice.",neutral_report_risk,Report risk is currently neutral because filing-text extraction has not yet been integrated for this dataset.,Fairly valued / neutral
1108524,Salesforce COM Inc,CRM,2012,24192417429.48532,18940649671.454468,-21.70832151577413,37.10457922140165,50,0.2447288659798339,Potentially overvalued,Ridge Regression,"Research signal: Potentially overvalued. This signal was assigned because the model-estimated fair value is 21.7% below actual market cap; fundamentals score in the lower third of the training dataset; report risk is set to neutral because SEC filing text has not been integrated into this dataset; and the log-scale model error is low (+0.24). The valuation gap is a research signal, not proof of undervaluation or overvaluation. This output is for research purposes only and does not constitute investment advice.",neutral_report_risk,Report risk is currently neutral because filing-text extraction has not yet been integrated for this dataset.,Potentially overvalued
1108524,Salesforce COM Inc,CRM,2013,33101125911.540985,21758828051.68281,-34.26559534611959,46.35112084177504,50,0.4195477346405525,Potentially overvalued,Ridge Regression,"Research signal: Potentially overvalued. This signal was assigned because the model-estimated fair value is 34.3% below actual market cap; fundamentals are in the middle range of the training dataset; report risk is set to neutral because SEC filing text has not been integrated into this dataset; and the log-scale model error is moderate (+0.42). The valuation gap is a research signal, not proof of undervaluation or overvaluation. This output is for research purposes only and does not constitute investment advice.",neutral_report_risk,Report risk is currently neutral because filing-text extraction has not yet been integrated for this dataset.,Potentially overvalued
1108524,Salesforce COM Inc,CRM,2014,37930629833.96912,22732694046.812775,-40.0677126999502,37.705509443827204,50,0.5119548060515839,Potentially overvalued,Ridge Regression,"Research signal: Potentially overvalued. This signal was assigned because the model-estimated fair value is 40.1% below actual market cap; fundamentals score in the lower third of the training dataset; report risk is set to neutral because SEC filing text has not been integrated into this dataset; and the log-scale model error is moderate (+0.51). The valuation gap is a research signal, not proof of undervaluation or overvaluation. This output is for research purposes only and does not constitute investment advice.",neutral_report_risk,Report risk is currently neutral because filing-text extraction has not yet been integrated for this dataset.,Potentially overvalued
1108524,Salesforce COM Inc,CRM,2015,51706286511.405945,23289481912.743576,-54.958123114089574,37.768789621593356,50,0.7975775314904681,Potentially overvalued,Ridge Regression,"Research signal: Potentially overvalued. This signal was assigned because the model-estimated fair value is 55.0% below actual market cap; fundamentals score in the lower third of the training dataset; report risk is set to neutral because SEC filing text has not been integrated into this dataset; and the log-scale model error is high (+0.80) — treat this estimate with additional caution. The valuation gap is a research signal, not proof of undervaluation or overvaluation. This output is for research purposes only and does not constitute investment advice.",neutral_report_risk,Report risk is currently neutral because filing-text extraction has not yet been integrated for this dataset.,Potentially overvalued
1121788,Garmin LTD,GRMN,2011,4883893133.573862,5415049647.525584,10.875678468481157,55.586247086247084,50,-0.10323937384260162,Research candidate,Ridge Regression,"Research signal: Research candidate. This signal was assigned because the model-estimated fair value is 10.9% above actual market cap; fundamentals are in the middle range of the training dataset; report risk is set to neutral because SEC filing text has not been integrated into this dataset; and the log-scale model error is low (-0.10). The valuation gap is a research signal, not proof of undervaluation or overvaluation. This output is for research purposes only and does not constitute investment advice.",neutral_report_risk,Report risk is currently neutral because filing-text extraction has not yet been integrated for this dataset.,Research candidate
1121788,Garmin LTD,GRMN,2012,5237197145.59824,6110722111.643396,16.679245439124568,49.86548264819293,50,-0.154258492064951,Research candidate,Ridge Regression,"Research signal: Research candidate. This signal was assigned because the model-estimated fair value is 16.7% above actual market cap; fundamentals are in the middle range of the training dataset; report risk is set to neutral because SEC filing text has not been integrated into this dataset; and the log-scale model error is low (-0.15). The valuation gap is a research signal, not proof of undervaluation or overvaluation. This output is for research purposes only and does not constitute investment advice.",neutral_report_risk,Report risk is currently neutral because filing-text extraction has not yet been integrated for this dataset.,Research candidate
1121788,Garmin LTD,GRMN,2013,6207381826.441498,6237846785.6152525,0.490785971051169,49.96947911901182,50,-0.0048958554279110444,Fairly valued / neutral,Ridge Regression,"Research signal: Fairly valued / neutral. This signal was assigned because the model-estimated fair value is within 5% of actual market cap; fundamentals are in the middle range of the training dataset; report risk is set to neutral because SEC filing text has not been integrated into this dataset; and the log-scale model error is low (-0.00). The valuation gap is a research signal, not proof of undervaluation or overvaluation. This output is for research purposes only and does not constitute investment advice.",neutral_report_risk,Report risk is currently neutral because filing-text extraction has not yet been integrated for this dataset.,Fairly valued / neutral
1121788,Garmin LTD,GRMN,2014,7224952885.227203,6901566468.041067,-4.4759657581624035,51.70629915256083,50,0.04579230271054868,Fairly valued / neutral,Ridge Regression,"Research signal: Fairly valued / neutral. This signal was assigned because the model-estimated fair value is within 5% of actual market cap; fundamentals are in the middle range of the training dataset; report risk is set to neutral because SEC filing text has not been integrated into this dataset; and the log-scale model error is low (+0.05). The valuation gap is a research signal, not proof of undervaluation or overvaluation. This output is for research purposes only and does not constitute investment advice.",neutral_report_risk,Report risk is currently neutral because filing-text extraction has not yet been integrated for this dataset.,Fairly valued / neutral
1121788,Garmin LTD,GRMN,2015,5252868167.110443,7554065385.664913,43.80839467784204,43.28513931551314,50,-0.3633116350486567,Possible value trap,Ridge Regression,"Research signal: Possible value trap. This signal was assigned because the model-estimated fair value is 43.8% above actual market cap; fundamentals score in the lower third of the training dataset; report risk is set to neutral because SEC filing text has not been integrated into this dataset; and the log-scale model error is moderate (-0.36). The valuation gap is a research signal, not proof of undervaluation or overvaluation. This output is for research purposes only and does not constitute investment advice.",neutral_report_risk,Report risk is currently neutral because filing-text extraction has not yet been integrated for this dataset.,Possible value trap
1032975,Logitech International SA,LOGI,2013,1860168731.2660215,3650265014.8221393,96.23300582726102,39.459430756159726,50,-0.674132572414134,Possible value trap,Ridge Regression,"Research signal: Possible value trap. This signal was assigned because the model-estimated fair value is 96.2% above actual market cap; fundamentals score in the lower third of the training dataset; report risk is set to neutral because SEC filing text has not been integrated into this dataset; and the log-scale model error is high (-0.67) — treat this estimate with additional caution. The valuation gap is a research signal, not proof of undervaluation or overvaluation. This output is for research purposes only and does not constitute investment advice.",neutral_report_risk,Report risk is currently neutral because filing-text extraction has not yet been integrated for this dataset.,Possible value trap
47217,HP Inc,HPQ,2011,32386345823.621754,50600234057.58616,56.239405128193475,46.07575757575758,50,-0.44621929314984854,Research candidate,Ridge Regression,"Research signal: Research candidate. This signal was assigned because the model-estimated fair value is 56.2% above actual market cap; fundamentals are in the middle range of the training dataset; report risk is set to neutral because SEC filing text has not been integrated into this dataset; and the log-scale model error is moderate (-0.45). The valuation gap is a research signal, not proof of undervaluation or overvaluation. This output is for research purposes only and does not constitute investment advice.",neutral_report_risk,Report risk is currently neutral because filing-text extraction has not yet been integrated for this dataset.,Research candidate
47217,HP Inc,HPQ,2012,18071459885.89382,49190795188.02855,172.20155703317465,22.507198149721518,50,-1.0013726243935714,Possible value trap,Ridge Regression,"Research signal: Possible value trap. This signal was assigned because the model-estimated fair value is 172.2% above actual market cap; fundamentals score in the lower third of the training dataset; report risk is set to neutral because SEC filing text has not been integrated into this dataset; and the log-scale model error is high (-1.00) — treat this estimate with additional caution. The valuation gap is a research signal, not proof of undervaluation or overvaluation. This output is for research purposes only and does not constitute investment advice.","extreme_valuation_gap, high_model_error, neutral_report_risk, needs_review",Valuation gap of +172.2% exceeds 100% — the model estimate is likely unreliable for this observation. | Model error of -1.001 (log scale) is large — the model fit was poor for this observation. | Report risk is currently neutral because filing-text extraction has not yet been integrated for this dataset.,Needs review
47217,HP Inc,HPQ,2013,35474646155.3421,94910168557.48381,167.54366524721868,34.432526196544885,50,-0.9841126015956974,Possible value trap,Ridge Regression,"Research signal: Possible value trap. This signal was assigned because the model-estimated fair value is 167.5% above actual market cap; fundamentals score in the lower third of the training dataset; report risk is set to neutral because SEC filing text has not been integrated into this dataset; and the log-scale model error is high (-0.98) — treat this estimate with additional caution. The valuation gap is a research signal, not proof of undervaluation or overvaluation. This output is for research purposes only and does not constitute investment advice.","extreme_valuation_gap, neutral_report_risk, needs_review",Valuation gap of +167.5% exceeds 100% — the model estimate is likely unreliable for this observation. | Report risk is currently neutral because filing-text extraction has not yet been integrated for this dataset.,Needs review
47217,HP Inc,HPQ,2014,49982059825.96207,110118170516.77022,120.31539096268256,39.52846219201359,50,-0.7898899290325225,Possible value trap,Ridge Regression,"Research signal: Possible value trap. This signal was assigned because the model-estimated fair value is 120.3% above actual market cap; fundamentals score in the lower third of the training dataset; report risk is set to neutral because SEC filing text has not been integrated into this dataset; and the log-scale model error is high (-0.79) — treat this estimate with additional caution. The valuation gap is a research signal, not proof of undervaluation or overvaluation. This output is for research purposes only and does not constitute investment advice.","extreme_valuation_gap, neutral_report_risk, needs_review",Valuation gap of +120.3% exceeds 100% — the model estimate is likely unreliable for this observation. | Report risk is currently neutral because filing-text extraction has not yet been integrated for this dataset.,Needs review
47217,HP Inc,HPQ,2015,14766076240.53955,124215489994.08441,741.2220550037306,33.58644859813084,50,-2.129685475998574,Possible value trap,Ridge Regression,"Research signal: Possible value trap. This signal was assigned because the model-estimated fair value is 741.2% above actual market cap; fundamentals score in the lower third of the training dataset; report risk is set to neutral because SEC filing text has not been integrated into this dataset; and the log-scale model error is high (-2.13) — treat this estimate with additional caution. The valuation gap is a research signal, not proof of undervaluation or overvaluation. This output is for research purposes only and does not constitute investment advice.","extreme_valuation_gap, high_model_error, neutral_report_risk, needs_review",Valuation gap of +741.2% exceeds 100% — the model estimate is likely unreliable for this observation. | Model error of -2.130 (log scale) is large — the model fit was poor for this observation. | Report risk is currently neutral because filing-text extraction has not yet been integrated for this dataset.,Needs review
50863,Intel Corp,INTC,2011,83796930313.11035,58292081302.62702,-30.43649560333954,78.48640248640248,50,0.36293011829055644,Potentially overvalued,Ridge Regression,"Research signal: Potentially overvalued. This signal was assigned because the model-estimated fair value is 30.4% below actual market cap; fundamentals score in the upper third of the training dataset; report risk is set to neutral because SEC filing text has not been integrated into this dataset; and the log-scale model error is moderate (+0.36). The valuation gap is a research signal, not proof of undervaluation or overvaluation. This output is for research purposes only and does not constitute investment advice.",neutral_report_risk,Report risk is currently neutral because filing-text extraction has not yet been integrated for this dataset.,Potentially overvalued
50863,Intel Corp,INTC,2012,72903254150.39062,59331052156.16812,-18.616730010740927,61.05211896099747,50,0.2060004624909304,Potentially overvalued,Ridge Regression,"Research signal: Potentially overvalued. This signal was assigned because the model-estimated fair value is 18.6% below actual market cap; fundamentals are in the middle range of the training dataset; report risk is set to neutral because SEC filing text has not been integrated into this dataset; and the log-scale model error is low (+0.21). The valuation gap is a research signal, not proof of undervaluation or overvaluation. This output is for research purposes only and does not constitute investment advice.",neutral_report_risk,Report risk is currently neutral because filing-text extraction has not yet been integrated for this dataset.,Potentially overvalued
50863,Intel Corp,INTC,2013,95889016529.08324,58082122590.09867,-39.42776274852886,55.578887363934086,50,0.501333529050811,Potentially overvalued,Ridge Regression,"Research signal: Potentially overvalued. This signal was assigned because the model-estimated fair value is 39.4% below actual market cap; fundamentals are in the middle range of the training dataset; report risk is set to neutral because SEC filing text has not been integrated into this dataset; and the log-scale model error is moderate (+0.50). The valuation gap is a research signal, not proof of undervaluation or overvaluation. This output is for research purposes only and does not constitute investment advice.",neutral_report_risk,Report risk is currently neutral because filing-text extraction has not yet been integrated for this dataset.,Potentially overvalued
50863,Intel Corp,INTC,2014,132197334327.69775,56207443624.30997,-57.48216565019384,68.46429427270549,50,0.8552465663183604,Potentially overvalued,Ridge Regression,"Research signal: Potentially overvalued. This signal was assigned because the model-estimated fair value is 57.5% below actual market cap; fundamentals score in the upper third of the training dataset; report risk is set to neutral because SEC filing text has not been integrated into this dataset; and the log-scale model error is high (+0.86) — treat this estimate with additional caution. The valuation gap is a research signal, not proof of undervaluation or overvaluation. This output is for research purposes only and does not constitute investment advice.",neutral_report_risk,Report risk is currently neutral because filing-text extraction has not yet been integrated for this dataset.,Potentially overvalued
50863,Intel Corp,INTC,2015,128644390296.93604,70788250639.41064,-44.97369805553299,51.535687573070746,50,0.5973588978928817,Potentially overvalued,Ridge Regression,"Research signal: Potentially overvalued. This signal was assigned because the model-estimated fair value is 45.0% below actual market cap; fundamentals are in the middle range of the training dataset; report risk is set to neutral because SEC filing text has not been integrated into this dataset; and the log-scale model error is moderate (+0.60). The valuation gap is a research signal, not proof of undervaluation or overvaluation. This output is for research purposes only and does not constitute investment advice.",neutral_report_risk,Report risk is currently neutral because filing-text extraction has not yet been integrated for this dataset.,Potentially overvalued
858877,Cisco Systems Inc,CSCO,2011,63954817485.809326,82078452646.31035,28.33818603973407,45.93298368298368,50,-0.24949867221330635,Research candidate,Ridge Regression,"Research signal: Research candidate. This signal was assigned because the model-estimated fair value is 28.3% above actual market cap; fundamentals are in the middle range of the training dataset; report risk is set to neutral because SEC filing text has not been integrated into this dataset; and the log-scale model error is low (-0.25). The valuation gap is a research signal, not proof of undervaluation or overvaluation. This output is for research purposes only and does not constitute investment advice.",neutral_report_risk,Report risk is currently neutral because filing-text extraction has not yet been integrated for this dataset.,Research candidate
858877,Cisco Systems Inc,CSCO,2012,69577888200.75989,98284524348.0346,41.258274560510735,54.493085056169164,50,-0.34541976328203106,Research candidate,Ridge Regression,"Research signal: Research candidate. This signal was assigned because the model-estimated fair value is 41.3% above actual market cap; fundamentals are in the middle range of the training dataset; report risk is set to neutral because SEC filing text has not been integrated into this dataset; and the log-scale model error is moderate (-0.35). The valuation gap is a research signal, not proof of undervaluation or overvaluation. This output is for research purposes only and does not constitute investment advice.",neutral_report_risk,Report risk is currently neutral because filing-text extraction has not yet been integrated for this dataset.,Research candidate
858877,Cisco Systems Inc,CSCO,2013,82610887282.37152,111608745827.21574,35.101739611786165,57.740400046474804,50,-0.30085793537026007,Research candidate,Ridge Regression,"Research signal: Research candidate. This signal was assigned because the model-estimated fair value is 35.1% above actual market cap; fundamentals are in the middle range of the training dataset; report risk is set to neutral because SEC filing text has not been integrated into this dataset; and the log-scale model error is moderate (-0.30). The valuation gap is a research signal, not proof of undervaluation or overvaluation. This output is for research purposes only and does not constitute investment advice.",neutral_report_risk,Report risk is currently neutral because filing-text extraction has not yet been integrated for this dataset.,Research candidate
858877,Cisco Systems Inc,CSCO,2014,100189700864.79189,84304779695.23802,-15.854844392629639,39.163847315716474,50,0.17262683554827163,Potentially overvalued,Ridge Regression,"Research signal: Potentially overvalued. This signal was assigned because the model-estimated fair value is 15.9% below actual market cap; fundamentals score in the lower third of the training dataset; report risk is set to neutral because SEC filing text has not been integrated into this dataset; and the log-scale model error is low (+0.17). The valuation gap is a research signal, not proof of undervaluation or overvaluation. This output is for research purposes only and does not constitute investment advice.",neutral_report_risk,Report risk is currently neutral because filing-text extraction has not yet been integrated for this dataset.,Potentially overvalued
858877,Cisco Systems Inc,CSCO,2015,100376133642.19666,86645618834.84949,-13.679063248532081,46.33320988461175,50,0.1470980130179953,Potentially overvalued,Ridge Regression,"Research signal: Potentially overvalued. This signal was assigned because the model-estimated fair value is 13.7% below actual market cap; fundamentals are in the middle range of the training dataset; report risk is set to neutral because SEC filing text has not been integrated into this dataset; and the log-scale model error is low (+0.15). The valuation gap is a research signal, not proof of undervaluation or overvaluation. This output is for research purposes only and does not constitute investment advice.",neutral_report_risk,Report risk is currently neutral because filing-text extraction has not yet been integrated for this dataset.,Potentially overvalued
723125,Micron Technology Inc,MU,2011,6038243290.3289795,14009970189.5517,132.02063109961907,37.70532245532246,50,-0.841656108877963,Possible value trap,Ridge Regression,"Research signal: Possible value trap. This signal was assigned because the model-estimated fair value is 132.0% above actual market cap; fundamentals score in the lower third of the training dataset; report risk is set to neutral because SEC filing text has not been integrated into this dataset; and the log-scale model error is high (-0.84) — treat this estimate with additional caution. The valuation gap is a research signal, not proof of undervaluation or overvaluation. This output is for research purposes only and does not constitute investment advice.","extreme_valuation_gap, neutral_report_risk, needs_review",Valuation gap of +132.0% exceeds 100% — the model estimate is likely unreliable for this observation. | Report risk is currently neutral because filing-text extraction has not yet been integrated for this dataset.,Needs review
723125,Micron Technology Inc,MU,2012,6292765780.830383,11898760967.184074,89.08634742820402,9.311858702045619,50,-0.6370335894401471,Possible value trap,Ridge Regression,"Research signal: Possible value trap. This signal was assigned because the model-estimated fair value is 89.1% above actual market cap; fundamentals score in the lower third of the training dataset; report risk is set to neutral because SEC filing text has not been integrated into this dataset; and the log-scale model error is high (-0.64) — treat this estimate with additional caution. The valuation gap is a research signal, not proof of undervaluation or overvaluation. This output is for research purposes only and does not constitute investment advice.",neutral_report_risk,Report risk is currently neutral because filing-text extraction has not yet been integrated for this dataset.,Possible value trap
723125,Micron Technology Inc,MU,2013,22154326633.45337,15474011229.752462,-30.15354749538417,41.03143585386576,50,0.35887088891033514,Potentially overvalued,Ridge Regression,"Research signal: Potentially overvalued. This signal was assigned because the model-estimated fair value is 30.2% below actual market cap; fundamentals score in the lower third of the training dataset; report risk is set to neutral because SEC filing text has not been integrated into this dataset; and the log-scale model error is moderate (+0.36). The valuation gap is a research signal, not proof of undervaluation or overvaluation. This output is for research purposes only and does not constitute investment advice.",neutral_report_risk,Report risk is currently neutral because filing-text extraction has not yet been integrated for this dataset.,Potentially overvalued
723125,Micron Technology Inc,MU,2014,36637368553.16162,25828748970.056564,-29.50162637205102,74.97967997734352,50,0.34958054554306983,Potentially overvalued,Ridge Regression,"Research signal: Potentially overvalued. This signal was assigned because the model-estimated fair value is 29.5% below actual market cap; fundamentals score in the upper third of the training dataset; report risk is set to neutral because SEC filing text has not been integrated into this dataset; and the log-scale model error is moderate (+0.35). The valuation gap is a research signal, not proof of undervaluation or overvaluation. This output is for research purposes only and does not constitute investment advice.",neutral_report_risk,Report risk is currently neutral because filing-text extraction has not yet been integrated for this dataset.,Potentially overvalued
723125,Micron Technology Inc,MU,2015,14970110752.105713,21262240244.695934,42.03128217809052,55.00348016469511,50,-0.3508771443801493,Research candidate,Ridge Regression,"Research signal: Research candidate. This signal was assigned because the model-estimated fair value is 42.0% above actual market cap; fundamentals are in the middle range of the training dataset; report risk is set to neutral because SEC filing text has not been integrated into this dataset; and the log-scale model error is moderate (-0.35). The valuation gap is a research signal, not proof of undervaluation or overvaluation. This output is for research purposes only and does not constitute investment advice.",neutral_report_risk,Report risk is currently neutral because filing-text extraction has not yet been integrated for this dataset.,Research candidate
6951,Applied Materials Inc,AMAT,2011,11275872993.469238,7778625849.4594345,-31.015311595255994,65.25213675213675,50,0.3712856131934963,Potentially overvalued,Ridge Regression,"Research signal: Potentially overvalued. This signal was assigned because the model-estimated fair value is 31.0% below actual market cap; fundamentals score in the upper third of the training dataset; report risk is set to neutral because SEC filing text has not been integrated into this dataset; and the log-scale model error is moderate (+0.37). The valuation gap is a research signal, not proof of undervaluation or overvaluation. This output is for research purposes only and does not constitute investment advice.",neutral_report_risk,Report risk is currently neutral because filing-text extraction has not yet been integrated for this dataset.,Potentially overvalued
6951,Applied Materials Inc,AMAT,2012,11388031900.405884,15024987826.68676,31.93665031928169,21.281666412507533,50,-0.2771516995753167,Possible value trap,Ridge Regression,"Research signal: Possible value trap. This signal was assigned because the model-estimated fair value is 31.9% above actual market cap; fundamentals score in the lower third of the training dataset; report risk is set to neutral because SEC filing text has not been integrated into this dataset; and the log-scale model error is low (-0.28). The valuation gap is a research signal, not proof of undervaluation or overvaluation. This output is for research purposes only and does not constitute investment advice.",neutral_report_risk,Report risk is currently neutral because filing-text extraction has not yet been integrated for this dataset.,Possible value trap
6951,Applied Materials Inc,AMAT,2014,26466010133.743286,13664919811.327833,-48.36803982816619,56.37849922663007,50,0.6610293220640919,Potentially overvalued,Ridge Regression,"Research signal: Potentially overvalued. This signal was assigned because the model-estimated fair value is 48.4% below actual market cap; fundamentals are in the middle range of the training dataset; report risk is set to neutral because SEC filing text has not been integrated into this dataset; and the log-scale model error is high (+0.66) — treat this estimate with additional caution. The valuation gap is a research signal, not proof of undervaluation or overvaluation. This output is for research purposes only and does not constitute investment advice.",neutral_report_risk,Report risk is currently neutral because filing-text extraction has not yet been integrated for this dataset.,Potentially overvalued
6951,Applied Materials Inc,AMAT,2015,19230875015.25879,11180971662.723295,-41.85926717400158,48.93449774524541,50,0.5423036864304613,Potentially overvalued,Ridge Regression,"Research signal: Potentially overvalued. This signal was assigned because the model-estimated fair value is 41.9% below actual market cap; fundamentals are in the middle range of the training dataset; report risk is set to neutral because SEC filing text has not been integrated into this dataset; and the log-scale model error is moderate (+0.54). The valuation gap is a research signal, not proof of undervaluation or overvaluation. This output is for research purposes only and does not constitute investment advice.",neutral_report_risk,Report risk is currently neutral because filing-text extraction has not yet been integrated for this dataset.,Potentially overvalued
6281,Analog Devices Inc,ADI,2011,7744719616.001766,6568901531.567559,-15.18219048246483,70.55303030303031,50,0.16466464734544317,Potentially overvalued,Ridge Regression,"Research signal: Potentially overvalued. This signal was assigned because the model-estimated fair value is 15.2% below actual market cap; fundamentals score in the upper third of the training dataset; report risk is set to neutral because SEC filing text has not been integrated into this dataset; and the log-scale model error is low (+0.16). The valuation gap is a research signal, not proof of undervaluation or overvaluation. This output is for research purposes only and does not constitute investment advice.",neutral_report_risk,Report risk is currently neutral because filing-text extraction has not yet been integrated for this dataset.,Potentially overvalued
6281,Analog Devices Inc,ADI,2012,9429536903.967148,10545449414.833149,11.834223909729014,51.478209485218834,50,-0.11184744514912381,Research candidate,Ridge Regression,"Research signal: Research candidate. This signal was assigned because the model-estimated fair value is 11.8% above actual market cap; fundamentals are in the middle range of the training dataset; report risk is set to neutral because SEC filing text has not been integrated into this dataset; and the log-scale model error is low (-0.11). The valuation gap is a research signal, not proof of undervaluation or overvaluation. This output is for research purposes only and does not constitute investment advice.",neutral_report_risk,Report risk is currently neutral because filing-text extraction has not yet been integrated for this dataset.,Research candidate
6281,Analog Devices Inc,ADI,2013,12141462078.882248,12626079276.890913,3.9914237252494003,52.011867416073024,50,-0.039138245572630126,Fairly valued / neutral,Ridge Regression,"Research signal: Fairly valued / neutral. This signal was assigned because the model-estimated fair value is within 5% of actual market cap; fundamentals are in the middle range of the training dataset; report risk is set to neutral because SEC filing text has not been integrated into this dataset; and the log-scale model error is low (-0.04). The valuation gap is a research signal, not proof of undervaluation or overvaluation. This output is for research purposes only and does not constitute investment advice.",neutral_report_risk,Report risk is currently neutral because filing-text extraction has not yet been integrated for this dataset.,Fairly valued / neutral
6281,Analog Devices Inc,ADI,2014,13625789480.532389,13024765844.54128,-4.410927064811989,56.74538156547502,50,0.045111672304589234,Fairly valued / neutral,Ridge Regression,"Research signal: Fairly valued / neutral. This signal was assigned because the model-estimated fair value is within 5% of actual market cap; fundamentals are in the middle range of the training dataset; report risk is set to neutral because SEC filing text has not been integrated into this dataset; and the log-scale model error is low (+0.05). The valuation gap is a research signal, not proof of undervaluation or overvaluation. This output is for research purposes only and does not constitute investment advice.",neutral_report_risk,Report risk is currently neutral because filing-text extraction has not yet been integrated for this dataset.,Fairly valued / neutral
6281,Analog Devices Inc,ADI,2015,13992128442.874542,12774757939.744696,-8.700395426614236,60.722436442062616,50,0.09102372946570725,Fairly valued / neutral,Ridge Regression,"Research signal: Fairly valued / neutral. This signal was assigned because the model-estimated fair value is 8.7% below actual market cap; fundamentals are in the middle range of the training dataset; report risk is set to neutral because SEC filing text has not been integrated into this dataset; and the log-scale model error is low (+0.09). The valuation gap is a research signal, not proof of undervaluation or overvaluation. This output is for research purposes only and does not constitute investment advice.",neutral_report_risk,Report risk is currently neutral because filing-text extraction has not yet been integrated for this dataset.,Fairly valued / neutral
106040,Western Digital Corp,WDC,2011,5762872513.057709,6814731403.608676,18.252336628437124,56.02564102564102,50,-0.1676506012600747,Research candidate,Ridge Regression,"Research signal: Research candidate. This signal was assigned because the model-estimated fair value is 18.3% above actual market cap; fundamentals are in the middle range of the training dataset; report risk is set to neutral because SEC filing text has not been integrated into this dataset; and the log-scale model error is low (-0.17). The valuation gap is a research signal, not proof of undervaluation or overvaluation. This output is for research purposes only and does not constitute investment advice.",neutral_report_risk,Report risk is currently neutral because filing-text extraction has not yet been integrated for this dataset.,Research candidate
106040,Western Digital Corp,WDC,2012,8406034465.484619,12466523644.360455,48.30445551405127,58.679487179487175,50,-0.39409710662930664,Research candidate,Ridge Regression,"Research signal: Research candidate. This signal was assigned because the model-estimated fair value is 48.3% above actual market cap; fundamentals are in the middle range of the training dataset; report risk is set to neutral because SEC filing text has not been integrated into this dataset; and the log-scale model error is moderate (-0.39). The valuation gap is a research signal, not proof of undervaluation or overvaluation. This output is for research purposes only and does not constitute investment advice.",neutral_report_risk,Report risk is currently neutral because filing-text extraction has not yet been integrated for this dataset.,Research candidate
106040,Western Digital Corp,WDC,2013,16311676707.881927,11844584658.06681,-27.38585450051609,48.34615384615385,50,0.3200104415458114,Potentially overvalued,Ridge Regression,"Research signal: Potentially overvalued. This signal was assigned because the model-estimated fair value is 27.4% below actual market cap; fundamentals are in the middle range of the training dataset; report risk is set to neutral because SEC filing text has not been integrated into this dataset; and the log-scale model error is moderate (+0.32). The valuation gap is a research signal, not proof of undervaluation or overvaluation. This output is for research purposes only and does not constitute investment advice.",neutral_report_risk,Report risk is currently neutral because filing-text extraction has not yet been integrated for this dataset.,Potentially overvalued
106040,Western Digital Corp,WDC,2014,21582111193.17627,11119338153.43245,-48.47891360624576,55.49145299145299,50,0.6631790175790222,Potentially overvalued,Ridge Regression,"Research signal: Potentially overvalued. This signal was assigned because the model-estimated fair value is 48.5% below actual market cap; fundamentals are in the middle range of the training dataset; report risk is set to neutral because SEC filing text has not been integrated into this dataset; and the log-scale model error is high (+0.66) — treat this estimate with additional caution. The valuation gap is a research signal, not proof of undervaluation or overvaluation. This output is for research purposes only and does not constitute investment advice.",neutral_report_risk,Report risk is currently neutral because filing-text extraction has not yet been integrated for this dataset.,Potentially overvalued
106040,Western Digital Corp,WDC,2015,11766653462.56256,10744210869.959951,-8.689323568979642,54.572649572649574,50,0.09090246731565443,Fairly valued / neutral,Ridge Regression,"Research signal: Fairly valued / neutral. This signal was assigned because the model-estimated fair value is 8.7% below actual market cap; fundamentals are in the middle range of the training dataset; report risk is set to neutral because SEC filing text has not been integrated into this dataset; and the log-scale model error is low (+0.09). The valuation gap is a research signal, not proof of undervaluation or overvaluation. This output is for research purposes only and does not constitute investment advice.",neutral_report_risk,Report risk is currently neutral because filing-text extraction has not yet been integrated for this dataset.,Fairly valued / neutral
1137789,Seagate Technology PLC,STX,2011,3728756998.6426306,12492093228.03298,235.02030924998448,44.49320124320124,50,-1.209020968626195,Possible value trap,Ridge Regression,"Research signal: Possible value trap. This signal was assigned because the model-estimated fair value is 235.0% above actual market cap; fundamentals score in the lower third of the training dataset; report risk is set to neutral because SEC filing text has not been integrated into this dataset; and the log-scale model error is high (-1.21) — treat this estimate with additional caution. The valuation gap is a research signal, not proof of undervaluation or overvaluation. This output is for research purposes only and does not constitute investment advice.","extreme_valuation_gap, high_model_error, neutral_report_risk, needs_review",Valuation gap of +235.0% exceeds 100% — the model estimate is likely unreliable for this observation. | Model error of -1.209 (log scale) is large — the model fit was poor for this observation. | Report risk is currently neutral because filing-text extraction has not yet been integrated for this dataset.,Needs review
1137789,Seagate Technology PLC,STX,2012,6705145394.620171,12323561091.849072,83.79260055623551,71.48329085244973,50,-0.6086377649959971,Research candidate,Ridge Regression,"Research signal: Research candidate. This signal was assigned because the model-estimated fair value is 83.8% above actual market cap; fundamentals score in the upper third of the training dataset; report risk is set to neutral because SEC filing text has not been integrated into this dataset; and the log-scale model error is high (-0.61) — treat this estimate with additional caution. The valuation gap is a research signal, not proof of undervaluation or overvaluation. This output is for research purposes only and does not constitute investment advice.",neutral_report_risk,Report risk is currently neutral because filing-text extraction has not yet been integrated for this dataset.,Research candidate
1137789,Seagate Technology PLC,STX,2013,11702760320.39769,10635565508.698624,-9.119171737961391,53.74057251160055,50,0.09562111725793798,Fairly valued / neutral,Ridge Regression,"Research signal: Fairly valued / neutral. This signal was assigned because the model-estimated fair value is 9.1% below actual market cap; fundamentals are in the middle range of the training dataset; report risk is set to neutral because SEC filing text has not been integrated into this dataset; and the log-scale model error is low (+0.10). The valuation gap is a research signal, not proof of undervaluation or overvaluation. This output is for research purposes only and does not constitute investment advice.",neutral_report_risk,Report risk is currently neutral because filing-text extraction has not yet been integrated for this dataset.,Fairly valued / neutral
1137789,Seagate Technology PLC,STX,2014,13018508314.56961,9360755458.958315,-28.096558893139367,52.790727185587,50,0.3298460627837869,Potentially overvalued,Ridge Regression,"Research signal: Potentially overvalued. This signal was assigned because the model-estimated fair value is 28.1% below actual market cap; fundamentals are in the middle range of the training dataset; report risk is set to neutral because SEC filing text has not been integrated into this dataset; and the log-scale model error is moderate (+0.33). The valuation gap is a research signal, not proof of undervaluation or overvaluation. This output is for research purposes only and does not constitute investment advice.",neutral_report_risk,Report risk is currently neutral because filing-text extraction has not yet been integrated for this dataset.,Potentially overvalued
1137789,Seagate Technology PLC,STX,2015,7248340819.920959,10043205393.422684,38.55868043374099,59.209545127769424,50,-0.3261237353521409,Research candidate,Ridge Regression,"Research signal: Research candidate. This signal was assigned because the model-estimated fair value is 38.6% above actual market cap; fundamentals are in the middle range of the training dataset; report risk is set to neutral because SEC filing text has not been integrated into this dataset; and the log-scale model error is moderate (-0.33). The valuation gap is a research signal, not proof of undervaluation or overvaluation. This output is for research purposes only and does not constitute investment advice.",neutral_report_risk,Report risk is currently neutral because filing-text extraction has not yet been integrated for this dataset.,Research candidate
1137789,Seagate Technology PLC,STX,2016,7655138042.463079,15857521195.755167,107.14872949113965,33.31165719016187,50,-0.7282668492369524,Possible value trap,Ridge Regression,"Research signal: Possible value trap. This signal was assigned because the model-estimated fair value is 107.1% above actual market cap; fundamentals score in the lower third of the training dataset; report risk is set to neutral because SEC filing text has not been integrated into this dataset; and the log-scale model error is high (-0.73) — treat this estimate with additional caution. The valuation gap is a research signal, not proof of undervaluation or overvaluation. This output is for research purposes only and does not constitute investment advice.","extreme_valuation_gap, neutral_report_risk, needs_review",Valuation gap of +107.1% exceeds 100% — the model estimate is likely unreliable for this observation. | Report risk is currently neutral because filing-text extraction has not yet been integrated for this dataset.,Needs review
707549,LAM Research Corp,LRCX,2010,5432632902.8606415,3874883298.76521,-28.67393457185691,65.78574203574203,50,0.337908351346492,Potentially overvalued,Ridge Regression,"Research signal: Potentially overvalued. This signal was assigned because the model-estimated fair value is 28.7% below actual market cap; fundamentals score in the upper third of the training dataset; report risk is set to neutral because SEC filing text has not been integrated into this dataset; and the log-scale model error is moderate (+0.34). The valuation gap is a research signal, not proof of undervaluation or overvaluation. This output is for research purposes only and does not constitute investment advice.",neutral_report_risk,Report risk is currently neutral because filing-text extraction has not yet been integrated for this dataset.,Potentially overvalued
707549,LAM Research Corp,LRCX,2011,5866541352.081299,7959575048.07735,35.677472813747336,24.427586432259332,50,-0.3051103598041074,Possible value trap,Ridge Regression,"Research signal: Possible value trap. This signal was assigned because the model-estimated fair value is 35.7% above actual market cap; fundamentals score in the lower third of the training dataset; report risk is set to neutral because SEC filing text has not been integrated into this dataset; and the log-scale model error is moderate (-0.31). The valuation gap is a research signal, not proof of undervaluation or overvaluation. This output is for research purposes only and does not constitute investment advice.",neutral_report_risk,Report risk is currently neutral because filing-text extraction has not yet been integrated for this dataset.,Possible value trap
707549,LAM Research Corp,LRCX,2012,4995980346.708298,11827557519.666302,136.7414741224738,40.868527111517764,50,-0.8617985332753619,Possible value trap,Ridge Regression,"Research signal: Possible value trap. This signal was assigned because the model-estimated fair value is 136.7% above actual market cap; fundamentals score in the lower third of the training dataset; report risk is set to neutral because SEC filing text has not been integrated into this dataset; and the log-scale model error is high (-0.86) — treat this estimate with additional caution. The valuation gap is a research signal, not proof of undervaluation or overvaluation. This output is for research purposes only and does not constitute investment advice.","extreme_valuation_gap, neutral_report_risk, needs_review",Valuation gap of +136.7% exceeds 100% — the model estimate is likely unreliable for this observation. | Report risk is currently neutral because filing-text extraction has not yet been integrated for this dataset.,Needs review
707549,LAM Research Corp,LRCX,2013,7505055985.212326,11652692099.494335,55.26455928449238,53.04027877626008,50,-0.43996031003872105,Research candidate,Ridge Regression,"Research signal: Research candidate. This signal was assigned because the model-estimated fair value is 55.3% above actual market cap; fundamentals are in the middle range of the training dataset; report risk is set to neutral because SEC filing text has not been integrated into this dataset; and the log-scale model error is moderate (-0.44). The valuation gap is a research signal, not proof of undervaluation or overvaluation. This output is for research purposes only and does not constitute investment advice.",neutral_report_risk,Report risk is currently neutral because filing-text extraction has not yet been integrated for this dataset.,Research candidate
707549,LAM Research Corp,LRCX,2014,10734997142.305374,11391122451.139292,6.112021271512073,50.04379888024748,50,-0.05932515454749776,Fairly valued / neutral,Ridge Regression,"Research signal: Fairly valued / neutral. This signal was assigned because the model-estimated fair value is 6.1% above actual market cap; fundamentals are in the middle range of the training dataset; report risk is set to neutral because SEC filing text has not been integrated into this dataset; and the log-scale model error is low (-0.06). The valuation gap is a research signal, not proof of undervaluation or overvaluation. This output is for research purposes only and does not constitute investment advice.",neutral_report_risk,Report risk is currently neutral because filing-text extraction has not yet been integrated for this dataset.,Fairly valued / neutral
707549,LAM Research Corp,LRCX,2015,10992061410.131454,7658885726.602133,-30.323481275833412,47.27658322985425,50,0.36130681559654576,Potentially overvalued,Ridge Regression,"Research signal: Potentially overvalued. This signal was assigned because the model-estimated fair value is 30.3% below actual market cap; fundamentals are in the middle range of the training dataset; report risk is set to neutral because SEC filing text has not been integrated into this dataset; and the log-scale model error is moderate (+0.36). The valuation gap is a research signal, not proof of undervaluation or overvaluation. This output is for research purposes only and does not constitute investment advice.",neutral_report_risk,Report risk is currently neutral because filing-text extraction has not yet been integrated for this dataset.,Potentially overvalued
896878,Intuit Inc,INTU,2011,13928889865.756989,10070076666.121956,-27.70366652924439,74.53166278166279,50,0.3243967708236113,Potentially overvalued,Ridge Regression,"Research signal: Potentially overvalued. This signal was assigned because the model-estimated fair value is 27.7% below actual market cap; fundamentals score in the upper third of the training dataset; report risk is set to neutral because SEC filing text has not been integrated into this dataset; and the log-scale model error is moderate (+0.32). The valuation gap is a research signal, not proof of undervaluation or overvaluation. This output is for research purposes only and does not constitute investment advice.",neutral_report_risk,Report risk is currently neutral because filing-text extraction has not yet been integrated for this dataset.,Potentially overvalued
896878,Intuit Inc,INTU,2012,15641785357.521055,10604276627.291424,-32.205458744563586,77.86900093675794,50,0.388688506739733,Potentially overvalued,Ridge Regression,"Research signal: Potentially overvalued. This signal was assigned because the model-estimated fair value is 32.2% below actual market cap; fundamentals score in the upper third of the training dataset; report risk is set to neutral because SEC filing text has not been integrated into this dataset; and the log-scale model error is moderate (+0.39). The valuation gap is a research signal, not proof of undervaluation or overvaluation. This output is for research purposes only and does not constitute investment advice.",neutral_report_risk,Report risk is currently neutral because filing-text extraction has not yet been integrated for this dataset.,Potentially overvalued
896878,Intuit Inc,INTU,2013,20581211288.223267,7698119270.781888,-62.59637412504087,66.42508659564734,50,0.9834025377384918,Potentially overvalued,Ridge Regression,"Research signal: Potentially overvalued. This signal was assigned because the model-estimated fair value is 62.6% below actual market cap; fundamentals score in the upper third of the training dataset; report risk is set to neutral because SEC filing text has not been integrated into this dataset; and the log-scale model error is high (+0.98) — treat this estimate with additional caution. The valuation gap is a research signal, not proof of undervaluation or overvaluation. This output is for research purposes only and does not constitute investment advice.",neutral_report_risk,Report risk is currently neutral because filing-text extraction has not yet been integrated for this dataset.,Potentially overvalued
896878,Intuit Inc,INTU,2014,23899913848.495483,8024934812.28238,-66.42274585944772,73.48842668235191,50,1.0913213083624989,Potentially overvalued,Ridge Regression,"Research signal: Potentially overvalued. This signal was assigned because the model-estimated fair value is 66.4% below actual market cap; fundamentals score in the upper third of the training dataset; report risk is set to neutral because SEC filing text has not been integrated into this dataset; and the log-scale model error is high (+1.09) — treat this estimate with additional caution. The valuation gap is a research signal, not proof of undervaluation or overvaluation. This output is for research purposes only and does not constitute investment advice.","high_model_error, neutral_report_risk, needs_review",Model error of +1.091 (log scale) is large — the model fit was poor for this observation. | Report risk is currently neutral because filing-text extraction has not yet been integrated for this dataset.,Needs review
896878,Intuit Inc,INTU,2015,24654392988.235474,9177632159.344898,-62.774860594928214,42.83932422717469,50,0.9881858624936157,Potentially overvalued,Ridge Regression,"Research signal: Potentially overvalued. This signal was assigned because the model-estimated fair value is 62.8% below actual market cap; fundamentals score in the lower third of the training dataset; report risk is set to neutral because SEC filing text has not been integrated into this dataset; and the log-scale model error is high (+0.99) — treat this estimate with additional caution. The valuation gap is a research signal, not proof of undervaluation or overvaluation. This output is for research purposes only and does not constitute investment advice.",neutral_report_risk,Report risk is currently neutral because filing-text extraction has not yet been integrated for this dataset.,Potentially overvalued
769397,Autodesk Inc,ADSK,2010,8671400173.187256,4989774762.715099,-42.457104238552745,44.38986013986014,50,0.5526395030717879,Potentially overvalued,Ridge Regression,"Research signal: Potentially overvalued. This signal was assigned because the model-estimated fair value is 42.5% below actual market cap; fundamentals score in the lower third of the training dataset; report risk is set to neutral because SEC filing text has not been integrated into this dataset; and the log-scale model error is moderate (+0.55). The valuation gap is a research signal, not proof of undervaluation or overvaluation. This output is for research purposes only and does not constitute investment advice.",neutral_report_risk,Report risk is currently neutral because filing-text extraction has not yet been integrated for this dataset.,Potentially overvalued
769397,Autodesk Inc,ADSK,2011,6854579.982757568,5792791965.7497425,84409.80191815234,54.33703679498072,50,-6.739452619661195,Research candidate,Ridge Regression,"Research signal: Research candidate. This signal was assigned because the model-estimated fair value is 84409.8% above actual market cap; fundamentals are in the middle range of the training dataset; report risk is set to neutral because SEC filing text has not been integrated into this dataset; and the log-scale model error is high (-6.74) — treat this estimate with additional caution. The valuation gap is a research signal, not proof of undervaluation or overvaluation. This output is for research purposes only and does not constitute investment advice.","suspicious_market_cap, extreme_valuation_gap, high_model_error, neutral_report_risk, needs_review",Market cap is unusually low ($6.85M) for a listed company — likely a units error in XBRL shares outstanding. | Valuation gap of +84409.8% exceeds 100% — the model estimate is likely unreliable for this observation. | Model error of -6.739 (log scale) is large — the model fit was poor for this observation. | Report risk is currently neutral because filing-text extraction has not yet been integrated for this dataset.,Needs review
769397,Autodesk Inc,ADSK,2012,7904259658.813477,6773190436.377893,-14.309616222873048,38.65465583222592,50,0.1544295746483222,Potentially overvalued,Ridge Regression,"Research signal: Potentially overvalued. This signal was assigned because the model-estimated fair value is 14.3% below actual market cap; fundamentals score in the lower third of the training dataset; report risk is set to neutral because SEC filing text has not been integrated into this dataset; and the log-scale model error is low (+0.15). The valuation gap is a research signal, not proof of undervaluation or overvaluation. This output is for research purposes only and does not constitute investment advice.",neutral_report_risk,Report risk is currently neutral because filing-text extraction has not yet been integrated for this dataset.,Potentially overvalued
769397,Autodesk Inc,ADSK,2013,11407543930.81665,6123792099.674493,-46.31804938194002,33.56598697252903,50,0.6220933560925452,Potentially overvalued,Ridge Regression,"Research signal: Potentially overvalued. This signal was assigned because the model-estimated fair value is 46.3% below actual market cap; fundamentals score in the lower third of the training dataset; report risk is set to neutral because SEC filing text has not been integrated into this dataset; and the log-scale model error is high (+0.62) — treat this estimate with additional caution. The valuation gap is a research signal, not proof of undervaluation or overvaluation. This output is for research purposes only and does not constitute investment advice.",neutral_report_risk,Report risk is currently neutral because filing-text extraction has not yet been integrated for this dataset.,Potentially overvalued
769397,Autodesk Inc,ADSK,2014,13633620311.73706,9549512329.873388,-29.956151693235146,37.74895794755608,50,0.35604873566570916,Potentially overvalued,Ridge Regression,"Research signal: Potentially overvalued. This signal was assigned because the model-estimated fair value is 30.0% below actual market cap; fundamentals score in the lower third of the training dataset; report risk is set to neutral because SEC filing text has not been integrated into this dataset; and the log-scale model error is moderate (+0.36). The valuation gap is a research signal, not proof of undervaluation or overvaluation. This output is for research purposes only and does not constitute investment advice.",neutral_report_risk,Report risk is currently neutral because filing-text extraction has not yet been integrated for this dataset.,Potentially overvalued
769397,Autodesk Inc,ADSK,2015,13672692068.481443,10778861946.579882,-21.16503544003946,14.757833547553174,50,0.23781357484577015,Potentially overvalued,Ridge Regression,"Research signal: Potentially overvalued. This signal was assigned because the model-estimated fair value is 21.2% below actual market cap; fundamentals score in the lower third of the training dataset; report risk is set to neutral because SEC filing text has not been integrated into this dataset; and the log-scale model error is low (+0.24). The valuation gap is a research signal, not proof of undervaluation or overvaluation. This output is for research purposes only and does not constitute investment advice.",neutral_report_risk,Report risk is currently neutral because filing-text extraction has not yet been integrated for this dataset.,Potentially overvalued
712515,Electronic Arts Inc,EA,2010,5293398138.999939,7796951492.4893875,47.29576895121732,25.944055944055943,50,-0.38727241304363247,Possible value trap,Ridge Regression,"Research signal: Possible value trap. This signal was assigned because the model-estimated fair value is 47.3% above actual market cap; fundamentals score in the lower third of the training dataset; report risk is set to neutral because SEC filing text has not been integrated into this dataset; and the log-scale model error is moderate (-0.39). The valuation gap is a research signal, not proof of undervaluation or overvaluation. This output is for research purposes only and does not constitute investment advice.",neutral_report_risk,Report risk is currently neutral because filing-text extraction has not yet been integrated for this dataset.,Possible value trap
712515,Electronic Arts Inc,EA,2011,6397254638.671875,9684870866.395397,51.391048401444586,36.095004683789725,50,-0.4146960277814422,Possible value trap,Ridge Regression,"Research signal: Possible value trap. This signal was assigned because the model-estimated fair value is 51.4% above actual market cap; fundamentals score in the lower third of the training dataset; report risk is set to neutral because SEC filing text has not been integrated into this dataset; and the log-scale model error is moderate (-0.41). The valuation gap is a research signal, not proof of undervaluation or overvaluation. This output is for research purposes only and does not constitute investment advice.",neutral_report_risk,Report risk is currently neutral because filing-text extraction has not yet been integrated for this dataset.,Possible value trap
712515,Electronic Arts Inc,EA,2012,4255493400.5737305,8029030916.656746,88.67450048387487,23.06554582489162,50,-0.6348531246843017,Possible value trap,Ridge Regression,"Research signal: Possible value trap. This signal was assigned because the model-estimated fair value is 88.7% above actual market cap; fundamentals score in the lower third of the training dataset; report risk is set to neutral because SEC filing text has not been integrated into this dataset; and the log-scale model error is high (-0.63) — treat this estimate with additional caution. The valuation gap is a research signal, not proof of undervaluation or overvaluation. This output is for research purposes only and does not constitute investment advice.",neutral_report_risk,Report risk is currently neutral because filing-text extraction has not yet been integrated for this dataset.,Possible value trap
712515,Electronic Arts Inc,EA,2013,6923571300.506592,7091478863.289703,2.4251582816923674,20.41380193015707,50,-0.023962182786021913,Fairly valued / neutral,Ridge Regression,"Research signal: Fairly valued / neutral. This signal was assigned because the model-estimated fair value is within 5% of actual market cap; fundamentals score in the lower third of the training dataset; report risk is set to neutral because SEC filing text has not been integrated into this dataset; and the log-scale model error is low (-0.02). The valuation gap is a research signal, not proof of undervaluation or overvaluation. This output is for research purposes only and does not constitute investment advice.",neutral_report_risk,Report risk is currently neutral because filing-text extraction has not yet been integrated for this dataset.,Fairly valued / neutral
712515,Electronic Arts Inc,EA,2014,14145579414.367676,16026165430.345932,13.294513861115817,73.83336056466896,50,-0.12482055952414228,Research candidate,Ridge Regression,"Research signal: Research candidate. This signal was assigned because the model-estimated fair value is 13.3% above actual market cap; fundamentals score in the upper third of the training dataset; report risk is set to neutral because SEC filing text has not been integrated into this dataset; and the log-scale model error is low (-0.12). The valuation gap is a research signal, not proof of undervaluation or overvaluation. This output is for research purposes only and does not constitute investment advice.",neutral_report_risk,Report risk is currently neutral because filing-text extraction has not yet been integrated for this dataset.,Research candidate
712515,Electronic Arts Inc,EA,2015,20073635620.117188,5909600142.053679,-70.56038948853262,58.76481929285667,50,1.2228291221243275,Potentially overvalued,Ridge Regression,"Research signal: Potentially overvalued. This signal was assigned because the model-estimated fair value is 70.6% below actual market cap; fundamentals are in the middle range of the training dataset; report risk is set to neutral because SEC filing text has not been integrated into this dataset; and the log-scale model error is high (+1.22) — treat this estimate with additional caution. The valuation gap is a research signal, not proof of undervaluation or overvaluation. This output is for research purposes only and does not constitute investment advice.","high_model_error, neutral_report_risk, needs_review",Model error of +1.223 (log scale) is large — the model fit was poor for this observation. | Report risk is currently neutral because filing-text extraction has not yet been integrated for this dataset.,Needs review
1065088,eBay Inc,EBAY,2011,34514210375.44979,29859331066.621563,-13.486848628990444,64.93803418803418,50,0.14487374463580238,Potentially overvalued,Ridge Regression,"Research signal: Potentially overvalued. This signal was assigned because the model-estimated fair value is 13.5% below actual market cap; fundamentals are in the middle range of the training dataset; report risk is set to neutral because SEC filing text has not been integrated into this dataset; and the log-scale model error is low (+0.14). The valuation gap is a research signal, not proof of undervaluation or overvaluation. This output is for research purposes only and does not constitute investment advice.",neutral_report_risk,Report risk is currently neutral because filing-text extraction has not yet been integrated for this dataset.,Potentially overvalued
1065088,eBay Inc,EBAY,2012,58374670665.06958,40390434197.43485,-30.8082876746681,59.82900355096618,50,0.3682890946215558,Potentially overvalued,Ridge Regression,"Research signal: Potentially overvalued. This signal was assigned because the model-estimated fair value is 30.8% below actual market cap; fundamentals are in the middle range of the training dataset; report risk is set to neutral because SEC filing text has not been integrated into this dataset; and the log-scale model error is moderate (+0.37). The valuation gap is a research signal, not proof of undervaluation or overvaluation. This output is for research purposes only and does not constitute investment advice.",neutral_report_risk,Report risk is currently neutral because filing-text extraction has not yet been integrated for this dataset.,Potentially overvalued
1065088,eBay Inc,EBAY,2013,62804290987.24365,45553177553.97788,-27.468049017175737,59.35988207016244,50,0.3211430179972332,Potentially overvalued,Ridge Regression,"Research signal: Potentially overvalued. This signal was assigned because the model-estimated fair value is 27.5% below actual market cap; fundamentals are in the middle range of the training dataset; report risk is set to neutral because SEC filing text has not been integrated into this dataset; and the log-scale model error is moderate (+0.32). The valuation gap is a research signal, not proof of undervaluation or overvaluation. This output is for research purposes only and does not constitute investment advice.",neutral_report_risk,Report risk is currently neutral because filing-text extraction has not yet been integrated for this dataset.,Potentially overvalued
1065088,eBay Inc,EBAY,2014,60760213920.043945,39935262262.10041,-34.27399331632978,41.505486206420784,50,0.4196754988873863,Potentially overvalued,Ridge Regression,"Research signal: Potentially overvalued. This signal was assigned because the model-estimated fair value is 34.3% below actual market cap; fundamentals score in the lower third of the training dataset; report risk is set to neutral because SEC filing text has not been integrated into this dataset; and the log-scale model error is moderate (+0.42). The valuation gap is a research signal, not proof of undervaluation or overvaluation. This output is for research purposes only and does not constitute investment advice.",neutral_report_risk,Report risk is currently neutral because filing-text extraction has not yet been integrated for this dataset.,Potentially overvalued
1065088,eBay Inc,EBAY,2015,28779850646.972656,22973010008.26595,-20.17675737770907,46.73986086602909,50,0.22535546300959552,Potentially overvalued,Ridge Regression,"Research signal: Potentially overvalued. This signal was assigned because the model-estimated fair value is 20.2% below actual market cap; fundamentals are in the middle range of the training dataset; report risk is set to neutral because SEC filing text has not been integrated into this dataset; and the log-scale model error is low (+0.23). The valuation gap is a research signal, not proof of undervaluation or overvaluation. This output is for research purposes only and does not constitute investment advice.",neutral_report_risk,Report risk is currently neutral because filing-text extraction has not yet been integrated for this dataset.,Potentially overvalued
68505,Motorola Solutions Inc,MSI,2011,11568205207.824709,16192238777.782066,39.971918606956166,60.11674436674437,50,-0.33627163512319314,Research candidate,Ridge Regression,"Research signal: Research candidate. This signal was assigned because the model-estimated fair value is 40.0% above actual market cap; fundamentals are in the middle range of the training dataset; report risk is set to neutral because SEC filing text has not been integrated into this dataset; and the log-scale model error is moderate (-0.34). The valuation gap is a research signal, not proof of undervaluation or overvaluation. This output is for research purposes only and does not constitute investment advice.",neutral_report_risk,Report risk is currently neutral because filing-text extraction has not yet been integrated for this dataset.,Research candidate
68505,Motorola Solutions Inc,MSI,2012,12282344478.607178,16234682188.643906,32.179016937041034,60.20590339048283,50,-0.2789870067216782,Research candidate,Ridge Regression,"Research signal: Research candidate. This signal was assigned because the model-estimated fair value is 32.2% above actual market cap; fundamentals are in the middle range of the training dataset; report risk is set to neutral because SEC filing text has not been integrated into this dataset; and the log-scale model error is low (-0.28). The valuation gap is a research signal, not proof of undervaluation or overvaluation. This output is for research purposes only and does not constitute investment advice.",neutral_report_risk,Report risk is currently neutral because filing-text extraction has not yet been integrated for this dataset.,Research candidate
68505,Motorola Solutions Inc,MSI,2013,13988027509.689331,10503002668.846033,-24.914340770557285,51.13576817782425,50,0.28654060111889734,Potentially overvalued,Ridge Regression,"Research signal: Potentially overvalued. This signal was assigned because the model-estimated fair value is 24.9% below actual market cap; fundamentals are in the middle range of the training dataset; report risk is set to neutral because SEC filing text has not been integrated into this dataset; and the log-scale model error is low (+0.29). The valuation gap is a research signal, not proof of undervaluation or overvaluation. This output is for research purposes only and does not constitute investment advice.",neutral_report_risk,Report risk is currently neutral because filing-text extraction has not yet been integrated for this dataset.,Potentially overvalued
68505,Motorola Solutions Inc,MSI,2014,12243418589.019775,6258143105.910523,-48.88565591049061,32.24623299856945,50,0.6711050219164321,Potentially overvalued,Ridge Regression,"Research signal: Potentially overvalued. This signal was assigned because the model-estimated fair value is 48.9% below actual market cap; fundamentals score in the lower third of the training dataset; report risk is set to neutral because SEC filing text has not been integrated into this dataset; and the log-scale model error is high (+0.67) — treat this estimate with additional caution. The valuation gap is a research signal, not proof of undervaluation or overvaluation. This output is for research purposes only and does not constitute investment advice.",neutral_report_risk,Report risk is currently neutral because filing-text extraction has not yet been integrated for this dataset.,Potentially overvalued
68505,Motorola Solutions Inc,MSI,2015,10121018492.889404,8921549735.614012,-11.851265345657536,17.302656326020813,50,0.12614463170733714,Potentially overvalued,Ridge Regression,"Research signal: Potentially overvalued. This signal was assigned because the model-estimated fair value is 11.9% below actual market cap; fundamentals score in the lower third of the training dataset; report risk is set to neutral because SEC filing text has not been integrated into this dataset; and the log-scale model error is low (+0.13). The valuation gap is a research signal, not proof of undervaluation or overvaluation. This output is for research purposes only and does not constitute investment advice.",neutral_report_risk,Report risk is currently neutral because filing-text extraction has not yet been integrated for this dataset.,Potentially overvalued
1086222,Akamai Technologies Inc,AKAM,2011,5729849046.039551,4840227600.162792,-15.52608871069058,49.78846153846154,50,0.1687274414339761,Potentially overvalued,Ridge Regression,"Research signal: Potentially overvalued. This signal was assigned because the model-estimated fair value is 15.5% below actual market cap; fundamentals are in the middle range of the training dataset; report risk is set to neutral because SEC filing text has not been integrated into this dataset; and the log-scale model error is low (+0.17). The valuation gap is a research signal, not proof of undervaluation or overvaluation. This output is for research purposes only and does not constitute investment advice.",neutral_report_risk,Report risk is currently neutral because filing-text extraction has not yet been integrated for this dataset.,Potentially overvalued
1086222,Akamai Technologies Inc,AKAM,2012,7273094893.612495,8788873229.381407,20.84089865375089,53.34667668779818,50,-0.18930460722691578,Research candidate,Ridge Regression,"Research signal: Research candidate. This signal was assigned because the model-estimated fair value is 20.8% above actual market cap; fundamentals are in the middle range of the training dataset; report risk is set to neutral because SEC filing text has not been integrated into this dataset; and the log-scale model error is low (-0.19). The valuation gap is a research signal, not proof of undervaluation or overvaluation. This output is for research purposes only and does not constitute investment advice.",neutral_report_risk,Report risk is currently neutral because filing-text extraction has not yet been integrated for this dataset.,Research candidate
1086222,Akamai Technologies Inc,AKAM,2013,8425437291.778503,7992409246.998628,-5.139531988475212,57.291429754046575,50,0.052763131843001077,Fairly valued / neutral,Ridge Regression,"Research signal: Fairly valued / neutral. This signal was assigned because the model-estimated fair value is 5.1% below actual market cap; fundamentals are in the middle range of the training dataset; report risk is set to neutral because SEC filing text has not been integrated into this dataset; and the log-scale model error is low (+0.05). The valuation gap is a research signal, not proof of undervaluation or overvaluation. This output is for research purposes only and does not constitute investment advice.",neutral_report_risk,Report risk is currently neutral because filing-text extraction has not yet been integrated for this dataset.,Fairly valued / neutral
1086222,Akamai Technologies Inc,AKAM,2014,11225805801.640924,11179195488.243004,-0.41520683879198567,59.27807550704747,50,0.004160712158519431,Fairly valued / neutral,Ridge Regression,"Research signal: Fairly valued / neutral. This signal was assigned because the model-estimated fair value is within 5% of actual market cap; fundamentals are in the middle range of the training dataset; report risk is set to neutral because SEC filing text has not been integrated into this dataset; and the log-scale model error is low (+0.00). The valuation gap is a research signal, not proof of undervaluation or overvaluation. This output is for research purposes only and does not constitute investment advice.",neutral_report_risk,Report risk is currently neutral because filing-text extraction has not yet been integrated for this dataset.,Fairly valued / neutral
1086222,Akamai Technologies Inc,AKAM,2015,9326677275.31303,10704619358.964563,14.77420139001524,50.37102694812975,50,-0.13779654607476388,Research candidate,Ridge Regression,"Research signal: Research candidate. This signal was assigned because the model-estimated fair value is 14.8% above actual market cap; fundamentals are in the middle range of the training dataset; report risk is set to neutral because SEC filing text has not been integrated into this dataset; and the log-scale model error is low (-0.14). The valuation gap is a research signal, not proof of undervaluation or overvaluation. This output is for research purposes only and does not constitute investment advice.",neutral_report_risk,Report risk is currently neutral because filing-text extraction has not yet been integrated for this dataset.,Research candidate
