company_id,company_name,ticker,year,actual_market_cap,estimated_fair_value,valuation_gap_pct,quality_score,report_risk_score,model_error,final_signal,best_model_used,explanation_text,output_quality_flag,output_warning_text,final_signal_display
320193,Apple Inc,AAPL,2017,812428645887.5732,1116502096121.8135,37.42771156253875,70.69278554210054,50,-0.31792785878128527,Research candidate,Random Forest,"Research signal: Research candidate. This signal was assigned because the model-estimated fair value is 37.4% above actual market cap; fundamentals score in the upper third of the training dataset; report risk is set to neutral because SEC filing text has not been integrated into this dataset; and the log-scale model error is moderate (-0.32). The valuation gap is a research signal, not proof of undervaluation or overvaluation. This output is for research purposes only and does not constitute investment advice.",neutral_report_risk,Report risk is currently neutral because filing-text extraction has not yet been integrated for this dataset.,Research candidate
320193,Apple Inc,AAPL,2018,710414450456.8176,965248234830.97,35.87114313486819,55.84701451300281,50,-0.3065367736584541,Research candidate,Random Forest,"Research signal: Research candidate. This signal was assigned because the model-estimated fair value is 35.9% above actual market cap; fundamentals are in the middle range of the training dataset; report risk is set to neutral because SEC filing text has not been integrated into this dataset; and the log-scale model error is moderate (-0.31). The valuation gap is a research signal, not proof of undervaluation or overvaluation. This output is for research purposes only and does not constitute investment advice.",neutral_report_risk,Report risk is currently neutral because filing-text extraction has not yet been integrated for this dataset.,Research candidate
320193,Apple Inc,AAPL,2019,1256916113205.4138,1279993721557.9841,1.8360500044603065,63.68993210232759,50,-0.018193981221148903,Fairly valued / neutral,Random Forest,"Research signal: Fairly valued / neutral. This signal was assigned because the model-estimated fair value is within 5% of actual market cap; fundamentals are in the middle range of the training dataset; report risk is set to neutral because SEC filing text has not been integrated into this dataset; and the log-scale model error is low (-0.02). The valuation gap is a research signal, not proof of undervaluation or overvaluation. This output is for research purposes only and does not constitute investment advice.",neutral_report_risk,Report risk is currently neutral because filing-text extraction has not yet been integrated for this dataset.,Fairly valued / neutral
320193,Apple Inc,AAPL,2020,2192006406421.448,2267710080349.3447,3.4536246657913052,70.4982444270652,50,-0.033953255441666386,Fairly valued / neutral,Random Forest,"Research signal: Fairly valued / neutral. This signal was assigned because the model-estimated fair value is within 5% of actual market cap; fundamentals score in the upper third of the training dataset; report risk is set to neutral because SEC filing text has not been integrated into this dataset; and the log-scale model error is low (-0.03). The valuation gap is a research signal, not proof of undervaluation or overvaluation. This output is for research purposes only and does not constitute investment advice.",neutral_report_risk,Report risk is currently neutral because filing-text extraction has not yet been integrated for this dataset.,Fairly valued / neutral
320193,Apple Inc,AAPL,2021,2848134096781.128,2339164528221.905,-17.870281077511223,55.196000444605524,50,0.19687025059069896,Potentially overvalued,Random Forest,"Research signal: Potentially overvalued. This signal was assigned because the model-estimated fair value is 17.9% below actual market cap; fundamentals are in the middle range of the training dataset; report risk is set to neutral because SEC filing text has not been integrated into this dataset; and the log-scale model error is low (+0.20). The valuation gap is a research signal, not proof of undervaluation or overvaluation. This output is for research purposes only and does not constitute investment advice.",neutral_report_risk,Report risk is currently neutral because filing-text extraction has not yet been integrated for this dataset.,Potentially overvalued
320193,Apple Inc,AAPL,2022,2032446555848.877,2240991790277.4473,10.260797944646017,61.77418283634097,50,-0.09767826408400992,Research candidate,Random Forest,"Research signal: Research candidate. This signal was assigned because the model-estimated fair value is 10.3% above actual market cap; fundamentals are in the middle range of the training dataset; report risk is set to neutral because SEC filing text has not been integrated into this dataset; and the log-scale model error is low (-0.10). The valuation gap is a research signal, not proof of undervaluation or overvaluation. This output is for research purposes only and does not constitute investment advice.",neutral_report_risk,Report risk is currently neutral because filing-text extraction has not yet been integrated for this dataset.,Research candidate
320193,Apple Inc,AAPL,2023,2960855873948.4863,2834862878442.6406,-4.2552897158694245,78.20416568399081,50,0.04348480452775405,Fairly valued / neutral,Random Forest,"Research signal: Fairly valued / neutral. This signal was assigned because the model-estimated fair value is within 5% of actual market cap; fundamentals score in the upper third of the training dataset; report risk is set to neutral because SEC filing text has not been integrated into this dataset; and the log-scale model error is low (+0.04). The valuation gap is a research signal, not proof of undervaluation or overvaluation. This output is for research purposes only and does not constitute investment advice.",neutral_report_risk,Report risk is currently neutral because filing-text extraction has not yet been integrated for this dataset.,Fairly valued / neutral
320193,Apple Inc,AAPL,2024,3761273493856.064,2966786948396.834,-21.122807122561063,69.37514690499279,50,0.23727806358051495,Potentially overvalued,Random Forest,"Research signal: Potentially overvalued. This signal was assigned because the model-estimated fair value is 21.1% below actual market cap; fundamentals score in the upper third of the training dataset; report risk is set to neutral because SEC filing text has not been integrated into this dataset; and the log-scale model error is low (+0.24). The valuation gap is a research signal, not proof of undervaluation or overvaluation. This output is for research purposes only and does not constitute investment advice.",neutral_report_risk,Report risk is currently neutral because filing-text extraction has not yet been integrated for this dataset.,Potentially overvalued
789019,Microsoft Corp,MSFT,2017,603274357761.5577,453702006665.51807,-24.793420965383987,54.61134498335207,50,0.28493147169663047,Potentially overvalued,Random Forest,"Research signal: Potentially overvalued. This signal was assigned because the model-estimated fair value is 24.8% below actual market cap; fundamentals are in the middle range of the training dataset; report risk is set to neutral because SEC filing text has not been integrated into this dataset; and the log-scale model error is low (+0.28). The valuation gap is a research signal, not proof of undervaluation or overvaluation. This output is for research purposes only and does not constitute investment advice.",neutral_report_risk,Report risk is currently neutral because filing-text extraction has not yet been integrated for this dataset.,Potentially overvalued
789019,Microsoft Corp,MSFT,2018,725507830119.0659,629142561161.346,-13.282457467330861,51.227275406988426,50,0.1425139866518208,Potentially overvalued,Random Forest,"Research signal: Potentially overvalued. This signal was assigned because the model-estimated fair value is 13.3% below actual market cap; fundamentals are in the middle range of the training dataset; report risk is set to neutral because SEC filing text has not been integrated into this dataset; and the log-scale model error is low (+0.14). The valuation gap is a research signal, not proof of undervaluation or overvaluation. This output is for research purposes only and does not constitute investment advice.",neutral_report_risk,Report risk is currently neutral because filing-text extraction has not yet been integrated for this dataset.,Potentially overvalued
789019,Microsoft Corp,MSFT,2019,1138205758390.2495,914968085140.8035,-19.613121055121734,60.69534276754789,50,0.21831922032428963,Potentially overvalued,Random Forest,"Research signal: Potentially overvalued. This signal was assigned because the model-estimated fair value is 19.6% below actual market cap; fundamentals are in the middle range of the training dataset; report risk is set to neutral because SEC filing text has not been integrated into this dataset; and the log-scale model error is low (+0.22). The valuation gap is a research signal, not proof of undervaluation or overvaluation. This output is for research purposes only and does not constitute investment advice.",neutral_report_risk,Report risk is currently neutral because filing-text extraction has not yet been integrated for this dataset.,Potentially overvalued
789019,Microsoft Corp,MSFT,2020,1607933870303.2576,1213943223348.6167,-24.50291359807813,65.70395676866903,50,0.2810761211807744,Potentially overvalued,Random Forest,"Research signal: Potentially overvalued. This signal was assigned because the model-estimated fair value is 24.5% below actual market cap; fundamentals score in the upper third of the training dataset; report risk is set to neutral because SEC filing text has not been integrated into this dataset; and the log-scale model error is low (+0.28). The valuation gap is a research signal, not proof of undervaluation or overvaluation. This output is for research purposes only and does not constitute investment advice.",neutral_report_risk,Report risk is currently neutral because filing-text extraction has not yet been integrated for this dataset.,Potentially overvalued
789019,Microsoft Corp,MSFT,2021,2434634873911.5293,1878153766987.3865,-22.856860915250508,75.19427595975522,50,0.25950754068945514,Potentially overvalued,Random Forest,"Research signal: Potentially overvalued. This signal was assigned because the model-estimated fair value is 22.9% below actual market cap; fundamentals score in the upper third of the training dataset; report risk is set to neutral because SEC filing text has not been integrated into this dataset; and the log-scale model error is low (+0.26). The valuation gap is a research signal, not proof of undervaluation or overvaluation. This output is for research purposes only and does not constitute investment advice.",neutral_report_risk,Report risk is currently neutral because filing-text extraction has not yet been integrated for this dataset.,Potentially overvalued
789019,Microsoft Corp,MSFT,2022,1739043234720.0146,1772147097062.7405,1.9035675296511845,77.13302367076592,50,-0.018856763732273407,Fairly valued / neutral,Random Forest,"Research signal: Fairly valued / neutral. This signal was assigned because the model-estimated fair value is within 5% of actual market cap; fundamentals score in the upper third of the training dataset; report risk is set to neutral because SEC filing text has not been integrated into this dataset; and the log-scale model error is low (-0.02). The valuation gap is a research signal, not proof of undervaluation or overvaluation. This output is for research purposes only and does not constitute investment advice.",neutral_report_risk,Report risk is currently neutral because filing-text extraction has not yet been integrated for this dataset.,Fairly valued / neutral
789019,Microsoft Corp,MSFT,2023,2740638674741.9014,2449352275090.4473,-10.628413089838846,82.11122610668403,50,0.11236737412089326,Potentially overvalued,Random Forest,"Research signal: Potentially overvalued. This signal was assigned because the model-estimated fair value is 10.6% below actual market cap; fundamentals score in the upper third of the training dataset; report risk is set to neutral because SEC filing text has not been integrated into this dataset; and the log-scale model error is low (+0.11). The valuation gap is a research signal, not proof of undervaluation or overvaluation. This output is for research purposes only and does not constitute investment advice.",neutral_report_risk,Report risk is currently neutral because filing-text extraction has not yet been integrated for this dataset.,Potentially overvalued
789019,Microsoft Corp,MSFT,2024,3096294427410.83,2827844222086.1978,-8.670047749597074,83.46646658374394,50,0.09069138810952992,Fairly valued / neutral,Random Forest,"Research signal: Fairly valued / neutral. This signal was assigned because the model-estimated fair value is 8.7% below actual market cap; fundamentals score in the upper third of the training dataset; report risk is set to neutral because SEC filing text has not been integrated into this dataset; and the log-scale model error is low (+0.09). The valuation gap is a research signal, not proof of undervaluation or overvaluation. This output is for research purposes only and does not constitute investment advice.",neutral_report_risk,Report risk is currently neutral because filing-text extraction has not yet been integrated for this dataset.,Fairly valued / neutral
1018724,Amazon COM Inc,AMZN,2017,566148820507.0718,275518047673.38635,-51.334695455760496,37.44353487582975,50,0.720203842156554,Potentially overvalued,Random Forest,"Research signal: Potentially overvalued. This signal was assigned because the model-estimated fair value is 51.3% below actual market cap; fundamentals score in the lower third of the training dataset; report risk is set to neutral because SEC filing text has not been integrated into this dataset; and the log-scale model error is high (+0.72) — treat this estimate with additional caution. The valuation gap is a research signal, not proof of undervaluation or overvaluation. This output is for research purposes only and does not constitute investment advice.",neutral_report_risk,Report risk is currently neutral because filing-text extraction has not yet been integrated for this dataset.,Potentially overvalued
1018724,Amazon COM Inc,AMZN,2018,737772035273.5581,418986056419.6518,-43.20927923700765,49.64717831983886,50,0.5657972404555274,Potentially overvalued,Random Forest,"Research signal: Potentially overvalued. This signal was assigned because the model-estimated fair value is 43.2% below actual market cap; fundamentals are in the middle range of the training dataset; report risk is set to neutral because SEC filing text has not been integrated into this dataset; and the log-scale model error is moderate (+0.57). The valuation gap is a research signal, not proof of undervaluation or overvaluation. This output is for research purposes only and does not constitute investment advice.",neutral_report_risk,Report risk is currently neutral because filing-text extraction has not yet been integrated for this dataset.,Potentially overvalued
1018724,Amazon COM Inc,AMZN,2019,919874033825.9546,448647957086.35297,-51.22723975365091,54.38873179354481,50,0.7179982206491324,Potentially overvalued,Random Forest,"Research signal: Potentially overvalued. This signal was assigned because the model-estimated fair value is 51.2% below actual market cap; fundamentals are in the middle range of the training dataset; report risk is set to neutral because SEC filing text has not been integrated into this dataset; and the log-scale model error is high (+0.72) — treat this estimate with additional caution. The valuation gap is a research signal, not proof of undervaluation or overvaluation. This output is for research purposes only and does not constitute investment advice.",neutral_report_risk,Report risk is currently neutral because filing-text extraction has not yet been integrated for this dataset.,Potentially overvalued
1018724,Amazon COM Inc,AMZN,2020,1640075083995.619,1047669079540.823,-36.120663635200884,65.38970495549312,50,0.4481742514742173,Potentially overvalued,Random Forest,"Research signal: Potentially overvalued. This signal was assigned because the model-estimated fair value is 36.1% below actual market cap; fundamentals score in the upper third of the training dataset; report risk is set to neutral because SEC filing text has not been integrated into this dataset; and the log-scale model error is moderate (+0.45). The valuation gap is a research signal, not proof of undervaluation or overvaluation. This output is for research purposes only and does not constitute investment advice.",neutral_report_risk,Report risk is currently neutral because filing-text extraction has not yet been integrated for this dataset.,Potentially overvalued
1018724,Amazon COM Inc,AMZN,2021,1696660221589.859,1003348778517.958,-40.8633051125718,59.532620914549234,50,0.525318559371172,Potentially overvalued,Random Forest,"Research signal: Potentially overvalued. This signal was assigned because the model-estimated fair value is 40.9% below actual market cap; fundamentals are in the middle range of the training dataset; report risk is set to neutral because SEC filing text has not been integrated into this dataset; and the log-scale model error is moderate (+0.53). The valuation gap is a research signal, not proof of undervaluation or overvaluation. This output is for research purposes only and does not constitute investment advice.",neutral_report_risk,Report risk is currently neutral because filing-text extraction has not yet been integrated for this dataset.,Potentially overvalued
1018724,Amazon COM Inc,AMZN,2022,860769819588.0,793276826474.5966,-7.841003666428311,65.74995130201931,50,0.08165487957754891,Fairly valued / neutral,Random Forest,"Research signal: Fairly valued / neutral. This signal was assigned because the model-estimated fair value is 7.8% below actual market cap; fundamentals score in the upper third of the training dataset; report risk is set to neutral because SEC filing text has not been integrated into this dataset; and the log-scale model error is low (+0.08). The valuation gap is a research signal, not proof of undervaluation or overvaluation. This output is for research purposes only and does not constitute investment advice.",neutral_report_risk,Report risk is currently neutral because filing-text extraction has not yet been integrated for this dataset.,Fairly valued / neutral
1018724,Amazon COM Inc,AMZN,2023,1578258738714.3577,1047285703443.3279,-33.64296501241349,62.36574447137239,50,0.4101204023815619,Potentially overvalued,Random Forest,"Research signal: Potentially overvalued. This signal was assigned because the model-estimated fair value is 33.6% below actual market cap; fundamentals are in the middle range of the training dataset; report risk is set to neutral because SEC filing text has not been integrated into this dataset; and the log-scale model error is moderate (+0.41). The valuation gap is a research signal, not proof of undervaluation or overvaluation. This output is for research purposes only and does not constitute investment advice.",neutral_report_risk,Report risk is currently neutral because filing-text extraction has not yet been integrated for this dataset.,Potentially overvalued
1018724,Amazon COM Inc,AMZN,2024,2325035836066.9395,191630179970.00305,-91.75796875913245,35.65215685587502,50,2.495923362631242,Potentially overvalued,Random Forest,"Research signal: Potentially overvalued. This signal was assigned because the model-estimated fair value is 91.8% below actual market cap; fundamentals score in the lower third of the training dataset; report risk is set to neutral because SEC filing text has not been integrated into this dataset; and the log-scale model error is high (+2.50) — treat this estimate with additional caution. The valuation gap is a research signal, not proof of undervaluation or overvaluation. This output is for research purposes only and does not constitute investment advice.","high_model_error, neutral_report_risk, needs_review",Model error of +2.496 (log scale) is large — the model fit was poor for this observation. | Report risk is currently neutral because filing-text extraction has not yet been integrated for this dataset.,Needs review
1326801,Facebook Inc,META,2017,444030915403.71936,178032828124.53326,-59.90530795301421,54.939890710382514,50,0.9139262283425644,Potentially overvalued,Random Forest,"Research signal: Potentially overvalued. This signal was assigned because the model-estimated fair value is 59.9% below actual market cap; fundamentals are in the middle range of the training dataset; report risk is set to neutral because SEC filing text has not been integrated into this dataset; and the log-scale model error is high (+0.91) — treat this estimate with additional caution. The valuation gap is a research signal, not proof of undervaluation or overvaluation. This output is for research purposes only and does not constitute investment advice.",neutral_report_risk,Report risk is currently neutral because filing-text extraction has not yet been integrated for this dataset.,Potentially overvalued
1326801,Facebook Inc,META,2018,329865156879.9501,221356377736.07065,-32.8948895876777,76.81195416570213,50,0.3989099837731267,Potentially overvalued,Random Forest,"Research signal: Potentially overvalued. This signal was assigned because the model-estimated fair value is 32.9% below actual market cap; fundamentals score in the upper third of the training dataset; report risk is set to neutral because SEC filing text has not been integrated into this dataset; and the log-scale model error is moderate (+0.40). The valuation gap is a research signal, not proof of undervaluation or overvaluation. This output is for research purposes only and does not constitute investment advice.",neutral_report_risk,Report risk is currently neutral because filing-text extraction has not yet been integrated for this dataset.,Potentially overvalued
1326801,Facebook Inc,META,2019,516475911393.3468,297519840769.8492,-42.39424642918945,78.10419025372306,50,0.5515477348926296,Potentially overvalued,Random Forest,"Research signal: Potentially overvalued. This signal was assigned because the model-estimated fair value is 42.4% below actual market cap; fundamentals score in the upper third of the training dataset; report risk is set to neutral because SEC filing text has not been integrated into this dataset; and the log-scale model error is moderate (+0.55). The valuation gap is a research signal, not proof of undervaluation or overvaluation. This output is for research purposes only and does not constitute investment advice.",neutral_report_risk,Report risk is currently neutral because filing-text extraction has not yet been integrated for this dataset.,Potentially overvalued
1326801,Facebook Inc,META,2020,687359604349.1318,452864263940.01917,-34.11537991546052,78.09286320559495,50,0.41726515434977074,Potentially overvalued,Random Forest,"Research signal: Potentially overvalued. This signal was assigned because the model-estimated fair value is 34.1% below actual market cap; fundamentals score in the upper third of the training dataset; report risk is set to neutral because SEC filing text has not been integrated into this dataset; and the log-scale model error is moderate (+0.42). The valuation gap is a research signal, not proof of undervaluation or overvaluation. This output is for research purposes only and does not constitute investment advice.",neutral_report_risk,Report risk is currently neutral because filing-text extraction has not yet been integrated for this dataset.,Potentially overvalued
1326801,Facebook Inc,META,2021,846366244896.0325,655591566148.8574,-22.540440370540747,70.96173916398354,50,0.25541419705243484,Potentially overvalued,Random Forest,"Research signal: Potentially overvalued. This signal was assigned because the model-estimated fair value is 22.5% below actual market cap; fundamentals score in the upper third of the training dataset; report risk is set to neutral because SEC filing text has not been integrated into this dataset; and the log-scale model error is low (+0.26). The valuation gap is a research signal, not proof of undervaluation or overvaluation. This output is for research purposes only and does not constitute investment advice.",neutral_report_risk,Report risk is currently neutral because filing-text extraction has not yet been integrated for this dataset.,Potentially overvalued
1326801,Facebook Inc,META,2022,302814657480.77686,483772664030.91705,59.758668241357405,83.39398639990226,50,-0.4684941670892151,Research candidate,Random Forest,"Research signal: Research candidate. This signal was assigned because the model-estimated fair value is 59.8% above actual market cap; fundamentals score in the upper third of the training dataset; report risk is set to neutral because SEC filing text has not been integrated into this dataset; and the log-scale model error is moderate (-0.47). The valuation gap is a research signal, not proof of undervaluation or overvaluation. This output is for research purposes only and does not constitute investment advice.",neutral_report_risk,Report risk is currently neutral because filing-text extraction has not yet been integrated for this dataset.,Research candidate
1326801,Facebook Inc,META,2023,890678650241.3108,1629364317720.3057,82.93514920098998,86.23751845894719,50,-0.603961528096459,Research candidate,Random Forest,"Research signal: Research candidate. This signal was assigned because the model-estimated fair value is 82.9% above actual market cap; fundamentals score in the upper third of the training dataset; report risk is set to neutral because SEC filing text has not been integrated into this dataset; and the log-scale model error is high (-0.60) — treat this estimate with additional caution. The valuation gap is a research signal, not proof of undervaluation or overvaluation. This output is for research purposes only and does not constitute investment advice.",neutral_report_risk,Report risk is currently neutral because filing-text extraction has not yet been integrated for this dataset.,Research candidate
1326801,Facebook Inc,META,2024,1478962046803.354,460480149568.0911,-68.86464053872253,56.11667198262204,50,1.1668260524829321,Potentially overvalued,Random Forest,"Research signal: Potentially overvalued. This signal was assigned because the model-estimated fair value is 68.9% below actual market cap; fundamentals are in the middle range of the training dataset; report risk is set to neutral because SEC filing text has not been integrated into this dataset; and the log-scale model error is high (+1.17) — treat this estimate with additional caution. The valuation gap is a research signal, not proof of undervaluation or overvaluation. This output is for research purposes only and does not constitute investment advice.","high_model_error, neutral_report_risk, needs_review",Model error of +1.167 (log scale) is large — the model fit was poor for this observation. | Report risk is currently neutral because filing-text extraction has not yet been integrated for this dataset.,Needs review
1045810,Nvidia Corp,NVDA,2017,112501180219.23912,57204565935.484566,-49.15203038403159,58.06518143066189,50,0.6763299931802109,Potentially overvalued,Random Forest,"Research signal: Potentially overvalued. This signal was assigned because the model-estimated fair value is 49.2% below actual market cap; fundamentals are in the middle range of the training dataset; report risk is set to neutral because SEC filing text has not been integrated into this dataset; and the log-scale model error is high (+0.68) — treat this estimate with additional caution. The valuation gap is a research signal, not proof of undervaluation or overvaluation. This output is for research purposes only and does not constitute investment advice.",neutral_report_risk,Report risk is currently neutral because filing-text extraction has not yet been integrated for this dataset.,Potentially overvalued
1045810,Nvidia Corp,NVDA,2018,79949844082.88498,36375971512.74888,-54.501510378134746,49.280639305976166,50,0.7874910557059955,Potentially overvalued,Random Forest,"Research signal: Potentially overvalued. This signal was assigned because the model-estimated fair value is 54.5% below actual market cap; fundamentals are in the middle range of the training dataset; report risk is set to neutral because SEC filing text has not been integrated into this dataset; and the log-scale model error is high (+0.79) — treat this estimate with additional caution. The valuation gap is a research signal, not proof of undervaluation or overvaluation. This output is for research purposes only and does not constitute investment advice.",neutral_report_risk,Report risk is currently neutral because filing-text extraction has not yet been integrated for this dataset.,Potentially overvalued
1045810,Nvidia Corp,NVDA,2019,141784764289.85596,88925482581.49115,-37.28135528039005,80.21265489492001,50,0.46651141860398937,Potentially overvalued,Random Forest,"Research signal: Potentially overvalued. This signal was assigned because the model-estimated fair value is 37.3% below actual market cap; fundamentals score in the upper third of the training dataset; report risk is set to neutral because SEC filing text has not been integrated into this dataset; and the log-scale model error is moderate (+0.47). The valuation gap is a research signal, not proof of undervaluation or overvaluation. This output is for research purposes only and does not constitute investment advice.",neutral_report_risk,Report risk is currently neutral because filing-text extraction has not yet been integrated for this dataset.,Potentially overvalued
1045810,Nvidia Corp,NVDA,2020,318301960144.04297,161967030858.55667,-49.1152895240542,85.68270098646727,50,0.6756076911325017,Potentially overvalued,Random Forest,"Research signal: Potentially overvalued. This signal was assigned because the model-estimated fair value is 49.1% below actual market cap; fundamentals score in the upper third of the training dataset; report risk is set to neutral because SEC filing text has not been integrated into this dataset; and the log-scale model error is high (+0.68) — treat this estimate with additional caution. The valuation gap is a research signal, not proof of undervaluation or overvaluation. This output is for research purposes only and does not constitute investment advice.",neutral_report_risk,Report risk is currently neutral because filing-text extraction has not yet been integrated for this dataset.,Potentially overvalued
1045810,Nvidia Corp,NVDA,2021,181773970031.73828,130667325435.58931,-28.11549122639815,83.31477660995246,50,0.3301093996403708,Potentially overvalued,Random Forest,"Research signal: Potentially overvalued. This signal was assigned because the model-estimated fair value is 28.1% below actual market cap; fundamentals score in the upper third of the training dataset; report risk is set to neutral because SEC filing text has not been integrated into this dataset; and the log-scale model error is moderate (+0.33). The valuation gap is a research signal, not proof of undervaluation or overvaluation. This output is for research purposes only and does not constitute investment advice.",neutral_report_risk,Report risk is currently neutral because filing-text extraction has not yet been integrated for this dataset.,Potentially overvalued
1045810,Nvidia Corp,NVDA,2022,365998188686.37085,139966959273.989,-61.75747214040758,53.69259220802725,50,0.9612219948748724,Potentially overvalued,Random Forest,"Research signal: Potentially overvalued. This signal was assigned because the model-estimated fair value is 61.8% below actual market cap; fundamentals are in the middle range of the training dataset; report risk is set to neutral because SEC filing text has not been integrated into this dataset; and the log-scale model error is high (+0.96) — treat this estimate with additional caution. The valuation gap is a research signal, not proof of undervaluation or overvaluation. This output is for research purposes only and does not constitute investment advice.",neutral_report_risk,Report risk is currently neutral because filing-text extraction has not yet been integrated for this dataset.,Potentially overvalued
1045810,Nvidia Corp,NVDA,2023,1221022956848.1443,474394697968.5215,-61.14776587058708,77.16496369473818,50,0.945404604279279,Potentially overvalued,Random Forest,"Research signal: Potentially overvalued. This signal was assigned because the model-estimated fair value is 61.1% below actual market cap; fundamentals score in the upper third of the training dataset; report risk is set to neutral because SEC filing text has not been integrated into this dataset; and the log-scale model error is high (+0.95) — treat this estimate with additional caution. The valuation gap is a research signal, not proof of undervaluation or overvaluation. This output is for research purposes only and does not constitute investment advice.",neutral_report_risk,Report risk is currently neutral because filing-text extraction has not yet been integrated for this dataset.,Potentially overvalued
1045810,Nvidia Corp,NVDA,2024,335224342346.1914,167298226827.9016,-50.09365201315538,83.96158860211618,50,0.6950219771564328,Potentially overvalued,Random Forest,"Research signal: Potentially overvalued. This signal was assigned because the model-estimated fair value is 50.1% below actual market cap; fundamentals score in the upper third of the training dataset; report risk is set to neutral because SEC filing text has not been integrated into this dataset; and the log-scale model error is high (+0.70) — treat this estimate with additional caution. The valuation gap is a research signal, not proof of undervaluation or overvaluation. This output is for research purposes only and does not constitute investment advice.",neutral_report_risk,Report risk is currently neutral because filing-text extraction has not yet been integrated for this dataset.,Potentially overvalued
1318605,Tesla Motors Inc,TSLA,2017,52593222406.03097,42562793102.95206,-19.071714651066333,26.440154037565655,50,0.2116067895462237,Potentially overvalued,Random Forest,"Research signal: Potentially overvalued. This signal was assigned because the model-estimated fair value is 19.1% below actual market cap; fundamentals score in the lower third of the training dataset; report risk is set to neutral because SEC filing text has not been integrated into this dataset; and the log-scale model error is low (+0.21). The valuation gap is a research signal, not proof of undervaluation or overvaluation. This output is for research purposes only and does not constitute investment advice.",neutral_report_risk,Report risk is currently neutral because filing-text extraction has not yet been integrated for this dataset.,Potentially overvalued
1318605,Tesla Motors Inc,TSLA,2018,57481710412.38387,74189338189.26102,29.065989263391245,37.86594163315133,50,-0.25515363225665766,Possible value trap,Random Forest,"Research signal: Possible value trap. This signal was assigned because the model-estimated fair value is 29.1% above actual market cap; fundamentals score in the lower third of the training dataset; report risk is set to neutral because SEC filing text has not been integrated into this dataset; and the log-scale model error is low (-0.26). The valuation gap is a research signal, not proof of undervaluation or overvaluation. This output is for research purposes only and does not constitute investment advice.",neutral_report_risk,Report risk is currently neutral because filing-text extraction has not yet been integrated for this dataset.,Possible value trap
1318605,Tesla Motors Inc,TSLA,2019,75860624274.01823,68250323509.77357,-10.031951143395936,12.939140229158333,50,0.10571559139415498,Potentially overvalued,Random Forest,"Research signal: Potentially overvalued. This signal was assigned because the model-estimated fair value is 10.0% below actual market cap; fundamentals score in the lower third of the training dataset; report risk is set to neutral because SEC filing text has not been integrated into this dataset; and the log-scale model error is low (+0.11). The valuation gap is a research signal, not proof of undervaluation or overvaluation. This output is for research purposes only and does not constitute investment advice.",neutral_report_risk,Report risk is currently neutral because filing-text extraction has not yet been integrated for this dataset.,Potentially overvalued
1318605,Tesla Motors Inc,TSLA,2020,677339805763.9336,251435213574.05103,-62.87901413228308,38.132687296838604,50,0.9909877194864336,Potentially overvalued,Random Forest,"Research signal: Potentially overvalued. This signal was assigned because the model-estimated fair value is 62.9% below actual market cap; fundamentals score in the lower third of the training dataset; report risk is set to neutral because SEC filing text has not been integrated into this dataset; and the log-scale model error is high (+0.99) — treat this estimate with additional caution. The valuation gap is a research signal, not proof of undervaluation or overvaluation. This output is for research purposes only and does not constitute investment advice.",neutral_report_risk,Report risk is currently neutral because filing-text extraction has not yet been integrated for this dataset.,Potentially overvalued
1318605,Tesla Motors Inc,TSLA,2021,1092190203431.1232,105796981867.98412,-90.31331891316896,37.11838285724724,50,2.334418327854017,Potentially overvalued,Random Forest,"Research signal: Potentially overvalued. This signal was assigned because the model-estimated fair value is 90.3% below actual market cap; fundamentals score in the lower third of the training dataset; report risk is set to neutral because SEC filing text has not been integrated into this dataset; and the log-scale model error is high (+2.33) — treat this estimate with additional caution. The valuation gap is a research signal, not proof of undervaluation or overvaluation. This output is for research purposes only and does not constitute investment advice.","high_model_error, neutral_report_risk, needs_review",Model error of +2.334 (log scale) is large — the model fit was poor for this observation. | Report risk is currently neutral because filing-text extraction has not yet been integrated for this dataset.,Needs review
1318605,Tesla Motors Inc,TSLA,2022,389754171674.78754,260458170030.81985,-33.173731300521595,48.88609215808468,50,0.4030739387414819,Potentially overvalued,Random Forest,"Research signal: Potentially overvalued. This signal was assigned because the model-estimated fair value is 33.2% below actual market cap; fundamentals are in the middle range of the training dataset; report risk is set to neutral because SEC filing text has not been integrated into this dataset; and the log-scale model error is moderate (+0.40). The valuation gap is a research signal, not proof of undervaluation or overvaluation. This output is for research purposes only and does not constitute investment advice.",neutral_report_risk,Report risk is currently neutral because filing-text extraction has not yet been integrated for this dataset.,Potentially overvalued
1318605,Tesla Motors Inc,TSLA,2023,791356708712.3074,457992481685.532,-42.12565880299724,65.12524096918051,50,0.5468960568516188,Potentially overvalued,Random Forest,"Research signal: Potentially overvalued. This signal was assigned because the model-estimated fair value is 42.1% below actual market cap; fundamentals score in the upper third of the training dataset; report risk is set to neutral because SEC filing text has not been integrated into this dataset; and the log-scale model error is moderate (+0.55). The valuation gap is a research signal, not proof of undervaluation or overvaluation. This output is for research purposes only and does not constitute investment advice.",neutral_report_risk,Report risk is currently neutral because filing-text extraction has not yet been integrated for this dataset.,Potentially overvalued
1318605,Tesla Motors Inc,TSLA,2024,1298958228442.8428,805835904662.4075,-37.9629085048853,72.18700780235783,50,0.4774377299019399,Potentially overvalued,Random Forest,"Research signal: Potentially overvalued. This signal was assigned because the model-estimated fair value is 38.0% below actual market cap; fundamentals score in the upper third of the training dataset; report risk is set to neutral because SEC filing text has not been integrated into this dataset; and the log-scale model error is moderate (+0.48). The valuation gap is a research signal, not proof of undervaluation or overvaluation. This output is for research purposes only and does not constitute investment advice.",neutral_report_risk,Report risk is currently neutral because filing-text extraction has not yet been integrated for this dataset.,Potentially overvalued
1341439,Oracle Corp,ORCL,2017,171821804515.45715,235962784565.67188,37.32994204728223,63.01639344262294,50,-0.31721618055795986,Research candidate,Random Forest,"Research signal: Research candidate. This signal was assigned because the model-estimated fair value is 37.3% above actual market cap; fundamentals are in the middle range of the training dataset; report risk is set to neutral because SEC filing text has not been integrated into this dataset; and the log-scale model error is moderate (-0.32). The valuation gap is a research signal, not proof of undervaluation or overvaluation. This output is for research purposes only and does not constitute investment advice.",neutral_report_risk,Report risk is currently neutral because filing-text extraction has not yet been integrated for this dataset.,Research candidate
1341439,Oracle Corp,ORCL,2018,160451219854.08783,217089491286.14532,35.29937103847735,50.90633956943539,50,-0.3023197005339249,Research candidate,Random Forest,"Research signal: Research candidate. This signal was assigned because the model-estimated fair value is 35.3% above actual market cap; fundamentals are in the middle range of the training dataset; report risk is set to neutral because SEC filing text has not been integrated into this dataset; and the log-scale model error is moderate (-0.30). The valuation gap is a research signal, not proof of undervaluation or overvaluation. This output is for research purposes only and does not constitute investment advice.",neutral_report_risk,Report risk is currently neutral because filing-text extraction has not yet been integrated for this dataset.,Research candidate
1341439,Oracle Corp,ORCL,2019,160448078707.16858,202825539944.80505,26.41194682983955,56.338965466444996,50,-0.23437580731716068,Research candidate,Random Forest,"Research signal: Research candidate. This signal was assigned because the model-estimated fair value is 26.4% above actual market cap; fundamentals are in the middle range of the training dataset; report risk is set to neutral because SEC filing text has not been integrated into this dataset; and the log-scale model error is low (-0.23). The valuation gap is a research signal, not proof of undervaluation or overvaluation. This output is for research purposes only and does not constitute investment advice.",neutral_report_risk,Report risk is currently neutral because filing-text extraction has not yet been integrated for this dataset.,Research candidate
1341439,Oracle Corp,ORCL,2020,183393234151.13068,186907681346.62234,1.916345066795367,55.865000666400114,50,-0.0189821443881506,Fairly valued / neutral,Random Forest,"Research signal: Fairly valued / neutral. This signal was assigned because the model-estimated fair value is within 5% of actual market cap; fundamentals are in the middle range of the training dataset; report risk is set to neutral because SEC filing text has not been integrated into this dataset; and the log-scale model error is low (-0.02). The valuation gap is a research signal, not proof of undervaluation or overvaluation. This output is for research purposes only and does not constitute investment advice.",neutral_report_risk,Report risk is currently neutral because filing-text extraction has not yet been integrated for this dataset.,Fairly valued / neutral
1341439,Oracle Corp,ORCL,2021,228410935729.98047,258114184537.39108,13.004302404559462,64.79438505299635,50,-0.12225570637606964,Research candidate,Random Forest,"Research signal: Research candidate. This signal was assigned because the model-estimated fair value is 13.0% above actual market cap; fundamentals are in the middle range of the training dataset; report risk is set to neutral because SEC filing text has not been integrated into this dataset; and the log-scale model error is low (-0.12). The valuation gap is a research signal, not proof of undervaluation or overvaluation. This output is for research purposes only and does not constitute investment advice.",neutral_report_risk,Report risk is currently neutral because filing-text extraction has not yet been integrated for this dataset.,Research candidate
1341439,Oracle Corp,ORCL,2022,207886267640.68604,259298455424.0452,24.73092059751672,74.4324724090074,50,-0.22098859584478348,Research candidate,Random Forest,"Research signal: Research candidate. This signal was assigned because the model-estimated fair value is 24.7% above actual market cap; fundamentals score in the upper third of the training dataset; report risk is set to neutral because SEC filing text has not been integrated into this dataset; and the log-scale model error is low (-0.22). The valuation gap is a research signal, not proof of undervaluation or overvaluation. This output is for research purposes only and does not constitute investment advice.",neutral_report_risk,Report risk is currently neutral because filing-text extraction has not yet been integrated for this dataset.,Research candidate
1341439,Oracle Corp,ORCL,2023,277248680520.607,272612545139.09805,-1.6721938487870829,40.55221630645987,50,0.016863328527879418,Fairly valued / neutral,Random Forest,"Research signal: Fairly valued / neutral. This signal was assigned because the model-estimated fair value is within 5% of actual market cap; fundamentals score in the lower third of the training dataset; report risk is set to neutral because SEC filing text has not been integrated into this dataset; and the log-scale model error is low (+0.02). The valuation gap is a research signal, not proof of undervaluation or overvaluation. This output is for research purposes only and does not constitute investment advice.",neutral_report_risk,Report risk is currently neutral because filing-text extraction has not yet been integrated for this dataset.,Fairly valued / neutral
1341439,Oracle Corp,ORCL,2024,450369700736.3891,207358886767.50995,-53.95807346087842,65.69531696093492,50,0.7756177581115011,Potentially overvalued,Random Forest,"Research signal: Potentially overvalued. This signal was assigned because the model-estimated fair value is 54.0% below actual market cap; fundamentals score in the upper third of the training dataset; report risk is set to neutral because SEC filing text has not been integrated into this dataset; and the log-scale model error is high (+0.78) — treat this estimate with additional caution. The valuation gap is a research signal, not proof of undervaluation or overvaluation. This output is for research purposes only and does not constitute investment advice.",neutral_report_risk,Report risk is currently neutral because filing-text extraction has not yet been integrated for this dataset.,Potentially overvalued
1065280,Netflix Inc,NFLX,2017,83300742865.5043,58528765806.041985,-29.738002576349952,34.81957033486735,50,0.35293911052447413,Potentially overvalued,Random Forest,"Research signal: Potentially overvalued. This signal was assigned because the model-estimated fair value is 29.7% below actual market cap; fundamentals score in the lower third of the training dataset; report risk is set to neutral because SEC filing text has not been integrated into this dataset; and the log-scale model error is moderate (+0.35). The valuation gap is a research signal, not proof of undervaluation or overvaluation. This output is for research purposes only and does not constitute investment advice.",neutral_report_risk,Report risk is currently neutral because filing-text extraction has not yet been integrated for this dataset.,Potentially overvalued
1065280,Netflix Inc,NFLX,2018,116859983737.38329,63314703616.98382,-45.82003043978726,14.993443860738992,50,0.6128589111583089,Potentially overvalued,Random Forest,"Research signal: Potentially overvalued. This signal was assigned because the model-estimated fair value is 45.8% below actual market cap; fundamentals score in the lower third of the training dataset; report risk is set to neutral because SEC filing text has not been integrated into this dataset; and the log-scale model error is high (+0.61) — treat this estimate with additional caution. The valuation gap is a research signal, not proof of undervaluation or overvaluation. This output is for research purposes only and does not constitute investment advice.",neutral_report_risk,Report risk is currently neutral because filing-text extraction has not yet been integrated for this dataset.,Potentially overvalued
1065280,Netflix Inc,NFLX,2019,141984660587.35873,121807098945.4257,-14.211085590839867,50.05434083373981,50,0.1532803905320037,Potentially overvalued,Random Forest,"Research signal: Potentially overvalued. This signal was assigned because the model-estimated fair value is 14.2% below actual market cap; fundamentals are in the middle range of the training dataset; report risk is set to neutral because SEC filing text has not been integrated into this dataset; and the log-scale model error is low (+0.15). The valuation gap is a research signal, not proof of undervaluation or overvaluation. This output is for research purposes only and does not constitute investment advice.",neutral_report_risk,Report risk is currently neutral because filing-text extraction has not yet been integrated for this dataset.,Potentially overvalued
1065280,Netflix Inc,NFLX,2020,239486762725.34537,140200479117.35825,-41.457942175222975,52.9107182015417,50,0.5354247528861364,Potentially overvalued,Random Forest,"Research signal: Potentially overvalued. This signal was assigned because the model-estimated fair value is 41.5% below actual market cap; fundamentals are in the middle range of the training dataset; report risk is set to neutral because SEC filing text has not been integrated into this dataset; and the log-scale model error is moderate (+0.54). The valuation gap is a research signal, not proof of undervaluation or overvaluation. This output is for research purposes only and does not constitute investment advice.",neutral_report_risk,Report risk is currently neutral because filing-text extraction has not yet been integrated for this dataset.,Potentially overvalued
1065280,Netflix Inc,NFLX,2021,267461131877.8046,140400751011.03046,-47.506110504618825,57.56712349898106,50,0.644473413728587,Potentially overvalued,Random Forest,"Research signal: Potentially overvalued. This signal was assigned because the model-estimated fair value is 47.5% below actual market cap; fundamentals are in the middle range of the training dataset; report risk is set to neutral because SEC filing text has not been integrated into this dataset; and the log-scale model error is high (+0.64) — treat this estimate with additional caution. The valuation gap is a research signal, not proof of undervaluation or overvaluation. This output is for research purposes only and does not constitute investment advice.",neutral_report_risk,Report risk is currently neutral because filing-text extraction has not yet been integrated for this dataset.,Potentially overvalued
1065280,Netflix Inc,NFLX,2022,131323861180.28792,119722070519.03162,-8.834487927010299,64.25242003060332,50,0.09249351752164259,Fairly valued / neutral,Random Forest,"Research signal: Fairly valued / neutral. This signal was assigned because the model-estimated fair value is 8.8% below actual market cap; fundamentals are in the middle range of the training dataset; report risk is set to neutral because SEC filing text has not been integrated into this dataset; and the log-scale model error is low (+0.09). The valuation gap is a research signal, not proof of undervaluation or overvaluation. This output is for research purposes only and does not constitute investment advice.",neutral_report_risk,Report risk is currently neutral because filing-text extraction has not yet been integrated for this dataset.,Fairly valued / neutral
1065280,Netflix Inc,NFLX,2023,210701985069.3103,129170596037.24757,-38.69512145566309,67.496814336157,50,0.48931076147629327,Potentially overvalued,Random Forest,"Research signal: Potentially overvalued. This signal was assigned because the model-estimated fair value is 38.7% below actual market cap; fundamentals score in the upper third of the training dataset; report risk is set to neutral because SEC filing text has not been integrated into this dataset; and the log-scale model error is moderate (+0.49). The valuation gap is a research signal, not proof of undervaluation or overvaluation. This output is for research purposes only and does not constitute investment advice.",neutral_report_risk,Report risk is currently neutral because filing-text extraction has not yet been integrated for this dataset.,Potentially overvalued
1065280,Netflix Inc,NFLX,2024,381268474559.0973,115487075755.02318,-69.70977579812399,53.425958796028134,50,1.194345159131636,Potentially overvalued,Random Forest,"Research signal: Potentially overvalued. This signal was assigned because the model-estimated fair value is 69.7% below actual market cap; fundamentals are in the middle range of the training dataset; report risk is set to neutral because SEC filing text has not been integrated into this dataset; and the log-scale model error is high (+1.19) — treat this estimate with additional caution. The valuation gap is a research signal, not proof of undervaluation or overvaluation. This output is for research purposes only and does not constitute investment advice.","high_model_error, neutral_report_risk, needs_review",Model error of +1.194 (log scale) is large — the model fit was poor for this observation. | Report risk is currently neutral because filing-text extraction has not yet been integrated for this dataset.,Needs review
796343,Adobe Systems Inc,ADBE,2017,86144224122.28151,65407276646.99539,-24.072359681190086,50.91332506238557,50,0.275389400306171,Potentially overvalued,Random Forest,"Research signal: Potentially overvalued. This signal was assigned because the model-estimated fair value is 24.1% below actual market cap; fundamentals are in the middle range of the training dataset; report risk is set to neutral because SEC filing text has not been integrated into this dataset; and the log-scale model error is low (+0.28). The valuation gap is a research signal, not proof of undervaluation or overvaluation. This output is for research purposes only and does not constitute investment advice.",neutral_report_risk,Report risk is currently neutral because filing-text extraction has not yet been integrated for this dataset.,Potentially overvalued
796343,Adobe Systems Inc,ADBE,2018,110343113688.75848,70558446501.54903,-36.05541465816243,69.3537234092995,50,0.44715333173033045,Potentially overvalued,Random Forest,"Research signal: Potentially overvalued. This signal was assigned because the model-estimated fair value is 36.1% below actual market cap; fundamentals score in the upper third of the training dataset; report risk is set to neutral because SEC filing text has not been integrated into this dataset; and the log-scale model error is moderate (+0.45). The valuation gap is a research signal, not proof of undervaluation or overvaluation. This output is for research purposes only and does not constitute investment advice.",neutral_report_risk,Report risk is currently neutral because filing-text extraction has not yet been integrated for this dataset.,Potentially overvalued
796343,Adobe Systems Inc,ADBE,2019,159011615687.67242,81642795321.35799,-48.656080898065206,72.198949944545,50,0.666623677230767,Potentially overvalued,Random Forest,"Research signal: Potentially overvalued. This signal was assigned because the model-estimated fair value is 48.7% below actual market cap; fundamentals score in the upper third of the training dataset; report risk is set to neutral because SEC filing text has not been integrated into this dataset; and the log-scale model error is high (+0.67) — treat this estimate with additional caution. The valuation gap is a research signal, not proof of undervaluation or overvaluation. This output is for research purposes only and does not constitute investment advice.",neutral_report_risk,Report risk is currently neutral because filing-text extraction has not yet been integrated for this dataset.,Potentially overvalued
796343,Adobe Systems Inc,ADBE,2020,239407441662.5977,90188060549.69536,-62.32863108875312,81.75639724274154,50,0.9762698253838309,Potentially overvalued,Random Forest,"Research signal: Potentially overvalued. This signal was assigned because the model-estimated fair value is 62.3% below actual market cap; fundamentals score in the upper third of the training dataset; report risk is set to neutral because SEC filing text has not been integrated into this dataset; and the log-scale model error is high (+0.98) — treat this estimate with additional caution. The valuation gap is a research signal, not proof of undervaluation or overvaluation. This output is for research purposes only and does not constitute investment advice.",neutral_report_risk,Report risk is currently neutral because filing-text extraction has not yet been integrated for this dataset.,Potentially overvalued
796343,Adobe Systems Inc,ADBE,2021,267482200848.38867,154270217981.40216,-42.32505284759343,76.89434366195874,50,0.5503472982285373,Potentially overvalued,Random Forest,"Research signal: Potentially overvalued. This signal was assigned because the model-estimated fair value is 42.3% below actual market cap; fundamentals score in the upper third of the training dataset; report risk is set to neutral because SEC filing text has not been integrated into this dataset; and the log-scale model error is moderate (+0.55). The valuation gap is a research signal, not proof of undervaluation or overvaluation. This output is for research purposes only and does not constitute investment advice.",neutral_report_risk,Report risk is currently neutral because filing-text extraction has not yet been integrated for this dataset.,Potentially overvalued
796343,Adobe Systems Inc,ADBE,2022,154063433441.1621,144128243933.4155,-6.448765476553481,79.12677592633767,50,0.06666093695264408,Fairly valued / neutral,Random Forest,"Research signal: Fairly valued / neutral. This signal was assigned because the model-estimated fair value is 6.4% below actual market cap; fundamentals score in the upper third of the training dataset; report risk is set to neutral because SEC filing text has not been integrated into this dataset; and the log-scale model error is low (+0.07). The valuation gap is a research signal, not proof of undervaluation or overvaluation. This output is for research purposes only and does not constitute investment advice.",neutral_report_risk,Report risk is currently neutral because filing-text extraction has not yet been integrated for this dataset.,Fairly valued / neutral
796343,Adobe Systems Inc,ADBE,2023,269663188964.84375,139186326525.685,-48.38512180324662,81.83351234164195,50,0.6613602179153553,Potentially overvalued,Random Forest,"Research signal: Potentially overvalued. This signal was assigned because the model-estimated fair value is 48.4% below actual market cap; fundamentals score in the upper third of the training dataset; report risk is set to neutral because SEC filing text has not been integrated into this dataset; and the log-scale model error is high (+0.66) — treat this estimate with additional caution. The valuation gap is a research signal, not proof of undervaluation or overvaluation. This output is for research purposes only and does not constitute investment advice.",neutral_report_risk,Report risk is currently neutral because filing-text extraction has not yet been integrated for this dataset.,Potentially overvalued
796343,Adobe Systems Inc,ADBE,2024,193569200811.7676,151573082745.1538,-21.695661236651002,75.38555531919005,50,0.24456717247864646,Potentially overvalued,Random Forest,"Research signal: Potentially overvalued. This signal was assigned because the model-estimated fair value is 21.7% below actual market cap; fundamentals score in the upper third of the training dataset; report risk is set to neutral because SEC filing text has not been integrated into this dataset; and the log-scale model error is low (+0.24). The valuation gap is a research signal, not proof of undervaluation or overvaluation. This output is for research purposes only and does not constitute investment advice.",neutral_report_risk,Report risk is currently neutral because filing-text extraction has not yet been integrated for this dataset.,Potentially overvalued
2488,Advanced Micro Devices,AMD,2017,9962452504.69966,26416767044.173725,165.16329218846417,17.47025533900282,50,-0.9751756471643525,Possible value trap,Random Forest,"Research signal: Possible value trap. This signal was assigned because the model-estimated fair value is 165.2% above actual market cap; fundamentals score in the lower third of the training dataset; report risk is set to neutral because SEC filing text has not been integrated into this dataset; and the log-scale model error is high (-0.98) — treat this estimate with additional caution. The valuation gap is a research signal, not proof of undervaluation or overvaluation. This output is for research purposes only and does not constitute investment advice.","extreme_valuation_gap, neutral_report_risk, needs_review",Valuation gap of +165.2% exceeds 100% — the model estimate is likely unreliable for this observation. | Report risk is currently neutral because filing-text extraction has not yet been integrated for this dataset.,Needs review
2488,Advanced Micro Devices,AMD,2018,18557816441.341385,25032500559.692966,34.88925617309093,47.752291079210714,50,-0.2992839311561859,Research candidate,Random Forest,"Research signal: Research candidate. This signal was assigned because the model-estimated fair value is 34.9% above actual market cap; fundamentals are in the middle range of the training dataset; report risk is set to neutral because SEC filing text has not been integrated into this dataset; and the log-scale model error is low (-0.30). The valuation gap is a research signal, not proof of undervaluation or overvaluation. This output is for research purposes only and does not constitute investment advice.",neutral_report_risk,Report risk is currently neutral because filing-text extraction has not yet been integrated for this dataset.,Research candidate
2488,Advanced Micro Devices,AMD,2019,53640678754.864746,43658736899.34482,-18.608902958027265,35.18227991615818,50,0.2059042919099916,Potentially overvalued,Random Forest,"Research signal: Potentially overvalued. This signal was assigned because the model-estimated fair value is 18.6% below actual market cap; fundamentals score in the lower third of the training dataset; report risk is set to neutral because SEC filing text has not been integrated into this dataset; and the log-scale model error is low (+0.21). The valuation gap is a research signal, not proof of undervaluation or overvaluation. This output is for research purposes only and does not constitute investment advice.",neutral_report_risk,Report risk is currently neutral because filing-text extraction has not yet been integrated for this dataset.,Potentially overvalued
2488,Advanced Micro Devices,AMD,2020,111086488516.43002,66010588231.64387,-40.5773023225226,63.7287355165285,50,0.5204939168246874,Potentially overvalued,Random Forest,"Research signal: Potentially overvalued. This signal was assigned because the model-estimated fair value is 40.6% below actual market cap; fundamentals are in the middle range of the training dataset; report risk is set to neutral because SEC filing text has not been integrated into this dataset; and the log-scale model error is moderate (+0.52). The valuation gap is a research signal, not proof of undervaluation or overvaluation. This output is for research purposes only and does not constitute investment advice.",neutral_report_risk,Report risk is currently neutral because filing-text extraction has not yet been integrated for this dataset.,Potentially overvalued
2488,Advanced Micro Devices,AMD,2021,172579755105.83282,50041034637.0969,-71.00411076234884,46.63498110163347,50,1.2380161164749808,Potentially overvalued,Random Forest,"Research signal: Potentially overvalued. This signal was assigned because the model-estimated fair value is 71.0% below actual market cap; fundamentals are in the middle range of the training dataset; report risk is set to neutral because SEC filing text has not been integrated into this dataset; and the log-scale model error is high (+1.24) — treat this estimate with additional caution. The valuation gap is a research signal, not proof of undervaluation or overvaluation. This output is for research purposes only and does not constitute investment advice.","high_model_error, neutral_report_risk, needs_review",Model error of +1.238 (log scale) is large — the model fit was poor for this observation. | Report risk is currently neutral because filing-text extraction has not yet been integrated for this dataset.,Needs review
2488,Advanced Micro Devices,AMD,2022,104369609405.76675,62294589129.11407,-40.31347871876572,77.15103306626783,50,0.516063965264042,Potentially overvalued,Random Forest,"Research signal: Potentially overvalued. This signal was assigned because the model-estimated fair value is 40.3% below actual market cap; fundamentals score in the upper third of the training dataset; report risk is set to neutral because SEC filing text has not been integrated into this dataset; and the log-scale model error is moderate (+0.52). The valuation gap is a research signal, not proof of undervaluation or overvaluation. This output is for research purposes only and does not constitute investment advice.",neutral_report_risk,Report risk is currently neutral because filing-text extraction has not yet been integrated for this dataset.,Potentially overvalued
2488,Advanced Micro Devices,AMD,2023,238183144148.99817,125244269770.39296,-47.41682069154105,84.05635015960253,50,0.6427739023968435,Potentially overvalued,Random Forest,"Research signal: Potentially overvalued. This signal was assigned because the model-estimated fair value is 47.4% below actual market cap; fundamentals score in the upper third of the training dataset; report risk is set to neutral because SEC filing text has not been integrated into this dataset; and the log-scale model error is high (+0.64) — treat this estimate with additional caution. The valuation gap is a research signal, not proof of undervaluation or overvaluation. This output is for research purposes only and does not constitute investment advice.",neutral_report_risk,Report risk is currently neutral because filing-text extraction has not yet been integrated for this dataset.,Potentially overvalued
2488,Advanced Micro Devices,AMD,2024,195737534513.5719,172121322153.56116,-12.065244623980517,50.98256349170461,50,0.1285750626763864,Potentially overvalued,Random Forest,"Research signal: Potentially overvalued. This signal was assigned because the model-estimated fair value is 12.1% below actual market cap; fundamentals are in the middle range of the training dataset; report risk is set to neutral because SEC filing text has not been integrated into this dataset; and the log-scale model error is low (+0.13). The valuation gap is a research signal, not proof of undervaluation or overvaluation. This output is for research purposes only and does not constitute investment advice.",neutral_report_risk,Report risk is currently neutral because filing-text extraction has not yet been integrated for this dataset.,Potentially overvalued
1730168,Broadcom Inc,AVGO,2018,85485563045.8818,73395460354.67479,-14.142859051788683,25.166943425303444,50,0.1524854227420107,Potentially overvalued,Random Forest,"Research signal: Potentially overvalued. This signal was assigned because the model-estimated fair value is 14.1% below actual market cap; fundamentals score in the lower third of the training dataset; report risk is set to neutral because SEC filing text has not been integrated into this dataset; and the log-scale model error is low (+0.15). The valuation gap is a research signal, not proof of undervaluation or overvaluation. This output is for research purposes only and does not constitute investment advice.",neutral_report_risk,Report risk is currently neutral because filing-text extraction has not yet been integrated for this dataset.,Potentially overvalued
1730168,Broadcom Inc,AVGO,2019,107752986287.14156,72013199802.1999,-33.16825613510312,44.19421112107119,50,0.40299201076251023,Potentially overvalued,Random Forest,"Research signal: Potentially overvalued. This signal was assigned because the model-estimated fair value is 33.2% below actual market cap; fundamentals score in the lower third of the training dataset; report risk is set to neutral because SEC filing text has not been integrated into this dataset; and the log-scale model error is moderate (+0.40). The valuation gap is a research signal, not proof of undervaluation or overvaluation. This output is for research purposes only and does not constitute investment advice.",neutral_report_risk,Report risk is currently neutral because filing-text extraction has not yet been integrated for this dataset.,Potentially overvalued
1730168,Broadcom Inc,AVGO,2020,159613503803.49023,141689929385.20657,-11.229359666429257,55.22875751313146,50,0.1191142175332871,Potentially overvalued,Random Forest,"Research signal: Potentially overvalued. This signal was assigned because the model-estimated fair value is 11.2% below actual market cap; fundamentals are in the middle range of the training dataset; report risk is set to neutral because SEC filing text has not been integrated into this dataset; and the log-scale model error is low (+0.12). The valuation gap is a research signal, not proof of undervaluation or overvaluation. This output is for research purposes only and does not constitute investment advice.",neutral_report_risk,Report risk is currently neutral because filing-text extraction has not yet been integrated for this dataset.,Potentially overvalued
1730168,Broadcom Inc,AVGO,2021,253554518309.7107,177949512502.9547,-29.81804714456175,29.697220705916585,50,0.3540789898388894,Potentially overvalued,Random Forest,"Research signal: Potentially overvalued. This signal was assigned because the model-estimated fair value is 29.8% below actual market cap; fundamentals score in the lower third of the training dataset; report risk is set to neutral because SEC filing text has not been integrated into this dataset; and the log-scale model error is moderate (+0.35). The valuation gap is a research signal, not proof of undervaluation or overvaluation. This output is for research purposes only and does not constitute investment advice.",neutral_report_risk,Report risk is currently neutral because filing-text extraction has not yet been integrated for this dataset.,Potentially overvalued
1730168,Broadcom Inc,AVGO,2022,222578346084.65424,178540675379.3575,-19.785244827251827,28.71921019477187,50,0.2204627083277373,Potentially overvalued,Random Forest,"Research signal: Potentially overvalued. This signal was assigned because the model-estimated fair value is 19.8% below actual market cap; fundamentals score in the lower third of the training dataset; report risk is set to neutral because SEC filing text has not been integrated into this dataset; and the log-scale model error is low (+0.22). The valuation gap is a research signal, not proof of undervaluation or overvaluation. This output is for research purposes only and does not constitute investment advice.",neutral_report_risk,Report risk is currently neutral because filing-text extraction has not yet been integrated for this dataset.,Potentially overvalued
1730168,Broadcom Inc,AVGO,2023,509123905682.8812,260663384713.31787,-48.80158212887421,47.849284214504664,50,0.6694615553746495,Potentially overvalued,Random Forest,"Research signal: Potentially overvalued. This signal was assigned because the model-estimated fair value is 48.8% below actual market cap; fundamentals are in the middle range of the training dataset; report risk is set to neutral because SEC filing text has not been integrated into this dataset; and the log-scale model error is high (+0.67) — treat this estimate with additional caution. The valuation gap is a research signal, not proof of undervaluation or overvaluation. This output is for research purposes only and does not constitute investment advice.",neutral_report_risk,Report risk is currently neutral because filing-text extraction has not yet been integrated for this dataset.,Potentially overvalued
1730168,Broadcom Inc,AVGO,2024,1073031851396.8376,403611651431.581,-62.385864789924675,60.815993482773024,50,0.9777902698004652,Potentially overvalued,Random Forest,"Research signal: Potentially overvalued. This signal was assigned because the model-estimated fair value is 62.4% below actual market cap; fundamentals are in the middle range of the training dataset; report risk is set to neutral because SEC filing text has not been integrated into this dataset; and the log-scale model error is high (+0.98) — treat this estimate with additional caution. The valuation gap is a research signal, not proof of undervaluation or overvaluation. This output is for research purposes only and does not constitute investment advice.",neutral_report_risk,Report risk is currently neutral because filing-text extraction has not yet been integrated for this dataset.,Potentially overvalued
858877,Cisco Systems Inc,CSCO,2017,147182712455.5568,184528172973.08063,25.373537349911697,54.073587753341954,50,-0.22612739402385884,Research candidate,Random Forest,"Research signal: Research candidate. This signal was assigned because the model-estimated fair value is 25.4% above actual market cap; fundamentals are in the middle range of the training dataset; report risk is set to neutral because SEC filing text has not been integrated into this dataset; and the log-scale model error is low (-0.23). The valuation gap is a research signal, not proof of undervaluation or overvaluation. This output is for research purposes only and does not constitute investment advice.",neutral_report_risk,Report risk is currently neutral because filing-text extraction has not yet been integrated for this dataset.,Research candidate
858877,Cisco Systems Inc,CSCO,2018,158385609180.48352,196541946694.31403,24.090785590470283,51.05558122952676,50,-0.21584325359047085,Research candidate,Random Forest,"Research signal: Research candidate. This signal was assigned because the model-estimated fair value is 24.1% above actual market cap; fundamentals are in the middle range of the training dataset; report risk is set to neutral because SEC filing text has not been integrated into this dataset; and the log-scale model error is low (-0.22). The valuation gap is a research signal, not proof of undervaluation or overvaluation. This output is for research purposes only and does not constitute investment advice.",neutral_report_risk,Report risk is currently neutral because filing-text extraction has not yet been integrated for this dataset.,Research candidate
858877,Cisco Systems Inc,CSCO,2019,167405819498.88962,190475323461.56354,13.780586619825923,51.670987100949546,50,-0.12910172905873551,Research candidate,Random Forest,"Research signal: Research candidate. This signal was assigned because the model-estimated fair value is 13.8% above actual market cap; fundamentals are in the middle range of the training dataset; report risk is set to neutral because SEC filing text has not been integrated into this dataset; and the log-scale model error is low (-0.13). The valuation gap is a research signal, not proof of undervaluation or overvaluation. This output is for research purposes only and does not constitute investment advice.",neutral_report_risk,Report risk is currently neutral because filing-text extraction has not yet been integrated for this dataset.,Research candidate
858877,Cisco Systems Inc,CSCO,2020,161117712923.18304,157190778912.91495,-2.4373074437447872,41.62377458267504,50,0.02467501404361272,Fairly valued / neutral,Random Forest,"Research signal: Fairly valued / neutral. This signal was assigned because the model-estimated fair value is within 5% of actual market cap; fundamentals score in the lower third of the training dataset; report risk is set to neutral because SEC filing text has not been integrated into this dataset; and the log-scale model error is low (+0.02). The valuation gap is a research signal, not proof of undervaluation or overvaluation. This output is for research purposes only and does not constitute investment advice.",neutral_report_risk,Report risk is currently neutral because filing-text extraction has not yet been integrated for this dataset.,Fairly valued / neutral
858877,Cisco Systems Inc,CSCO,2021,233976962833.54037,230289591334.86307,-1.5759549376237678,64.28915943620055,50,0.015885051391020255,Fairly valued / neutral,Random Forest,"Research signal: Fairly valued / neutral. This signal was assigned because the model-estimated fair value is within 5% of actual market cap; fundamentals are in the middle range of the training dataset; report risk is set to neutral because SEC filing text has not been integrated into this dataset; and the log-scale model error is low (+0.02). The valuation gap is a research signal, not proof of undervaluation or overvaluation. This output is for research purposes only and does not constitute investment advice.",neutral_report_risk,Report risk is currently neutral because filing-text extraction has not yet been integrated for this dataset.,Fairly valued / neutral
858877,Cisco Systems Inc,CSCO,2022,176735518671.05258,199736939760.847,13.014600156636083,61.202019587979706,50,-0.12234682930399288,Research candidate,Random Forest,"Research signal: Research candidate. This signal was assigned because the model-estimated fair value is 13.0% above actual market cap; fundamentals are in the middle range of the training dataset; report risk is set to neutral because SEC filing text has not been integrated into this dataset; and the log-scale model error is low (-0.12). The valuation gap is a research signal, not proof of undervaluation or overvaluation. This output is for research purposes only and does not constitute investment advice.",neutral_report_risk,Report risk is currently neutral because filing-text extraction has not yet been integrated for this dataset.,Research candidate
858877,Cisco Systems Inc,CSCO,2023,190626730812.82855,191955394519.80313,0.6969975833447826,62.28792938601777,50,-0.006945797833591172,Fairly valued / neutral,Random Forest,"Research signal: Fairly valued / neutral. This signal was assigned because the model-estimated fair value is within 5% of actual market cap; fundamentals are in the middle range of the training dataset; report risk is set to neutral because SEC filing text has not been integrated into this dataset; and the log-scale model error is low (-0.01). The valuation gap is a research signal, not proof of undervaluation or overvaluation. This output is for research purposes only and does not constitute investment advice.",neutral_report_risk,Report risk is currently neutral because filing-text extraction has not yet been integrated for this dataset.,Fairly valued / neutral
858877,Cisco Systems Inc,CSCO,2024,227002498775.0311,213674776555.18442,-5.871178639780087,65.95785742850904,50,0.060505901911586335,Fairly valued / neutral,Random Forest,"Research signal: Fairly valued / neutral. This signal was assigned because the model-estimated fair value is 5.9% below actual market cap; fundamentals score in the upper third of the training dataset; report risk is set to neutral because SEC filing text has not been integrated into this dataset; and the log-scale model error is low (+0.06). The valuation gap is a research signal, not proof of undervaluation or overvaluation. This output is for research purposes only and does not constitute investment advice.",neutral_report_risk,Report risk is currently neutral because filing-text extraction has not yet been integrated for this dataset.,Fairly valued / neutral
50863,Intel Corp,INTC,2017,180890288681.03027,195132048549.01846,7.873147846593992,60.54885761952226,50,-0.0757857938274924,Fairly valued / neutral,Random Forest,"Research signal: Fairly valued / neutral. This signal was assigned because the model-estimated fair value is 7.9% above actual market cap; fundamentals are in the middle range of the training dataset; report risk is set to neutral because SEC filing text has not been integrated into this dataset; and the log-scale model error is low (-0.08). The valuation gap is a research signal, not proof of undervaluation or overvaluation. This output is for research purposes only and does not constitute investment advice.",neutral_report_risk,Report risk is currently neutral because filing-text extraction has not yet been integrated for this dataset.,Fairly valued / neutral
50863,Intel Corp,INTC,2018,181629092559.81445,289445283786.4758,59.36063970101879,56.147076843895334,50,-0.46599962202826006,Research candidate,Random Forest,"Research signal: Research candidate. This signal was assigned because the model-estimated fair value is 59.4% above actual market cap; fundamentals are in the middle range of the training dataset; report risk is set to neutral because SEC filing text has not been integrated into this dataset; and the log-scale model error is moderate (-0.47). The valuation gap is a research signal, not proof of undervaluation or overvaluation. This output is for research purposes only and does not constitute investment advice.",neutral_report_risk,Report risk is currently neutral because filing-text extraction has not yet been integrated for this dataset.,Research candidate
50863,Intel Corp,INTC,2019,225796506271.3623,215147388273.58322,-4.716245691145004,57.82695475315242,50,0.04831085881162167,Fairly valued / neutral,Random Forest,"Research signal: Fairly valued / neutral. This signal was assigned because the model-estimated fair value is within 5% of actual market cap; fundamentals are in the middle range of the training dataset; report risk is set to neutral because SEC filing text has not been integrated into this dataset; and the log-scale model error is low (+0.05). The valuation gap is a research signal, not proof of undervaluation or overvaluation. This output is for research purposes only and does not constitute investment advice.",neutral_report_risk,Report risk is currently neutral because filing-text extraction has not yet been integrated for this dataset.,Fairly valued / neutral
50863,Intel Corp,INTC,2020,182991587558.7463,196801743663.96393,7.54688031808244,71.80250113295277,50,-0.07275666249957169,Fairly valued / neutral,Random Forest,"Research signal: Fairly valued / neutral. This signal was assigned because the model-estimated fair value is 7.5% above actual market cap; fundamentals score in the upper third of the training dataset; report risk is set to neutral because SEC filing text has not been integrated into this dataset; and the log-scale model error is low (-0.07). The valuation gap is a research signal, not proof of undervaluation or overvaluation. This output is for research purposes only and does not constitute investment advice.",neutral_report_risk,Report risk is currently neutral because filing-text extraction has not yet been integrated for this dataset.,Fairly valued / neutral
50863,Intel Corp,INTC,2021,194497135833.74023,200250789208.88702,2.9582201046215504,59.8494213217779,50,-0.02915308989920362,Fairly valued / neutral,Random Forest,"Research signal: Fairly valued / neutral. This signal was assigned because the model-estimated fair value is within 5% of actual market cap; fundamentals are in the middle range of the training dataset; report risk is set to neutral because SEC filing text has not been integrated into this dataset; and the log-scale model error is low (-0.03). The valuation gap is a research signal, not proof of undervaluation or overvaluation. This output is for research purposes only and does not constitute investment advice.",neutral_report_risk,Report risk is currently neutral because filing-text extraction has not yet been integrated for this dataset.,Fairly valued / neutral
50863,Intel Corp,INTC,2022,105435006231.30798,190763152353.22336,80.92961642617891,63.875445314486726,50,-0.5929379101283914,Research candidate,Random Forest,"Research signal: Research candidate. This signal was assigned because the model-estimated fair value is 80.9% above actual market cap; fundamentals are in the middle range of the training dataset; report risk is set to neutral because SEC filing text has not been integrated into this dataset; and the log-scale model error is moderate (-0.59). The valuation gap is a research signal, not proof of undervaluation or overvaluation. This output is for research purposes only and does not constitute investment advice.",neutral_report_risk,Report risk is currently neutral because filing-text extraction has not yet been integrated for this dataset.,Research candidate
50863,Intel Corp,INTC,2023,209649198593.13965,226433429104.75537,8.005864379280748,54.21322973953788,50,-0.0770153394701012,Fairly valued / neutral,Random Forest,"Research signal: Fairly valued / neutral. This signal was assigned because the model-estimated fair value is 8.0% above actual market cap; fundamentals are in the middle range of the training dataset; report risk is set to neutral because SEC filing text has not been integrated into this dataset; and the log-scale model error is low (-0.08). The valuation gap is a research signal, not proof of undervaluation or overvaluation. This output is for research purposes only and does not constitute investment advice.",neutral_report_risk,Report risk is currently neutral because filing-text extraction has not yet been integrated for this dataset.,Fairly valued / neutral
50863,Intel Corp,INTC,2024,86816496696.47217,101854065407.68637,17.321095970721498,23.172076541481182,50,-0.15974439979864385,Possible value trap,Random Forest,"Research signal: Possible value trap. This signal was assigned because the model-estimated fair value is 17.3% above actual market cap; fundamentals score in the lower third of the training dataset; report risk is set to neutral because SEC filing text has not been integrated into this dataset; and the log-scale model error is low (-0.16). The valuation gap is a research signal, not proof of undervaluation or overvaluation. This output is for research purposes only and does not constitute investment advice.",neutral_report_risk,Report risk is currently neutral because filing-text extraction has not yet been integrated for this dataset.,Possible value trap
723125,Micron Technology Inc,MU,2017,46242809543.871,70708326112.67365,52.90663956218311,52.141437448306576,50,-0.42465735021722395,Research candidate,Random Forest,"Research signal: Research candidate. This signal was assigned because the model-estimated fair value is 52.9% above actual market cap; fundamentals are in the middle range of the training dataset; report risk is set to neutral because SEC filing text has not been integrated into this dataset; and the log-scale model error is moderate (-0.42). The valuation gap is a research signal, not proof of undervaluation or overvaluation. This output is for research purposes only and does not constitute investment advice.",neutral_report_risk,Report risk is currently neutral because filing-text extraction has not yet been integrated for this dataset.,Research candidate
723125,Micron Technology Inc,MU,2018,35095110201.85089,64317600169.75137,83.26655707825448,16.71351646309543,50,-0.6057715031023463,Possible value trap,Random Forest,"Research signal: Possible value trap. This signal was assigned because the model-estimated fair value is 83.3% above actual market cap; fundamentals score in the lower third of the training dataset; report risk is set to neutral because SEC filing text has not been integrated into this dataset; and the log-scale model error is high (-0.61) — treat this estimate with additional caution. The valuation gap is a research signal, not proof of undervaluation or overvaluation. This output is for research purposes only and does not constitute investment advice.",neutral_report_risk,Report risk is currently neutral because filing-text extraction has not yet been integrated for this dataset.,Possible value trap
723125,Micron Technology Inc,MU,2019,58056919381.7551,97328795903.80559,67.64374848037843,77.22606240770072,50,-0.5166709971169219,Research candidate,Random Forest,"Research signal: Research candidate. This signal was assigned because the model-estimated fair value is 67.6% above actual market cap; fundamentals score in the upper third of the training dataset; report risk is set to neutral because SEC filing text has not been integrated into this dataset; and the log-scale model error is moderate (-0.52). The valuation gap is a research signal, not proof of undervaluation or overvaluation. This output is for research purposes only and does not constitute investment advice.",neutral_report_risk,Report risk is currently neutral because filing-text extraction has not yet been integrated for this dataset.,Research candidate
723125,Micron Technology Inc,MU,2020,81611196140.15201,131991485998.83138,61.732081186704605,88.27266309789832,50,-0.48077096033944144,Research candidate,Random Forest,"Research signal: Research candidate. This signal was assigned because the model-estimated fair value is 61.7% above actual market cap; fundamentals score in the upper third of the training dataset; report risk is set to neutral because SEC filing text has not been integrated into this dataset; and the log-scale model error is moderate (-0.48). The valuation gap is a research signal, not proof of undervaluation or overvaluation. This output is for research purposes only and does not constitute investment advice.",neutral_report_risk,Report risk is currently neutral because filing-text extraction has not yet been integrated for this dataset.,Research candidate
723125,Micron Technology Inc,MU,2021,101859621763.9021,123894976605.10841,21.633061717312792,54.33247867145328,50,-0.1958386357114641,Research candidate,Random Forest,"Research signal: Research candidate. This signal was assigned because the model-estimated fair value is 21.6% above actual market cap; fundamentals are in the middle range of the training dataset; report risk is set to neutral because SEC filing text has not been integrated into this dataset; and the log-scale model error is low (-0.20). The valuation gap is a research signal, not proof of undervaluation or overvaluation. This output is for research purposes only and does not constitute investment advice.",neutral_report_risk,Report risk is currently neutral because filing-text extraction has not yet been integrated for this dataset.,Research candidate
723125,Micron Technology Inc,MU,2022,53527061085.44092,98497242712.3909,84.01391878244112,35.56673992802733,50,-0.6098412143166598,Possible value trap,Random Forest,"Research signal: Possible value trap. This signal was assigned because the model-estimated fair value is 84.0% above actual market cap; fundamentals score in the lower third of the training dataset; report risk is set to neutral because SEC filing text has not been integrated into this dataset; and the log-scale model error is high (-0.61) — treat this estimate with additional caution. The valuation gap is a research signal, not proof of undervaluation or overvaluation. This output is for research purposes only and does not constitute investment advice.",neutral_report_risk,Report risk is currently neutral because filing-text extraction has not yet been integrated for this dataset.,Possible value trap
723125,Micron Technology Inc,MU,2023,92949507643.46558,142976774585.18616,53.82198164364084,66.5846896320113,50,-0.4306257844315873,Research candidate,Random Forest,"Research signal: Research candidate. This signal was assigned because the model-estimated fair value is 53.8% above actual market cap; fundamentals score in the upper third of the training dataset; report risk is set to neutral because SEC filing text has not been integrated into this dataset; and the log-scale model error is moderate (-0.43). The valuation gap is a research signal, not proof of undervaluation or overvaluation. This output is for research purposes only and does not constitute investment advice.",neutral_report_risk,Report risk is currently neutral because filing-text extraction has not yet been integrated for this dataset.,Research candidate
723125,Micron Technology Inc,MU,2024,92953615702.4719,175958334768.74414,89.29692345906768,67.2601506951746,50,-0.6381466198979062,Research candidate,Random Forest,"Research signal: Research candidate. This signal was assigned because the model-estimated fair value is 89.3% above actual market cap; fundamentals score in the upper third of the training dataset; report risk is set to neutral because SEC filing text has not been integrated into this dataset; and the log-scale model error is high (-0.64) — treat this estimate with additional caution. The valuation gap is a research signal, not proof of undervaluation or overvaluation. This output is for research purposes only and does not constitute investment advice.",neutral_report_risk,Report risk is currently neutral because filing-text extraction has not yet been integrated for this dataset.,Research candidate
804328,Qualcomm Inc/De,QCOM,2017,75877741352.23071,110045129952.74104,45.0295277529447,58.53793289928531,50,-0.3717671753762204,Research candidate,Random Forest,"Research signal: Research candidate. This signal was assigned because the model-estimated fair value is 45.0% above actual market cap; fundamentals are in the middle range of the training dataset; report risk is set to neutral because SEC filing text has not been integrated into this dataset; and the log-scale model error is moderate (-0.37). The valuation gap is a research signal, not proof of undervaluation or overvaluation. This output is for research purposes only and does not constitute investment advice.",neutral_report_risk,Report risk is currently neutral because filing-text extraction has not yet been integrated for this dataset.,Research candidate
804328,Qualcomm Inc/De,QCOM,2018,57657265455.86629,99788506338.3122,73.07186795859272,36.02446107097662,50,-0.5485367439719404,Possible value trap,Random Forest,"Research signal: Possible value trap. This signal was assigned because the model-estimated fair value is 73.1% above actual market cap; fundamentals score in the lower third of the training dataset; report risk is set to neutral because SEC filing text has not been integrated into this dataset; and the log-scale model error is moderate (-0.55). The valuation gap is a research signal, not proof of undervaluation or overvaluation. This output is for research purposes only and does not constitute investment advice.",neutral_report_risk,Report risk is currently neutral because filing-text extraction has not yet been integrated for this dataset.,Possible value trap
804328,Qualcomm Inc/De,QCOM,2019,87315127038.88797,122519163148.80133,40.31837014247756,30.526568396721565,50,-0.33874372727811064,Possible value trap,Random Forest,"Research signal: Possible value trap. This signal was assigned because the model-estimated fair value is 40.3% above actual market cap; fundamentals score in the lower third of the training dataset; report risk is set to neutral because SEC filing text has not been integrated into this dataset; and the log-scale model error is moderate (-0.34). The valuation gap is a research signal, not proof of undervaluation or overvaluation. This output is for research purposes only and does not constitute investment advice.",neutral_report_risk,Report risk is currently neutral because filing-text extraction has not yet been integrated for this dataset.,Possible value trap
804328,Qualcomm Inc/De,QCOM,2020,153151855041.5039,127238139624.23859,-16.920275245926824,16.509236975190177,50,0.18536950000837749,Potentially overvalued,Random Forest,"Research signal: Potentially overvalued. This signal was assigned because the model-estimated fair value is 16.9% below actual market cap; fundamentals score in the lower third of the training dataset; report risk is set to neutral because SEC filing text has not been integrated into this dataset; and the log-scale model error is low (+0.19). The valuation gap is a research signal, not proof of undervaluation or overvaluation. This output is for research purposes only and does not constitute investment advice.",neutral_report_risk,Report risk is currently neutral because filing-text extraction has not yet been integrated for this dataset.,Potentially overvalued
804328,Qualcomm Inc/De,QCOM,2021,185412089843.75,146237918581.00595,-21.128164455595535,49.44604147356286,50,0.23734598581230415,Potentially overvalued,Random Forest,"Research signal: Potentially overvalued. This signal was assigned because the model-estimated fair value is 21.1% below actual market cap; fundamentals are in the middle range of the training dataset; report risk is set to neutral because SEC filing text has not been integrated into this dataset; and the log-scale model error is low (+0.24). The valuation gap is a research signal, not proof of undervaluation or overvaluation. This output is for research purposes only and does not constitute investment advice.",neutral_report_risk,Report risk is currently neutral because filing-text extraction has not yet been integrated for this dataset.,Potentially overvalued
804328,Qualcomm Inc/De,QCOM,2022,113977054084.77785,123829726452.96664,8.644435011331518,42.36488427166071,50,-0.08291029999468691,Fairly valued / neutral,Random Forest,"Research signal: Fairly valued / neutral. This signal was assigned because the model-estimated fair value is 8.6% above actual market cap; fundamentals score in the lower third of the training dataset; report risk is set to neutral because SEC filing text has not been integrated into this dataset; and the log-scale model error is low (-0.08). The valuation gap is a research signal, not proof of undervaluation or overvaluation. This output is for research purposes only and does not constitute investment advice.",neutral_report_risk,Report risk is currently neutral because filing-text extraction has not yet been integrated for this dataset.,Fairly valued / neutral
804328,Qualcomm Inc/De,QCOM,2023,152854287048.33984,166073426005.20306,8.648196404646926,69.28829598275757,50,-0.08294492052729652,Fairly valued / neutral,Random Forest,"Research signal: Fairly valued / neutral. This signal was assigned because the model-estimated fair value is 8.6% above actual market cap; fundamentals score in the upper third of the training dataset; report risk is set to neutral because SEC filing text has not been integrated into this dataset; and the log-scale model error is low (-0.08). The valuation gap is a research signal, not proof of undervaluation or overvaluation. This output is for research purposes only and does not constitute investment advice.",neutral_report_risk,Report risk is currently neutral because filing-text extraction has not yet been integrated for this dataset.,Fairly valued / neutral
804328,Qualcomm Inc/De,QCOM,2024,165259673416.1377,205094962915.82455,24.10466429966751,73.45563315764456,50,-0.21595509052557915,Research candidate,Random Forest,"Research signal: Research candidate. This signal was assigned because the model-estimated fair value is 24.1% above actual market cap; fundamentals score in the upper third of the training dataset; report risk is set to neutral because SEC filing text has not been integrated into this dataset; and the log-scale model error is low (-0.22). The valuation gap is a research signal, not proof of undervaluation or overvaluation. This output is for research purposes only and does not constitute investment advice.",neutral_report_risk,Report risk is currently neutral because filing-text extraction has not yet been integrated for this dataset.,Research candidate
97476,Texas Instruments Inc,TXN,2017,81153537128.44467,75394648810.05075,-7.096287509044884,67.9068532224885,50,0.07360657873904941,Fairly valued / neutral,Random Forest,"Research signal: Fairly valued / neutral. This signal was assigned because the model-estimated fair value is 7.1% below actual market cap; fundamentals score in the upper third of the training dataset; report risk is set to neutral because SEC filing text has not been integrated into this dataset; and the log-scale model error is low (+0.07). The valuation gap is a research signal, not proof of undervaluation or overvaluation. This output is for research purposes only and does not constitute investment advice.",neutral_report_risk,Report risk is currently neutral because filing-text extraction has not yet been integrated for this dataset.,Fairly valued / neutral
97476,Texas Instruments Inc,TXN,2018,71866080946.42789,122714188096.50943,70.75397250058194,65.13129663864919,50,-0.535053577202909,Research candidate,Random Forest,"Research signal: Research candidate. This signal was assigned because the model-estimated fair value is 70.8% above actual market cap; fundamentals score in the upper third of the training dataset; report risk is set to neutral because SEC filing text has not been integrated into this dataset; and the log-scale model error is moderate (-0.54). The valuation gap is a research signal, not proof of undervaluation or overvaluation. This output is for research purposes only and does not constitute investment advice.",neutral_report_risk,Report risk is currently neutral because filing-text extraction has not yet been integrated for this dataset.,Research candidate
97476,Texas Instruments Inc,TXN,2019,99816884240.51048,96163914997.68954,-3.6596706765751637,71.91031302374309,50,0.03728316644615859,Fairly valued / neutral,Random Forest,"Research signal: Fairly valued / neutral. This signal was assigned because the model-estimated fair value is within 5% of actual market cap; fundamentals score in the upper third of the training dataset; report risk is set to neutral because SEC filing text has not been integrated into this dataset; and the log-scale model error is low (+0.04). The valuation gap is a research signal, not proof of undervaluation or overvaluation. This output is for research purposes only and does not constitute investment advice.",neutral_report_risk,Report risk is currently neutral because filing-text extraction has not yet been integrated for this dataset.,Fairly valued / neutral
97476,Texas Instruments Inc,TXN,2020,129526657022.95464,102096482304.52187,-21.177242854010824,68.02995933330443,50,0.23796843454897498,Potentially overvalued,Random Forest,"Research signal: Potentially overvalued. This signal was assigned because the model-estimated fair value is 21.2% below actual market cap; fundamentals score in the upper third of the training dataset; report risk is set to neutral because SEC filing text has not been integrated into this dataset; and the log-scale model error is low (+0.24). The valuation gap is a research signal, not proof of undervaluation or overvaluation. This output is for research purposes only and does not constitute investment advice.",neutral_report_risk,Report risk is currently neutral because filing-text extraction has not yet been integrated for this dataset.,Potentially overvalued
97476,Texas Instruments Inc,TXN,2021,152781171772.35577,93241220169.40959,-38.97073894135386,58.01515015609244,50,0.49381674734300063,Potentially overvalued,Random Forest,"Research signal: Potentially overvalued. This signal was assigned because the model-estimated fair value is 39.0% below actual market cap; fundamentals are in the middle range of the training dataset; report risk is set to neutral because SEC filing text has not been integrated into this dataset; and the log-scale model error is moderate (+0.49). The valuation gap is a research signal, not proof of undervaluation or overvaluation. This output is for research purposes only and does not constitute investment advice.",neutral_report_risk,Report risk is currently neutral because filing-text extraction has not yet been integrated for this dataset.,Potentially overvalued
97476,Texas Instruments Inc,TXN,2022,135134924761.90506,118688346318.29994,-12.170486994818276,61.81880414308029,50,0.12977260281789782,Potentially overvalued,Random Forest,"Research signal: Potentially overvalued. This signal was assigned because the model-estimated fair value is 12.2% below actual market cap; fundamentals are in the middle range of the training dataset; report risk is set to neutral because SEC filing text has not been integrated into this dataset; and the log-scale model error is low (+0.13). The valuation gap is a research signal, not proof of undervaluation or overvaluation. This output is for research purposes only and does not constitute investment advice.",neutral_report_risk,Report risk is currently neutral because filing-text extraction has not yet been integrated for this dataset.,Potentially overvalued
97476,Texas Instruments Inc,TXN,2023,144284734569.28702,132652344139.939,-8.062107515443381,79.1017177092305,50,0.08405691859890041,Fairly valued / neutral,Random Forest,"Research signal: Fairly valued / neutral. This signal was assigned because the model-estimated fair value is 8.1% below actual market cap; fundamentals score in the upper third of the training dataset; report risk is set to neutral because SEC filing text has not been integrated into this dataset; and the log-scale model error is low (+0.08). The valuation gap is a research signal, not proof of undervaluation or overvaluation. This output is for research purposes only and does not constitute investment advice.",neutral_report_risk,Report risk is currently neutral because filing-text extraction has not yet been integrated for this dataset.,Fairly valued / neutral
97476,Texas Instruments Inc,TXN,2024,163426284801.03198,142284361321.8013,-12.936672644165242,70.58066900381763,50,0.13853443148291333,Potentially overvalued,Random Forest,"Research signal: Potentially overvalued. This signal was assigned because the model-estimated fair value is 12.9% below actual market cap; fundamentals score in the upper third of the training dataset; report risk is set to neutral because SEC filing text has not been integrated into this dataset; and the log-scale model error is low (+0.14). The valuation gap is a research signal, not proof of undervaluation or overvaluation. This output is for research purposes only and does not constitute investment advice.",neutral_report_risk,Report risk is currently neutral because filing-text extraction has not yet been integrated for this dataset.,Potentially overvalued
6951,Applied Materials Inc,AMAT,2017,49188785970.14912,52096422238.94903,5.911177134081842,54.40818435023576,50,-0.057430605281048486,Fairly valued / neutral,Random Forest,"Research signal: Fairly valued / neutral. This signal was assigned because the model-estimated fair value is 5.9% above actual market cap; fundamentals are in the middle range of the training dataset; report risk is set to neutral because SEC filing text has not been integrated into this dataset; and the log-scale model error is low (-0.06). The valuation gap is a research signal, not proof of undervaluation or overvaluation. This output is for research purposes only and does not constitute investment advice.",neutral_report_risk,Report risk is currently neutral because filing-text extraction has not yet been integrated for this dataset.,Fairly valued / neutral
6951,Applied Materials Inc,AMAT,2018,29049358513.11866,48768549511.5022,67.88167452812553,58.07941423008654,50,-0.5180892269815551,Research candidate,Random Forest,"Research signal: Research candidate. This signal was assigned because the model-estimated fair value is 67.9% above actual market cap; fundamentals are in the middle range of the training dataset; report risk is set to neutral because SEC filing text has not been integrated into this dataset; and the log-scale model error is moderate (-0.52). The valuation gap is a research signal, not proof of undervaluation or overvaluation. This output is for research purposes only and does not constitute investment advice.",neutral_report_risk,Report risk is currently neutral because filing-text extraction has not yet been integrated for this dataset.,Research candidate
6951,Applied Materials Inc,AMAT,2019,52660394049.419106,62991193897.358345,19.617779233182926,74.9629846710915,50,-0.17913130027610435,Research candidate,Random Forest,"Research signal: Research candidate. This signal was assigned because the model-estimated fair value is 19.6% above actual market cap; fundamentals score in the upper third of the training dataset; report risk is set to neutral because SEC filing text has not been integrated into this dataset; and the log-scale model error is low (-0.18). The valuation gap is a research signal, not proof of undervaluation or overvaluation. This output is for research purposes only and does not constitute investment advice.",neutral_report_risk,Report risk is currently neutral because filing-text extraction has not yet been integrated for this dataset.,Research candidate
6951,Applied Materials Inc,AMAT,2020,75377916319.00821,72039492336.1331,-4.428915186175356,66.5607625386785,50,0.045299871787456425,Fairly valued / neutral,Random Forest,"Research signal: Fairly valued / neutral. This signal was assigned because the model-estimated fair value is within 5% of actual market cap; fundamentals score in the upper third of the training dataset; report risk is set to neutral because SEC filing text has not been integrated into this dataset; and the log-scale model error is low (+0.05). The valuation gap is a research signal, not proof of undervaluation or overvaluation. This output is for research purposes only and does not constitute investment advice.",neutral_report_risk,Report risk is currently neutral because filing-text extraction has not yet been integrated for this dataset.,Fairly valued / neutral
6951,Applied Materials Inc,AMAT,2021,134511152383.6958,85314599279.34906,-36.574330256284306,53.33365675358961,50,0.4553015209413793,Potentially overvalued,Random Forest,"Research signal: Potentially overvalued. This signal was assigned because the model-estimated fair value is 36.6% below actual market cap; fundamentals are in the middle range of the training dataset; report risk is set to neutral because SEC filing text has not been integrated into this dataset; and the log-scale model error is moderate (+0.46). The valuation gap is a research signal, not proof of undervaluation or overvaluation. This output is for research purposes only and does not constitute investment advice.",neutral_report_risk,Report risk is currently neutral because filing-text extraction has not yet been integrated for this dataset.,Potentially overvalued
6951,Applied Materials Inc,AMAT,2022,79816478862.09982,103679698875.56686,29.897610560716288,73.76515737001992,50,-0.26157634306752087,Research candidate,Random Forest,"Research signal: Research candidate. This signal was assigned because the model-estimated fair value is 29.9% above actual market cap; fundamentals score in the upper third of the training dataset; report risk is set to neutral because SEC filing text has not been integrated into this dataset; and the log-scale model error is low (-0.26). The valuation gap is a research signal, not proof of undervaluation or overvaluation. This output is for research purposes only and does not constitute investment advice.",neutral_report_risk,Report risk is currently neutral because filing-text extraction has not yet been integrated for this dataset.,Research candidate
6951,Applied Materials Inc,AMAT,2023,131993964112.77878,127057970977.13757,-3.7395597357950208,82.26257289054601,50,0.038112748425216836,Fairly valued / neutral,Random Forest,"Research signal: Fairly valued / neutral. This signal was assigned because the model-estimated fair value is within 5% of actual market cap; fundamentals score in the upper third of the training dataset; report risk is set to neutral because SEC filing text has not been integrated into this dataset; and the log-scale model error is low (+0.04). The valuation gap is a research signal, not proof of undervaluation or overvaluation. This output is for research purposes only and does not constitute investment advice.",neutral_report_risk,Report risk is currently neutral because filing-text extraction has not yet been integrated for this dataset.,Fairly valued / neutral
6951,Applied Materials Inc,AMAT,2024,130692358859.62836,104133969247.23625,-20.321302518471988,75.86967448149312,50,0.2271679197137324,Potentially overvalued,Random Forest,"Research signal: Potentially overvalued. This signal was assigned because the model-estimated fair value is 20.3% below actual market cap; fundamentals score in the upper third of the training dataset; report risk is set to neutral because SEC filing text has not been integrated into this dataset; and the log-scale model error is low (+0.23). The valuation gap is a research signal, not proof of undervaluation or overvaluation. This output is for research purposes only and does not constitute investment advice.",neutral_report_risk,Report risk is currently neutral because filing-text extraction has not yet been integrated for this dataset.,Potentially overvalued
6281,Analog Devices Inc,ADI,2017,28133833232.802887,28730239084.038208,2.119888343334375,53.11857923497268,50,-0.020977312997739972,Fairly valued / neutral,Random Forest,"Research signal: Fairly valued / neutral. This signal was assigned because the model-estimated fair value is within 5% of actual market cap; fundamentals are in the middle range of the training dataset; report risk is set to neutral because SEC filing text has not been integrated into this dataset; and the log-scale model error is low (-0.02). The valuation gap is a research signal, not proof of undervaluation or overvaluation. This output is for research purposes only and does not constitute investment advice.",neutral_report_risk,Report risk is currently neutral because filing-text extraction has not yet been integrated for this dataset.,Fairly valued / neutral
6281,Analog Devices Inc,ADI,2018,27787069840.071236,40114811056.659035,44.36502764609669,43.09435138225412,50,-0.3671748203211962,Possible value trap,Random Forest,"Research signal: Possible value trap. This signal was assigned because the model-estimated fair value is 44.4% above actual market cap; fundamentals score in the lower third of the training dataset; report risk is set to neutral because SEC filing text has not been integrated into this dataset; and the log-scale model error is moderate (-0.37). The valuation gap is a research signal, not proof of undervaluation or overvaluation. This output is for research purposes only and does not constitute investment advice.",neutral_report_risk,Report risk is currently neutral because filing-text extraction has not yet been integrated for this dataset.,Possible value trap
6281,Analog Devices Inc,ADI,2019,39068762918.24837,58834917017.56983,50.59324284386037,56.3416103733945,50,-0.4094122601364347,Research candidate,Random Forest,"Research signal: Research candidate. This signal was assigned because the model-estimated fair value is 50.6% above actual market cap; fundamentals are in the middle range of the training dataset; report risk is set to neutral because SEC filing text has not been integrated into this dataset; and the log-scale model error is moderate (-0.41). The valuation gap is a research signal, not proof of undervaluation or overvaluation. This output is for research purposes only and does not constitute investment advice.",neutral_report_risk,Report risk is currently neutral because filing-text extraction has not yet been integrated for this dataset.,Research candidate
6281,Analog Devices Inc,ADI,2020,49726958475.82347,65816098090.309044,32.35496420378874,62.165235309385025,50,-0.28031725013263653,Research candidate,Random Forest,"Research signal: Research candidate. This signal was assigned because the model-estimated fair value is 32.4% above actual market cap; fundamentals are in the middle range of the training dataset; report risk is set to neutral because SEC filing text has not been integrated into this dataset; and the log-scale model error is low (-0.28). The valuation gap is a research signal, not proof of undervaluation or overvaluation. This output is for research purposes only and does not constitute investment advice.",neutral_report_risk,Report risk is currently neutral because filing-text extraction has not yet been integrated for this dataset.,Research candidate
6281,Analog Devices Inc,ADI,2021,85523249843.3584,67392369265.59447,-21.199943420031232,44.75842294661083,50,0.2382564711046058,Potentially overvalued,Random Forest,"Research signal: Potentially overvalued. This signal was assigned because the model-estimated fair value is 21.2% below actual market cap; fundamentals score in the lower third of the training dataset; report risk is set to neutral because SEC filing text has not been integrated into this dataset; and the log-scale model error is low (+0.24). The valuation gap is a research signal, not proof of undervaluation or overvaluation. This output is for research purposes only and does not constitute investment advice.",neutral_report_risk,Report risk is currently neutral because filing-text extraction has not yet been integrated for this dataset.,Potentially overvalued
6281,Analog Devices Inc,ADI,2022,78839883599.85329,67804179677.00067,-13.997615697739501,35.23358270726797,50,0.1507951656740083,Potentially overvalued,Random Forest,"Research signal: Potentially overvalued. This signal was assigned because the model-estimated fair value is 14.0% below actual market cap; fundamentals score in the lower third of the training dataset; report risk is set to neutral because SEC filing text has not been integrated into this dataset; and the log-scale model error is low (+0.15). The valuation gap is a research signal, not proof of undervaluation or overvaluation. This output is for research purposes only and does not constitute investment advice.",neutral_report_risk,Report risk is currently neutral because filing-text extraction has not yet been integrated for this dataset.,Potentially overvalued
6281,Analog Devices Inc,ADI,2023,94764952075.76176,74010973276.9187,-21.900479390577726,58.69683369928396,50,0.24718626732489568,Potentially overvalued,Random Forest,"Research signal: Potentially overvalued. This signal was assigned because the model-estimated fair value is 21.9% below actual market cap; fundamentals are in the middle range of the training dataset; report risk is set to neutral because SEC filing text has not been integrated into this dataset; and the log-scale model error is low (+0.25). The valuation gap is a research signal, not proof of undervaluation or overvaluation. This output is for research purposes only and does not constitute investment advice.",neutral_report_risk,Report risk is currently neutral because filing-text extraction has not yet been integrated for this dataset.,Potentially overvalued
6281,Analog Devices Inc,ADI,2024,103126284822.3786,114173970443.35153,10.71277379961967,67.50032111528417,50,-0.10176903821326277,Research candidate,Random Forest,"Research signal: Research candidate. This signal was assigned because the model-estimated fair value is 10.7% above actual market cap; fundamentals score in the upper third of the training dataset; report risk is set to neutral because SEC filing text has not been integrated into this dataset; and the log-scale model error is low (-0.10). The valuation gap is a research signal, not proof of undervaluation or overvaluation. This output is for research purposes only and does not constitute investment advice.",neutral_report_risk,Report risk is currently neutral because filing-text extraction has not yet been integrated for this dataset.,Research candidate
707549,LAM Research Corp,LRCX,2017,26634951581.44741,28704360060.638958,7.7695222116829195,43.08720583349239,50,-0.07482470720340828,Fairly valued / neutral,Random Forest,"Research signal: Fairly valued / neutral. This signal was assigned because the model-estimated fair value is 7.8% above actual market cap; fundamentals score in the lower third of the training dataset; report risk is set to neutral because SEC filing text has not been integrated into this dataset; and the log-scale model error is low (-0.07). The valuation gap is a research signal, not proof of undervaluation or overvaluation. This output is for research purposes only and does not constitute investment advice.",neutral_report_risk,Report risk is currently neutral because filing-text extraction has not yet been integrated for this dataset.,Fairly valued / neutral
707549,LAM Research Corp,LRCX,2018,19531611440.190887,33489008150.26259,71.46054872539125,57.29762250929047,50,-0.5391830175687886,Research candidate,Random Forest,"Research signal: Research candidate. This signal was assigned because the model-estimated fair value is 71.5% above actual market cap; fundamentals are in the middle range of the training dataset; report risk is set to neutral because SEC filing text has not been integrated into this dataset; and the log-scale model error is moderate (-0.54). The valuation gap is a research signal, not proof of undervaluation or overvaluation. This output is for research purposes only and does not constitute investment advice.",neutral_report_risk,Report risk is currently neutral because filing-text extraction has not yet been integrated for this dataset.,Research candidate
707549,LAM Research Corp,LRCX,2019,39292433271.40114,58098007824.40372,47.86054969695692,74.37158327608789,50,-0.3910994118193081,Research candidate,Random Forest,"Research signal: Research candidate. This signal was assigned because the model-estimated fair value is 47.9% above actual market cap; fundamentals score in the upper third of the training dataset; report risk is set to neutral because SEC filing text has not been integrated into this dataset; and the log-scale model error is moderate (-0.39). The valuation gap is a research signal, not proof of undervaluation or overvaluation. This output is for research purposes only and does not constitute investment advice.",neutral_report_risk,Report risk is currently neutral because filing-text extraction has not yet been integrated for this dataset.,Research candidate
707549,LAM Research Corp,LRCX,2020,64997955755.384445,82470103494.79854,26.881072698915915,71.27213405507273,50,-0.2380800262993077,Research candidate,Random Forest,"Research signal: Research candidate. This signal was assigned because the model-estimated fair value is 26.9% above actual market cap; fundamentals score in the upper third of the training dataset; report risk is set to neutral because SEC filing text has not been integrated into this dataset; and the log-scale model error is low (-0.24). The valuation gap is a research signal, not proof of undervaluation or overvaluation. This output is for research purposes only and does not constitute investment advice.",neutral_report_risk,Report risk is currently neutral because filing-text extraction has not yet been integrated for this dataset.,Research candidate
707549,LAM Research Corp,LRCX,2021,97359461494.33762,75728960993.86662,-22.21715297976357,46.65029885460763,50,0.25124925443029866,Potentially overvalued,Random Forest,"Research signal: Potentially overvalued. This signal was assigned because the model-estimated fair value is 22.2% below actual market cap; fundamentals are in the middle range of the training dataset; report risk is set to neutral because SEC filing text has not been integrated into this dataset; and the log-scale model error is low (+0.25). The valuation gap is a research signal, not proof of undervaluation or overvaluation. This output is for research purposes only and does not constitute investment advice.",neutral_report_risk,Report risk is currently neutral because filing-text extraction has not yet been integrated for this dataset.,Potentially overvalued
707549,LAM Research Corp,LRCX,2022,55692745736.58508,70993637999.60529,27.473761727227796,60.56797308175524,50,-0.2427403670579622,Research candidate,Random Forest,"Research signal: Research candidate. This signal was assigned because the model-estimated fair value is 27.5% above actual market cap; fundamentals are in the middle range of the training dataset; report risk is set to neutral because SEC filing text has not been integrated into this dataset; and the log-scale model error is low (-0.24). The valuation gap is a research signal, not proof of undervaluation or overvaluation. This output is for research purposes only and does not constitute investment advice.",neutral_report_risk,Report risk is currently neutral because filing-text extraction has not yet been integrated for this dataset.,Research candidate
707549,LAM Research Corp,LRCX,2023,101620072461.82253,110492065834.66592,8.730552102466275,80.3818173395629,50,-0.0837026367467999,Fairly valued / neutral,Random Forest,"Research signal: Fairly valued / neutral. This signal was assigned because the model-estimated fair value is 8.7% above actual market cap; fundamentals score in the upper third of the training dataset; report risk is set to neutral because SEC filing text has not been integrated into this dataset; and the log-scale model error is low (-0.08). The valuation gap is a research signal, not proof of undervaluation or overvaluation. This output is for research purposes only and does not constitute investment advice.",neutral_report_risk,Report risk is currently neutral because filing-text extraction has not yet been integrated for this dataset.,Fairly valued / neutral
707549,LAM Research Corp,LRCX,2024,9278152499.908447,24514927365.077103,164.222078321293,76.47361794893035,50,-0.9716197693054269,Research candidate,Random Forest,"Research signal: Research candidate. This signal was assigned because the model-estimated fair value is 164.2% above actual market cap; fundamentals score in the upper third of the training dataset; report risk is set to neutral because SEC filing text has not been integrated into this dataset; and the log-scale model error is high (-0.97) — treat this estimate with additional caution. The valuation gap is a research signal, not proof of undervaluation or overvaluation. This output is for research purposes only and does not constitute investment advice.","extreme_valuation_gap, neutral_report_risk, needs_review",Valuation gap of +164.2% exceeds 100% — the model estimate is likely unreliable for this observation. | Report risk is currently neutral because filing-text extraction has not yet been integrated for this dataset.,Needs review
319201,KLA Corp,KLAC,2017,14532177857.018852,16572573479.381557,14.040535716243117,37.16429495472186,50,-0.13138377566234993,Research candidate,Random Forest,"Research signal: Research candidate. This signal was assigned because the model-estimated fair value is 14.0% above actual market cap; fundamentals score in the lower third of the training dataset; report risk is set to neutral because SEC filing text has not been integrated into this dataset; and the log-scale model error is low (-0.13). The valuation gap is a research signal, not proof of undervaluation or overvaluation. This output is for research purposes only and does not constitute investment advice.",neutral_report_risk,Report risk is currently neutral because filing-text extraction has not yet been integrated for this dataset.,Research candidate
319201,KLA Corp,KLAC,2018,12659290844.02855,17966649261.512367,41.924610808569305,53.86181441360951,50,-0.3501258208318525,Research candidate,Random Forest,"Research signal: Research candidate. This signal was assigned because the model-estimated fair value is 41.9% above actual market cap; fundamentals are in the middle range of the training dataset; report risk is set to neutral because SEC filing text has not been integrated into this dataset; and the log-scale model error is moderate (-0.35). The valuation gap is a research signal, not proof of undervaluation or overvaluation. This output is for research purposes only and does not constitute investment advice.",neutral_report_risk,Report risk is currently neutral because filing-text extraction has not yet been integrated for this dataset.,Research candidate
319201,KLA Corp,KLAC,2019,26341011527.186394,26690775487.672264,1.3278304066830584,61.95326761513002,50,-0.013190920078233859,Fairly valued / neutral,Random Forest,"Research signal: Fairly valued / neutral. This signal was assigned because the model-estimated fair value is within 5% of actual market cap; fundamentals are in the middle range of the training dataset; report risk is set to neutral because SEC filing text has not been integrated into this dataset; and the log-scale model error is low (-0.01). The valuation gap is a research signal, not proof of undervaluation or overvaluation. This output is for research purposes only and does not constitute investment advice.",neutral_report_risk,Report risk is currently neutral because filing-text extraction has not yet been integrated for this dataset.,Fairly valued / neutral
319201,KLA Corp,KLAC,2020,38040936883.46298,32355412297.746918,-14.945805890989122,57.50405070354236,50,0.16188155491104794,Potentially overvalued,Random Forest,"Research signal: Potentially overvalued. This signal was assigned because the model-estimated fair value is 14.9% below actual market cap; fundamentals are in the middle range of the training dataset; report risk is set to neutral because SEC filing text has not been integrated into this dataset; and the log-scale model error is low (+0.16). The valuation gap is a research signal, not proof of undervaluation or overvaluation. This output is for research purposes only and does not constitute investment advice.",neutral_report_risk,Report risk is currently neutral because filing-text extraction has not yet been integrated for this dataset.,Potentially overvalued
319201,KLA Corp,KLAC,2021,62806478692.91618,43207477078.75754,-31.20538202752191,59.65445355413587,50,0.37404467125291063,Potentially overvalued,Random Forest,"Research signal: Potentially overvalued. This signal was assigned because the model-estimated fair value is 31.2% below actual market cap; fundamentals are in the middle range of the training dataset; report risk is set to neutral because SEC filing text has not been integrated into this dataset; and the log-scale model error is moderate (+0.37). The valuation gap is a research signal, not proof of undervaluation or overvaluation. This output is for research purposes only and does not constitute investment advice.",neutral_report_risk,Report risk is currently neutral because filing-text extraction has not yet been integrated for this dataset.,Potentially overvalued
319201,KLA Corp,KLAC,2022,51780670314.61914,59689643391.88048,15.273987434319505,64.98717692378803,50,-0.14214160815215138,Research candidate,Random Forest,"Research signal: Research candidate. This signal was assigned because the model-estimated fair value is 15.3% above actual market cap; fundamentals are in the middle range of the training dataset; report risk is set to neutral because SEC filing text has not been integrated into this dataset; and the log-scale model error is low (-0.14). The valuation gap is a research signal, not proof of undervaluation or overvaluation. This output is for research purposes only and does not constitute investment advice.",neutral_report_risk,Report risk is currently neutral because filing-text extraction has not yet been integrated for this dataset.,Research candidate
319201,KLA Corp,KLAC,2023,77906607541.85532,73669466970.2194,-5.438743522954079,61.961314386208485,50,0.055922344801768276,Fairly valued / neutral,Random Forest,"Research signal: Fairly valued / neutral. This signal was assigned because the model-estimated fair value is 5.4% below actual market cap; fundamentals are in the middle range of the training dataset; report risk is set to neutral because SEC filing text has not been integrated into this dataset; and the log-scale model error is low (+0.06). The valuation gap is a research signal, not proof of undervaluation or overvaluation. This output is for research purposes only and does not constitute investment advice.",neutral_report_risk,Report risk is currently neutral because filing-text extraction has not yet been integrated for this dataset.,Fairly valued / neutral
319201,KLA Corp,KLAC,2024,83770124788.08151,75457051243.13145,-9.923673345336606,67.02201626237682,50,0.10451280112863515,Fairly valued / neutral,Random Forest,"Research signal: Fairly valued / neutral. This signal was assigned because the model-estimated fair value is 9.9% below actual market cap; fundamentals score in the upper third of the training dataset; report risk is set to neutral because SEC filing text has not been integrated into this dataset; and the log-scale model error is low (+0.10). The valuation gap is a research signal, not proof of undervaluation or overvaluation. This output is for research purposes only and does not constitute investment advice.",neutral_report_risk,Report risk is currently neutral because filing-text extraction has not yet been integrated for this dataset.,Fairly valued / neutral
827054,Microchip Technology Inc,MCHP,2017,17187951664.33525,17477857613.732983,1.6866812000599374,59.1583515364876,50,-0.016726146838870193,Fairly valued / neutral,Random Forest,"Research signal: Fairly valued / neutral. This signal was assigned because the model-estimated fair value is within 5% of actual market cap; fundamentals are in the middle range of the training dataset; report risk is set to neutral because SEC filing text has not been integrated into this dataset; and the log-scale model error is low (-0.02). The valuation gap is a research signal, not proof of undervaluation or overvaluation. This output is for research purposes only and does not constitute investment advice.",neutral_report_risk,Report risk is currently neutral because filing-text extraction has not yet been integrated for this dataset.,Fairly valued / neutral
827054,Microchip Technology Inc,MCHP,2018,14668310651.822727,19575328903.586147,33.453192860717465,28.031627207041428,50,-0.28858061509678024,Possible value trap,Random Forest,"Research signal: Possible value trap. This signal was assigned because the model-estimated fair value is 33.5% above actual market cap; fundamentals score in the lower third of the training dataset; report risk is set to neutral because SEC filing text has not been integrated into this dataset; and the log-scale model error is low (-0.29). The valuation gap is a research signal, not proof of undervaluation or overvaluation. This output is for research purposes only and does not constitute investment advice.",neutral_report_risk,Report risk is currently neutral because filing-text extraction has not yet been integrated for this dataset.,Possible value trap
827054,Microchip Technology Inc,MCHP,2019,21979835309.545624,26967187410.798893,22.69057993845528,39.56984267140606,50,-0.20449538966384395,Possible value trap,Random Forest,"Research signal: Possible value trap. This signal was assigned because the model-estimated fair value is 22.7% above actual market cap; fundamentals score in the lower third of the training dataset; report risk is set to neutral because SEC filing text has not been integrated into this dataset; and the log-scale model error is low (-0.20). The valuation gap is a research signal, not proof of undervaluation or overvaluation. This output is for research purposes only and does not constitute investment advice.",neutral_report_risk,Report risk is currently neutral because filing-text extraction has not yet been integrated for this dataset.,Possible value trap
827054,Microchip Technology Inc,MCHP,2020,30308831736.42247,30556324506.840633,0.8165698122925286,42.989637075879344,50,-0.008132539198218325,Fairly valued / neutral,Random Forest,"Research signal: Fairly valued / neutral. This signal was assigned because the model-estimated fair value is within 5% of actual market cap; fundamentals score in the lower third of the training dataset; report risk is set to neutral because SEC filing text has not been integrated into this dataset; and the log-scale model error is low (-0.01). The valuation gap is a research signal, not proof of undervaluation or overvaluation. This output is for research purposes only and does not constitute investment advice.",neutral_report_risk,Report risk is currently neutral because filing-text extraction has not yet been integrated for this dataset.,Fairly valued / neutral
827054,Microchip Technology Inc,MCHP,2021,21540750800.919624,30634490026.29048,42.21644505066474,44.134050226848736,50,-0.35217997202679285,Possible value trap,Random Forest,"Research signal: Possible value trap. This signal was assigned because the model-estimated fair value is 42.2% above actual market cap; fundamentals score in the lower third of the training dataset; report risk is set to neutral because SEC filing text has not been integrated into this dataset; and the log-scale model error is moderate (-0.35). The valuation gap is a research signal, not proof of undervaluation or overvaluation. This output is for research purposes only and does not constitute investment advice.",neutral_report_risk,Report risk is currently neutral because filing-text extraction has not yet been integrated for this dataset.,Possible value trap
827054,Microchip Technology Inc,MCHP,2022,35817783702.88544,34867943991.970535,-2.6518662315736297,25.01406548521963,50,0.02687662468310137,Fairly valued / neutral,Random Forest,"Research signal: Fairly valued / neutral. This signal was assigned because the model-estimated fair value is within 5% of actual market cap; fundamentals score in the lower third of the training dataset; report risk is set to neutral because SEC filing text has not been integrated into this dataset; and the log-scale model error is low (+0.03). The valuation gap is a research signal, not proof of undervaluation or overvaluation. This output is for research purposes only and does not constitute investment advice.",neutral_report_risk,Report risk is currently neutral because filing-text extraction has not yet been integrated for this dataset.,Fairly valued / neutral
827054,Microchip Technology Inc,MCHP,2023,46114493702.31583,34338085958.39046,-25.53732416525255,29.859693913678488,50,0.29487218164950235,Potentially overvalued,Random Forest,"Research signal: Potentially overvalued. This signal was assigned because the model-estimated fair value is 25.5% below actual market cap; fundamentals score in the lower third of the training dataset; report risk is set to neutral because SEC filing text has not been integrated into this dataset; and the log-scale model error is low (+0.29). The valuation gap is a research signal, not proof of undervaluation or overvaluation. This output is for research purposes only and does not constitute investment advice.",neutral_report_risk,Report risk is currently neutral because filing-text extraction has not yet been integrated for this dataset.,Potentially overvalued
827054,Microchip Technology Inc,MCHP,2024,29525434455.416702,46359669697.75378,57.01604583585962,63.868964224754706,50,-0.45117781691404346,Research candidate,Random Forest,"Research signal: Research candidate. This signal was assigned because the model-estimated fair value is 57.0% above actual market cap; fundamentals are in the middle range of the training dataset; report risk is set to neutral because SEC filing text has not been integrated into this dataset; and the log-scale model error is moderate (-0.45). The valuation gap is a research signal, not proof of undervaluation or overvaluation. This output is for research purposes only and does not constitute investment advice.",neutral_report_risk,Report risk is currently neutral because filing-text extraction has not yet been integrated for this dataset.,Research candidate
4127,Skyworks Solutions Inc,SWKS,2017,14229476980.0309,18319152160.085705,28.740867888497228,65.41284153005465,50,-0.25263142201879063,Research candidate,Random Forest,"Research signal: Research candidate. This signal was assigned because the model-estimated fair value is 28.7% above actual market cap; fundamentals score in the upper third of the training dataset; report risk is set to neutral because SEC filing text has not been integrated into this dataset; and the log-scale model error is low (-0.25). The valuation gap is a research signal, not proof of undervaluation or overvaluation. This output is for research purposes only and does not constitute investment advice.",neutral_report_risk,Report risk is currently neutral because filing-text extraction has not yet been integrated for this dataset.,Research candidate
4127,Skyworks Solutions Inc,SWKS,2018,9887102622.693825,19079901461.217415,92.97768203015713,59.66919127086008,50,-0.6574043590808571,Research candidate,Random Forest,"Research signal: Research candidate. This signal was assigned because the model-estimated fair value is 93.0% above actual market cap; fundamentals are in the middle range of the training dataset; report risk is set to neutral because SEC filing text has not been integrated into this dataset; and the log-scale model error is high (-0.66) — treat this estimate with additional caution. The valuation gap is a research signal, not proof of undervaluation or overvaluation. This output is for research purposes only and does not constitute investment advice.",neutral_report_risk,Report risk is currently neutral because filing-text extraction has not yet been integrated for this dataset.,Research candidate
4127,Skyworks Solutions Inc,SWKS,2019,17446123441.96868,18741302203.15755,7.4238770893547965,67.28356587189685,50,-0.07161229064514174,Fairly valued / neutral,Random Forest,"Research signal: Fairly valued / neutral. This signal was assigned because the model-estimated fair value is 7.4% above actual market cap; fundamentals score in the upper third of the training dataset; report risk is set to neutral because SEC filing text has not been integrated into this dataset; and the log-scale model error is low (-0.07). The valuation gap is a research signal, not proof of undervaluation or overvaluation. This output is for research purposes only and does not constitute investment advice.",neutral_report_risk,Report risk is currently neutral because filing-text extraction has not yet been integrated for this dataset.,Fairly valued / neutral
4127,Skyworks Solutions Inc,SWKS,2020,21702222107.33737,21528681989.01259,-0.799642163214755,60.5786611671121,50,0.008028564478113509,Fairly valued / neutral,Random Forest,"Research signal: Fairly valued / neutral. This signal was assigned because the model-estimated fair value is within 5% of actual market cap; fundamentals are in the middle range of the training dataset; report risk is set to neutral because SEC filing text has not been integrated into this dataset; and the log-scale model error is low (+0.01). The valuation gap is a research signal, not proof of undervaluation or overvaluation. This output is for research purposes only and does not constitute investment advice.",neutral_report_risk,Report risk is currently neutral because filing-text extraction has not yet been integrated for this dataset.,Fairly valued / neutral
4127,Skyworks Solutions Inc,SWKS,2021,22536213344.311615,20482819870.764664,-9.111528375130732,58.70280602994498,50,0.09553701765652178,Fairly valued / neutral,Random Forest,"Research signal: Fairly valued / neutral. This signal was assigned because the model-estimated fair value is 9.1% below actual market cap; fundamentals are in the middle range of the training dataset; report risk is set to neutral because SEC filing text has not been integrated into this dataset; and the log-scale model error is low (+0.10). The valuation gap is a research signal, not proof of undervaluation or overvaluation. This output is for research purposes only and does not constitute investment advice.",neutral_report_risk,Report risk is currently neutral because filing-text extraction has not yet been integrated for this dataset.,Fairly valued / neutral
4127,Skyworks Solutions Inc,SWKS,2022,12907255943.962784,18097714014.569614,40.21348994039749,50.389574909238775,50,-0.3379960032446583,Research candidate,Random Forest,"Research signal: Research candidate. This signal was assigned because the model-estimated fair value is 40.2% above actual market cap; fundamentals are in the middle range of the training dataset; report risk is set to neutral because SEC filing text has not been integrated into this dataset; and the log-scale model error is moderate (-0.34). The valuation gap is a research signal, not proof of undervaluation or overvaluation. This output is for research purposes only and does not constitute investment advice.",neutral_report_risk,Report risk is currently neutral because filing-text extraction has not yet been integrated for this dataset.,Research candidate
4127,Skyworks Solutions Inc,SWKS,2023,16462277588.802605,30888144726.19567,87.62983772795403,82.11797260533385,50,-0.6293008876595358,Research candidate,Random Forest,"Research signal: Research candidate. This signal was assigned because the model-estimated fair value is 87.6% above actual market cap; fundamentals score in the upper third of the training dataset; report risk is set to neutral because SEC filing text has not been integrated into this dataset; and the log-scale model error is high (-0.63) — treat this estimate with additional caution. The valuation gap is a research signal, not proof of undervaluation or overvaluation. This output is for research purposes only and does not constitute investment advice.",neutral_report_risk,Report risk is currently neutral because filing-text extraction has not yet been integrated for this dataset.,Research candidate
4127,Skyworks Solutions Inc,SWKS,2024,13400170050.223434,42542409172.530846,217.47663658806698,66.92119478665037,50,-1.1552340440877096,Research candidate,Random Forest,"Research signal: Research candidate. This signal was assigned because the model-estimated fair value is 217.5% above actual market cap; fundamentals score in the upper third of the training dataset; report risk is set to neutral because SEC filing text has not been integrated into this dataset; and the log-scale model error is high (-1.16) — treat this estimate with additional caution. The valuation gap is a research signal, not proof of undervaluation or overvaluation. This output is for research purposes only and does not constitute investment advice.","extreme_valuation_gap, high_model_error, neutral_report_risk, needs_review",Valuation gap of +217.5% exceeds 100% — the model estimate is likely unreliable for this observation. | Model error of -1.155 (log scale) is large — the model fit was poor for this observation. | Report risk is currently neutral because filing-text extraction has not yet been integrated for this dataset.,Needs review
1108524,Salesforce COM Inc,CRM,2017,71097704467.77344,57653261214.31427,-18.909813409732728,26.758743169398908,50,0.20960823600742273,Potentially overvalued,Random Forest,"Research signal: Potentially overvalued. This signal was assigned because the model-estimated fair value is 18.9% below actual market cap; fundamentals score in the lower third of the training dataset; report risk is set to neutral because SEC filing text has not been integrated into this dataset; and the log-scale model error is low (+0.21). The valuation gap is a research signal, not proof of undervaluation or overvaluation. This output is for research purposes only and does not constitute investment advice.",neutral_report_risk,Report risk is currently neutral because filing-text extraction has not yet been integrated for this dataset.,Potentially overvalued
1108524,Salesforce COM Inc,CRM,2018,98489639511.1084,78771723948.5322,-20.020294175563784,46.53109098749461,50,0.223397260690259,Potentially overvalued,Random Forest,"Research signal: Potentially overvalued. This signal was assigned because the model-estimated fair value is 20.0% below actual market cap; fundamentals are in the middle range of the training dataset; report risk is set to neutral because SEC filing text has not been integrated into this dataset; and the log-scale model error is low (+0.22). The valuation gap is a research signal, not proof of undervaluation or overvaluation. This output is for research purposes only and does not constitute investment advice.",neutral_report_risk,Report risk is currently neutral because filing-text extraction has not yet been integrated for this dataset.,Potentially overvalued
1108524,Salesforce COM Inc,CRM,2019,123262930892.94434,86126496253.49153,-30.12782056245794,38.17911302921694,50,0.3585026211587916,Potentially overvalued,Random Forest,"Research signal: Potentially overvalued. This signal was assigned because the model-estimated fair value is 30.1% below actual market cap; fundamentals score in the lower third of the training dataset; report risk is set to neutral because SEC filing text has not been integrated into this dataset; and the log-scale model error is moderate (+0.36). The valuation gap is a research signal, not proof of undervaluation or overvaluation. This output is for research purposes only and does not constitute investment advice.",neutral_report_risk,Report risk is currently neutral because filing-text extraction has not yet been integrated for this dataset.,Potentially overvalued
1108524,Salesforce COM Inc,CRM,2020,201464688583.374,204496706252.47955,1.5049871470904403,58.00742281853061,50,-0.014937745740784436,Fairly valued / neutral,Random Forest,"Research signal: Fairly valued / neutral. This signal was assigned because the model-estimated fair value is within 5% of actual market cap; fundamentals are in the middle range of the training dataset; report risk is set to neutral because SEC filing text has not been integrated into this dataset; and the log-scale model error is low (-0.01). The valuation gap is a research signal, not proof of undervaluation or overvaluation. This output is for research purposes only and does not constitute investment advice.",neutral_report_risk,Report risk is currently neutral because filing-text extraction has not yet been integrated for this dataset.,Fairly valued / neutral
1108524,Salesforce COM Inc,CRM,2021,230073335403.4424,172093197131.14294,-25.200720531403203,38.92847545010955,50,0.2903619338268264,Potentially overvalued,Random Forest,"Research signal: Potentially overvalued. This signal was assigned because the model-estimated fair value is 25.2% below actual market cap; fundamentals score in the lower third of the training dataset; report risk is set to neutral because SEC filing text has not been integrated into this dataset; and the log-scale model error is low (+0.29). The valuation gap is a research signal, not proof of undervaluation or overvaluation. This output is for research purposes only and does not constitute investment advice.",neutral_report_risk,Report risk is currently neutral because filing-text extraction has not yet been integrated for this dataset.,Potentially overvalued
1108524,Salesforce COM Inc,CRM,2022,129031777496.33788,157329899044.5495,21.931125880223394,46.94279498386524,50,-0.1982861573659669,Research candidate,Random Forest,"Research signal: Research candidate. This signal was assigned because the model-estimated fair value is 21.9% above actual market cap; fundamentals are in the middle range of the training dataset; report risk is set to neutral because SEC filing text has not been integrated into this dataset; and the log-scale model error is low (-0.20). The valuation gap is a research signal, not proof of undervaluation or overvaluation. This output is for research purposes only and does not constitute investment advice.",neutral_report_risk,Report risk is currently neutral because filing-text extraction has not yet been integrated for this dataset.,Research candidate
1108524,Salesforce COM Inc,CRM,2023,258664978027.34375,200129837952.99393,-22.62971219403425,53.06791595202322,50,0.25656735756851035,Potentially overvalued,Random Forest,"Research signal: Potentially overvalued. This signal was assigned because the model-estimated fair value is 22.6% below actual market cap; fundamentals are in the middle range of the training dataset; report risk is set to neutral because SEC filing text has not been integrated into this dataset; and the log-scale model error is low (+0.26). The valuation gap is a research signal, not proof of undervaluation or overvaluation. This output is for research purposes only and does not constitute investment advice.",neutral_report_risk,Report risk is currently neutral because filing-text extraction has not yet been integrated for this dataset.,Potentially overvalued
1108524,Salesforce COM Inc,CRM,2024,320565462646.4844,219821901165.2538,-31.426829531018228,45.28173356017889,50,0.3772688287914612,Potentially overvalued,Random Forest,"Research signal: Potentially overvalued. This signal was assigned because the model-estimated fair value is 31.4% below actual market cap; fundamentals are in the middle range of the training dataset; report risk is set to neutral because SEC filing text has not been integrated into this dataset; and the log-scale model error is moderate (+0.38). The valuation gap is a research signal, not proof of undervaluation or overvaluation. This output is for research purposes only and does not constitute investment advice.",neutral_report_risk,Report risk is currently neutral because filing-text extraction has not yet been integrated for this dataset.,Potentially overvalued
896878,Intuit Inc,INTU,2017,37701109996.81641,39341960783.24464,4.352261210788724,54.33207466474386,50,-0.04260211678561632,Fairly valued / neutral,Random Forest,"Research signal: Fairly valued / neutral. This signal was assigned because the model-estimated fair value is within 5% of actual market cap; fundamentals are in the middle range of the training dataset; report risk is set to neutral because SEC filing text has not been integrated into this dataset; and the log-scale model error is low (-0.04). The valuation gap is a research signal, not proof of undervaluation or overvaluation. This output is for research purposes only and does not constitute investment advice.",neutral_report_risk,Report risk is currently neutral because filing-text extraction has not yet been integrated for this dataset.,Fairly valued / neutral
896878,Intuit Inc,INTU,2018,48138221690.547485,51065416286.695786,6.0808116572430215,75.26245763831051,50,-0.0590309917893741,Fairly valued / neutral,Random Forest,"Research signal: Fairly valued / neutral. This signal was assigned because the model-estimated fair value is 6.1% above actual market cap; fundamentals score in the upper third of the training dataset; report risk is set to neutral because SEC filing text has not been integrated into this dataset; and the log-scale model error is low (-0.06). The valuation gap is a research signal, not proof of undervaluation or overvaluation. This output is for research purposes only and does not constitute investment advice.",neutral_report_risk,Report risk is currently neutral because filing-text extraction has not yet been integrated for this dataset.,Fairly valued / neutral
896878,Intuit Inc,INTU,2019,64909779276.304504,49414640928.32521,-23.87180871779029,78.56794950933178,50,0.2727515392313329,Potentially overvalued,Random Forest,"Research signal: Potentially overvalued. This signal was assigned because the model-estimated fair value is 23.9% below actual market cap; fundamentals score in the upper third of the training dataset; report risk is set to neutral because SEC filing text has not been integrated into this dataset; and the log-scale model error is low (+0.27). The valuation gap is a research signal, not proof of undervaluation or overvaluation. This output is for research purposes only and does not constitute investment advice.",neutral_report_risk,Report risk is currently neutral because filing-text extraction has not yet been integrated for this dataset.,Potentially overvalued
896878,Intuit Inc,INTU,2020,95479804149.47864,73144994538.03406,-23.392182053995697,69.81913837900984,50,0.2664710524912337,Potentially overvalued,Random Forest,"Research signal: Potentially overvalued. This signal was assigned because the model-estimated fair value is 23.4% below actual market cap; fundamentals score in the upper third of the training dataset; report risk is set to neutral because SEC filing text has not been integrated into this dataset; and the log-scale model error is low (+0.27). The valuation gap is a research signal, not proof of undervaluation or overvaluation. This output is for research purposes only and does not constitute investment advice.",neutral_report_risk,Report risk is currently neutral because filing-text extraction has not yet been integrated for this dataset.,Potentially overvalued
896878,Intuit Inc,INTU,2021,169576069945.60345,84185845428.95639,-50.35511469515629,75.08869368663873,50,0.700274815811504,Potentially overvalued,Random Forest,"Research signal: Potentially overvalued. This signal was assigned because the model-estimated fair value is 50.4% below actual market cap; fundamentals score in the upper third of the training dataset; report risk is set to neutral because SEC filing text has not been integrated into this dataset; and the log-scale model error is high (+0.70) — treat this estimate with additional caution. The valuation gap is a research signal, not proof of undervaluation or overvaluation. This output is for research purposes only and does not constitute investment advice.",neutral_report_risk,Report risk is currently neutral because filing-text extraction has not yet been integrated for this dataset.,Potentially overvalued
896878,Intuit Inc,INTU,2022,106556551710.21252,92604620600.86827,-13.093452148571247,76.85004211701306,50,0.14033680728690356,Potentially overvalued,Random Forest,"Research signal: Potentially overvalued. This signal was assigned because the model-estimated fair value is 13.1% below actual market cap; fundamentals score in the upper third of the training dataset; report risk is set to neutral because SEC filing text has not been integrated into this dataset; and the log-scale model error is low (+0.14). The valuation gap is a research signal, not proof of undervaluation or overvaluation. This output is for research purposes only and does not constitute investment advice.",neutral_report_risk,Report risk is currently neutral because filing-text extraction has not yet been integrated for this dataset.,Potentially overvalued
896878,Intuit Inc,INTU,2023,171377533888.80963,83304682006.32085,-51.39113037980274,74.30423849161681,50,0.7213641692599992,Potentially overvalued,Random Forest,"Research signal: Potentially overvalued. This signal was assigned because the model-estimated fair value is 51.4% below actual market cap; fundamentals score in the upper third of the training dataset; report risk is set to neutral because SEC filing text has not been integrated into this dataset; and the log-scale model error is high (+0.72) — treat this estimate with additional caution. The valuation gap is a research signal, not proof of undervaluation or overvaluation. This output is for research purposes only and does not constitute investment advice.",neutral_report_risk,Report risk is currently neutral because filing-text extraction has not yet been integrated for this dataset.,Potentially overvalued
896878,Intuit Inc,INTU,2024,173379232248.29102,74541003245.83151,-57.00695966914673,67.18529148654648,50,0.8441319361649562,Potentially overvalued,Random Forest,"Research signal: Potentially overvalued. This signal was assigned because the model-estimated fair value is 57.0% below actual market cap; fundamentals score in the upper third of the training dataset; report risk is set to neutral because SEC filing text has not been integrated into this dataset; and the log-scale model error is high (+0.84) — treat this estimate with additional caution. The valuation gap is a research signal, not proof of undervaluation or overvaluation. This output is for research purposes only and does not constitute investment advice.",neutral_report_risk,Report risk is currently neutral because filing-text extraction has not yet been integrated for this dataset.,Potentially overvalued
769397,Autodesk Inc,ADSK,2017,23151629168.827087,27625027136.27688,19.322173549121437,31.796674301387682,50,-0.17665698962665033,Possible value trap,Random Forest,"Research signal: Possible value trap. This signal was assigned because the model-estimated fair value is 19.3% above actual market cap; fundamentals score in the lower third of the training dataset; report risk is set to neutral because SEC filing text has not been integrated into this dataset; and the log-scale model error is low (-0.18). The valuation gap is a research signal, not proof of undervaluation or overvaluation. This output is for research purposes only and does not constitute investment advice.",neutral_report_risk,Report risk is currently neutral because filing-text extraction has not yet been integrated for this dataset.,Possible value trap
769397,Autodesk Inc,ADSK,2018,28079146465.07675,38384100877.62387,36.69967114336555,21.95046711212703,50,-0.3126161520576147,Possible value trap,Random Forest,"Research signal: Possible value trap. This signal was assigned because the model-estimated fair value is 36.7% above actual market cap; fundamentals score in the lower third of the training dataset; report risk is set to neutral because SEC filing text has not been integrated into this dataset; and the log-scale model error is moderate (-0.31). The valuation gap is a research signal, not proof of undervaluation or overvaluation. This output is for research purposes only and does not constitute investment advice.",neutral_report_risk,Report risk is currently neutral because filing-text extraction has not yet been integrated for this dataset.,Possible value trap
769397,Autodesk Inc,ADSK,2019,40275932201.29028,39880348669.885796,-0.9821834276298008,9.095009511685214,50,0.009870386667849118,Fairly valued / neutral,Random Forest,"Research signal: Fairly valued / neutral. This signal was assigned because the model-estimated fair value is within 5% of actual market cap; fundamentals score in the lower third of the training dataset; report risk is set to neutral because SEC filing text has not been integrated into this dataset; and the log-scale model error is low (+0.01). The valuation gap is a research signal, not proof of undervaluation or overvaluation. This output is for research purposes only and does not constitute investment advice.",neutral_report_risk,Report risk is currently neutral because filing-text extraction has not yet been integrated for this dataset.,Fairly valued / neutral
769397,Autodesk Inc,ADSK,2020,67113731195.06836,46048585845.8808,-31.387236224374103,11.268832422093464,50,0.3766916076942479,Potentially overvalued,Random Forest,"Research signal: Potentially overvalued. This signal was assigned because the model-estimated fair value is 31.4% below actual market cap; fundamentals score in the lower third of the training dataset; report risk is set to neutral because SEC filing text has not been integrated into this dataset; and the log-scale model error is moderate (+0.38). The valuation gap is a research signal, not proof of undervaluation or overvaluation. This output is for research purposes only and does not constitute investment advice.",neutral_report_risk,Report risk is currently neutral because filing-text extraction has not yet been integrated for this dataset.,Potentially overvalued
769397,Autodesk Inc,ADSK,2021,61747157685.974,52564873946.72373,-14.870779617012303,55.87343672185923,50,0.1609998440926219,Potentially overvalued,Random Forest,"Research signal: Potentially overvalued. This signal was assigned because the model-estimated fair value is 14.9% below actual market cap; fundamentals are in the middle range of the training dataset; report risk is set to neutral because SEC filing text has not been integrated into this dataset; and the log-scale model error is low (+0.16). The valuation gap is a research signal, not proof of undervaluation or overvaluation. This output is for research purposes only and does not constitute investment advice.",neutral_report_risk,Report risk is currently neutral because filing-text extraction has not yet been integrated for this dataset.,Potentially overvalued
769397,Autodesk Inc,ADSK,2022,40608340040.30591,46384071050.616905,14.223016761035495,34.19217501533464,50,-0.13298263874571248,Research candidate,Random Forest,"Research signal: Research candidate. This signal was assigned because the model-estimated fair value is 14.2% above actual market cap; fundamentals score in the lower third of the training dataset; report risk is set to neutral because SEC filing text has not been integrated into this dataset; and the log-scale model error is low (-0.13). The valuation gap is a research signal, not proof of undervaluation or overvaluation. This output is for research purposes only and does not constitute investment advice.",neutral_report_risk,Report risk is currently neutral because filing-text extraction has not yet been integrated for this dataset.,Research candidate
769397,Autodesk Inc,ADSK,2023,52295291365.309296,55055976590.92776,5.279032114638518,38.12078461504801,50,-0.05144408810667045,Fairly valued / neutral,Random Forest,"Research signal: Fairly valued / neutral. This signal was assigned because the model-estimated fair value is 5.3% above actual market cap; fundamentals score in the lower third of the training dataset; report risk is set to neutral because SEC filing text has not been integrated into this dataset; and the log-scale model error is low (-0.05). The valuation gap is a research signal, not proof of undervaluation or overvaluation. This output is for research purposes only and does not constitute investment advice.",neutral_report_risk,Report risk is currently neutral because filing-text extraction has not yet been integrated for this dataset.,Fairly valued / neutral
769397,Autodesk Inc,ADSK,2024,63679665161.0108,55319338416.38623,-13.128722840306887,63.61354170344753,50,0.14074273585940844,Potentially overvalued,Random Forest,"Research signal: Potentially overvalued. This signal was assigned because the model-estimated fair value is 13.1% below actual market cap; fundamentals are in the middle range of the training dataset; report risk is set to neutral because SEC filing text has not been integrated into this dataset; and the log-scale model error is low (+0.14). The valuation gap is a research signal, not proof of undervaluation or overvaluation. This output is for research purposes only and does not constitute investment advice.",neutral_report_risk,Report risk is currently neutral because filing-text extraction has not yet been integrated for this dataset.,Potentially overvalued
1373715,ServiceNow Inc,NOW,2017,22779132226.94397,24335193368.68596,6.831081738493201,25.118032786885244,50,-0.06607872571169082,Fairly valued / neutral,Random Forest,"Research signal: Fairly valued / neutral. This signal was assigned because the model-estimated fair value is 6.8% above actual market cap; fundamentals score in the lower third of the training dataset; report risk is set to neutral because SEC filing text has not been integrated into this dataset; and the log-scale model error is low (-0.07). The valuation gap is a research signal, not proof of undervaluation or overvaluation. This output is for research purposes only and does not constitute investment advice.",neutral_report_risk,Report risk is currently neutral because filing-text extraction has not yet been integrated for this dataset.,Fairly valued / neutral
1373715,ServiceNow Inc,NOW,2018,32138025550.842285,31776859389.495728,-1.123796982410116,34.30084352224023,50,0.011301592919021886,Fairly valued / neutral,Random Forest,"Research signal: Fairly valued / neutral. This signal was assigned because the model-estimated fair value is within 5% of actual market cap; fundamentals score in the lower third of the training dataset; report risk is set to neutral because SEC filing text has not been integrated into this dataset; and the log-scale model error is low (+0.01). The valuation gap is a research signal, not proof of undervaluation or overvaluation. This output is for research purposes only and does not constitute investment advice.",neutral_report_risk,Report risk is currently neutral because filing-text extraction has not yet been integrated for this dataset.,Fairly valued / neutral
1373715,ServiceNow Inc,NOW,2019,53584336666.10718,47843290261.557556,-10.71403839581523,36.66904711799491,50,0.11332591534397096,Potentially overvalued,Random Forest,"Research signal: Potentially overvalued. This signal was assigned because the model-estimated fair value is 10.7% below actual market cap; fundamentals score in the lower third of the training dataset; report risk is set to neutral because SEC filing text has not been integrated into this dataset; and the log-scale model error is low (+0.11). The valuation gap is a research signal, not proof of undervaluation or overvaluation. This output is for research purposes only and does not constitute investment advice.",neutral_report_risk,Report risk is currently neutral because filing-text extraction has not yet been integrated for this dataset.,Potentially overvalued
1373715,ServiceNow Inc,NOW,2020,107939321563.7207,61364301030.21557,-43.14926188044467,37.95631957743218,50,0.564740982242494,Potentially overvalued,Random Forest,"Research signal: Potentially overvalued. This signal was assigned because the model-estimated fair value is 43.1% below actual market cap; fundamentals score in the lower third of the training dataset; report risk is set to neutral because SEC filing text has not been integrated into this dataset; and the log-scale model error is moderate (+0.56). The valuation gap is a research signal, not proof of undervaluation or overvaluation. This output is for research purposes only and does not constitute investment advice.",neutral_report_risk,Report risk is currently neutral because filing-text extraction has not yet been integrated for this dataset.,Potentially overvalued
1373715,ServiceNow Inc,NOW,2021,129822006225.58594,79814212364.69173,-38.52027504027159,61.40616034288038,50,0.48646274098208764,Potentially overvalued,Random Forest,"Research signal: Potentially overvalued. This signal was assigned because the model-estimated fair value is 38.5% below actual market cap; fundamentals are in the middle range of the training dataset; report risk is set to neutral because SEC filing text has not been integrated into this dataset; and the log-scale model error is moderate (+0.49). The valuation gap is a research signal, not proof of undervaluation or overvaluation. This output is for research purposes only and does not constitute investment advice.",neutral_report_risk,Report risk is currently neutral because filing-text extraction has not yet been integrated for this dataset.,Potentially overvalued
1373715,ServiceNow Inc,NOW,2022,78818809318.54248,66491216240.75203,-15.640420331610274,41.68471243081714,50,0.17008181298369962,Potentially overvalued,Random Forest,"Research signal: Potentially overvalued. This signal was assigned because the model-estimated fair value is 15.6% below actual market cap; fundamentals score in the lower third of the training dataset; report risk is set to neutral because SEC filing text has not been integrated into this dataset; and the log-scale model error is low (+0.17). The valuation gap is a research signal, not proof of undervaluation or overvaluation. This output is for research purposes only and does not constitute investment advice.",neutral_report_risk,Report risk is currently neutral because filing-text extraction has not yet been integrated for this dataset.,Potentially overvalued
1373715,ServiceNow Inc,NOW,2023,144830454254.1504,88551699561.12494,-38.85837062574336,44.11846699916525,50,0.49197721999079747,Potentially overvalued,Random Forest,"Research signal: Potentially overvalued. This signal was assigned because the model-estimated fair value is 38.9% below actual market cap; fundamentals score in the lower third of the training dataset; report risk is set to neutral because SEC filing text has not been integrated into this dataset; and the log-scale model error is moderate (+0.49). The valuation gap is a research signal, not proof of undervaluation or overvaluation. This output is for research purposes only and does not constitute investment advice.",neutral_report_risk,Report risk is currently neutral because filing-text extraction has not yet been integrated for this dataset.,Potentially overvalued
1373715,ServiceNow Inc,NOW,2024,218384722137.45117,106630076802.01114,-51.173289157609545,43.22164397398935,50,0.7168926695445101,Potentially overvalued,Random Forest,"Research signal: Potentially overvalued. This signal was assigned because the model-estimated fair value is 51.2% below actual market cap; fundamentals score in the lower third of the training dataset; report risk is set to neutral because SEC filing text has not been integrated into this dataset; and the log-scale model error is high (+0.72) — treat this estimate with additional caution. The valuation gap is a research signal, not proof of undervaluation or overvaluation. This output is for research purposes only and does not constitute investment advice.",neutral_report_risk,Report risk is currently neutral because filing-text extraction has not yet been integrated for this dataset.,Potentially overvalued
1327567,Palo Alto Networks Inc,PANW,2017,13311632812.735336,19997749897.242073,50.22762555552224,31.1947065934299,50,-0.4069814615664207,Possible value trap,Random Forest,"Research signal: Possible value trap. This signal was assigned because the model-estimated fair value is 50.2% above actual market cap; fundamentals score in the lower third of the training dataset; report risk is set to neutral because SEC filing text has not been integrated into this dataset; and the log-scale model error is moderate (-0.41). The valuation gap is a research signal, not proof of undervaluation or overvaluation. This output is for research purposes only and does not constitute investment advice.",neutral_report_risk,Report risk is currently neutral because filing-text extraction has not yet been integrated for this dataset.,Possible value trap
1327567,Palo Alto Networks Inc,PANW,2018,17671559081.587486,27027022127.0742,52.94079035298274,42.03087333868795,50,-0.42488066934696533,Possible value trap,Random Forest,"Research signal: Possible value trap. This signal was assigned because the model-estimated fair value is 52.9% above actual market cap; fundamentals score in the lower third of the training dataset; report risk is set to neutral because SEC filing text has not been integrated into this dataset; and the log-scale model error is moderate (-0.42). The valuation gap is a research signal, not proof of undervaluation or overvaluation. This output is for research purposes only and does not constitute investment advice.",neutral_report_risk,Report risk is currently neutral because filing-text extraction has not yet been integrated for this dataset.,Possible value trap
1327567,Palo Alto Networks Inc,PANW,2019,22429049239.97864,32069608916.163815,42.98247140588271,32.42264417943134,50,-0.357551859177331,Possible value trap,Random Forest,"Research signal: Possible value trap. This signal was assigned because the model-estimated fair value is 43.0% above actual market cap; fundamentals score in the lower third of the training dataset; report risk is set to neutral because SEC filing text has not been integrated into this dataset; and the log-scale model error is moderate (-0.36). The valuation gap is a research signal, not proof of undervaluation or overvaluation. This output is for research purposes only and does not constitute investment advice.",neutral_report_risk,Report risk is currently neutral because filing-text extraction has not yet been integrated for this dataset.,Possible value trap
1327567,Palo Alto Networks Inc,PANW,2020,34250104895.83841,34281538791.43164,0.09177751626988624,39.30229102204015,50,-0.0009173542645797284,Fairly valued / neutral,Random Forest,"Research signal: Fairly valued / neutral. This signal was assigned because the model-estimated fair value is within 5% of actual market cap; fundamentals score in the lower third of the training dataset; report risk is set to neutral because SEC filing text has not been integrated into this dataset; and the log-scale model error is low (-0.00). The valuation gap is a research signal, not proof of undervaluation or overvaluation. This output is for research purposes only and does not constitute investment advice.",neutral_report_risk,Report risk is currently neutral because filing-text extraction has not yet been integrated for this dataset.,Fairly valued / neutral
1327567,Palo Alto Networks Inc,PANW,2021,54231828425.11157,42217062455.92781,-22.154454898703783,33.31017616783885,50,0.25044351347780136,Potentially overvalued,Random Forest,"Research signal: Potentially overvalued. This signal was assigned because the model-estimated fair value is 22.2% below actual market cap; fundamentals score in the lower third of the training dataset; report risk is set to neutral because SEC filing text has not been integrated into this dataset; and the log-scale model error is low (+0.25). The valuation gap is a research signal, not proof of undervaluation or overvaluation. This output is for research purposes only and does not constitute investment advice.",neutral_report_risk,Report risk is currently neutral because filing-text extraction has not yet been integrated for this dataset.,Potentially overvalued
1327567,Palo Alto Networks Inc,PANW,2022,13917430919.812744,23451595170.409946,68.50520261627052,29.17045819878172,50,-0.5217964393886234,Possible value trap,Random Forest,"Research signal: Possible value trap. This signal was assigned because the model-estimated fair value is 68.5% above actual market cap; fundamentals score in the lower third of the training dataset; report risk is set to neutral because SEC filing text has not been integrated into this dataset; and the log-scale model error is moderate (-0.52). The valuation gap is a research signal, not proof of undervaluation or overvaluation. This output is for research purposes only and does not constitute investment advice.",neutral_report_risk,Report risk is currently neutral because filing-text extraction has not yet been integrated for this dataset.,Possible value trap
1327567,Palo Alto Networks Inc,PANW,2023,90998378334.3296,51341699274.79207,-43.57954480665383,31.0117116812747,50,0.5723384125037505,Potentially overvalued,Random Forest,"Research signal: Potentially overvalued. This signal was assigned because the model-estimated fair value is 43.6% below actual market cap; fundamentals score in the lower third of the training dataset; report risk is set to neutral because SEC filing text has not been integrated into this dataset; and the log-scale model error is moderate (+0.57). The valuation gap is a research signal, not proof of undervaluation or overvaluation. This output is for research purposes only and does not constitute investment advice.",neutral_report_risk,Report risk is currently neutral because filing-text extraction has not yet been integrated for this dataset.,Potentially overvalued
1327567,Palo Alto Networks Inc,PANW,2024,59246178186.03516,57237498406.58716,-3.390395534275089,35.03080767692923,50,0.034492024600943694,Fairly valued / neutral,Random Forest,"Research signal: Fairly valued / neutral. This signal was assigned because the model-estimated fair value is within 5% of actual market cap; fundamentals score in the lower third of the training dataset; report risk is set to neutral because SEC filing text has not been integrated into this dataset; and the log-scale model error is low (+0.03). The valuation gap is a research signal, not proof of undervaluation or overvaluation. This output is for research purposes only and does not constitute investment advice.",neutral_report_risk,Report risk is currently neutral because filing-text extraction has not yet been integrated for this dataset.,Fairly valued / neutral
1262039,Fortinet Inc,FTNT,2017,7340975610.964255,25098681004.565773,241.89843877262246,29.28743169398907,50,-1.2293435443192244,Possible value trap,Random Forest,"Research signal: Possible value trap. This signal was assigned because the model-estimated fair value is 241.9% above actual market cap; fundamentals score in the lower third of the training dataset; report risk is set to neutral because SEC filing text has not been integrated into this dataset; and the log-scale model error is high (-1.23) — treat this estimate with additional caution. The valuation gap is a research signal, not proof of undervaluation or overvaluation. This output is for research purposes only and does not constitute investment advice.","extreme_valuation_gap, high_model_error, neutral_report_risk, needs_review",Valuation gap of +241.9% exceeds 100% — the model estimate is likely unreliable for this observation. | Model error of -1.229 (log scale) is large — the model fit was poor for this observation. | Report risk is currently neutral because filing-text extraction has not yet been integrated for this dataset.,Needs review
1262039,Fortinet Inc,FTNT,2018,12017729826.061165,20764628806.836132,72.78328858589244,39.66844455200376,50,-0.5468679561328109,Possible value trap,Random Forest,"Research signal: Possible value trap. This signal was assigned because the model-estimated fair value is 72.8% above actual market cap; fundamentals score in the lower third of the training dataset; report risk is set to neutral because SEC filing text has not been integrated into this dataset; and the log-scale model error is moderate (-0.55). The valuation gap is a research signal, not proof of undervaluation or overvaluation. This output is for research purposes only and does not constitute investment advice.",neutral_report_risk,Report risk is currently neutral because filing-text extraction has not yet been integrated for this dataset.,Possible value trap
1262039,Fortinet Inc,FTNT,2019,18417671102.114048,28376125421.267517,54.070106171080454,37.94215962737712,50,-0.432237547714724,Possible value trap,Random Forest,"Research signal: Possible value trap. This signal was assigned because the model-estimated fair value is 54.1% above actual market cap; fundamentals score in the lower third of the training dataset; report risk is set to neutral because SEC filing text has not been integrated into this dataset; and the log-scale model error is moderate (-0.43). The valuation gap is a research signal, not proof of undervaluation or overvaluation. This output is for research purposes only and does not constitute investment advice.",neutral_report_risk,Report risk is currently neutral because filing-text extraction has not yet been integrated for this dataset.,Possible value trap
1262039,Fortinet Inc,FTNT,2020,24238746688.600357,31506250076.56441,29.98299986930434,63.95186977840443,50,-0.26223348568019844,Research candidate,Random Forest,"Research signal: Research candidate. This signal was assigned because the model-estimated fair value is 30.0% above actual market cap; fundamentals are in the middle range of the training dataset; report risk is set to neutral because SEC filing text has not been integrated into this dataset; and the log-scale model error is low (-0.26). The valuation gap is a research signal, not proof of undervaluation or overvaluation. This output is for research purposes only and does not constitute investment advice.",neutral_report_risk,Report risk is currently neutral because filing-text extraction has not yet been integrated for this dataset.,Research candidate
1262039,Fortinet Inc,FTNT,2021,57797069083.93593,38715932678.07908,-33.014020794283226,74.30797799624618,50,0.4006868540825401,Potentially overvalued,Random Forest,"Research signal: Potentially overvalued. This signal was assigned because the model-estimated fair value is 33.0% below actual market cap; fundamentals score in the upper third of the training dataset; report risk is set to neutral because SEC filing text has not been integrated into this dataset; and the log-scale model error is moderate (+0.40). The valuation gap is a research signal, not proof of undervaluation or overvaluation. This output is for research purposes only and does not constitute investment advice.",neutral_report_risk,Report risk is currently neutral because filing-text extraction has not yet been integrated for this dataset.,Potentially overvalued
1262039,Fortinet Inc,FTNT,2022,38333000390.653915,42596109539.45328,11.12125089440889,75.11004582166589,50,-0.10545176954374469,Research candidate,Random Forest,"Research signal: Research candidate. This signal was assigned because the model-estimated fair value is 11.1% above actual market cap; fundamentals score in the upper third of the training dataset; report risk is set to neutral because SEC filing text has not been integrated into this dataset; and the log-scale model error is low (-0.11). The valuation gap is a research signal, not proof of undervaluation or overvaluation. This output is for research purposes only and does not constitute investment advice.",neutral_report_risk,Report risk is currently neutral because filing-text extraction has not yet been integrated for this dataset.,Research candidate
1262039,Fortinet Inc,FTNT,2023,44660200455.00574,46299342324.676315,3.670251931184189,50.02644192408146,50,-0.036045021470187066,Fairly valued / neutral,Random Forest,"Research signal: Fairly valued / neutral. This signal was assigned because the model-estimated fair value is within 5% of actual market cap; fundamentals are in the middle range of the training dataset; report risk is set to neutral because SEC filing text has not been integrated into this dataset; and the log-scale model error is low (-0.04). The valuation gap is a research signal, not proof of undervaluation or overvaluation. This output is for research purposes only and does not constitute investment advice.",neutral_report_risk,Report risk is currently neutral because filing-text extraction has not yet been integrated for this dataset.,Fairly valued / neutral
1262039,Fortinet Inc,FTNT,2024,72652671959.15486,58184203208.80708,-19.914572114404702,52.28712355460894,50,0.22207627248898731,Potentially overvalued,Random Forest,"Research signal: Potentially overvalued. This signal was assigned because the model-estimated fair value is 19.9% below actual market cap; fundamentals are in the middle range of the training dataset; report risk is set to neutral because SEC filing text has not been integrated into this dataset; and the log-scale model error is low (+0.22). The valuation gap is a research signal, not proof of undervaluation or overvaluation. This output is for research purposes only and does not constitute investment advice.",neutral_report_risk,Report risk is currently neutral because filing-text extraction has not yet been integrated for this dataset.,Potentially overvalued
1327811,Workday Inc,WDAY,2017,20653219566.345215,28334419325.545612,37.19129472538532,25.443169398907102,50,-0.31620607776725507,Possible value trap,Random Forest,"Research signal: Possible value trap. This signal was assigned because the model-estimated fair value is 37.2% above actual market cap; fundamentals score in the lower third of the training dataset; report risk is set to neutral because SEC filing text has not been integrated into this dataset; and the log-scale model error is moderate (-0.32). The valuation gap is a research signal, not proof of undervaluation or overvaluation. This output is for research purposes only and does not constitute investment advice.",neutral_report_risk,Report risk is currently neutral because filing-text extraction has not yet been integrated for this dataset.,Possible value trap
1327811,Workday Inc,WDAY,2018,33852158447.265625,35051824459.830666,3.543839056625775,36.25297214447554,50,-0.03482490280317663,Fairly valued / neutral,Random Forest,"Research signal: Fairly valued / neutral. This signal was assigned because the model-estimated fair value is within 5% of actual market cap; fundamentals score in the lower third of the training dataset; report risk is set to neutral because SEC filing text has not been integrated into this dataset; and the log-scale model error is low (-0.03). The valuation gap is a research signal, not proof of undervaluation or overvaluation. This output is for research purposes only and does not constitute investment advice.",neutral_report_risk,Report risk is currently neutral because filing-text extraction has not yet been integrated for this dataset.,Fairly valued / neutral
1327811,Workday Inc,WDAY,2019,40614787867.84675,40028225756.77963,-1.4442082351277665,35.11941153363216,50,0.014547384305259925,Fairly valued / neutral,Random Forest,"Research signal: Fairly valued / neutral. This signal was assigned because the model-estimated fair value is within 5% of actual market cap; fundamentals score in the lower third of the training dataset; report risk is set to neutral because SEC filing text has not been integrated into this dataset; and the log-scale model error is low (+0.01). The valuation gap is a research signal, not proof of undervaluation or overvaluation. This output is for research purposes only and does not constitute investment advice.",neutral_report_risk,Report risk is currently neutral because filing-text extraction has not yet been integrated for this dataset.,Fairly valued / neutral
1327811,Workday Inc,WDAY,2020,59177315453.93065,51694333514.14478,-12.645017575377077,35.62639014569611,50,0.13519011125656633,Potentially overvalued,Random Forest,"Research signal: Potentially overvalued. This signal was assigned because the model-estimated fair value is 12.6% below actual market cap; fundamentals score in the lower third of the training dataset; report risk is set to neutral because SEC filing text has not been integrated into this dataset; and the log-scale model error is low (+0.14). The valuation gap is a research signal, not proof of undervaluation or overvaluation. This output is for research purposes only and does not constitute investment advice.",neutral_report_risk,Report risk is currently neutral because filing-text extraction has not yet been integrated for this dataset.,Potentially overvalued
1327811,Workday Inc,WDAY,2021,67468213184.332214,45691479029.06759,-32.27702814030018,39.34585620825318,50,0.3897447451659737,Potentially overvalued,Random Forest,"Research signal: Potentially overvalued. This signal was assigned because the model-estimated fair value is 32.3% below actual market cap; fundamentals score in the lower third of the training dataset; report risk is set to neutral because SEC filing text has not been integrated into this dataset; and the log-scale model error is moderate (+0.39). The valuation gap is a research signal, not proof of undervaluation or overvaluation. This output is for research purposes only and does not constitute investment advice.",neutral_report_risk,Report risk is currently neutral because filing-text extraction has not yet been integrated for this dataset.,Potentially overvalued
1327811,Workday Inc,WDAY,2022,41326072693.29195,47336929385.14109,14.544950197565779,38.31038621159875,50,-0.13579713811224536,Research candidate,Random Forest,"Research signal: Research candidate. This signal was assigned because the model-estimated fair value is 14.5% above actual market cap; fundamentals score in the lower third of the training dataset; report risk is set to neutral because SEC filing text has not been integrated into this dataset; and the log-scale model error is low (-0.14). The valuation gap is a research signal, not proof of undervaluation or overvaluation. This output is for research purposes only and does not constitute investment advice.",neutral_report_risk,Report risk is currently neutral because filing-text extraction has not yet been integrated for this dataset.,Research candidate
1327811,Workday Inc,WDAY,2023,68179498009.777405,57917421883.92619,-15.051557176879712,37.636815591277845,50,0.16312566854880473,Potentially overvalued,Random Forest,"Research signal: Potentially overvalued. This signal was assigned because the model-estimated fair value is 15.1% below actual market cap; fundamentals score in the lower third of the training dataset; report risk is set to neutral because SEC filing text has not been integrated into this dataset; and the log-scale model error is low (+0.16). The valuation gap is a research signal, not proof of undervaluation or overvaluation. This output is for research purposes only and does not constitute investment advice.",neutral_report_risk,Report risk is currently neutral because filing-text extraction has not yet been integrated for this dataset.,Potentially overvalued
1327811,Workday Inc,WDAY,2024,63726566484.8887,59478535023.78194,-6.666029091829527,37.51144622607596,50,0.06898604035131584,Fairly valued / neutral,Random Forest,"Research signal: Fairly valued / neutral. This signal was assigned because the model-estimated fair value is 6.7% below actual market cap; fundamentals score in the lower third of the training dataset; report risk is set to neutral because SEC filing text has not been integrated into this dataset; and the log-scale model error is low (+0.07). The valuation gap is a research signal, not proof of undervaluation or overvaluation. This output is for research purposes only and does not constitute investment advice.",neutral_report_risk,Report risk is currently neutral because filing-text extraction has not yet been integrated for this dataset.,Fairly valued / neutral
813672,Cadence Design Systems Inc,CDNS,2017,11829581493.675232,30831316194.882896,160.62896824682323,51.3672131147541,50,-0.9579276323361547,Research candidate,Random Forest,"Research signal: Research candidate. This signal was assigned because the model-estimated fair value is 160.6% above actual market cap; fundamentals are in the middle range of the training dataset; report risk is set to neutral because SEC filing text has not been integrated into this dataset; and the log-scale model error is high (-0.96) — treat this estimate with additional caution. The valuation gap is a research signal, not proof of undervaluation or overvaluation. This output is for research purposes only and does not constitute investment advice.","extreme_valuation_gap, neutral_report_risk, needs_review",Valuation gap of +160.6% exceeds 100% — the model estimate is likely unreliable for this observation. | Report risk is currently neutral because filing-text extraction has not yet been integrated for this dataset.,Needs review
813672,Cadence Design Systems Inc,CDNS,2018,12191139671.649933,18835744685.44277,54.50355908270521,44.646420379216735,50,-0.4350469462183959,Possible value trap,Random Forest,"Research signal: Possible value trap. This signal was assigned because the model-estimated fair value is 54.5% above actual market cap; fundamentals score in the lower third of the training dataset; report risk is set to neutral because SEC filing text has not been integrated into this dataset; and the log-scale model error is moderate (-0.44). The valuation gap is a research signal, not proof of undervaluation or overvaluation. This output is for research purposes only and does not constitute investment advice.",neutral_report_risk,Report risk is currently neutral because filing-text extraction has not yet been integrated for this dataset.,Possible value trap
813672,Cadence Design Systems Inc,CDNS,2019,19432452651.000977,20545851073.64947,5.729582583550733,53.59918664113302,50,-0.05571454080142857,Fairly valued / neutral,Random Forest,"Research signal: Fairly valued / neutral. This signal was assigned because the model-estimated fair value is 5.7% above actual market cap; fundamentals are in the middle range of the training dataset; report risk is set to neutral because SEC filing text has not been integrated into this dataset; and the log-scale model error is low (-0.06). The valuation gap is a research signal, not proof of undervaluation or overvaluation. This output is for research purposes only and does not constitute investment advice.",neutral_report_risk,Report risk is currently neutral because filing-text extraction has not yet been integrated for this dataset.,Fairly valued / neutral
813672,Cadence Design Systems Inc,CDNS,2020,38060420776.7334,35830552596.90946,-5.858758611484061,60.02567674684512,50,0.060373963480877535,Fairly valued / neutral,Random Forest,"Research signal: Fairly valued / neutral. This signal was assigned because the model-estimated fair value is 5.9% below actual market cap; fundamentals are in the middle range of the training dataset; report risk is set to neutral because SEC filing text has not been integrated into this dataset; and the log-scale model error is low (+0.06). The valuation gap is a research signal, not proof of undervaluation or overvaluation. This output is for research purposes only and does not constitute investment advice.",neutral_report_risk,Report risk is currently neutral because filing-text extraction has not yet been integrated for this dataset.,Fairly valued / neutral
813672,Cadence Design Systems Inc,CDNS,2021,51681565292.72461,37750273704.43298,-26.956017120195046,65.6589420372202,50,0.31410842107028003,Potentially overvalued,Random Forest,"Research signal: Potentially overvalued. This signal was assigned because the model-estimated fair value is 27.0% below actual market cap; fundamentals score in the upper third of the training dataset; report risk is set to neutral because SEC filing text has not been integrated into this dataset; and the log-scale model error is moderate (+0.31). The valuation gap is a research signal, not proof of undervaluation or overvaluation. This output is for research purposes only and does not constitute investment advice.",neutral_report_risk,Report risk is currently neutral because filing-text extraction has not yet been integrated for this dataset.,Potentially overvalued
813672,Cadence Design Systems Inc,CDNS,2022,43845081433.410645,48321775298.187485,10.210253279095358,63.949924240829986,50,-0.09721974886257101,Research candidate,Random Forest,"Research signal: Research candidate. This signal was assigned because the model-estimated fair value is 10.2% above actual market cap; fundamentals are in the middle range of the training dataset; report risk is set to neutral because SEC filing text has not been integrated into this dataset; and the log-scale model error is low (-0.10). The valuation gap is a research signal, not proof of undervaluation or overvaluation. This output is for research purposes only and does not constitute investment advice.",neutral_report_risk,Report risk is currently neutral because filing-text extraction has not yet been integrated for this dataset.,Research candidate
813672,Cadence Design Systems Inc,CDNS,2023,74149735100.70801,50441275299.00009,-31.97376196895077,63.446839860547016,50,0.38527670183648155,Potentially overvalued,Random Forest,"Research signal: Potentially overvalued. This signal was assigned because the model-estimated fair value is 32.0% below actual market cap; fundamentals are in the middle range of the training dataset; report risk is set to neutral because SEC filing text has not been integrated into this dataset; and the log-scale model error is moderate (+0.39). The valuation gap is a research signal, not proof of undervaluation or overvaluation. This output is for research purposes only and does not constitute investment advice.",neutral_report_risk,Report risk is currently neutral because filing-text extraction has not yet been integrated for this dataset.,Potentially overvalued
813672,Cadence Design Systems Inc,CDNS,2024,82358487337.76855,56729159088.364456,-31.119231396629615,70.74832944015377,50,0.37279316734535684,Potentially overvalued,Random Forest,"Research signal: Potentially overvalued. This signal was assigned because the model-estimated fair value is 31.1% below actual market cap; fundamentals score in the upper third of the training dataset; report risk is set to neutral because SEC filing text has not been integrated into this dataset; and the log-scale model error is moderate (+0.37). The valuation gap is a research signal, not proof of undervaluation or overvaluation. This output is for research purposes only and does not constitute investment advice.",neutral_report_risk,Report risk is currently neutral because filing-text extraction has not yet been integrated for this dataset.,Potentially overvalued
883241,Synopsys Inc,SNPS,2017,12676352231.193344,20484379696.45527,61.595223317069994,47.07173880771107,50,-0.4799244009805399,Research candidate,Random Forest,"Research signal: Research candidate. This signal was assigned because the model-estimated fair value is 61.6% above actual market cap; fundamentals are in the middle range of the training dataset; report risk is set to neutral because SEC filing text has not been integrated into this dataset; and the log-scale model error is moderate (-0.48). The valuation gap is a research signal, not proof of undervaluation or overvaluation. This output is for research purposes only and does not constitute investment advice.",neutral_report_risk,Report risk is currently neutral because filing-text extraction has not yet been integrated for this dataset.,Research candidate
883241,Synopsys Inc,SNPS,2018,12595144291.481476,19387770100.811897,53.93051204601527,48.79023926481699,50,-0.43133109411452253,Research candidate,Random Forest,"Research signal: Research candidate. This signal was assigned because the model-estimated fair value is 53.9% above actual market cap; fundamentals are in the middle range of the training dataset; report risk is set to neutral because SEC filing text has not been integrated into this dataset; and the log-scale model error is moderate (-0.43). The valuation gap is a research signal, not proof of undervaluation or overvaluation. This output is for research purposes only and does not constitute investment advice.",neutral_report_risk,Report risk is currently neutral because filing-text extraction has not yet been integrated for this dataset.,Research candidate
883241,Synopsys Inc,SNPS,2019,20954454419.004013,25642204846.547264,22.371140444925334,48.16804768662427,50,-0.20188837561078543,Research candidate,Random Forest,"Research signal: Research candidate. This signal was assigned because the model-estimated fair value is 22.4% above actual market cap; fundamentals are in the middle range of the training dataset; report risk is set to neutral because SEC filing text has not been integrated into this dataset; and the log-scale model error is low (-0.20). The valuation gap is a research signal, not proof of undervaluation or overvaluation. This output is for research purposes only and does not constitute investment advice.",neutral_report_risk,Report risk is currently neutral because filing-text extraction has not yet been integrated for this dataset.,Research candidate
883241,Synopsys Inc,SNPS,2020,39672143027.82202,36078312406.5595,-9.05882653917176,54.05548026721089,50,0.09495733399262107,Fairly valued / neutral,Random Forest,"Research signal: Fairly valued / neutral. This signal was assigned because the model-estimated fair value is 9.1% below actual market cap; fundamentals are in the middle range of the training dataset; report risk is set to neutral because SEC filing text has not been integrated into this dataset; and the log-scale model error is low (+0.09). The valuation gap is a research signal, not proof of undervaluation or overvaluation. This output is for research purposes only and does not constitute investment advice.",neutral_report_risk,Report risk is currently neutral because filing-text extraction has not yet been integrated for this dataset.,Fairly valued / neutral
883241,Synopsys Inc,SNPS,2021,56542026816.0,50693130753.7076,-10.344333925853014,53.827060179763684,50,0.10919378576851102,Potentially overvalued,Random Forest,"Research signal: Potentially overvalued. This signal was assigned because the model-estimated fair value is 10.3% below actual market cap; fundamentals are in the middle range of the training dataset; report risk is set to neutral because SEC filing text has not been integrated into this dataset; and the log-scale model error is low (+0.11). The valuation gap is a research signal, not proof of undervaluation or overvaluation. This output is for research purposes only and does not constitute investment advice.",neutral_report_risk,Report risk is currently neutral because filing-text extraction has not yet been integrated for this dataset.,Potentially overvalued
883241,Synopsys Inc,SNPS,2022,48665287174.653015,55047900854.40593,13.115331379524367,58.40965743976348,50,-0.12323774391106923,Research candidate,Random Forest,"Research signal: Research candidate. This signal was assigned because the model-estimated fair value is 13.1% above actual market cap; fundamentals are in the middle range of the training dataset; report risk is set to neutral because SEC filing text has not been integrated into this dataset; and the log-scale model error is low (-0.12). The valuation gap is a research signal, not proof of undervaluation or overvaluation. This output is for research purposes only and does not constitute investment advice.",neutral_report_risk,Report risk is currently neutral because filing-text extraction has not yet been integrated for this dataset.,Research candidate
883241,Synopsys Inc,SNPS,2023,78259559269.30115,64931374225.26614,-17.03074380750218,62.041537092069504,50,0.18670005412853286,Potentially overvalued,Random Forest,"Research signal: Potentially overvalued. This signal was assigned because the model-estimated fair value is 17.0% below actual market cap; fundamentals are in the middle range of the training dataset; report risk is set to neutral because SEC filing text has not been integrated into this dataset; and the log-scale model error is low (+0.19). The valuation gap is a research signal, not proof of undervaluation or overvaluation. This output is for research purposes only and does not constitute investment advice.",neutral_report_risk,Report risk is currently neutral because filing-text extraction has not yet been integrated for this dataset.,Potentially overvalued
883241,Synopsys Inc,SNPS,2024,75026193742.30725,65028443148.34598,-13.32568013286211,66.27150972615198,50,0.1430125413801484,Potentially overvalued,Random Forest,"Research signal: Potentially overvalued. This signal was assigned because the model-estimated fair value is 13.3% below actual market cap; fundamentals score in the upper third of the training dataset; report risk is set to neutral because SEC filing text has not been integrated into this dataset; and the log-scale model error is low (+0.14). The valuation gap is a research signal, not proof of undervaluation or overvaluation. This output is for research purposes only and does not constitute investment advice.",neutral_report_risk,Report risk is currently neutral because filing-text extraction has not yet been integrated for this dataset.,Potentially overvalued
1058290,Cognizant Technology Solutions,CTSH,2017,36817014968.82573,54462971982.222755,47.928809623318145,61.55423620978517,50,-0.391560955992027,Research candidate,Random Forest,"Research signal: Research candidate. This signal was assigned because the model-estimated fair value is 47.9% above actual market cap; fundamentals are in the middle range of the training dataset; report risk is set to neutral because SEC filing text has not been integrated into this dataset; and the log-scale model error is moderate (-0.39). The valuation gap is a research signal, not proof of undervaluation or overvaluation. This output is for research purposes only and does not constitute investment advice.",neutral_report_risk,Report risk is currently neutral because filing-text extraction has not yet been integrated for this dataset.,Research candidate
1058290,Cognizant Technology Solutions,CTSH,2018,32526747027.244473,49131944135.49698,51.050900031115795,65.96814738347415,50,-0.41244668032479126,Research candidate,Random Forest,"Research signal: Research candidate. This signal was assigned because the model-estimated fair value is 51.1% above actual market cap; fundamentals score in the upper third of the training dataset; report risk is set to neutral because SEC filing text has not been integrated into this dataset; and the log-scale model error is moderate (-0.41). The valuation gap is a research signal, not proof of undervaluation or overvaluation. This output is for research purposes only and does not constitute investment advice.",neutral_report_risk,Report risk is currently neutral because filing-text extraction has not yet been integrated for this dataset.,Research candidate
1058290,Cognizant Technology Solutions,CTSH,2019,30697433164.770294,44324934434.765396,44.39296665896683,48.61425030360068,50,-0.3673683319365182,Research candidate,Random Forest,"Research signal: Research candidate. This signal was assigned because the model-estimated fair value is 44.4% above actual market cap; fundamentals are in the middle range of the training dataset; report risk is set to neutral because SEC filing text has not been integrated into this dataset; and the log-scale model error is moderate (-0.37). The valuation gap is a research signal, not proof of undervaluation or overvaluation. This output is for research purposes only and does not constitute investment advice.",neutral_report_risk,Report risk is currently neutral because filing-text extraction has not yet been integrated for this dataset.,Research candidate
1058290,Cognizant Technology Solutions,CTSH,2020,39761505259.00571,47885741557.79394,20.432416343061227,53.43457598100544,50,-0.18591854937812968,Research candidate,Random Forest,"Research signal: Research candidate. This signal was assigned because the model-estimated fair value is 20.4% above actual market cap; fundamentals are in the middle range of the training dataset; report risk is set to neutral because SEC filing text has not been integrated into this dataset; and the log-scale model error is low (-0.19). The valuation gap is a research signal, not proof of undervaluation or overvaluation. This output is for research purposes only and does not constitute investment advice.",neutral_report_risk,Report risk is currently neutral because filing-text extraction has not yet been integrated for this dataset.,Research candidate
1058290,Cognizant Technology Solutions,CTSH,2021,43094718888.46649,48099372449.27788,11.613148176610544,53.30343044053798,50,-0.10986867222205632,Research candidate,Random Forest,"Research signal: Research candidate. This signal was assigned because the model-estimated fair value is 11.6% above actual market cap; fundamentals are in the middle range of the training dataset; report risk is set to neutral because SEC filing text has not been integrated into this dataset; and the log-scale model error is low (-0.11). The valuation gap is a research signal, not proof of undervaluation or overvaluation. This output is for research purposes only and does not constitute investment advice.",neutral_report_risk,Report risk is currently neutral because filing-text extraction has not yet been integrated for this dataset.,Research candidate
1058290,Cognizant Technology Solutions,CTSH,2022,27389683253.497307,41886127758.532166,52.92665990645894,44.82108403863892,50,-0.42478827346422676,Possible value trap,Random Forest,"Research signal: Possible value trap. This signal was assigned because the model-estimated fair value is 52.9% above actual market cap; fundamentals score in the lower third of the training dataset; report risk is set to neutral because SEC filing text has not been integrated into this dataset; and the log-scale model error is moderate (-0.42). The valuation gap is a research signal, not proof of undervaluation or overvaluation. This output is for research purposes only and does not constitute investment advice.",neutral_report_risk,Report risk is currently neutral because filing-text extraction has not yet been integrated for this dataset.,Possible value trap
1058290,Cognizant Technology Solutions,CTSH,2023,35978472246.4259,49208712939.101875,36.7726583887682,61.44849616994854,50,-0.31314993364539134,Research candidate,Random Forest,"Research signal: Research candidate. This signal was assigned because the model-estimated fair value is 36.8% above actual market cap; fundamentals are in the middle range of the training dataset; report risk is set to neutral because SEC filing text has not been integrated into this dataset; and the log-scale model error is moderate (-0.31). The valuation gap is a research signal, not proof of undervaluation or overvaluation. This output is for research purposes only and does not constitute investment advice.",neutral_report_risk,Report risk is currently neutral because filing-text extraction has not yet been integrated for this dataset.,Research candidate
1058290,Cognizant Technology Solutions,CTSH,2024,36980400304.432846,50937113610.98851,37.740838908341054,56.005390728572735,50,-0.32020375463075723,Research candidate,Random Forest,"Research signal: Research candidate. This signal was assigned because the model-estimated fair value is 37.7% above actual market cap; fundamentals are in the middle range of the training dataset; report risk is set to neutral because SEC filing text has not been integrated into this dataset; and the log-scale model error is moderate (-0.32). The valuation gap is a research signal, not proof of undervaluation or overvaluation. This output is for research purposes only and does not constitute investment advice.",neutral_report_risk,Report risk is currently neutral because filing-text extraction has not yet been integrated for this dataset.,Research candidate
1660134,Okta Inc,OKTA,2018,11088909754.395504,20332270021.072598,83.3567994636546,62.766666666666666,50,-0.6062637924538699,Research candidate,Random Forest,"Research signal: Research candidate. This signal was assigned because the model-estimated fair value is 83.4% above actual market cap; fundamentals are in the middle range of the training dataset; report risk is set to neutral because SEC filing text has not been integrated into this dataset; and the log-scale model error is high (-0.61) — treat this estimate with additional caution. The valuation gap is a research signal, not proof of undervaluation or overvaluation. This output is for research purposes only and does not constitute investment advice.",neutral_report_risk,Report risk is currently neutral because filing-text extraction has not yet been integrated for this dataset.,Research candidate
1660134,Okta Inc,OKTA,2019,20052156177.426186,15875280225.484497,-20.83005894719605,48.83497267759563,50,0.2335734913698353,Potentially overvalued,Random Forest,"Research signal: Potentially overvalued. This signal was assigned because the model-estimated fair value is 20.8% below actual market cap; fundamentals are in the middle range of the training dataset; report risk is set to neutral because SEC filing text has not been integrated into this dataset; and the log-scale model error is low (+0.23). The valuation gap is a research signal, not proof of undervaluation or overvaluation. This output is for research purposes only and does not constitute investment advice.",neutral_report_risk,Report risk is currently neutral because filing-text extraction has not yet been integrated for this dataset.,Potentially overvalued
1660134,Okta Inc,OKTA,2020,44192259670.14763,32620832478.057808,-26.1842849369082,60.97259832908942,50,0.30359853581612484,Potentially overvalued,Random Forest,"Research signal: Potentially overvalued. This signal was assigned because the model-estimated fair value is 26.2% below actual market cap; fundamentals are in the middle range of the training dataset; report risk is set to neutral because SEC filing text has not been integrated into this dataset; and the log-scale model error is moderate (+0.30). The valuation gap is a research signal, not proof of undervaluation or overvaluation. This output is for research purposes only and does not constitute investment advice.",neutral_report_risk,Report risk is currently neutral because filing-text extraction has not yet been integrated for this dataset.,Potentially overvalued
1660134,Okta Inc,OKTA,2021,38962396693.79921,33910677528.50299,-12.965627358596732,35.59034666835021,50,0.13886705752793205,Potentially overvalued,Random Forest,"Research signal: Potentially overvalued. This signal was assigned because the model-estimated fair value is 13.0% below actual market cap; fundamentals score in the lower third of the training dataset; report risk is set to neutral because SEC filing text has not been integrated into this dataset; and the log-scale model error is low (+0.14). The valuation gap is a research signal, not proof of undervaluation or overvaluation. This output is for research purposes only and does not constitute investment advice.",neutral_report_risk,Report risk is currently neutral because filing-text extraction has not yet been integrated for this dataset.,Potentially overvalued
1660134,Okta Inc,OKTA,2022,11876257568.70079,33780898681.31098,184.44060332893625,34.476890647249874,50,-1.0453542701364107,Possible value trap,Random Forest,"Research signal: Possible value trap. This signal was assigned because the model-estimated fair value is 184.4% above actual market cap; fundamentals score in the lower third of the training dataset; report risk is set to neutral because SEC filing text has not been integrated into this dataset; and the log-scale model error is high (-1.05) — treat this estimate with additional caution. The valuation gap is a research signal, not proof of undervaluation or overvaluation. This output is for research purposes only and does not constitute investment advice.","extreme_valuation_gap, high_model_error, neutral_report_risk, needs_review",Valuation gap of +184.4% exceeds 100% — the model estimate is likely unreliable for this observation. | Model error of -1.045 (log scale) is large — the model fit was poor for this observation. | Report risk is currently neutral because filing-text extraction has not yet been integrated for this dataset.,Needs review
1660134,Okta Inc,OKTA,2023,15734780541.282806,31669016831.12783,101.26761061610559,34.86416310668715,50,-0.6994652326491249,Possible value trap,Random Forest,"Research signal: Possible value trap. This signal was assigned because the model-estimated fair value is 101.3% above actual market cap; fundamentals score in the lower third of the training dataset; report risk is set to neutral because SEC filing text has not been integrated into this dataset; and the log-scale model error is high (-0.70) — treat this estimate with additional caution. The valuation gap is a research signal, not proof of undervaluation or overvaluation. This output is for research purposes only and does not constitute investment advice.","extreme_valuation_gap, neutral_report_risk, needs_review",Valuation gap of +101.3% exceeds 100% — the model estimate is likely unreliable for this observation. | Report risk is currently neutral because filing-text extraction has not yet been integrated for this dataset.,Needs review
1660134,Okta Inc,OKTA,2024,13696020892.417984,21670634321.755375,58.22576857890219,34.64921505082177,50,-0.45885274216757566,Possible value trap,Random Forest,"Research signal: Possible value trap. This signal was assigned because the model-estimated fair value is 58.2% above actual market cap; fundamentals score in the lower third of the training dataset; report risk is set to neutral because SEC filing text has not been integrated into this dataset; and the log-scale model error is moderate (-0.46). The valuation gap is a research signal, not proof of undervaluation or overvaluation. This output is for research purposes only and does not constitute investment advice.",neutral_report_risk,Report risk is currently neutral because filing-text extraction has not yet been integrated for this dataset.,Possible value trap
1713683,Zscaler Inc,ZS,2018,4696304396.064423,5331703673.858535,13.529772012363313,44.704098360655735,50,-0.12689492501548472,Research candidate,Random Forest,"Research signal: Research candidate. This signal was assigned because the model-estimated fair value is 13.5% above actual market cap; fundamentals score in the lower third of the training dataset; report risk is set to neutral because SEC filing text has not been integrated into this dataset; and the log-scale model error is low (-0.13). The valuation gap is a research signal, not proof of undervaluation or overvaluation. This output is for research purposes only and does not constitute investment advice.",neutral_report_risk,Report risk is currently neutral because filing-text extraction has not yet been integrated for this dataset.,Research candidate
1713683,Zscaler Inc,ZS,2019,5926654059.0,11362397178.56311,91.71689566237782,55.984961804751784,50,-0.6508495961337424,Research candidate,Random Forest,"Research signal: Research candidate. This signal was assigned because the model-estimated fair value is 91.7% above actual market cap; fundamentals are in the middle range of the training dataset; report risk is set to neutral because SEC filing text has not been integrated into this dataset; and the log-scale model error is high (-0.65) — treat this estimate with additional caution. The valuation gap is a research signal, not proof of undervaluation or overvaluation. This output is for research purposes only and does not constitute investment advice.",neutral_report_risk,Report risk is currently neutral because filing-text extraction has not yet been integrated for this dataset.,Research candidate
1713683,Zscaler Inc,ZS,2020,26542723856.90544,26177164201.379097,-1.3772499668727072,43.637645354468,50,0.013868220434602563,Fairly valued / neutral,Random Forest,"Research signal: Fairly valued / neutral. This signal was assigned because the model-estimated fair value is within 5% of actual market cap; fundamentals score in the lower third of the training dataset; report risk is set to neutral because SEC filing text has not been integrated into this dataset; and the log-scale model error is low (+0.01). The valuation gap is a research signal, not proof of undervaluation or overvaluation. This output is for research purposes only and does not constitute investment advice.",neutral_report_risk,Report risk is currently neutral because filing-text extraction has not yet been integrated for this dataset.,Fairly valued / neutral
1713683,Zscaler Inc,ZS,2021,44580030911.8201,30138954744.64459,-32.39359837084939,31.102265140560966,50,0.3914675087667341,Potentially overvalued,Random Forest,"Research signal: Potentially overvalued. This signal was assigned because the model-estimated fair value is 32.4% below actual market cap; fundamentals score in the lower third of the training dataset; report risk is set to neutral because SEC filing text has not been integrated into this dataset; and the log-scale model error is moderate (+0.39). The valuation gap is a research signal, not proof of undervaluation or overvaluation. This output is for research purposes only and does not constitute investment advice.",neutral_report_risk,Report risk is currently neutral because filing-text extraction has not yet been integrated for this dataset.,Potentially overvalued
1713683,Zscaler Inc,ZS,2022,16007573625.480774,27528210769.045155,71.96991507336183,30.001711707228324,50,-0.5421493631622347,Possible value trap,Random Forest,"Research signal: Possible value trap. This signal was assigned because the model-estimated fair value is 72.0% above actual market cap; fundamentals score in the lower third of the training dataset; report risk is set to neutral because SEC filing text has not been integrated into this dataset; and the log-scale model error is moderate (-0.54). The valuation gap is a research signal, not proof of undervaluation or overvaluation. This output is for research purposes only and does not constitute investment advice.",neutral_report_risk,Report risk is currently neutral because filing-text extraction has not yet been integrated for this dataset.,Possible value trap
1713683,Zscaler Inc,ZS,2023,32606712986.58124,33119550847.864517,1.5727984034892621,32.77697353595272,50,-0.015605581060491147,Fairly valued / neutral,Random Forest,"Research signal: Fairly valued / neutral. This signal was assigned because the model-estimated fair value is within 5% of actual market cap; fundamentals score in the lower third of the training dataset; report risk is set to neutral because SEC filing text has not been integrated into this dataset; and the log-scale model error is low (-0.02). The valuation gap is a research signal, not proof of undervaluation or overvaluation. This output is for research purposes only and does not constitute investment advice.",neutral_report_risk,Report risk is currently neutral because filing-text extraction has not yet been integrated for this dataset.,Fairly valued / neutral
1713683,Zscaler Inc,ZS,2024,27510722360.485077,31895666859.895977,15.939038030165282,33.75205942769848,50,-0.14789433275404917,Possible value trap,Random Forest,"Research signal: Possible value trap. This signal was assigned because the model-estimated fair value is 15.9% above actual market cap; fundamentals score in the lower third of the training dataset; report risk is set to neutral because SEC filing text has not been integrated into this dataset; and the log-scale model error is low (-0.15). The valuation gap is a research signal, not proof of undervaluation or overvaluation. This output is for research purposes only and does not constitute investment advice.",neutral_report_risk,Report risk is currently neutral because filing-text extraction has not yet been integrated for this dataset.,Possible value trap
1280452,Monolithic Power Systems Inc,MPWR,2017,4418516982.161545,4984007810.371067,12.798204250261438,40.87213114754098,50,-0.12043023318195978,Research candidate,Random Forest,"Research signal: Research candidate. This signal was assigned because the model-estimated fair value is 12.8% above actual market cap; fundamentals score in the lower third of the training dataset; report risk is set to neutral because SEC filing text has not been integrated into this dataset; and the log-scale model error is low (-0.12). The valuation gap is a research signal, not proof of undervaluation or overvaluation. This output is for research purposes only and does not constitute investment advice.",neutral_report_risk,Report risk is currently neutral because filing-text extraction has not yet been integrated for this dataset.,Research candidate
1280452,Monolithic Power Systems Inc,MPWR,2018,4702608318.42041,6048845640.484729,28.627460143576556,51.074764480172846,50,-0.2517501344638866,Research candidate,Random Forest,"Research signal: Research candidate. This signal was assigned because the model-estimated fair value is 28.6% above actual market cap; fundamentals are in the middle range of the training dataset; report risk is set to neutral because SEC filing text has not been integrated into this dataset; and the log-scale model error is low (-0.25). The valuation gap is a research signal, not proof of undervaluation or overvaluation. This output is for research purposes only and does not constitute investment advice.",neutral_report_risk,Report risk is currently neutral because filing-text extraction has not yet been integrated for this dataset.,Research candidate
1280452,Monolithic Power Systems Inc,MPWR,2019,7565646917.480469,7403261144.241727,-2.1463567492628908,55.75110692565079,50,0.021697259821895187,Fairly valued / neutral,Random Forest,"Research signal: Fairly valued / neutral. This signal was assigned because the model-estimated fair value is within 5% of actual market cap; fundamentals are in the middle range of the training dataset; report risk is set to neutral because SEC filing text has not been integrated into this dataset; and the log-scale model error is low (+0.02). The valuation gap is a research signal, not proof of undervaluation or overvaluation. This output is for research purposes only and does not constitute investment advice.",neutral_report_risk,Report risk is currently neutral because filing-text extraction has not yet been integrated for this dataset.,Fairly valued / neutral
1280452,Monolithic Power Systems Inc,MPWR,2020,16056663744.232178,15148057119.639446,-5.6587510273989405,61.53466753649417,50,0.05825166916299551,Fairly valued / neutral,Random Forest,"Research signal: Fairly valued / neutral. This signal was assigned because the model-estimated fair value is 5.7% below actual market cap; fundamentals are in the middle range of the training dataset; report risk is set to neutral because SEC filing text has not been integrated into this dataset; and the log-scale model error is low (+0.06). The valuation gap is a research signal, not proof of undervaluation or overvaluation. This output is for research purposes only and does not constitute investment advice.",neutral_report_risk,Report risk is currently neutral because filing-text extraction has not yet been integrated for this dataset.,Fairly valued / neutral
1280452,Monolithic Power Systems Inc,MPWR,2021,22178306606.87256,18561593022.676994,-16.30743793159946,49.88995349228729,50,0.17802007661813235,Potentially overvalued,Random Forest,"Research signal: Potentially overvalued. This signal was assigned because the model-estimated fair value is 16.3% below actual market cap; fundamentals are in the middle range of the training dataset; report risk is set to neutral because SEC filing text has not been integrated into this dataset; and the log-scale model error is low (+0.18). The valuation gap is a research signal, not proof of undervaluation or overvaluation. This output is for research purposes only and does not constitute investment advice.",neutral_report_risk,Report risk is currently neutral because filing-text extraction has not yet been integrated for this dataset.,Potentially overvalued
1280452,Monolithic Power Systems Inc,MPWR,2022,16291486577.301023,20837012698.56495,27.901236021010018,63.67834830979889,50,-0.2460881865141218,Research candidate,Random Forest,"Research signal: Research candidate. This signal was assigned because the model-estimated fair value is 27.9% above actual market cap; fundamentals are in the middle range of the training dataset; report risk is set to neutral because SEC filing text has not been integrated into this dataset; and the log-scale model error is low (-0.25). The valuation gap is a research signal, not proof of undervaluation or overvaluation. This output is for research purposes only and does not constitute investment advice.",neutral_report_risk,Report risk is currently neutral because filing-text extraction has not yet been integrated for this dataset.,Research candidate
1280452,Monolithic Power Systems Inc,MPWR,2023,30127722770.1416,22598714728.246414,-24.990299131924072,67.96195451643905,50,0.28755273590843444,Potentially overvalued,Random Forest,"Research signal: Potentially overvalued. This signal was assigned because the model-estimated fair value is 25.0% below actual market cap; fundamentals score in the upper third of the training dataset; report risk is set to neutral because SEC filing text has not been integrated into this dataset; and the log-scale model error is low (+0.29). The valuation gap is a research signal, not proof of undervaluation or overvaluation. This output is for research purposes only and does not constitute investment advice.",neutral_report_risk,Report risk is currently neutral because filing-text extraction has not yet been integrated for this dataset.,Potentially overvalued
1280452,Monolithic Power Systems Inc,MPWR,2024,27990397249.26758,26415217786.44847,-5.627570944389953,76.29023302959517,50,0.05792122058482718,Fairly valued / neutral,Random Forest,"Research signal: Fairly valued / neutral. This signal was assigned because the model-estimated fair value is 5.6% below actual market cap; fundamentals score in the upper third of the training dataset; report risk is set to neutral because SEC filing text has not been integrated into this dataset; and the log-scale model error is low (+0.06). The valuation gap is a research signal, not proof of undervaluation or overvaluation. This output is for research purposes only and does not constitute investment advice.",neutral_report_risk,Report risk is currently neutral because filing-text extraction has not yet been integrated for this dataset.,Fairly valued / neutral
1065088,eBay Inc,EBAY,2017,33785992604.04665,55519259367.37223,64.32626389885175,58.40056306067483,50,-0.4966836795900669,Research candidate,Random Forest,"Research signal: Research candidate. This signal was assigned because the model-estimated fair value is 64.3% above actual market cap; fundamentals are in the middle range of the training dataset; report risk is set to neutral because SEC filing text has not been integrated into this dataset; and the log-scale model error is moderate (-0.50). The valuation gap is a research signal, not proof of undervaluation or overvaluation. This output is for research purposes only and does not constitute investment advice.",neutral_report_risk,Report risk is currently neutral because filing-text extraction has not yet been integrated for this dataset.,Research candidate
1065088,eBay Inc,EBAY,2018,22715736415.24781,36488430026.02456,60.63062785643131,63.625359158894256,50,-0.47393730628608566,Research candidate,Random Forest,"Research signal: Research candidate. This signal was assigned because the model-estimated fair value is 60.6% above actual market cap; fundamentals are in the middle range of the training dataset; report risk is set to neutral because SEC filing text has not been integrated into this dataset; and the log-scale model error is moderate (-0.47). The valuation gap is a research signal, not proof of undervaluation or overvaluation. This output is for research purposes only and does not constitute investment advice.",neutral_report_risk,Report risk is currently neutral because filing-text extraction has not yet been integrated for this dataset.,Research candidate
1065088,eBay Inc,EBAY,2019,22724023668.279408,37189592003.43264,63.65760107593006,36.35880117529258,50,-0.49260626102944016,Possible value trap,Random Forest,"Research signal: Possible value trap. This signal was assigned because the model-estimated fair value is 63.7% above actual market cap; fundamentals score in the lower third of the training dataset; report risk is set to neutral because SEC filing text has not been integrated into this dataset; and the log-scale model error is moderate (-0.49). The valuation gap is a research signal, not proof of undervaluation or overvaluation. This output is for research purposes only and does not constitute investment advice.",neutral_report_risk,Report risk is currently neutral because filing-text extraction has not yet been integrated for this dataset.,Possible value trap
1065088,eBay Inc,EBAY,2020,31142941427.97918,65844005893.29576,111.42513479520191,45.996007416692436,50,-0.7487007772356336,Research candidate,Random Forest,"Research signal: Research candidate. This signal was assigned because the model-estimated fair value is 111.4% above actual market cap; fundamentals are in the middle range of the training dataset; report risk is set to neutral because SEC filing text has not been integrated into this dataset; and the log-scale model error is high (-0.75) — treat this estimate with additional caution. The valuation gap is a research signal, not proof of undervaluation or overvaluation. This output is for research purposes only and does not constitute investment advice.","extreme_valuation_gap, neutral_report_risk, needs_review",Valuation gap of +111.4% exceeds 100% — the model estimate is likely unreliable for this observation. | Report risk is currently neutral because filing-text extraction has not yet been integrated for this dataset.,Needs review
1065088,eBay Inc,EBAY,2021,34286689522.56403,68642467237.76068,100.201501496921,49.26839411485809,50,-0.6941541808495231,Research candidate,Random Forest,"Research signal: Research candidate. This signal was assigned because the model-estimated fair value is 100.2% above actual market cap; fundamentals are in the middle range of the training dataset; report risk is set to neutral because SEC filing text has not been integrated into this dataset; and the log-scale model error is high (-0.69) — treat this estimate with additional caution. The valuation gap is a research signal, not proof of undervaluation or overvaluation. This output is for research purposes only and does not constitute investment advice.","extreme_valuation_gap, neutral_report_risk, needs_review",Valuation gap of +100.2% exceeds 100% — the model estimate is likely unreliable for this observation. | Report risk is currently neutral because filing-text extraction has not yet been integrated for this dataset.,Needs review
1065088,eBay Inc,EBAY,2022,20807181818.175507,33459119656.631218,60.80562927269651,76.01949688112317,50,-0.47502617805879055,Research candidate,Random Forest,"Research signal: Research candidate. This signal was assigned because the model-estimated fair value is 60.8% above actual market cap; fundamentals score in the upper third of the training dataset; report risk is set to neutral because SEC filing text has not been integrated into this dataset; and the log-scale model error is moderate (-0.48). The valuation gap is a research signal, not proof of undervaluation or overvaluation. This output is for research purposes only and does not constitute investment advice.",neutral_report_risk,Report risk is currently neutral because filing-text extraction has not yet been integrated for this dataset.,Research candidate
1065088,eBay Inc,EBAY,2023,21027984977.722168,40877520569.22744,94.39580450782427,70.5716047313854,50,-0.664726124055484,Research candidate,Random Forest,"Research signal: Research candidate. This signal was assigned because the model-estimated fair value is 94.4% above actual market cap; fundamentals score in the upper third of the training dataset; report risk is set to neutral because SEC filing text has not been integrated into this dataset; and the log-scale model error is high (-0.66) — treat this estimate with additional caution. The valuation gap is a research signal, not proof of undervaluation or overvaluation. This output is for research purposes only and does not constitute investment advice.",neutral_report_risk,Report risk is currently neutral because filing-text extraction has not yet been integrated for this dataset.,Research candidate
1065088,eBay Inc,EBAY,2024,27957740890.50293,40574058539.03305,45.12638448843986,28.515294900173885,50,-0.37243479395648293,Possible value trap,Random Forest,"Research signal: Possible value trap. This signal was assigned because the model-estimated fair value is 45.1% above actual market cap; fundamentals score in the lower third of the training dataset; report risk is set to neutral because SEC filing text has not been integrated into this dataset; and the log-scale model error is moderate (-0.37). The valuation gap is a research signal, not proof of undervaluation or overvaluation. This output is for research purposes only and does not constitute investment advice.",neutral_report_risk,Report risk is currently neutral because filing-text extraction has not yet been integrated for this dataset.,Possible value trap
712515,Electronic Arts Inc,EA,2017,31609319954.28566,39679314638.09775,25.530428036677648,60.90437158469945,50,-0.22737799767192968,Research candidate,Random Forest,"Research signal: Research candidate. This signal was assigned because the model-estimated fair value is 25.5% above actual market cap; fundamentals are in the middle range of the training dataset; report risk is set to neutral because SEC filing text has not been integrated into this dataset; and the log-scale model error is low (-0.23). The valuation gap is a research signal, not proof of undervaluation or overvaluation. This output is for research purposes only and does not constitute investment advice.",neutral_report_risk,Report risk is currently neutral because filing-text extraction has not yet been integrated for this dataset.,Research candidate
712515,Electronic Arts Inc,EA,2018,23496892248.784058,46872018328.39598,99.48177755644075,52.02428116472709,50,-0.6905527056008047,Research candidate,Random Forest,"Research signal: Research candidate. This signal was assigned because the model-estimated fair value is 99.5% above actual market cap; fundamentals are in the middle range of the training dataset; report risk is set to neutral because SEC filing text has not been integrated into this dataset; and the log-scale model error is high (-0.69) — treat this estimate with additional caution. The valuation gap is a research signal, not proof of undervaluation or overvaluation. This output is for research purposes only and does not constitute investment advice.",neutral_report_risk,Report risk is currently neutral because filing-text extraction has not yet been integrated for this dataset.,Research candidate
712515,Electronic Arts Inc,EA,2019,31014408823.746437,41035062444.48255,32.309671539067736,62.49229781771502,50,-0.27997498555289013,Research candidate,Random Forest,"Research signal: Research candidate. This signal was assigned because the model-estimated fair value is 32.3% above actual market cap; fundamentals are in the middle range of the training dataset; report risk is set to neutral because SEC filing text has not been integrated into this dataset; and the log-scale model error is low (-0.28). The valuation gap is a research signal, not proof of undervaluation or overvaluation. This output is for research purposes only and does not constitute investment advice.",neutral_report_risk,Report risk is currently neutral because filing-text extraction has not yet been integrated for this dataset.,Research candidate
712515,Electronic Arts Inc,EA,2020,40284437661.75934,41857688561.75493,3.905356488292312,59.87099931957042,50,-0.03831026505474355,Fairly valued / neutral,Random Forest,"Research signal: Fairly valued / neutral. This signal was assigned because the model-estimated fair value is within 5% of actual market cap; fundamentals are in the middle range of the training dataset; report risk is set to neutral because SEC filing text has not been integrated into this dataset; and the log-scale model error is low (-0.04). The valuation gap is a research signal, not proof of undervaluation or overvaluation. This output is for research purposes only and does not constitute investment advice.",neutral_report_risk,Report risk is currently neutral because filing-text extraction has not yet been integrated for this dataset.,Fairly valued / neutral
712515,Electronic Arts Inc,EA,2021,36864747576.5144,45417090753.8669,23.199245185666168,46.10010101222669,50,-0.20863273835283636,Research candidate,Random Forest,"Research signal: Research candidate. This signal was assigned because the model-estimated fair value is 23.2% above actual market cap; fundamentals are in the middle range of the training dataset; report risk is set to neutral because SEC filing text has not been integrated into this dataset; and the log-scale model error is low (-0.21). The valuation gap is a research signal, not proof of undervaluation or overvaluation. This output is for research purposes only and does not constitute investment advice.",neutral_report_risk,Report risk is currently neutral because filing-text extraction has not yet been integrated for this dataset.,Research candidate
712515,Electronic Arts Inc,EA,2022,33585921452.89406,59295915264.3629,76.54991347350229,69.66734288740645,50,-0.5684334462899052,Research candidate,Random Forest,"Research signal: Research candidate. This signal was assigned because the model-estimated fair value is 76.5% above actual market cap; fundamentals score in the upper third of the training dataset; report risk is set to neutral because SEC filing text has not been integrated into this dataset; and the log-scale model error is moderate (-0.57). The valuation gap is a research signal, not proof of undervaluation or overvaluation. This output is for research purposes only and does not constitute investment advice.",neutral_report_risk,Report risk is currently neutral because filing-text extraction has not yet been integrated for this dataset.,Research candidate
712515,Electronic Arts Inc,EA,2023,36869608513.790405,47699794750.001945,29.374291381913388,41.573608100619396,50,-0.2575395007752945,Possible value trap,Random Forest,"Research signal: Possible value trap. This signal was assigned because the model-estimated fair value is 29.4% above actual market cap; fundamentals score in the lower third of the training dataset; report risk is set to neutral because SEC filing text has not been integrated into this dataset; and the log-scale model error is low (-0.26). The valuation gap is a research signal, not proof of undervaluation or overvaluation. This output is for research purposes only and does not constitute investment advice.",neutral_report_risk,Report risk is currently neutral because filing-text extraction has not yet been integrated for this dataset.,Possible value trap
712515,Electronic Arts Inc,EA,2024,38712234415.22151,68643274783.845505,77.31674707170923,51.86820570017606,50,-0.5727674787605821,Research candidate,Random Forest,"Research signal: Research candidate. This signal was assigned because the model-estimated fair value is 77.3% above actual market cap; fundamentals are in the middle range of the training dataset; report risk is set to neutral because SEC filing text has not been integrated into this dataset; and the log-scale model error is moderate (-0.57). The valuation gap is a research signal, not proof of undervaluation or overvaluation. This output is for research purposes only and does not constitute investment advice.",neutral_report_risk,Report risk is currently neutral because filing-text extraction has not yet been integrated for this dataset.,Research candidate
1086222,Akamai Technologies Inc,AKAM,2017,11058854444.068563,17300399141.989765,56.43934215328122,49.11010928961748,50,-0.44749815878478927,Research candidate,Random Forest,"Research signal: Research candidate. This signal was assigned because the model-estimated fair value is 56.4% above actual market cap; fundamentals are in the middle range of the training dataset; report risk is set to neutral because SEC filing text has not been integrated into this dataset; and the log-scale model error is moderate (-0.45). The valuation gap is a research signal, not proof of undervaluation or overvaluation. This output is for research purposes only and does not constitute investment advice.",neutral_report_risk,Report risk is currently neutral because filing-text extraction has not yet been integrated for this dataset.,Research candidate
1086222,Akamai Technologies Inc,AKAM,2018,9969019615.611008,19647931462.074726,97.08990672770877,45.39364254298281,50,-0.6784898179689982,Research candidate,Random Forest,"Research signal: Research candidate. This signal was assigned because the model-estimated fair value is 97.1% above actual market cap; fundamentals are in the middle range of the training dataset; report risk is set to neutral because SEC filing text has not been integrated into this dataset; and the log-scale model error is high (-0.68) — treat this estimate with additional caution. The valuation gap is a research signal, not proof of undervaluation or overvaluation. This output is for research purposes only and does not constitute investment advice.",neutral_report_risk,Report risk is currently neutral because filing-text extraction has not yet been integrated for this dataset.,Research candidate
1086222,Akamai Technologies Inc,AKAM,2019,13983354363.0382,17374796003.795277,24.253419835526564,35.08450128720442,50,-0.2171530024370476,Possible value trap,Random Forest,"Research signal: Possible value trap. This signal was assigned because the model-estimated fair value is 24.3% above actual market cap; fundamentals score in the lower third of the training dataset; report risk is set to neutral because SEC filing text has not been integrated into this dataset; and the log-scale model error is low (-0.22). The valuation gap is a research signal, not proof of undervaluation or overvaluation. This output is for research purposes only and does not constitute investment advice.",neutral_report_risk,Report risk is currently neutral because filing-text extraction has not yet been integrated for this dataset.,Possible value trap
1086222,Akamai Technologies Inc,AKAM,2020,17136495798.623886,30132369123.17912,75.83740268298517,41.12046304285303,50,-0.5643895336469882,Possible value trap,Random Forest,"Research signal: Possible value trap. This signal was assigned because the model-estimated fair value is 75.8% above actual market cap; fundamentals score in the lower third of the training dataset; report risk is set to neutral because SEC filing text has not been integrated into this dataset; and the log-scale model error is moderate (-0.56). The valuation gap is a research signal, not proof of undervaluation or overvaluation. This output is for research purposes only and does not constitute investment advice.",neutral_report_risk,Report risk is currently neutral because filing-text extraction has not yet been integrated for this dataset.,Possible value trap
1086222,Akamai Technologies Inc,AKAM,2021,18766972765.041748,23121984219.869488,23.20572161185236,48.98593545038125,50,-0.20868530568759525,Research candidate,Random Forest,"Research signal: Research candidate. This signal was assigned because the model-estimated fair value is 23.2% above actual market cap; fundamentals are in the middle range of the training dataset; report risk is set to neutral because SEC filing text has not been integrated into this dataset; and the log-scale model error is low (-0.21). The valuation gap is a research signal, not proof of undervaluation or overvaluation. This output is for research purposes only and does not constitute investment advice.",neutral_report_risk,Report risk is currently neutral because filing-text extraction has not yet been integrated for this dataset.,Research candidate
1086222,Akamai Technologies Inc,AKAM,2022,13174049911.115875,30545244883.384678,131.8591859714415,53.78308781750458,50,-0.8409600443855894,Research candidate,Random Forest,"Research signal: Research candidate. This signal was assigned because the model-estimated fair value is 131.9% above actual market cap; fundamentals are in the middle range of the training dataset; report risk is set to neutral because SEC filing text has not been integrated into this dataset; and the log-scale model error is high (-0.84) — treat this estimate with additional caution. The valuation gap is a research signal, not proof of undervaluation or overvaluation. This output is for research purposes only and does not constitute investment advice.","extreme_valuation_gap, neutral_report_risk, needs_review",Valuation gap of +131.9% exceeds 100% — the model estimate is likely unreliable for this observation. | Report risk is currently neutral because filing-text extraction has not yet been integrated for this dataset.,Needs review
1086222,Akamai Technologies Inc,AKAM,2023,17933610773.78311,36252346279.088554,102.14750245435984,53.60919281410243,50,-0.7038274551094794,Research candidate,Random Forest,"Research signal: Research candidate. This signal was assigned because the model-estimated fair value is 102.1% above actual market cap; fundamentals are in the middle range of the training dataset; report risk is set to neutral because SEC filing text has not been integrated into this dataset; and the log-scale model error is high (-0.70) — treat this estimate with additional caution. The valuation gap is a research signal, not proof of undervaluation or overvaluation. This output is for research purposes only and does not constitute investment advice.","extreme_valuation_gap, neutral_report_risk, needs_review",Valuation gap of +102.1% exceeds 100% — the model estimate is likely unreliable for this observation. | Report risk is currently neutral because filing-text extraction has not yet been integrated for this dataset.,Needs review
1086222,Akamai Technologies Inc,AKAM,2024,14377872547.766356,30832835118.126705,114.44643507371106,44.2595930049033,50,-0.7628898012586873,Possible value trap,Random Forest,"Research signal: Possible value trap. This signal was assigned because the model-estimated fair value is 114.4% above actual market cap; fundamentals score in the lower third of the training dataset; report risk is set to neutral because SEC filing text has not been integrated into this dataset; and the log-scale model error is high (-0.76) — treat this estimate with additional caution. The valuation gap is a research signal, not proof of undervaluation or overvaluation. This output is for research purposes only and does not constitute investment advice.","extreme_valuation_gap, neutral_report_risk, needs_review",Valuation gap of +114.4% exceeds 100% — the model estimate is likely unreliable for this observation. | Report risk is currently neutral because filing-text extraction has not yet been integrated for this dataset.,Needs review
1121788,Garmin LTD,GRMN,2017,9649620266.481216,16310123347.067505,69.02347342850493,49.977322404371584,50,-0.5248674153164785,Research candidate,Random Forest,"Research signal: Research candidate. This signal was assigned because the model-estimated fair value is 69.0% above actual market cap; fundamentals are in the middle range of the training dataset; report risk is set to neutral because SEC filing text has not been integrated into this dataset; and the log-scale model error is moderate (-0.52). The valuation gap is a research signal, not proof of undervaluation or overvaluation. This output is for research purposes only and does not constitute investment advice.",neutral_report_risk,Report risk is currently neutral because filing-text extraction has not yet been integrated for this dataset.,Research candidate
1121788,Garmin LTD,GRMN,2018,10598778504.263536,18210817165.025223,71.81996168426028,52.057940683375776,50,-0.5412770082224938,Research candidate,Random Forest,"Research signal: Research candidate. This signal was assigned because the model-estimated fair value is 71.8% above actual market cap; fundamentals are in the middle range of the training dataset; report risk is set to neutral because SEC filing text has not been integrated into this dataset; and the log-scale model error is moderate (-0.54). The valuation gap is a research signal, not proof of undervaluation or overvaluation. This output is for research purposes only and does not constitute investment advice.",neutral_report_risk,Report risk is currently neutral because filing-text extraction has not yet been integrated for this dataset.,Research candidate
1121788,Garmin LTD,GRMN,2019,16134457470.152962,19379901874.787437,20.11498936755825,50.273698941476034,50,-0.18327934270021373,Research candidate,Random Forest,"Research signal: Research candidate. This signal was assigned because the model-estimated fair value is 20.1% above actual market cap; fundamentals are in the middle range of the training dataset; report risk is set to neutral because SEC filing text has not been integrated into this dataset; and the log-scale model error is low (-0.18). The valuation gap is a research signal, not proof of undervaluation or overvaluation. This output is for research purposes only and does not constitute investment advice.",neutral_report_risk,Report risk is currently neutral because filing-text extraction has not yet been integrated for this dataset.,Research candidate
1121788,Garmin LTD,GRMN,2020,20400785985.681747,20323206913.206306,-0.380274919455994,54.39497429098536,50,0.0038099980281103285,Fairly valued / neutral,Random Forest,"Research signal: Fairly valued / neutral. This signal was assigned because the model-estimated fair value is within 5% of actual market cap; fundamentals are in the middle range of the training dataset; report risk is set to neutral because SEC filing text has not been integrated into this dataset; and the log-scale model error is low (+0.00). The valuation gap is a research signal, not proof of undervaluation or overvaluation. This output is for research purposes only and does not constitute investment advice.",neutral_report_risk,Report risk is currently neutral because filing-text extraction has not yet been integrated for this dataset.,Fairly valued / neutral
1121788,Garmin LTD,GRMN,2021,23795166600.06592,27710203986.93994,16.453078277095038,61.57559642809543,50,-0.15231824431743846,Research candidate,Random Forest,"Research signal: Research candidate. This signal was assigned because the model-estimated fair value is 16.5% above actual market cap; fundamentals are in the middle range of the training dataset; report risk is set to neutral because SEC filing text has not been integrated into this dataset; and the log-scale model error is low (-0.15). The valuation gap is a research signal, not proof of undervaluation or overvaluation. This output is for research purposes only and does not constitute investment advice.",neutral_report_risk,Report risk is currently neutral because filing-text extraction has not yet been integrated for this dataset.,Research candidate
1121788,Garmin LTD,GRMN,2022,16487094222.846724,28555278329.526115,73.19776270797374,60.06417818837377,50,-0.5492638926663602,Research candidate,Random Forest,"Research signal: Research candidate. This signal was assigned because the model-estimated fair value is 73.2% above actual market cap; fundamentals are in the middle range of the training dataset; report risk is set to neutral because SEC filing text has not been integrated into this dataset; and the log-scale model error is moderate (-0.55). The valuation gap is a research signal, not proof of undervaluation or overvaluation. This output is for research purposes only and does not constitute investment advice.",neutral_report_risk,Report risk is currently neutral because filing-text extraction has not yet been integrated for this dataset.,Research candidate
1121788,Garmin LTD,GRMN,2023,23647385143.64247,45036868314.78884,90.45179008680742,62.60875754961174,50,-0.6442289061404836,Research candidate,Random Forest,"Research signal: Research candidate. This signal was assigned because the model-estimated fair value is 90.5% above actual market cap; fundamentals are in the middle range of the training dataset; report risk is set to neutral because SEC filing text has not been integrated into this dataset; and the log-scale model error is high (-0.64) — treat this estimate with additional caution. The valuation gap is a research signal, not proof of undervaluation or overvaluation. This output is for research purposes only and does not constitute investment advice.",neutral_report_risk,Report risk is currently neutral because filing-text extraction has not yet been integrated for this dataset.,Research candidate
1121788,Garmin LTD,GRMN,2024,38731256283.29277,41661674408.10343,7.56602910934943,44.165367186458745,50,-0.07293469729412294,Fairly valued / neutral,Random Forest,"Research signal: Fairly valued / neutral. This signal was assigned because the model-estimated fair value is 7.6% above actual market cap; fundamentals score in the lower third of the training dataset; report risk is set to neutral because SEC filing text has not been integrated into this dataset; and the log-scale model error is low (-0.07). The valuation gap is a research signal, not proof of undervaluation or overvaluation. This output is for research purposes only and does not constitute investment advice.",neutral_report_risk,Report risk is currently neutral because filing-text extraction has not yet been integrated for this dataset.,Fairly valued / neutral
68505,Motorola Solutions Inc,MSI,2017,12970906048.285675,34375613626.70365,165.0209129473031,27.67278009882722,50,-0.9746385536666402,Possible value trap,Random Forest,"Research signal: Possible value trap. This signal was assigned because the model-estimated fair value is 165.0% above actual market cap; fundamentals score in the lower third of the training dataset; report risk is set to neutral because SEC filing text has not been integrated into this dataset; and the log-scale model error is high (-0.97) — treat this estimate with additional caution. The valuation gap is a research signal, not proof of undervaluation or overvaluation. This output is for research purposes only and does not constitute investment advice.","extreme_valuation_gap, neutral_report_risk, needs_review",Valuation gap of +165.0% exceeds 100% — the model estimate is likely unreliable for this observation. | Report risk is currently neutral because filing-text extraction has not yet been integrated for this dataset.,Needs review
68505,Motorola Solutions Inc,MSI,2018,17082554077.781616,32646659418.664017,91.11111412271669,26.05333227368139,50,-0.6476848222415903,Possible value trap,Random Forest,"Research signal: Possible value trap. This signal was assigned because the model-estimated fair value is 91.1% above actual market cap; fundamentals score in the lower third of the training dataset; report risk is set to neutral because SEC filing text has not been integrated into this dataset; and the log-scale model error is high (-0.65) — treat this estimate with additional caution. The valuation gap is a research signal, not proof of undervaluation or overvaluation. This output is for research purposes only and does not constitute investment advice.",neutral_report_risk,Report risk is currently neutral because filing-text extraction has not yet been integrated for this dataset.,Possible value trap
68505,Motorola Solutions Inc,MSI,2019,25284144808.001953,42626947716.39718,68.59161359852106,37.71977519924601,50,-0.522309116933986,Possible value trap,Random Forest,"Research signal: Possible value trap. This signal was assigned because the model-estimated fair value is 68.6% above actual market cap; fundamentals score in the lower third of the training dataset; report risk is set to neutral because SEC filing text has not been integrated into this dataset; and the log-scale model error is moderate (-0.52). The valuation gap is a research signal, not proof of undervaluation or overvaluation. This output is for research purposes only and does not constitute investment advice.",neutral_report_risk,Report risk is currently neutral because filing-text extraction has not yet been integrated for this dataset.,Possible value trap
68505,Motorola Solutions Inc,MSI,2020,26896802666.111694,58115147864.979805,116.06712361466403,30.3528904717816,50,-0.7704189308962661,Possible value trap,Random Forest,"Research signal: Possible value trap. This signal was assigned because the model-estimated fair value is 116.1% above actual market cap; fundamentals score in the lower third of the training dataset; report risk is set to neutral because SEC filing text has not been integrated into this dataset; and the log-scale model error is high (-0.77) — treat this estimate with additional caution. The valuation gap is a research signal, not proof of undervaluation or overvaluation. This output is for research purposes only and does not constitute investment advice.","extreme_valuation_gap, neutral_report_risk, needs_review",Valuation gap of +116.1% exceeds 100% — the model estimate is likely unreliable for this observation. | Report risk is currently neutral because filing-text extraction has not yet been integrated for this dataset.,Needs review
68505,Motorola Solutions Inc,MSI,2021,43335713553.73746,51425124649.57383,18.66684642403611,28.587741807568747,50,-0.1711497710039751,Possible value trap,Random Forest,"Research signal: Possible value trap. This signal was assigned because the model-estimated fair value is 18.7% above actual market cap; fundamentals score in the lower third of the training dataset; report risk is set to neutral because SEC filing text has not been integrated into this dataset; and the log-scale model error is low (-0.17). The valuation gap is a research signal, not proof of undervaluation or overvaluation. This output is for research purposes only and does not constitute investment advice.",neutral_report_risk,Report risk is currently neutral because filing-text extraction has not yet been integrated for this dataset.,Possible value trap
68505,Motorola Solutions Inc,MSI,2022,41445790528.27911,52018613249.41251,25.510003757605727,17.210351860254512,50,-0.2272152806229606,Possible value trap,Random Forest,"Research signal: Possible value trap. This signal was assigned because the model-estimated fair value is 25.5% above actual market cap; fundamentals score in the lower third of the training dataset; report risk is set to neutral because SEC filing text has not been integrated into this dataset; and the log-scale model error is low (-0.23). The valuation gap is a research signal, not proof of undervaluation or overvaluation. This output is for research purposes only and does not constitute investment advice.",neutral_report_risk,Report risk is currently neutral because filing-text extraction has not yet been integrated for this dataset.,Possible value trap
68505,Motorola Solutions Inc,MSI,2023,50653721813.950775,59140042186.50644,16.753596909868936,60.17142913833763,50,-0.15489551873617913,Research candidate,Random Forest,"Research signal: Research candidate. This signal was assigned because the model-estimated fair value is 16.8% above actual market cap; fundamentals are in the middle range of the training dataset; report risk is set to neutral because SEC filing text has not been integrated into this dataset; and the log-scale model error is low (-0.15). The valuation gap is a research signal, not proof of undervaluation or overvaluation. This output is for research purposes only and does not constitute investment advice.",neutral_report_risk,Report risk is currently neutral because filing-text extraction has not yet been integrated for this dataset.,Research candidate
68505,Motorola Solutions Inc,MSI,2024,75900691283.72021,62276744676.39932,-17.94970029507895,61.97122139546623,50,0.19783771574786257,Potentially overvalued,Random Forest,"Research signal: Potentially overvalued. This signal was assigned because the model-estimated fair value is 17.9% below actual market cap; fundamentals are in the middle range of the training dataset; report risk is set to neutral because SEC filing text has not been integrated into this dataset; and the log-scale model error is low (+0.20). The valuation gap is a research signal, not proof of undervaluation or overvaluation. This output is for research purposes only and does not constitute investment advice.",neutral_report_risk,Report risk is currently neutral because filing-text extraction has not yet been integrated for this dataset.,Potentially overvalued
732717,AT&T Inc,T,2017,128886916711.66994,147843320177.02283,14.707779462022385,35.97404265546908,50,-0.13721766027640214,Research candidate,Random Forest,"Research signal: Research candidate. This signal was assigned because the model-estimated fair value is 14.7% above actual market cap; fundamentals score in the lower third of the training dataset; report risk is set to neutral because SEC filing text has not been integrated into this dataset; and the log-scale model error is low (-0.14). The valuation gap is a research signal, not proof of undervaluation or overvaluation. This output is for research purposes only and does not constitute investment advice.",neutral_report_risk,Report risk is currently neutral because filing-text extraction has not yet been integrated for this dataset.,Research candidate
732717,AT&T Inc,T,2018,121110796053.21886,144367162764.39822,19.202554577347495,38.62110422393309,50,-0.17565399943153182,Possible value trap,Random Forest,"Research signal: Possible value trap. This signal was assigned because the model-estimated fair value is 19.2% above actual market cap; fundamentals score in the lower third of the training dataset; report risk is set to neutral because SEC filing text has not been integrated into this dataset; and the log-scale model error is low (-0.18). The valuation gap is a research signal, not proof of undervaluation or overvaluation. This output is for research purposes only and does not constitute investment advice.",neutral_report_risk,Report risk is currently neutral because filing-text extraction has not yet been integrated for this dataset.,Possible value trap
732717,AT&T Inc,T,2019,177059098526.18402,151535739254.3331,-14.415163910978826,23.49583766366357,50,0.1556620670257871,Potentially overvalued,Random Forest,"Research signal: Potentially overvalued. This signal was assigned because the model-estimated fair value is 14.4% below actual market cap; fundamentals score in the lower third of the training dataset; report risk is set to neutral because SEC filing text has not been integrated into this dataset; and the log-scale model error is low (+0.16). The valuation gap is a research signal, not proof of undervaluation or overvaluation. This output is for research purposes only and does not constitute investment advice.",neutral_report_risk,Report risk is currently neutral because filing-text extraction has not yet been integrated for this dataset.,Potentially overvalued
732717,AT&T Inc,T,2020,141452427098.98572,207263538567.44864,46.52526140283868,49.279254589442225,50,-0.3820276603880899,Research candidate,Random Forest,"Research signal: Research candidate. This signal was assigned because the model-estimated fair value is 46.5% above actual market cap; fundamentals are in the middle range of the training dataset; report risk is set to neutral because SEC filing text has not been integrated into this dataset; and the log-scale model error is moderate (-0.38). The valuation gap is a research signal, not proof of undervaluation or overvaluation. This output is for research purposes only and does not constitute investment advice.",neutral_report_risk,Report risk is currently neutral because filing-text extraction has not yet been integrated for this dataset.,Research candidate
732717,AT&T Inc,T,2021,133313120089.634,147549957845.12723,10.679247283328893,34.305318715436144,50,-0.10146616807022113,Research candidate,Random Forest,"Research signal: Research candidate. This signal was assigned because the model-estimated fair value is 10.7% above actual market cap; fundamentals score in the lower third of the training dataset; report risk is set to neutral because SEC filing text has not been integrated into this dataset; and the log-scale model error is low (-0.10). The valuation gap is a research signal, not proof of undervaluation or overvaluation. This output is for research purposes only and does not constitute investment advice.",neutral_report_risk,Report risk is currently neutral because filing-text extraction has not yet been integrated for this dataset.,Research candidate
732717,AT&T Inc,T,2022,107007333532.93098,152226674475.5097,42.25817002407848,17.743789811643943,50,-0.352473319633237,Possible value trap,Random Forest,"Research signal: Possible value trap. This signal was assigned because the model-estimated fair value is 42.3% above actual market cap; fundamentals score in the lower third of the training dataset; report risk is set to neutral because SEC filing text has not been integrated into this dataset; and the log-scale model error is moderate (-0.35). The valuation gap is a research signal, not proof of undervaluation or overvaluation. This output is for research purposes only and does not constitute investment advice.",neutral_report_risk,Report risk is currently neutral because filing-text extraction has not yet been integrated for this dataset.,Possible value trap
732717,AT&T Inc,T,2023,104419507434.4067,173011929707.57266,65.68927967434988,28.999130056790065,50,-0.5049440391538234,Possible value trap,Random Forest,"Research signal: Possible value trap. This signal was assigned because the model-estimated fair value is 65.7% above actual market cap; fundamentals score in the lower third of the training dataset; report risk is set to neutral because SEC filing text has not been integrated into this dataset; and the log-scale model error is moderate (-0.50). The valuation gap is a research signal, not proof of undervaluation or overvaluation. This output is for research purposes only and does not constitute investment advice.",neutral_report_risk,Report risk is currently neutral because filing-text extraction has not yet been integrated for this dataset.,Possible value trap
732717,AT&T Inc,T,2024,151003004500.40625,142995102699.86356,-5.30314070705868,14.77393008480546,50,0.05448935115128961,Fairly valued / neutral,Random Forest,"Research signal: Fairly valued / neutral. This signal was assigned because the model-estimated fair value is 5.3% below actual market cap; fundamentals score in the lower third of the training dataset; report risk is set to neutral because SEC filing text has not been integrated into this dataset; and the log-scale model error is low (+0.05). The valuation gap is a research signal, not proof of undervaluation or overvaluation. This output is for research purposes only and does not constitute investment advice.",neutral_report_risk,Report risk is currently neutral because filing-text extraction has not yet been integrated for this dataset.,Fairly valued / neutral
732712,Verizon Communications Inc,VZ,2017,133710596029.00777,184332382542.6244,37.85921835441861,40.89741161750048,50,-0.32106282160290434,Possible value trap,Random Forest,"Research signal: Possible value trap. This signal was assigned because the model-estimated fair value is 37.9% above actual market cap; fundamentals score in the lower third of the training dataset; report risk is set to neutral because SEC filing text has not been integrated into this dataset; and the log-scale model error is moderate (-0.32). The valuation gap is a research signal, not proof of undervaluation or overvaluation. This output is for research purposes only and does not constitute investment advice.",neutral_report_risk,Report risk is currently neutral because filing-text extraction has not yet been integrated for this dataset.,Possible value trap
732712,Verizon Communications Inc,VZ,2018,150680018942.89655,152512768545.60153,1.2163189356908342,28.476342007623995,50,-0.012089812170440695,Fairly valued / neutral,Random Forest,"Research signal: Fairly valued / neutral. This signal was assigned because the model-estimated fair value is within 5% of actual market cap; fundamentals score in the lower third of the training dataset; report risk is set to neutral because SEC filing text has not been integrated into this dataset; and the log-scale model error is low (-0.01). The valuation gap is a research signal, not proof of undervaluation or overvaluation. This output is for research purposes only and does not constitute investment advice.",neutral_report_risk,Report risk is currently neutral because filing-text extraction has not yet been integrated for this dataset.,Fairly valued / neutral
732712,Verizon Communications Inc,VZ,2019,171687239921.49106,233647976572.20984,36.08930790608091,37.3009675247488,50,-0.3081411600107735,Possible value trap,Random Forest,"Research signal: Possible value trap. This signal was assigned because the model-estimated fair value is 36.1% above actual market cap; fundamentals score in the lower third of the training dataset; report risk is set to neutral because SEC filing text has not been integrated into this dataset; and the log-scale model error is moderate (-0.31). The valuation gap is a research signal, not proof of undervaluation or overvaluation. This output is for research purposes only and does not constitute investment advice.",neutral_report_risk,Report risk is currently neutral because filing-text extraction has not yet been integrated for this dataset.,Possible value trap
732712,Verizon Communications Inc,VZ,2020,171557218052.38358,157017202680.6263,-8.475315429349985,32.89760445836418,50,0.08856147336139841,Fairly valued / neutral,Random Forest,"Research signal: Fairly valued / neutral. This signal was assigned because the model-estimated fair value is 8.5% below actual market cap; fundamentals score in the lower third of the training dataset; report risk is set to neutral because SEC filing text has not been integrated into this dataset; and the log-scale model error is low (+0.09). The valuation gap is a research signal, not proof of undervaluation or overvaluation. This output is for research purposes only and does not constitute investment advice.",neutral_report_risk,Report risk is currently neutral because filing-text extraction has not yet been integrated for this dataset.,Fairly valued / neutral
732712,Verizon Communications Inc,VZ,2021,160893781266.35992,186233719065.74338,15.749482422464261,33.488232388214,50,-0.14625803545606786,Possible value trap,Random Forest,"Research signal: Possible value trap. This signal was assigned because the model-estimated fair value is 15.7% above actual market cap; fundamentals score in the lower third of the training dataset; report risk is set to neutral because SEC filing text has not been integrated into this dataset; and the log-scale model error is low (-0.15). The valuation gap is a research signal, not proof of undervaluation or overvaluation. This output is for research purposes only and does not constitute investment advice.",neutral_report_risk,Report risk is currently neutral because filing-text extraction has not yet been integrated for this dataset.,Possible value trap
732712,Verizon Communications Inc,VZ,2022,128743368943.87192,151882358743.16916,17.972956579523032,29.97602142139445,50,-0.1652852306820094,Possible value trap,Random Forest,"Research signal: Possible value trap. This signal was assigned because the model-estimated fair value is 18.0% above actual market cap; fundamentals score in the lower third of the training dataset; report risk is set to neutral because SEC filing text has not been integrated into this dataset; and the log-scale model error is low (-0.17). The valuation gap is a research signal, not proof of undervaluation or overvaluation. This output is for research purposes only and does not constitute investment advice.",neutral_report_risk,Report risk is currently neutral because filing-text extraction has not yet been integrated for this dataset.,Possible value trap
732712,Verizon Communications Inc,VZ,2023,132374695963.20451,160999122178.66736,21.62378996014421,37.37330042087248,50,-0.195762405528356,Possible value trap,Random Forest,"Research signal: Possible value trap. This signal was assigned because the model-estimated fair value is 21.6% above actual market cap; fundamentals score in the lower third of the training dataset; report risk is set to neutral because SEC filing text has not been integrated into this dataset; and the log-scale model error is low (-0.20). The valuation gap is a research signal, not proof of undervaluation or overvaluation. This output is for research purposes only and does not constitute investment advice.",neutral_report_risk,Report risk is currently neutral because filing-text extraction has not yet been integrated for this dataset.,Possible value trap
732712,Verizon Communications Inc,VZ,2024,149965644998.70404,152200927599.6092,1.490529781620629,34.92064346227647,50,-0.014795305496654976,Fairly valued / neutral,Random Forest,"Research signal: Fairly valued / neutral. This signal was assigned because the model-estimated fair value is within 5% of actual market cap; fundamentals score in the lower third of the training dataset; report risk is set to neutral because SEC filing text has not been integrated into this dataset; and the log-scale model error is low (-0.01). The valuation gap is a research signal, not proof of undervaluation or overvaluation. This output is for research purposes only and does not constitute investment advice.",neutral_report_risk,Report risk is currently neutral because filing-text extraction has not yet been integrated for this dataset.,Fairly valued / neutral
1166691,Comcast Corp,CMCSA,2017,112571515833.1255,128760178842.7279,14.380780866094279,51.08803186789105,50,-0.1343628794218681,Research candidate,Random Forest,"Research signal: Research candidate. This signal was assigned because the model-estimated fair value is 14.4% above actual market cap; fundamentals are in the middle range of the training dataset; report risk is set to neutral because SEC filing text has not been integrated into this dataset; and the log-scale model error is low (-0.13). The valuation gap is a research signal, not proof of undervaluation or overvaluation. This output is for research purposes only and does not constitute investment advice.",neutral_report_risk,Report risk is currently neutral because filing-text extraction has not yet been integrated for this dataset.,Research candidate
1166691,Comcast Corp,CMCSA,2018,98262789373.14354,196511474127.19888,99.98564602208204,48.58591451460994,50,-0.6930754080947743,Research candidate,Random Forest,"Research signal: Research candidate. This signal was assigned because the model-estimated fair value is 100.0% above actual market cap; fundamentals are in the middle range of the training dataset; report risk is set to neutral because SEC filing text has not been integrated into this dataset; and the log-scale model error is high (-0.69) — treat this estimate with additional caution. The valuation gap is a research signal, not proof of undervaluation or overvaluation. This output is for research purposes only and does not constitute investment advice.",neutral_report_risk,Report risk is currently neutral because filing-text extraction has not yet been integrated for this dataset.,Research candidate
1166691,Comcast Corp,CMCSA,2019,131713905154.07286,168447331998.0865,27.88879944076106,50.69709106348609,50,-0.24599094597669335,Research candidate,Random Forest,"Research signal: Research candidate. This signal was assigned because the model-estimated fair value is 27.9% above actual market cap; fundamentals are in the middle range of the training dataset; report risk is set to neutral because SEC filing text has not been integrated into this dataset; and the log-scale model error is low (-0.25). The valuation gap is a research signal, not proof of undervaluation or overvaluation. This output is for research purposes only and does not constitute investment advice.",neutral_report_risk,Report risk is currently neutral because filing-text extraction has not yet been integrated for this dataset.,Research candidate
1166691,Comcast Corp,CMCSA,2020,156916629810.5164,156125849637.0939,-0.5039492464102667,48.72517147880867,50,0.005052233529944772,Fairly valued / neutral,Random Forest,"Research signal: Fairly valued / neutral. This signal was assigned because the model-estimated fair value is within 5% of actual market cap; fundamentals are in the middle range of the training dataset; report risk is set to neutral because SEC filing text has not been integrated into this dataset; and the log-scale model error is low (+0.01). The valuation gap is a research signal, not proof of undervaluation or overvaluation. This output is for research purposes only and does not constitute investment advice.",neutral_report_risk,Report risk is currently neutral because filing-text extraction has not yet been integrated for this dataset.,Fairly valued / neutral
1166691,Comcast Corp,CMCSA,2021,153430437557.42307,165696673237.45868,7.994655998712666,50.82844160354514,50,-0.07691155841847674,Fairly valued / neutral,Random Forest,"Research signal: Fairly valued / neutral. This signal was assigned because the model-estimated fair value is 8.0% above actual market cap; fundamentals are in the middle range of the training dataset; report risk is set to neutral because SEC filing text has not been integrated into this dataset; and the log-scale model error is low (-0.08). The valuation gap is a research signal, not proof of undervaluation or overvaluation. This output is for research purposes only and does not constitute investment advice.",neutral_report_risk,Report risk is currently neutral because filing-text extraction has not yet been integrated for this dataset.,Fairly valued / neutral
1166691,Comcast Corp,CMCSA,2022,109429572088.09515,157523091770.4627,43.94928972549611,33.602301030065725,50,-0.36429089688283156,Possible value trap,Random Forest,"Research signal: Possible value trap. This signal was assigned because the model-estimated fair value is 43.9% above actual market cap; fundamentals score in the lower third of the training dataset; report risk is set to neutral because SEC filing text has not been integrated into this dataset; and the log-scale model error is moderate (-0.36). The valuation gap is a research signal, not proof of undervaluation or overvaluation. This output is for research purposes only and does not constitute investment advice.",neutral_report_risk,Report risk is currently neutral because filing-text extraction has not yet been integrated for this dataset.,Possible value trap
1166691,Comcast Corp,CMCSA,2023,141248219161.53497,157677054960.92242,11.63118083676441,50.479706276405494,50,-0.11003022311360766,Research candidate,Random Forest,"Research signal: Research candidate. This signal was assigned because the model-estimated fair value is 11.6% above actual market cap; fundamentals are in the middle range of the training dataset; report risk is set to neutral because SEC filing text has not been integrated into this dataset; and the log-scale model error is low (-0.11). The valuation gap is a research signal, not proof of undervaluation or overvaluation. This output is for research purposes only and does not constitute investment advice.",neutral_report_risk,Report risk is currently neutral because filing-text extraction has not yet been integrated for this dataset.,Research candidate
1166691,Comcast Corp,CMCSA,2024,124523944424.08755,143162118072.3662,14.96754197313504,28.88092533395847,50,-0.1394796588250351,Research candidate,Random Forest,"Research signal: Research candidate. This signal was assigned because the model-estimated fair value is 15.0% above actual market cap; fundamentals score in the lower third of the training dataset; report risk is set to neutral because SEC filing text has not been integrated into this dataset; and the log-scale model error is low (-0.14). The valuation gap is a research signal, not proof of undervaluation or overvaluation. This output is for research purposes only and does not constitute investment advice.",neutral_report_risk,Report risk is currently neutral because filing-text extraction has not yet been integrated for this dataset.,Research candidate
1283699,T-Mobile US Inc,TMUS,2017,51893059461.91409,81947285257.8734,57.9156945217636,31.112772958949236,50,-0.45689112565877465,Possible value trap,Random Forest,"Research signal: Possible value trap. This signal was assigned because the model-estimated fair value is 57.9% above actual market cap; fundamentals score in the lower third of the training dataset; report risk is set to neutral because SEC filing text has not been integrated into this dataset; and the log-scale model error is moderate (-0.46). The valuation gap is a research signal, not proof of undervaluation or overvaluation. This output is for research purposes only and does not constitute investment advice.",neutral_report_risk,Report risk is currently neutral because filing-text extraction has not yet been integrated for this dataset.,Possible value trap
1283699,T-Mobile US Inc,TMUS,2018,51718846721.759735,104211177805.33997,101.49555608999121,47.371719956396824,50,-0.7005971410114853,Research candidate,Random Forest,"Research signal: Research candidate. This signal was assigned because the model-estimated fair value is 101.5% above actual market cap; fundamentals are in the middle range of the training dataset; report risk is set to neutral because SEC filing text has not been integrated into this dataset; and the log-scale model error is high (-0.70) — treat this estimate with additional caution. The valuation gap is a research signal, not proof of undervaluation or overvaluation. This output is for research purposes only and does not constitute investment advice.","extreme_valuation_gap, neutral_report_risk, needs_review",Valuation gap of +101.5% exceeds 100% — the model estimate is likely unreliable for this observation. | Report risk is currently neutral because filing-text extraction has not yet been integrated for this dataset.,Needs review
1283699,T-Mobile US Inc,TMUS,2019,64263595481.0865,64904430990.96366,0.9971983439142682,55.05931201836688,50,-0.009922591299265093,Fairly valued / neutral,Random Forest,"Research signal: Fairly valued / neutral. This signal was assigned because the model-estimated fair value is within 5% of actual market cap; fundamentals are in the middle range of the training dataset; report risk is set to neutral because SEC filing text has not been integrated into this dataset; and the log-scale model error is low (-0.01). The valuation gap is a research signal, not proof of undervaluation or overvaluation. This output is for research purposes only and does not constitute investment advice.",neutral_report_risk,Report risk is currently neutral because filing-text extraction has not yet been integrated for this dataset.,Fairly valued / neutral
1283699,T-Mobile US Inc,TMUS,2020,160267358079.0183,66357539343.88591,-58.59572395823175,41.50391318609299,50,0.8817860244574085,Potentially overvalued,Random Forest,"Research signal: Potentially overvalued. This signal was assigned because the model-estimated fair value is 58.6% below actual market cap; fundamentals score in the lower third of the training dataset; report risk is set to neutral because SEC filing text has not been integrated into this dataset; and the log-scale model error is high (+0.88) — treat this estimate with additional caution. The valuation gap is a research signal, not proof of undervaluation or overvaluation. This output is for research purposes only and does not constitute investment advice.",neutral_report_risk,Report risk is currently neutral because filing-text extraction has not yet been integrated for this dataset.,Potentially overvalued
1283699,T-Mobile US Inc,TMUS,2021,138559992445.54904,141353010844.52115,2.0157466449557586,37.1344538283731,50,-0.01995699425310349,Fairly valued / neutral,Random Forest,"Research signal: Fairly valued / neutral. This signal was assigned because the model-estimated fair value is within 5% of actual market cap; fundamentals score in the lower third of the training dataset; report risk is set to neutral because SEC filing text has not been integrated into this dataset; and the log-scale model error is low (-0.02). The valuation gap is a research signal, not proof of undervaluation or overvaluation. This output is for research purposes only and does not constitute investment advice.",neutral_report_risk,Report risk is currently neutral because filing-text extraction has not yet been integrated for this dataset.,Fairly valued / neutral
1283699,T-Mobile US Inc,TMUS,2022,163252412194.04373,155496155625.93427,-4.751082366176795,47.45959906589099,50,0.04867653547027473,Fairly valued / neutral,Random Forest,"Research signal: Fairly valued / neutral. This signal was assigned because the model-estimated fair value is within 5% of actual market cap; fundamentals are in the middle range of the training dataset; report risk is set to neutral because SEC filing text has not been integrated into this dataset; and the log-scale model error is low (+0.05). The valuation gap is a research signal, not proof of undervaluation or overvaluation. This output is for research purposes only and does not constitute investment advice.",neutral_report_risk,Report risk is currently neutral because filing-text extraction has not yet been integrated for this dataset.,Fairly valued / neutral
1283699,T-Mobile US Inc,TMUS,2023,182768026274.31677,150604379152.49963,-17.598071050755166,35.912253170042206,50,0.19356133976845058,Potentially overvalued,Random Forest,"Research signal: Potentially overvalued. This signal was assigned because the model-estimated fair value is 17.6% below actual market cap; fundamentals score in the lower third of the training dataset; report risk is set to neutral because SEC filing text has not been integrated into this dataset; and the log-scale model error is low (+0.19). The valuation gap is a research signal, not proof of undervaluation or overvaluation. This output is for research purposes only and does not constitute investment advice.",neutral_report_risk,Report risk is currently neutral because filing-text extraction has not yet been integrated for this dataset.,Potentially overvalued
1283699,T-Mobile US Inc,TMUS,2024,245625652852.84204,154400900403.1006,-37.139749610923396,21.313371468552454,50,0.46425617134507746,Potentially overvalued,Random Forest,"Research signal: Potentially overvalued. This signal was assigned because the model-estimated fair value is 37.1% below actual market cap; fundamentals score in the lower third of the training dataset; report risk is set to neutral because SEC filing text has not been integrated into this dataset; and the log-scale model error is moderate (+0.46). The valuation gap is a research signal, not proof of undervaluation or overvaluation. This output is for research purposes only and does not constitute investment advice.",neutral_report_risk,Report risk is currently neutral because filing-text extraction has not yet been integrated for this dataset.,Potentially overvalued
1091667,Charter Communications Inc,CHTR,2017,47430283978.84186,51353883801.90609,8.272351531385533,27.390666200100384,50,-0.07947964023976084,Fairly valued / neutral,Random Forest,"Research signal: Fairly valued / neutral. This signal was assigned because the model-estimated fair value is 8.3% above actual market cap; fundamentals score in the lower third of the training dataset; report risk is set to neutral because SEC filing text has not been integrated into this dataset; and the log-scale model error is low (-0.08). The valuation gap is a research signal, not proof of undervaluation or overvaluation. This output is for research purposes only and does not constitute investment advice.",neutral_report_risk,Report risk is currently neutral because filing-text extraction has not yet been integrated for this dataset.,Fairly valued / neutral
1091667,Charter Communications Inc,CHTR,2018,40231600271.23688,67821777656.72567,68.57837421200983,43.115920071679916,50,-0.5222305845200879,Possible value trap,Random Forest,"Research signal: Possible value trap. This signal was assigned because the model-estimated fair value is 68.6% above actual market cap; fundamentals score in the lower third of the training dataset; report risk is set to neutral because SEC filing text has not been integrated into this dataset; and the log-scale model error is moderate (-0.52). The valuation gap is a research signal, not proof of undervaluation or overvaluation. This output is for research purposes only and does not constitute investment advice.",neutral_report_risk,Report risk is currently neutral because filing-text extraction has not yet been integrated for this dataset.,Possible value trap
1091667,Charter Communications Inc,CHTR,2019,68482801823.89435,180889237649.61053,164.1381964989879,52.87727070357486,50,-0.971302251781843,Research candidate,Random Forest,"Research signal: Research candidate. This signal was assigned because the model-estimated fair value is 164.1% above actual market cap; fundamentals are in the middle range of the training dataset; report risk is set to neutral because SEC filing text has not been integrated into this dataset; and the log-scale model error is high (-0.97) — treat this estimate with additional caution. The valuation gap is a research signal, not proof of undervaluation or overvaluation. This output is for research purposes only and does not constitute investment advice.","extreme_valuation_gap, neutral_report_risk, needs_review",Valuation gap of +164.1% exceeds 100% — the model estimate is likely unreliable for this observation. | Report risk is currently neutral because filing-text extraction has not yet been integrated for this dataset.,Needs review
1091667,Charter Communications Inc,CHTR,2020,93396548950.13124,69154628336.9677,-25.955906171765974,23.527376073923033,50,0.300509407695813,Potentially overvalued,Random Forest,"Research signal: Potentially overvalued. This signal was assigned because the model-estimated fair value is 26.0% below actual market cap; fundamentals score in the lower third of the training dataset; report risk is set to neutral because SEC filing text has not been integrated into this dataset; and the log-scale model error is moderate (+0.30). The valuation gap is a research signal, not proof of undervaluation or overvaluation. This output is for research purposes only and does not constitute investment advice.",neutral_report_risk,Report risk is currently neutral because filing-text extraction has not yet been integrated for this dataset.,Potentially overvalued
1091667,Charter Communications Inc,CHTR,2021,92044057752.81494,66093175249.46124,-28.193979206180806,27.177712125244998,50,0.3312018583824319,Potentially overvalued,Random Forest,"Research signal: Potentially overvalued. This signal was assigned because the model-estimated fair value is 28.2% below actual market cap; fundamentals score in the lower third of the training dataset; report risk is set to neutral because SEC filing text has not been integrated into this dataset; and the log-scale model error is moderate (+0.33). The valuation gap is a research signal, not proof of undervaluation or overvaluation. This output is for research purposes only and does not constitute investment advice.",neutral_report_risk,Report risk is currently neutral because filing-text extraction has not yet been integrated for this dataset.,Potentially overvalued
1091667,Charter Communications Inc,CHTR,2022,47873586128.68439,66694764090.77187,39.3143265087685,41.65417553593165,50,-0.3315625359470147,Possible value trap,Random Forest,"Research signal: Possible value trap. This signal was assigned because the model-estimated fair value is 39.3% above actual market cap; fundamentals score in the lower third of the training dataset; report risk is set to neutral because SEC filing text has not been integrated into this dataset; and the log-scale model error is moderate (-0.33). The valuation gap is a research signal, not proof of undervaluation or overvaluation. This output is for research purposes only and does not constitute investment advice.",neutral_report_risk,Report risk is currently neutral because filing-text extraction has not yet been integrated for this dataset.,Possible value trap
1091667,Charter Communications Inc,CHTR,2023,54873207817.578735,69608469105.46144,26.853289380983185,52.872465208328954,50,-0.23786103098613154,Research candidate,Random Forest,"Research signal: Research candidate. This signal was assigned because the model-estimated fair value is 26.9% above actual market cap; fundamentals are in the middle range of the training dataset; report risk is set to neutral because SEC filing text has not been integrated into this dataset; and the log-scale model error is low (-0.24). The valuation gap is a research signal, not proof of undervaluation or overvaluation. This output is for research purposes only and does not constitute investment advice.",neutral_report_risk,Report risk is currently neutral because filing-text extraction has not yet been integrated for this dataset.,Research candidate
1091667,Charter Communications Inc,CHTR,2024,48391708333.8681,69275322243.5719,43.15535580108441,50.50473232100229,50,-0.3587602587652263,Research candidate,Random Forest,"Research signal: Research candidate. This signal was assigned because the model-estimated fair value is 43.2% above actual market cap; fundamentals are in the middle range of the training dataset; report risk is set to neutral because SEC filing text has not been integrated into this dataset; and the log-scale model error is moderate (-0.36). The valuation gap is a research signal, not proof of undervaluation or overvaluation. This output is for research purposes only and does not constitute investment advice.",neutral_report_risk,Report risk is currently neutral because filing-text extraction has not yet been integrated for this dataset.,Research candidate
19617,JPMorgan Chase & Co,JPM,2017,290741545416.22943,279616228669.8583,-3.826531475040488,45.86666666666667,50,0.03901666131369552,Fairly valued / neutral,Random Forest,"Research signal: Fairly valued / neutral. This signal was assigned because the model-estimated fair value is within 5% of actual market cap; fundamentals are in the middle range of the training dataset; report risk is set to neutral because SEC filing text has not been integrated into this dataset; and the log-scale model error is low (+0.04). The valuation gap is a research signal, not proof of undervaluation or overvaluation. This output is for research purposes only and does not constitute investment advice.",neutral_report_risk,Report risk is currently neutral because filing-text extraction has not yet been integrated for this dataset.,Fairly valued / neutral
19617,JPMorgan Chase & Co,JPM,2018,259007403897.72693,280386712205.8922,8.254323230314773,41.09721865639709,50,-0.07931311755952208,Fairly valued / neutral,Random Forest,"Research signal: Fairly valued / neutral. This signal was assigned because the model-estimated fair value is 8.3% above actual market cap; fundamentals score in the lower third of the training dataset; report risk is set to neutral because SEC filing text has not been integrated into this dataset; and the log-scale model error is low (-0.08). The valuation gap is a research signal, not proof of undervaluation or overvaluation. This output is for research purposes only and does not constitute investment advice.",neutral_report_risk,Report risk is currently neutral because filing-text extraction has not yet been integrated for this dataset.,Fairly valued / neutral
19617,JPMorgan Chase & Co,JPM,2019,358078289114.4465,306567067671.3296,-14.385463461219015,41.435344458707746,50,0.15531509787978948,Potentially overvalued,Random Forest,"Research signal: Potentially overvalued. This signal was assigned because the model-estimated fair value is 14.4% below actual market cap; fundamentals score in the lower third of the training dataset; report risk is set to neutral because SEC filing text has not been integrated into this dataset; and the log-scale model error is low (+0.16). The valuation gap is a research signal, not proof of undervaluation or overvaluation. This output is for research purposes only and does not constitute investment advice.",neutral_report_risk,Report risk is currently neutral because filing-text extraction has not yet been integrated for this dataset.,Potentially overvalued
19617,JPMorgan Chase & Co,JPM,2020,335786839765.317,329671980389.0375,-1.8210539104371228,48.95806589644843,50,0.018378391887555523,Fairly valued / neutral,Random Forest,"Research signal: Fairly valued / neutral. This signal was assigned because the model-estimated fair value is within 5% of actual market cap; fundamentals are in the middle range of the training dataset; report risk is set to neutral because SEC filing text has not been integrated into this dataset; and the log-scale model error is low (+0.02). The valuation gap is a research signal, not proof of undervaluation or overvaluation. This output is for research purposes only and does not constitute investment advice.",neutral_report_risk,Report risk is currently neutral because filing-text extraction has not yet been integrated for this dataset.,Fairly valued / neutral
19617,JPMorgan Chase & Co,JPM,2021,415079487423.87463,401852296909.9291,-3.186664461796951,47.889259734702605,50,0.03238543736971167,Fairly valued / neutral,Random Forest,"Research signal: Fairly valued / neutral. This signal was assigned because the model-estimated fair value is within 5% of actual market cap; fundamentals are in the middle range of the training dataset; report risk is set to neutral because SEC filing text has not been integrated into this dataset; and the log-scale model error is low (+0.03). The valuation gap is a research signal, not proof of undervaluation or overvaluation. This output is for research purposes only and does not constitute investment advice.",neutral_report_risk,Report risk is currently neutral because filing-text extraction has not yet been integrated for this dataset.,Fairly valued / neutral
19617,JPMorgan Chase & Co,JPM,2022,361447450206.6344,354698760372.93427,-1.8671289090134688,42.15519897304236,50,0.018847798162575202,Fairly valued / neutral,Random Forest,"Research signal: Fairly valued / neutral. This signal was assigned because the model-estimated fair value is within 5% of actual market cap; fundamentals score in the lower third of the training dataset; report risk is set to neutral because SEC filing text has not been integrated into this dataset; and the log-scale model error is low (+0.02). The valuation gap is a research signal, not proof of undervaluation or overvaluation. This output is for research purposes only and does not constitute investment advice.",neutral_report_risk,Report risk is currently neutral because filing-text extraction has not yet been integrated for this dataset.,Fairly valued / neutral
19617,JPMorgan Chase & Co,JPM,2023,462043435160.11206,417302458343.4814,-9.683283737410223,45.520967051775784,50,0.10184762351055454,Fairly valued / neutral,Random Forest,"Research signal: Fairly valued / neutral. This signal was assigned because the model-estimated fair value is 9.7% below actual market cap; fundamentals are in the middle range of the training dataset; report risk is set to neutral because SEC filing text has not been integrated into this dataset; and the log-scale model error is low (+0.10). The valuation gap is a research signal, not proof of undervaluation or overvaluation. This output is for research purposes only and does not constitute investment advice.",neutral_report_risk,Report risk is currently neutral because filing-text extraction has not yet been integrated for this dataset.,Fairly valued / neutral
19617,JPMorgan Chase & Co,JPM,2024,647170353013.0511,475045441459.621,-26.596538415590715,46.748652118100125,50,0.30919909092910913,Potentially overvalued,Random Forest,"Research signal: Potentially overvalued. This signal was assigned because the model-estimated fair value is 26.6% below actual market cap; fundamentals are in the middle range of the training dataset; report risk is set to neutral because SEC filing text has not been integrated into this dataset; and the log-scale model error is moderate (+0.31). The valuation gap is a research signal, not proof of undervaluation or overvaluation. This output is for research purposes only and does not constitute investment advice.",neutral_report_risk,Report risk is currently neutral because filing-text extraction has not yet been integrated for this dataset.,Potentially overvalued
70858,Bank of America Corp,BAC,2017,247883406915.4468,218233608605.06335,-11.961187188498268,49.7460112117292,50,0.1273924140697531,Potentially overvalued,Random Forest,"Research signal: Potentially overvalued. This signal was assigned because the model-estimated fair value is 12.0% below actual market cap; fundamentals are in the middle range of the training dataset; report risk is set to neutral because SEC filing text has not been integrated into this dataset; and the log-scale model error is low (+0.13). The valuation gap is a research signal, not proof of undervaluation or overvaluation. This output is for research purposes only and does not constitute investment advice.",neutral_report_risk,Report risk is currently neutral because filing-text extraction has not yet been integrated for this dataset.,Potentially overvalued
70858,Bank of America Corp,BAC,2018,198677590397.3257,205046109128.3444,3.2054539811372704,43.55723683518581,50,-0.031551514317360585,Fairly valued / neutral,Random Forest,"Research signal: Fairly valued / neutral. This signal was assigned because the model-estimated fair value is within 5% of actual market cap; fundamentals score in the lower third of the training dataset; report risk is set to neutral because SEC filing text has not been integrated into this dataset; and the log-scale model error is low (-0.03). The valuation gap is a research signal, not proof of undervaluation or overvaluation. This output is for research purposes only and does not constitute investment advice.",neutral_report_risk,Report risk is currently neutral because filing-text extraction has not yet been integrated for this dataset.,Fairly valued / neutral
70858,Bank of America Corp,BAC,2019,262474445400.53223,203016682908.82385,-22.652781454962856,45.95771975769734,50,0.2568655689557495,Potentially overvalued,Random Forest,"Research signal: Potentially overvalued. This signal was assigned because the model-estimated fair value is 22.7% below actual market cap; fundamentals are in the middle range of the training dataset; report risk is set to neutral because SEC filing text has not been integrated into this dataset; and the log-scale model error is low (+0.26). The valuation gap is a research signal, not proof of undervaluation or overvaluation. This output is for research purposes only and does not constitute investment advice.",neutral_report_risk,Report risk is currently neutral because filing-text extraction has not yet been integrated for this dataset.,Potentially overvalued
70858,Bank of America Corp,BAC,2020,229407325739.89975,220102835189.1324,-4.055882052047773,50.335598596402654,50,0.04140426871780889,Fairly valued / neutral,Random Forest,"Research signal: Fairly valued / neutral. This signal was assigned because the model-estimated fair value is within 5% of actual market cap; fundamentals are in the middle range of the training dataset; report risk is set to neutral because SEC filing text has not been integrated into this dataset; and the log-scale model error is low (+0.04). The valuation gap is a research signal, not proof of undervaluation or overvaluation. This output is for research purposes only and does not constitute investment advice.",neutral_report_risk,Report risk is currently neutral because filing-text extraction has not yet been integrated for this dataset.,Fairly valued / neutral
70858,Bank of America Corp,BAC,2021,320816529317.02954,277979342302.0982,-13.352549853377353,47.11592503962079,50,0.14332259730363006,Potentially overvalued,Random Forest,"Research signal: Potentially overvalued. This signal was assigned because the model-estimated fair value is 13.4% below actual market cap; fundamentals are in the middle range of the training dataset; report risk is set to neutral because SEC filing text has not been integrated into this dataset; and the log-scale model error is low (+0.14). The valuation gap is a research signal, not proof of undervaluation or overvaluation. This output is for research purposes only and does not constitute investment advice.",neutral_report_risk,Report risk is currently neutral because filing-text extraction has not yet been integrated for this dataset.,Potentially overvalued
70858,Bank of America Corp,BAC,2022,242390987542.2992,186108745550.274,-23.219610003941877,40.25821369597914,50,0.2642209170319063,Potentially overvalued,Random Forest,"Research signal: Potentially overvalued. This signal was assigned because the model-estimated fair value is 23.2% below actual market cap; fundamentals score in the lower third of the training dataset; report risk is set to neutral because SEC filing text has not been integrated into this dataset; and the log-scale model error is low (+0.26). The valuation gap is a research signal, not proof of undervaluation or overvaluation. This output is for research purposes only and does not constitute investment advice.",neutral_report_risk,Report risk is currently neutral because filing-text extraction has not yet been integrated for this dataset.,Potentially overvalued
70858,Bank of America Corp,BAC,2023,249924217370.34644,265080434055.05927,6.064324955854046,52.06447569085209,50,-0.05887556327769161,Fairly valued / neutral,Random Forest,"Research signal: Fairly valued / neutral. This signal was assigned because the model-estimated fair value is 6.1% above actual market cap; fundamentals are in the middle range of the training dataset; report risk is set to neutral because SEC filing text has not been integrated into this dataset; and the log-scale model error is low (-0.06). The valuation gap is a research signal, not proof of undervaluation or overvaluation. This output is for research purposes only and does not constitute investment advice.",neutral_report_risk,Report risk is currently neutral because filing-text extraction has not yet been integrated for this dataset.,Fairly valued / neutral
70858,Bank of America Corp,BAC,2024,323144594321.2854,285410262223.7306,-11.677228324617301,52.138533994722394,50,0.12417222175761822,Potentially overvalued,Random Forest,"Research signal: Potentially overvalued. This signal was assigned because the model-estimated fair value is 11.7% below actual market cap; fundamentals are in the middle range of the training dataset; report risk is set to neutral because SEC filing text has not been integrated into this dataset; and the log-scale model error is low (+0.12). The valuation gap is a research signal, not proof of undervaluation or overvaluation. This output is for research purposes only and does not constitute investment advice.",neutral_report_risk,Report risk is currently neutral because filing-text extraction has not yet been integrated for this dataset.,Potentially overvalued
1403161,Visa Inc,V,2017,204297807895.17975,122298073019.00667,-40.13735424818907,59.314355042803925,50,0.5131174855457843,Potentially overvalued,Random Forest,"Research signal: Potentially overvalued. This signal was assigned because the model-estimated fair value is 40.1% below actual market cap; fundamentals are in the middle range of the training dataset; report risk is set to neutral because SEC filing text has not been integrated into this dataset; and the log-scale model error is moderate (+0.51). The valuation gap is a research signal, not proof of undervaluation or overvaluation. This output is for research purposes only and does not constitute investment advice.",neutral_report_risk,Report risk is currently neutral because filing-text extraction has not yet been integrated for this dataset.,Potentially overvalued
1403161,Visa Inc,V,2018,237981591814.4394,114132487640.53711,-52.04146389207731,57.80057203100921,50,0.7348333794822217,Potentially overvalued,Random Forest,"Research signal: Potentially overvalued. This signal was assigned because the model-estimated fair value is 52.0% below actual market cap; fundamentals are in the middle range of the training dataset; report risk is set to neutral because SEC filing text has not been integrated into this dataset; and the log-scale model error is high (+0.73) — treat this estimate with additional caution. The valuation gap is a research signal, not proof of undervaluation or overvaluation. This output is for research purposes only and does not constitute investment advice.",neutral_report_risk,Report risk is currently neutral because filing-text extraction has not yet been integrated for this dataset.,Potentially overvalued
1403161,Visa Inc,V,2019,341091894053.0731,222062349654.94086,-34.89662066833272,66.47797619609926,50,0.4291937282641989,Potentially overvalued,Random Forest,"Research signal: Potentially overvalued. This signal was assigned because the model-estimated fair value is 34.9% below actual market cap; fundamentals score in the upper third of the training dataset; report risk is set to neutral because SEC filing text has not been integrated into this dataset; and the log-scale model error is moderate (+0.43). The valuation gap is a research signal, not proof of undervaluation or overvaluation. This output is for research purposes only and does not constitute investment advice.",neutral_report_risk,Report risk is currently neutral because filing-text extraction has not yet been integrated for this dataset.,Potentially overvalued
1403161,Visa Inc,V,2020,399501162148.1598,218979443681.3668,-45.18678180962196,67.18784706266831,50,0.6012388132664448,Potentially overvalued,Random Forest,"Research signal: Potentially overvalued. This signal was assigned because the model-estimated fair value is 45.2% below actual market cap; fundamentals score in the upper third of the training dataset; report risk is set to neutral because SEC filing text has not been integrated into this dataset; and the log-scale model error is high (+0.60) — treat this estimate with additional caution. The valuation gap is a research signal, not proof of undervaluation or overvaluation. This output is for research purposes only and does not constitute investment advice.",neutral_report_risk,Report risk is currently neutral because filing-text extraction has not yet been integrated for this dataset.,Potentially overvalued
1403161,Visa Inc,V,2021,398243044408.4015,381758152220.5487,-4.1394049235289065,63.78600297517451,50,0.042275184509641406,Fairly valued / neutral,Random Forest,"Research signal: Fairly valued / neutral. This signal was assigned because the model-estimated fair value is within 5% of actual market cap; fundamentals are in the middle range of the training dataset; report risk is set to neutral because SEC filing text has not been integrated into this dataset; and the log-scale model error is low (+0.04). The valuation gap is a research signal, not proof of undervaluation or overvaluation. This output is for research purposes only and does not constitute investment advice.",neutral_report_risk,Report risk is currently neutral because filing-text extraction has not yet been integrated for this dataset.,Fairly valued / neutral
1403161,Visa Inc,V,2022,384683950048.23303,333488079045.4836,-13.308553943134443,53.4645000595799,50,0.1428149684661193,Potentially overvalued,Random Forest,"Research signal: Potentially overvalued. This signal was assigned because the model-estimated fair value is 13.3% below actual market cap; fundamentals are in the middle range of the training dataset; report risk is set to neutral because SEC filing text has not been integrated into this dataset; and the log-scale model error is low (+0.14). The valuation gap is a research signal, not proof of undervaluation or overvaluation. This output is for research purposes only and does not constitute investment advice.",neutral_report_risk,Report risk is currently neutral because filing-text extraction has not yet been integrated for this dataset.,Potentially overvalued
1403161,Visa Inc,V,2023,485886545224.6765,402735815030.87305,-17.113198752057258,65.97893537712125,50,0.1876943494544996,Potentially overvalued,Random Forest,"Research signal: Potentially overvalued. This signal was assigned because the model-estimated fair value is 17.1% below actual market cap; fundamentals score in the upper third of the training dataset; report risk is set to neutral because SEC filing text has not been integrated into this dataset; and the log-scale model error is low (+0.19). The valuation gap is a research signal, not proof of undervaluation or overvaluation. This output is for research purposes only and does not constitute investment advice.",neutral_report_risk,Report risk is currently neutral because filing-text extraction has not yet been integrated for this dataset.,Potentially overvalued
1403161,Visa Inc,V,2024,594328250517.0044,513674307412.93,-13.570605643247443,73.05005980268295,50,0.1458423555748034,Potentially overvalued,Random Forest,"Research signal: Potentially overvalued. This signal was assigned because the model-estimated fair value is 13.6% below actual market cap; fundamentals score in the upper third of the training dataset; report risk is set to neutral because SEC filing text has not been integrated into this dataset; and the log-scale model error is low (+0.15). The valuation gap is a research signal, not proof of undervaluation or overvaluation. This output is for research purposes only and does not constitute investment advice.",neutral_report_risk,Report risk is currently neutral because filing-text extraction has not yet been integrated for this dataset.,Potentially overvalued
1141391,Mastercard Inc,MA,2017,127274580910.55605,102028201112.60284,-19.836152370201432,61.136468870838904,50,0.2210975504297359,Potentially overvalued,Random Forest,"Research signal: Potentially overvalued. This signal was assigned because the model-estimated fair value is 19.8% below actual market cap; fundamentals are in the middle range of the training dataset; report risk is set to neutral because SEC filing text has not been integrated into this dataset; and the log-scale model error is low (+0.22). The valuation gap is a research signal, not proof of undervaluation or overvaluation. This output is for research purposes only and does not constitute investment advice.",neutral_report_risk,Report risk is currently neutral because filing-text extraction has not yet been integrated for this dataset.,Potentially overvalued
1141391,Mastercard Inc,MA,2018,159491429402.92627,163387355140.72617,2.442717926840786,68.10360537249434,50,-0.024133606881552083,Fairly valued / neutral,Random Forest,"Research signal: Fairly valued / neutral. This signal was assigned because the model-estimated fair value is within 5% of actual market cap; fundamentals score in the upper third of the training dataset; report risk is set to neutral because SEC filing text has not been integrated into this dataset; and the log-scale model error is low (-0.02). The valuation gap is a research signal, not proof of undervaluation or overvaluation. This output is for research purposes only and does not constitute investment advice.",neutral_report_risk,Report risk is currently neutral because filing-text extraction has not yet been integrated for this dataset.,Fairly valued / neutral
1141391,Mastercard Inc,MA,2019,253843384116.6208,207437945474.07492,-18.281129840762866,51.607621527771634,50,0.20188524189003232,Potentially overvalued,Random Forest,"Research signal: Potentially overvalued. This signal was assigned because the model-estimated fair value is 18.3% below actual market cap; fundamentals are in the middle range of the training dataset; report risk is set to neutral because SEC filing text has not been integrated into this dataset; and the log-scale model error is low (+0.20). The valuation gap is a research signal, not proof of undervaluation or overvaluation. This output is for research purposes only and does not constitute investment advice.",neutral_report_risk,Report risk is currently neutral because filing-text extraction has not yet been integrated for this dataset.,Potentially overvalued
1141391,Mastercard Inc,MA,2020,305085099723.2547,218895777090.81915,-28.250911863810664,49.61332459367766,50,0.331995040332405,Potentially overvalued,Random Forest,"Research signal: Potentially overvalued. This signal was assigned because the model-estimated fair value is 28.3% below actual market cap; fundamentals are in the middle range of the training dataset; report risk is set to neutral because SEC filing text has not been integrated into this dataset; and the log-scale model error is moderate (+0.33). The valuation gap is a research signal, not proof of undervaluation or overvaluation. This output is for research purposes only and does not constitute investment advice.",neutral_report_risk,Report risk is currently neutral because filing-text extraction has not yet been integrated for this dataset.,Potentially overvalued
1141391,Mastercard Inc,MA,2021,308625771880.4961,235073130395.56165,-23.83230701595944,59.79265579122746,50,0.2722327897863721,Potentially overvalued,Random Forest,"Research signal: Potentially overvalued. This signal was assigned because the model-estimated fair value is 23.8% below actual market cap; fundamentals are in the middle range of the training dataset; report risk is set to neutral because SEC filing text has not been integrated into this dataset; and the log-scale model error is low (+0.27). The valuation gap is a research signal, not proof of undervaluation or overvaluation. This output is for research purposes only and does not constitute investment advice.",neutral_report_risk,Report risk is currently neutral because filing-text extraction has not yet been integrated for this dataset.,Potentially overvalued
1141391,Mastercard Inc,MA,2022,300420910570.69995,207628260730.15457,-30.88754696344877,46.060656534463,50,0.3694352538460457,Potentially overvalued,Random Forest,"Research signal: Potentially overvalued. This signal was assigned because the model-estimated fair value is 30.9% below actual market cap; fundamentals are in the middle range of the training dataset; report risk is set to neutral because SEC filing text has not been integrated into this dataset; and the log-scale model error is moderate (+0.37). The valuation gap is a research signal, not proof of undervaluation or overvaluation. This output is for research purposes only and does not constitute investment advice.",neutral_report_risk,Report risk is currently neutral because filing-text extraction has not yet been integrated for this dataset.,Potentially overvalued
1141391,Mastercard Inc,MA,2023,370731108919.2056,255950817396.8522,-30.960523344526713,65.43417189761485,50,0.3704917195505537,Potentially overvalued,Random Forest,"Research signal: Potentially overvalued. This signal was assigned because the model-estimated fair value is 31.0% below actual market cap; fundamentals score in the upper third of the training dataset; report risk is set to neutral because SEC filing text has not been integrated into this dataset; and the log-scale model error is moderate (+0.37). The valuation gap is a research signal, not proof of undervaluation or overvaluation. This output is for research purposes only and does not constitute investment advice.",neutral_report_risk,Report risk is currently neutral because filing-text extraction has not yet been integrated for this dataset.,Potentially overvalued
1141391,Mastercard Inc,MA,2024,460352797141.5796,273265240685.5931,-40.64003903476848,63.85215634133991,50,0.5215502447229916,Potentially overvalued,Random Forest,"Research signal: Potentially overvalued. This signal was assigned because the model-estimated fair value is 40.6% below actual market cap; fundamentals are in the middle range of the training dataset; report risk is set to neutral because SEC filing text has not been integrated into this dataset; and the log-scale model error is moderate (+0.52). The valuation gap is a research signal, not proof of undervaluation or overvaluation. This output is for research purposes only and does not constitute investment advice.",neutral_report_risk,Report risk is currently neutral because filing-text extraction has not yet been integrated for this dataset.,Potentially overvalued
4962,American Express Co,AXP,2017,76032005792.58653,73950509172.93967,-2.7376584346928032,54.73324708926262,50,0.027758305985507548,Fairly valued / neutral,Random Forest,"Research signal: Fairly valued / neutral. This signal was assigned because the model-estimated fair value is within 5% of actual market cap; fundamentals are in the middle range of the training dataset; report risk is set to neutral because SEC filing text has not been integrated into this dataset; and the log-scale model error is low (+0.03). The valuation gap is a research signal, not proof of undervaluation or overvaluation. This output is for research purposes only and does not constitute investment advice.",neutral_report_risk,Report risk is currently neutral because filing-text extraction has not yet been integrated for this dataset.,Fairly valued / neutral
4962,American Express Co,AXP,2018,72584462384.69728,83352625154.70546,14.835355138317304,52.641957740405346,50,-0.13832922207198806,Research candidate,Random Forest,"Research signal: Research candidate. This signal was assigned because the model-estimated fair value is 14.8% above actual market cap; fundamentals are in the middle range of the training dataset; report risk is set to neutral because SEC filing text has not been integrated into this dataset; and the log-scale model error is low (-0.14). The valuation gap is a research signal, not proof of undervaluation or overvaluation. This output is for research purposes only and does not constitute investment advice.",neutral_report_risk,Report risk is currently neutral because filing-text extraction has not yet been integrated for this dataset.,Research candidate
4962,American Express Co,AXP,2019,92157829297.35536,75154900734.0061,-18.44979280977616,41.544910298970215,50,0.20395131627164176,Potentially overvalued,Random Forest,"Research signal: Potentially overvalued. This signal was assigned because the model-estimated fair value is 18.4% below actual market cap; fundamentals score in the lower third of the training dataset; report risk is set to neutral because SEC filing text has not been integrated into this dataset; and the log-scale model error is low (+0.20). The valuation gap is a research signal, not proof of undervaluation or overvaluation. This output is for research purposes only and does not constitute investment advice.",neutral_report_risk,Report risk is currently neutral because filing-text extraction has not yet been integrated for this dataset.,Potentially overvalued
4962,American Express Co,AXP,2020,90829112648.45306,92429241968.57376,1.7616921199196027,57.316313248650296,50,-0.017463542002413845,Fairly valued / neutral,Random Forest,"Research signal: Fairly valued / neutral. This signal was assigned because the model-estimated fair value is within 5% of actual market cap; fundamentals are in the middle range of the training dataset; report risk is set to neutral because SEC filing text has not been integrated into this dataset; and the log-scale model error is low (-0.02). The valuation gap is a research signal, not proof of undervaluation or overvaluation. This output is for research purposes only and does not constitute investment advice.",neutral_report_risk,Report risk is currently neutral because filing-text extraction has not yet been integrated for this dataset.,Fairly valued / neutral
4962,American Express Co,AXP,2021,117195544744.381,93600835046.60905,-20.132770191251833,58.3109061107633,50,0.22480455741203187,Potentially overvalued,Random Forest,"Research signal: Potentially overvalued. This signal was assigned because the model-estimated fair value is 20.1% below actual market cap; fundamentals are in the middle range of the training dataset; report risk is set to neutral because SEC filing text has not been integrated into this dataset; and the log-scale model error is low (+0.22). The valuation gap is a research signal, not proof of undervaluation or overvaluation. This output is for research purposes only and does not constitute investment advice.",neutral_report_risk,Report risk is currently neutral because filing-text extraction has not yet been integrated for this dataset.,Potentially overvalued
4962,American Express Co,AXP,2022,105073296162.94226,79919530558.27051,-23.93925623658421,41.73104919399436,50,0.2736379048950326,Potentially overvalued,Random Forest,"Research signal: Potentially overvalued. This signal was assigned because the model-estimated fair value is 23.9% below actual market cap; fundamentals score in the lower third of the training dataset; report risk is set to neutral because SEC filing text has not been integrated into this dataset; and the log-scale model error is low (+0.27). The valuation gap is a research signal, not proof of undervaluation or overvaluation. This output is for research purposes only and does not constitute investment advice.",neutral_report_risk,Report risk is currently neutral because filing-text extraction has not yet been integrated for this dataset.,Potentially overvalued
4962,American Express Co,AXP,2023,131506306508.95592,106589295518.34973,-18.947388647790266,69.83669984129543,50,0.21007171929754875,Potentially overvalued,Random Forest,"Research signal: Potentially overvalued. This signal was assigned because the model-estimated fair value is 18.9% below actual market cap; fundamentals score in the upper third of the training dataset; report risk is set to neutral because SEC filing text has not been integrated into this dataset; and the log-scale model error is low (+0.21). The valuation gap is a research signal, not proof of undervaluation or overvaluation. This output is for research purposes only and does not constitute investment advice.",neutral_report_risk,Report risk is currently neutral because filing-text extraction has not yet been integrated for this dataset.,Potentially overvalued
4962,American Express Co,AXP,2024,204616357892.47348,96528769504.21632,-52.82450997640057,69.55511665922134,50,0.7512957074297262,Potentially overvalued,Random Forest,"Research signal: Potentially overvalued. This signal was assigned because the model-estimated fair value is 52.8% below actual market cap; fundamentals score in the upper third of the training dataset; report risk is set to neutral because SEC filing text has not been integrated into this dataset; and the log-scale model error is high (+0.75) — treat this estimate with additional caution. The valuation gap is a research signal, not proof of undervaluation or overvaluation. This output is for research purposes only and does not constitute investment advice.",neutral_report_risk,Report risk is currently neutral because filing-text extraction has not yet been integrated for this dataset.,Potentially overvalued
831001,Citigroup Inc,C,2017,144825965712.61523,149939127551.33368,3.5305560115267762,50.26584734799482,50,-0.034696610310877674,Fairly valued / neutral,Random Forest,"Research signal: Fairly valued / neutral. This signal was assigned because the model-estimated fair value is within 5% of actual market cap; fundamentals are in the middle range of the training dataset; report risk is set to neutral because SEC filing text has not been integrated into this dataset; and the log-scale model error is low (-0.03). The valuation gap is a research signal, not proof of undervaluation or overvaluation. This output is for research purposes only and does not constitute investment advice.",neutral_report_risk,Report risk is currently neutral because filing-text extraction has not yet been integrated for this dataset.,Fairly valued / neutral
831001,Citigroup Inc,C,2018,94763479344.18332,132495288319.9223,39.81682525469133,39.17892146198646,50,-0.3351629888923995,Possible value trap,Random Forest,"Research signal: Possible value trap. This signal was assigned because the model-estimated fair value is 39.8% above actual market cap; fundamentals score in the lower third of the training dataset; report risk is set to neutral because SEC filing text has not been integrated into this dataset; and the log-scale model error is moderate (-0.34). The valuation gap is a research signal, not proof of undervaluation or overvaluation. This output is for research purposes only and does not constitute investment advice.",neutral_report_risk,Report risk is currently neutral because filing-text extraction has not yet been integrated for this dataset.,Possible value trap
831001,Citigroup Inc,C,2019,133971825580.1,96395364367.08781,-28.048032524977213,39.60599036479913,50,0.32917140799699496,Potentially overvalued,Random Forest,"Research signal: Potentially overvalued. This signal was assigned because the model-estimated fair value is 28.0% below actual market cap; fundamentals score in the lower third of the training dataset; report risk is set to neutral because SEC filing text has not been integrated into this dataset; and the log-scale model error is moderate (+0.33). The valuation gap is a research signal, not proof of undervaluation or overvaluation. This output is for research purposes only and does not constitute investment advice.",neutral_report_risk,Report risk is currently neutral because filing-text extraction has not yet been integrated for this dataset.,Potentially overvalued
831001,Citigroup Inc,C,2020,106594629304.85156,122096812890.45203,14.543118810672476,44.57201761858975,50,-0.13578114961575594,Research candidate,Random Forest,"Research signal: Research candidate. This signal was assigned because the model-estimated fair value is 14.5% above actual market cap; fundamentals score in the lower third of the training dataset; report risk is set to neutral because SEC filing text has not been integrated into this dataset; and the log-scale model error is low (-0.14). The valuation gap is a research signal, not proof of undervaluation or overvaluation. This output is for research purposes only and does not constitute investment advice.",neutral_report_risk,Report risk is currently neutral because filing-text extraction has not yet been integrated for this dataset.,Research candidate
831001,Citigroup Inc,C,2021,102101642525.69817,118287799939.53932,15.852984353084457,47.256295401995345,50,-0.14715182505124247,Research candidate,Random Forest,"Research signal: Research candidate. This signal was assigned because the model-estimated fair value is 15.9% above actual market cap; fundamentals are in the middle range of the training dataset; report risk is set to neutral because SEC filing text has not been integrated into this dataset; and the log-scale model error is low (-0.15). The valuation gap is a research signal, not proof of undervaluation or overvaluation. This output is for research purposes only and does not constitute investment advice.",neutral_report_risk,Report risk is currently neutral because filing-text extraction has not yet been integrated for this dataset.,Research candidate
831001,Citigroup Inc,C,2022,78051557431.44221,104364200293.20496,33.711874211959,41.584273908511534,50,-0.2905171065319365,Possible value trap,Random Forest,"Research signal: Possible value trap. This signal was assigned because the model-estimated fair value is 33.7% above actual market cap; fundamentals score in the lower third of the training dataset; report risk is set to neutral because SEC filing text has not been integrated into this dataset; and the log-scale model error is low (-0.29). The valuation gap is a research signal, not proof of undervaluation or overvaluation. This output is for research purposes only and does not constitute investment advice.",neutral_report_risk,Report risk is currently neutral because filing-text extraction has not yet been integrated for this dataset.,Possible value trap
831001,Citigroup Inc,C,2023,91322536025.98306,117115353421.7195,28.24364994462908,44.23847891587107,50,-0.24876178373466473,Possible value trap,Random Forest,"Research signal: Possible value trap. This signal was assigned because the model-estimated fair value is 28.2% above actual market cap; fundamentals score in the lower third of the training dataset; report risk is set to neutral because SEC filing text has not been integrated into this dataset; and the log-scale model error is low (-0.25). The valuation gap is a research signal, not proof of undervaluation or overvaluation. This output is for research purposes only and does not constitute investment advice.",neutral_report_risk,Report risk is currently neutral because filing-text extraction has not yet been integrated for this dataset.,Possible value trap
831001,Citigroup Inc,C,2024,127793943755.6519,125031675037.56215,-2.1615020531578097,45.94846363218177,50,0.02185204686477249,Fairly valued / neutral,Random Forest,"Research signal: Fairly valued / neutral. This signal was assigned because the model-estimated fair value is within 5% of actual market cap; fundamentals are in the middle range of the training dataset; report risk is set to neutral because SEC filing text has not been integrated into this dataset; and the log-scale model error is low (+0.02). The valuation gap is a research signal, not proof of undervaluation or overvaluation. This output is for research purposes only and does not constitute investment advice.",neutral_report_risk,Report risk is currently neutral because filing-text extraction has not yet been integrated for this dataset.,Fairly valued / neutral
72971,Wells Fargo & Co,WFC,2017,234347509143.42163,178164905941.95255,-23.974056053262807,53.98219059939629,50,0.2740955362342383,Potentially overvalued,Random Forest,"Research signal: Potentially overvalued. This signal was assigned because the model-estimated fair value is 24.0% below actual market cap; fundamentals are in the middle range of the training dataset; report risk is set to neutral because SEC filing text has not been integrated into this dataset; and the log-scale model error is low (+0.27). The valuation gap is a research signal, not proof of undervaluation or overvaluation. This output is for research purposes only and does not constitute investment advice.",neutral_report_risk,Report risk is currently neutral because filing-text extraction has not yet been integrated for this dataset.,Potentially overvalued
72971,Wells Fargo & Co,WFC,2018,170860358034.8128,157985091660.72223,-7.5355492181909405,45.537892090843016,50,0.0783459312103183,Fairly valued / neutral,Random Forest,"Research signal: Fairly valued / neutral. This signal was assigned because the model-estimated fair value is 7.5% below actual market cap; fundamentals are in the middle range of the training dataset; report risk is set to neutral because SEC filing text has not been integrated into this dataset; and the log-scale model error is low (+0.08). The valuation gap is a research signal, not proof of undervaluation or overvaluation. This output is for research purposes only and does not constitute investment advice.",neutral_report_risk,Report risk is currently neutral because filing-text extraction has not yet been integrated for this dataset.,Fairly valued / neutral
72971,Wells Fargo & Co,WFC,2019,186991948923.08496,156649440827.21188,-16.226638778097232,46.86180184788162,50,0.17705511421641518,Potentially overvalued,Random Forest,"Research signal: Potentially overvalued. This signal was assigned because the model-estimated fair value is 16.2% below actual market cap; fundamentals are in the middle range of the training dataset; report risk is set to neutral because SEC filing text has not been integrated into this dataset; and the log-scale model error is low (+0.18). The valuation gap is a research signal, not proof of undervaluation or overvaluation. This output is for research purposes only and does not constitute investment advice.",neutral_report_risk,Report risk is currently neutral because filing-text extraction has not yet been integrated for this dataset.,Potentially overvalued
72971,Wells Fargo & Co,WFC,2020,110024051926.72173,143683800559.99982,30.593082188698318,54.97727468736524,50,-0.2669160599926421,Research candidate,Random Forest,"Research signal: Research candidate. This signal was assigned because the model-estimated fair value is 30.6% above actual market cap; fundamentals are in the middle range of the training dataset; report risk is set to neutral because SEC filing text has not been integrated into this dataset; and the log-scale model error is low (-0.27). The valuation gap is a research signal, not proof of undervaluation or overvaluation. This output is for research purposes only and does not constitute investment advice.",neutral_report_risk,Report risk is currently neutral because filing-text extraction has not yet been integrated for this dataset.,Research candidate
72971,Wells Fargo & Co,WFC,2021,163594742789.6715,157065740783.13843,-3.9909607700091008,53.94299266925399,50,0.04072784030716292,Fairly valued / neutral,Random Forest,"Research signal: Fairly valued / neutral. This signal was assigned because the model-estimated fair value is within 5% of actual market cap; fundamentals are in the middle range of the training dataset; report risk is set to neutral because SEC filing text has not been integrated into this dataset; and the log-scale model error is low (+0.04). The valuation gap is a research signal, not proof of undervaluation or overvaluation. This output is for research purposes only and does not constitute investment advice.",neutral_report_risk,Report risk is currently neutral because filing-text extraction has not yet been integrated for this dataset.,Fairly valued / neutral
72971,Wells Fargo & Co,WFC,2022,143308619619.32764,103132485875.7776,-28.03469452868248,47.67442863303148,50,0.32898605156187344,Potentially overvalued,Random Forest,"Research signal: Potentially overvalued. This signal was assigned because the model-estimated fair value is 28.0% below actual market cap; fundamentals are in the middle range of the training dataset; report risk is set to neutral because SEC filing text has not been integrated into this dataset; and the log-scale model error is moderate (+0.33). The valuation gap is a research signal, not proof of undervaluation or overvaluation. This output is for research purposes only and does not constitute investment advice.",neutral_report_risk,Report risk is currently neutral because filing-text extraction has not yet been integrated for this dataset.,Potentially overvalued
72971,Wells Fargo & Co,WFC,2023,166128173423.0406,177198672583.6343,6.6638300611438215,56.57490297542044,50,-0.06451192760718882,Fairly valued / neutral,Random Forest,"Research signal: Fairly valued / neutral. This signal was assigned because the model-estimated fair value is 6.7% above actual market cap; fundamentals are in the middle range of the training dataset; report risk is set to neutral because SEC filing text has not been integrated into this dataset; and the log-scale model error is low (-0.06). The valuation gap is a research signal, not proof of undervaluation or overvaluation. This output is for research purposes only and does not constitute investment advice.",neutral_report_risk,Report risk is currently neutral because filing-text extraction has not yet been integrated for this dataset.,Fairly valued / neutral
72971,Wells Fargo & Co,WFC,2024,223665826997.23407,164220965411.941,-26.577534164853972,50.38727899956878,50,0.30894022315041525,Potentially overvalued,Random Forest,"Research signal: Potentially overvalued. This signal was assigned because the model-estimated fair value is 26.6% below actual market cap; fundamentals are in the middle range of the training dataset; report risk is set to neutral because SEC filing text has not been integrated into this dataset; and the log-scale model error is moderate (+0.31). The valuation gap is a research signal, not proof of undervaluation or overvaluation. This output is for research purposes only and does not constitute investment advice.",neutral_report_risk,Report risk is currently neutral because filing-text extraction has not yet been integrated for this dataset.,Potentially overvalued
927628,Capital One Financial Corp,COF,2017,41825479018.15075,79835172312.87105,90.87688697653759,49.99154808106943,50,-0.646458463430001,Research candidate,Random Forest,"Research signal: Research candidate. This signal was assigned because the model-estimated fair value is 90.9% above actual market cap; fundamentals are in the middle range of the training dataset; report risk is set to neutral because SEC filing text has not been integrated into this dataset; and the log-scale model error is high (-0.65) — treat this estimate with additional caution. The valuation gap is a research signal, not proof of undervaluation or overvaluation. This output is for research purposes only and does not constitute investment advice.",neutral_report_risk,Report risk is currently neutral because filing-text extraction has not yet been integrated for this dataset.,Research candidate
927628,Capital One Financial Corp,COF,2018,31080738537.129944,42941077064.490616,38.15977060259353,36.674146042543015,50,-0.323240587473979,Possible value trap,Random Forest,"Research signal: Possible value trap. This signal was assigned because the model-estimated fair value is 38.2% above actual market cap; fundamentals score in the lower third of the training dataset; report risk is set to neutral because SEC filing text has not been integrated into this dataset; and the log-scale model error is moderate (-0.32). The valuation gap is a research signal, not proof of undervaluation or overvaluation. This output is for research purposes only and does not constitute investment advice.",neutral_report_risk,Report risk is currently neutral because filing-text extraction has not yet been integrated for this dataset.,Possible value trap
927628,Capital One Financial Corp,COF,2019,42092517846.83786,44741280170.78826,6.292715331471638,39.15787248387906,50,-0.06102656767452075,Fairly valued / neutral,Random Forest,"Research signal: Fairly valued / neutral. This signal was assigned because the model-estimated fair value is 6.3% above actual market cap; fundamentals score in the lower third of the training dataset; report risk is set to neutral because SEC filing text has not been integrated into this dataset; and the log-scale model error is low (-0.06). The valuation gap is a research signal, not proof of undervaluation or overvaluation. This output is for research purposes only and does not constitute investment advice.",neutral_report_risk,Report risk is currently neutral because filing-text extraction has not yet been integrated for this dataset.,Fairly valued / neutral
927628,Capital One Financial Corp,COF,2020,41163370838.09097,46386901922.85682,12.689755426764505,47.62009758090363,50,-0.11946832965492504,Research candidate,Random Forest,"Research signal: Research candidate. This signal was assigned because the model-estimated fair value is 12.7% above actual market cap; fundamentals are in the middle range of the training dataset; report risk is set to neutral because SEC filing text has not been integrated into this dataset; and the log-scale model error is low (-0.12). The valuation gap is a research signal, not proof of undervaluation or overvaluation. This output is for research purposes only and does not constitute investment advice.",neutral_report_risk,Report risk is currently neutral because filing-text extraction has not yet been integrated for this dataset.,Research candidate
927628,Capital One Financial Corp,COF,2021,55365245645.08447,53876518964.80093,-2.688919127762817,56.840130672498944,50,0.02725731970136991,Fairly valued / neutral,Random Forest,"Research signal: Fairly valued / neutral. This signal was assigned because the model-estimated fair value is within 5% of actual market cap; fundamentals are in the middle range of the training dataset; report risk is set to neutral because SEC filing text has not been integrated into this dataset; and the log-scale model error is low (+0.03). The valuation gap is a research signal, not proof of undervaluation or overvaluation. This output is for research purposes only and does not constitute investment advice.",neutral_report_risk,Report risk is currently neutral because filing-text extraction has not yet been integrated for this dataset.,Fairly valued / neutral
927628,Capital One Financial Corp,COF,2022,33360578736.382553,43442393959.17789,30.22074437755558,39.84635231311802,50,-0.2640608581117334,Possible value trap,Random Forest,"Research signal: Possible value trap. This signal was assigned because the model-estimated fair value is 30.2% above actual market cap; fundamentals score in the lower third of the training dataset; report risk is set to neutral because SEC filing text has not been integrated into this dataset; and the log-scale model error is low (-0.26). The valuation gap is a research signal, not proof of undervaluation or overvaluation. This output is for research purposes only and does not constitute investment advice.",neutral_report_risk,Report risk is currently neutral because filing-text extraction has not yet been integrated for this dataset.,Possible value trap
927628,Capital One Financial Corp,COF,2023,48035987276.10901,62853204364.59453,30.846075887473123,69.60012820363787,50,-0.26885145314191305,Research candidate,Random Forest,"Research signal: Research candidate. This signal was assigned because the model-estimated fair value is 30.8% above actual market cap; fundamentals score in the upper third of the training dataset; report risk is set to neutral because SEC filing text has not been integrated into this dataset; and the log-scale model error is low (-0.27). The valuation gap is a research signal, not proof of undervaluation or overvaluation. This output is for research purposes only and does not constitute investment advice.",neutral_report_risk,Report risk is currently neutral because filing-text extraction has not yet been integrated for this dataset.,Research candidate
927628,Capital One Financial Corp,COF,2024,66600230043.20697,53974704750.15708,-18.95717970472334,59.03447382536738,50,0.21019252537882238,Potentially overvalued,Random Forest,"Research signal: Potentially overvalued. This signal was assigned because the model-estimated fair value is 19.0% below actual market cap; fundamentals are in the middle range of the training dataset; report risk is set to neutral because SEC filing text has not been integrated into this dataset; and the log-scale model error is low (+0.21). The valuation gap is a research signal, not proof of undervaluation or overvaluation. This output is for research purposes only and does not constitute investment advice.",neutral_report_risk,Report risk is currently neutral because filing-text extraction has not yet been integrated for this dataset.,Potentially overvalued
1571949,Intercontinental Exchange Inc,ICE,2017,36834815138.825485,53029674442.739296,43.96617505172092,63.81460564545205,50,-0.36440819052148754,Research candidate,Random Forest,"Research signal: Research candidate. This signal was assigned because the model-estimated fair value is 44.0% above actual market cap; fundamentals are in the middle range of the training dataset; report risk is set to neutral because SEC filing text has not been integrated into this dataset; and the log-scale model error is moderate (-0.36). The valuation gap is a research signal, not proof of undervaluation or overvaluation. This output is for research purposes only and does not constitute investment advice.",neutral_report_risk,Report risk is currently neutral because filing-text extraction has not yet been integrated for this dataset.,Research candidate
1571949,Intercontinental Exchange Inc,ICE,2018,38877978271.09485,54659641710.29714,40.5928089396966,73.22835344380665,50,-0.3406976465591356,Research candidate,Random Forest,"Research signal: Research candidate. This signal was assigned because the model-estimated fair value is 40.6% above actual market cap; fundamentals score in the upper third of the training dataset; report risk is set to neutral because SEC filing text has not been integrated into this dataset; and the log-scale model error is moderate (-0.34). The valuation gap is a research signal, not proof of undervaluation or overvaluation. This output is for research purposes only and does not constitute investment advice.",neutral_report_risk,Report risk is currently neutral because filing-text extraction has not yet been integrated for this dataset.,Research candidate
1571949,Intercontinental Exchange Inc,ICE,2019,47110752128.78467,52150927889.7073,10.69856780707834,59.72675944533333,50,-0.10164071603737312,Research candidate,Random Forest,"Research signal: Research candidate. This signal was assigned because the model-estimated fair value is 10.7% above actual market cap; fundamentals are in the middle range of the training dataset; report risk is set to neutral because SEC filing text has not been integrated into this dataset; and the log-scale model error is low (-0.10). The valuation gap is a research signal, not proof of undervaluation or overvaluation. This output is for research purposes only and does not constitute investment advice.",neutral_report_risk,Report risk is currently neutral because filing-text extraction has not yet been integrated for this dataset.,Research candidate
1571949,Intercontinental Exchange Inc,ICE,2020,60317880498.3764,67553352073.98598,11.99556668076945,62.13515316008818,50,-0.11328910131615189,Research candidate,Random Forest,"Research signal: Research candidate. This signal was assigned because the model-estimated fair value is 12.0% above actual market cap; fundamentals are in the middle range of the training dataset; report risk is set to neutral because SEC filing text has not been integrated into this dataset; and the log-scale model error is low (-0.11). The valuation gap is a research signal, not proof of undervaluation or overvaluation. This output is for research purposes only and does not constitute investment advice.",neutral_report_risk,Report risk is currently neutral because filing-text extraction has not yet been integrated for this dataset.,Research candidate
1571949,Intercontinental Exchange Inc,ICE,2021,72364401653.423,67701092504.41263,-6.444203285676986,59.20212573466789,50,0.06661217137876463,Fairly valued / neutral,Random Forest,"Research signal: Fairly valued / neutral. This signal was assigned because the model-estimated fair value is 6.4% below actual market cap; fundamentals are in the middle range of the training dataset; report risk is set to neutral because SEC filing text has not been integrated into this dataset; and the log-scale model error is low (+0.07). The valuation gap is a research signal, not proof of undervaluation or overvaluation. This output is for research purposes only and does not constitute investment advice.",neutral_report_risk,Report risk is currently neutral because filing-text extraction has not yet been integrated for this dataset.,Fairly valued / neutral
1571949,Intercontinental Exchange Inc,ICE,2022,54764578418.33093,73144472645.89592,33.561646521162345,70.38939594040508,50,-0.2893929569625726,Research candidate,Random Forest,"Research signal: Research candidate. This signal was assigned because the model-estimated fair value is 33.6% above actual market cap; fundamentals score in the upper third of the training dataset; report risk is set to neutral because SEC filing text has not been integrated into this dataset; and the log-scale model error is low (-0.29). The valuation gap is a research signal, not proof of undervaluation or overvaluation. This output is for research purposes only and does not constitute investment advice.",neutral_report_risk,Report risk is currently neutral because filing-text extraction has not yet been integrated for this dataset.,Research candidate
1571949,Intercontinental Exchange Inc,ICE,2023,71333645709.72214,76390171027.55476,7.088555852604442,71.51806915598755,50,-0.06848593097195987,Fairly valued / neutral,Random Forest,"Research signal: Fairly valued / neutral. This signal was assigned because the model-estimated fair value is 7.1% above actual market cap; fundamentals score in the upper third of the training dataset; report risk is set to neutral because SEC filing text has not been integrated into this dataset; and the log-scale model error is low (-0.07). The valuation gap is a research signal, not proof of undervaluation or overvaluation. This output is for research purposes only and does not constitute investment advice.",neutral_report_risk,Report risk is currently neutral because filing-text extraction has not yet been integrated for this dataset.,Fairly valued / neutral
1571949,Intercontinental Exchange Inc,ICE,2024,84072166568.06863,63837526014.248886,-24.068180207342305,53.66024452069788,50,0.275334356335307,Potentially overvalued,Random Forest,"Research signal: Potentially overvalued. This signal was assigned because the model-estimated fair value is 24.1% below actual market cap; fundamentals are in the middle range of the training dataset; report risk is set to neutral because SEC filing text has not been integrated into this dataset; and the log-scale model error is low (+0.28). The valuation gap is a research signal, not proof of undervaluation or overvaluation. This output is for research purposes only and does not constitute investment advice.",neutral_report_risk,Report risk is currently neutral because filing-text extraction has not yet been integrated for this dataset.,Potentially overvalued
1156375,CME Group Inc,CME,2017,38957104924.03354,53562946153.28166,37.49211153582781,51.34781420765027,50,-0.318396358824252,Research candidate,Random Forest,"Research signal: Research candidate. This signal was assigned because the model-estimated fair value is 37.5% above actual market cap; fundamentals are in the middle range of the training dataset; report risk is set to neutral because SEC filing text has not been integrated into this dataset; and the log-scale model error is moderate (-0.32). The valuation gap is a research signal, not proof of undervaluation or overvaluation. This output is for research purposes only and does not constitute investment advice.",neutral_report_risk,Report risk is currently neutral because filing-text extraction has not yet been integrated for this dataset.,Research candidate
1156375,CME Group Inc,CME,2018,51479962868.69939,61794167919.456955,20.035377797501802,55.07210273785223,50,-0.1826163283237392,Research candidate,Random Forest,"Research signal: Research candidate. This signal was assigned because the model-estimated fair value is 20.0% above actual market cap; fundamentals are in the middle range of the training dataset; report risk is set to neutral because SEC filing text has not been integrated into this dataset; and the log-scale model error is low (-0.18). The valuation gap is a research signal, not proof of undervaluation or overvaluation. This output is for research purposes only and does not constitute investment advice.",neutral_report_risk,Report risk is currently neutral because filing-text extraction has not yet been integrated for this dataset.,Research candidate
1156375,CME Group Inc,CME,2019,56456095428.900055,63159732103.819496,11.874070680927446,58.974940199358855,50,-0.11220368380976709,Research candidate,Random Forest,"Research signal: Research candidate. This signal was assigned because the model-estimated fair value is 11.9% above actual market cap; fundamentals are in the middle range of the training dataset; report risk is set to neutral because SEC filing text has not been integrated into this dataset; and the log-scale model error is low (-0.11). The valuation gap is a research signal, not proof of undervaluation or overvaluation. This output is for research purposes only and does not constitute investment advice.",neutral_report_risk,Report risk is currently neutral because filing-text extraction has not yet been integrated for this dataset.,Research candidate
1156375,CME Group Inc,CME,2020,52874586207.87868,65918278707.256775,24.669115041574543,60.81582735326921,50,-0.2204929619364009,Research candidate,Random Forest,"Research signal: Research candidate. This signal was assigned because the model-estimated fair value is 24.7% above actual market cap; fundamentals are in the middle range of the training dataset; report risk is set to neutral because SEC filing text has not been integrated into this dataset; and the log-scale model error is low (-0.22). The valuation gap is a research signal, not proof of undervaluation or overvaluation. This output is for research purposes only and does not constitute investment advice.",neutral_report_risk,Report risk is currently neutral because filing-text extraction has not yet been integrated for this dataset.,Research candidate
1156375,CME Group Inc,CME,2021,68456596764.66783,63924700987.65132,-6.620100897793294,58.5365366134248,50,0.06849407695341725,Fairly valued / neutral,Random Forest,"Research signal: Fairly valued / neutral. This signal was assigned because the model-estimated fair value is 6.6% below actual market cap; fundamentals are in the middle range of the training dataset; report risk is set to neutral because SEC filing text has not been integrated into this dataset; and the log-scale model error is low (+0.07). The valuation gap is a research signal, not proof of undervaluation or overvaluation. This output is for research purposes only and does not constitute investment advice.",neutral_report_risk,Report risk is currently neutral because filing-text extraction has not yet been integrated for this dataset.,Fairly valued / neutral
1156375,CME Group Inc,CME,2022,52788054216.65332,60145917093.47501,13.938499886022452,47.96363594912912,50,-0.1304886421535656,Research candidate,Random Forest,"Research signal: Research candidate. This signal was assigned because the model-estimated fair value is 13.9% above actual market cap; fundamentals are in the middle range of the training dataset; report risk is set to neutral because SEC filing text has not been integrated into this dataset; and the log-scale model error is low (-0.13). The valuation gap is a research signal, not proof of undervaluation or overvaluation. This output is for research purposes only and does not constitute investment advice.",neutral_report_risk,Report risk is currently neutral because filing-text extraction has not yet been integrated for this dataset.,Research candidate
1156375,CME Group Inc,CME,2023,69320913247.65074,61705396655.050476,-10.985886128466941,48.05707962429064,50,0.11637524600266502,Potentially overvalued,Random Forest,"Research signal: Potentially overvalued. This signal was assigned because the model-estimated fair value is 11.0% below actual market cap; fundamentals are in the middle range of the training dataset; report risk is set to neutral because SEC filing text has not been integrated into this dataset; and the log-scale model error is low (+0.12). The valuation gap is a research signal, not proof of undervaluation or overvaluation. This output is for research purposes only and does not constitute investment advice.",neutral_report_risk,Report risk is currently neutral because filing-text extraction has not yet been integrated for this dataset.,Potentially overvalued
1156375,CME Group Inc,CME,2024,80003983624.56075,67741345871.34086,-15.327533952266009,59.047649712045,50,0.16637971335667245,Potentially overvalued,Random Forest,"Research signal: Potentially overvalued. This signal was assigned because the model-estimated fair value is 15.3% below actual market cap; fundamentals are in the middle range of the training dataset; report risk is set to neutral because SEC filing text has not been integrated into this dataset; and the log-scale model error is low (+0.17). The valuation gap is a research signal, not proof of undervaluation or overvaluation. This output is for research purposes only and does not constitute investment advice.",neutral_report_risk,Report risk is currently neutral because filing-text extraction has not yet been integrated for this dataset.,Potentially overvalued
896159,Chubb Ltd,CB,2017,58725636788.25662,70624219882.39998,20.26130961686348,53.837128072445026,50,-0.18449676944316096,Research candidate,Random Forest,"Research signal: Research candidate. This signal was assigned because the model-estimated fair value is 20.3% above actual market cap; fundamentals are in the middle range of the training dataset; report risk is set to neutral because SEC filing text has not been integrated into this dataset; and the log-scale model error is low (-0.18). The valuation gap is a research signal, not proof of undervaluation or overvaluation. This output is for research purposes only and does not constitute investment advice.",neutral_report_risk,Report risk is currently neutral because filing-text extraction has not yet been integrated for this dataset.,Research candidate
896159,Chubb Ltd,CB,2018,52415111052.347206,76013672297.2842,45.02243870354295,64.86372385069258,50,-0.371718294139594,Research candidate,Random Forest,"Research signal: Research candidate. This signal was assigned because the model-estimated fair value is 45.0% above actual market cap; fundamentals are in the middle range of the training dataset; report risk is set to neutral because SEC filing text has not been integrated into this dataset; and the log-scale model error is moderate (-0.37). The valuation gap is a research signal, not proof of undervaluation or overvaluation. This output is for research purposes only and does not constitute investment advice.",neutral_report_risk,Report risk is currently neutral because filing-text extraction has not yet been integrated for this dataset.,Research candidate
896159,Chubb Ltd,CB,2019,63528019647.40723,72487749377.52687,14.103587330201497,46.414159693241245,50,-0.13193651061533984,Research candidate,Random Forest,"Research signal: Research candidate. This signal was assigned because the model-estimated fair value is 14.1% above actual market cap; fundamentals are in the middle range of the training dataset; report risk is set to neutral because SEC filing text has not been integrated into this dataset; and the log-scale model error is low (-0.13). The valuation gap is a research signal, not proof of undervaluation or overvaluation. This output is for research purposes only and does not constitute investment advice.",neutral_report_risk,Report risk is currently neutral because filing-text extraction has not yet been integrated for this dataset.,Research candidate
896159,Chubb Ltd,CB,2020,64184068370.06497,73242966771.50568,14.113936108272181,46.05910619479314,50,-0.13202720284547098,Research candidate,Random Forest,"Research signal: Research candidate. This signal was assigned because the model-estimated fair value is 14.1% above actual market cap; fundamentals are in the middle range of the training dataset; report risk is set to neutral because SEC filing text has not been integrated into this dataset; and the log-scale model error is low (-0.13). The valuation gap is a research signal, not proof of undervaluation or overvaluation. This output is for research purposes only and does not constitute investment advice.",neutral_report_risk,Report risk is currently neutral because filing-text extraction has not yet been integrated for this dataset.,Research candidate
896159,Chubb Ltd,CB,2021,77684983747.16776,77494484551.4101,-0.2452201011944025,48.49214121663924,50,0.002455212581168098,Fairly valued / neutral,Random Forest,"Research signal: Fairly valued / neutral. This signal was assigned because the model-estimated fair value is within 5% of actual market cap; fundamentals are in the middle range of the training dataset; report risk is set to neutral because SEC filing text has not been integrated into this dataset; and the log-scale model error is low (+0.00). The valuation gap is a research signal, not proof of undervaluation or overvaluation. This output is for research purposes only and does not constitute investment advice.",neutral_report_risk,Report risk is currently neutral because filing-text extraction has not yet been integrated for this dataset.,Fairly valued / neutral
896159,Chubb Ltd,CB,2022,87402676563.31055,76360656259.81628,-12.633503615299379,47.19420736550934,50,0.13505831337833385,Potentially overvalued,Random Forest,"Research signal: Potentially overvalued. This signal was assigned because the model-estimated fair value is 12.6% below actual market cap; fundamentals are in the middle range of the training dataset; report risk is set to neutral because SEC filing text has not been integrated into this dataset; and the log-scale model error is low (+0.14). The valuation gap is a research signal, not proof of undervaluation or overvaluation. This output is for research purposes only and does not constitute investment advice.",neutral_report_risk,Report risk is currently neutral because filing-text extraction has not yet been integrated for this dataset.,Potentially overvalued
896159,Chubb Ltd,CB,2023,89363830340.29724,116442462649.27156,30.301557359234664,62.150759728336716,50,-0.26468125017592214,Research candidate,Random Forest,"Research signal: Research candidate. This signal was assigned because the model-estimated fair value is 30.3% above actual market cap; fundamentals are in the middle range of the training dataset; report risk is set to neutral because SEC filing text has not been integrated into this dataset; and the log-scale model error is low (-0.26). The valuation gap is a research signal, not proof of undervaluation or overvaluation. This output is for research purposes only and does not constitute investment advice.",neutral_report_risk,Report risk is currently neutral because filing-text extraction has not yet been integrated for this dataset.,Research candidate
896159,Chubb Ltd,CB,2024,109250777696.76184,80796765400.72389,-26.044677114350023,52.34898701965844,50,0.301709019899711,Potentially overvalued,Random Forest,"Research signal: Potentially overvalued. This signal was assigned because the model-estimated fair value is 26.0% below actual market cap; fundamentals are in the middle range of the training dataset; report risk is set to neutral because SEC filing text has not been integrated into this dataset; and the log-scale model error is moderate (+0.30). The valuation gap is a research signal, not proof of undervaluation or overvaluation. This output is for research purposes only and does not constitute investment advice.",neutral_report_risk,Report risk is currently neutral because filing-text extraction has not yet been integrated for this dataset.,Potentially overvalued
200406,Johnson & Johnson,JNJ,2017,296510054034.8638,332646583352.6568,12.187286341914087,52.53186718413109,50,-0.11499948821950312,Research candidate,Random Forest,"Research signal: Research candidate. This signal was assigned because the model-estimated fair value is 12.2% above actual market cap; fundamentals are in the middle range of the training dataset; report risk is set to neutral because SEC filing text has not been integrated into this dataset; and the log-scale model error is low (-0.11). The valuation gap is a research signal, not proof of undervaluation or overvaluation. This output is for research purposes only and does not constitute investment advice.",neutral_report_risk,Report risk is currently neutral because filing-text extraction has not yet been integrated for this dataset.,Research candidate
200406,Johnson & Johnson,JNJ,2018,279222578552.741,299308906846.90186,7.193661915978194,45.468714105334016,50,-0.06946693698260731,Fairly valued / neutral,Random Forest,"Research signal: Fairly valued / neutral. This signal was assigned because the model-estimated fair value is 7.2% above actual market cap; fundamentals are in the middle range of the training dataset; report risk is set to neutral because SEC filing text has not been integrated into this dataset; and the log-scale model error is low (-0.07). The valuation gap is a research signal, not proof of undervaluation or overvaluation. This output is for research purposes only and does not constitute investment advice.",neutral_report_risk,Report risk is currently neutral because filing-text extraction has not yet been integrated for this dataset.,Fairly valued / neutral
200406,Johnson & Johnson,JNJ,2019,321049766438.77783,208164038999.93353,-35.16144200664631,41.8956656542122,50,0.4332697288288401,Potentially overvalued,Random Forest,"Research signal: Potentially overvalued. This signal was assigned because the model-estimated fair value is 35.2% below actual market cap; fundamentals score in the lower third of the training dataset; report risk is set to neutral because SEC filing text has not been integrated into this dataset; and the log-scale model error is moderate (+0.43). The valuation gap is a research signal, not proof of undervaluation or overvaluation. This output is for research purposes only and does not constitute investment advice.",neutral_report_risk,Report risk is currently neutral because filing-text extraction has not yet been integrated for this dataset.,Potentially overvalued
200406,Johnson & Johnson,JNJ,2020,354983403680.64624,366595236009.505,3.271091608357307,48.94897456464181,50,-0.03218730206985043,Fairly valued / neutral,Random Forest,"Research signal: Fairly valued / neutral. This signal was assigned because the model-estimated fair value is within 5% of actual market cap; fundamentals are in the middle range of the training dataset; report risk is set to neutral because SEC filing text has not been integrated into this dataset; and the log-scale model error is low (-0.03). The valuation gap is a research signal, not proof of undervaluation or overvaluation. This output is for research purposes only and does not constitute investment advice.",neutral_report_risk,Report risk is currently neutral because filing-text extraction has not yet been integrated for this dataset.,Fairly valued / neutral
200406,Johnson & Johnson,JNJ,2021,395675329865.1162,348935409067.7841,-11.812695224962724,41.743197872572445,50,0.12570717012620136,Potentially overvalued,Random Forest,"Research signal: Potentially overvalued. This signal was assigned because the model-estimated fair value is 11.8% below actual market cap; fundamentals score in the lower third of the training dataset; report risk is set to neutral because SEC filing text has not been integrated into this dataset; and the log-scale model error is low (+0.13). The valuation gap is a research signal, not proof of undervaluation or overvaluation. This output is for research purposes only and does not constitute investment advice.",neutral_report_risk,Report risk is currently neutral because filing-text extraction has not yet been integrated for this dataset.,Potentially overvalued
200406,Johnson & Johnson,JNJ,2022,415332204287.8142,355583671828.5138,-14.385721078805695,42.00246681291624,50,0.1553181069245717,Potentially overvalued,Random Forest,"Research signal: Potentially overvalued. This signal was assigned because the model-estimated fair value is 14.4% below actual market cap; fundamentals score in the lower third of the training dataset; report risk is set to neutral because SEC filing text has not been integrated into this dataset; and the log-scale model error is low (+0.16). The valuation gap is a research signal, not proof of undervaluation or overvaluation. This output is for research purposes only and does not constitute investment advice.",neutral_report_risk,Report risk is currently neutral because filing-text extraction has not yet been integrated for this dataset.,Potentially overvalued
200406,Johnson & Johnson,JNJ,2023,351196946018.017,329787294733.4379,-6.096195176902463,43.566494012458335,50,0.06289928064699524,Fairly valued / neutral,Random Forest,"Research signal: Fairly valued / neutral. This signal was assigned because the model-estimated fair value is 6.1% below actual market cap; fundamentals score in the lower third of the training dataset; report risk is set to neutral because SEC filing text has not been integrated into this dataset; and the log-scale model error is low (+0.06). The valuation gap is a research signal, not proof of undervaluation or overvaluation. This output is for research purposes only and does not constitute investment advice.",neutral_report_risk,Report risk is currently neutral because filing-text extraction has not yet been integrated for this dataset.,Fairly valued / neutral
200406,Johnson & Johnson,JNJ,2024,334139511850.4044,319060366122.7684,-4.512829280239997,46.21478177980527,50,0.046178285538548636,Fairly valued / neutral,Random Forest,"Research signal: Fairly valued / neutral. This signal was assigned because the model-estimated fair value is within 5% of actual market cap; fundamentals are in the middle range of the training dataset; report risk is set to neutral because SEC filing text has not been integrated into this dataset; and the log-scale model error is low (+0.05). The valuation gap is a research signal, not proof of undervaluation or overvaluation. This output is for research purposes only and does not constitute investment advice.",neutral_report_risk,Report risk is currently neutral because filing-text extraction has not yet been integrated for this dataset.,Fairly valued / neutral
731766,UnitedHealth Group Inc,UNH,2017,185197373197.16177,154023800180.2563,-16.83262158568415,35.857100290543556,50,0.18431500141328172,Potentially overvalued,Random Forest,"Research signal: Potentially overvalued. This signal was assigned because the model-estimated fair value is 16.8% below actual market cap; fundamentals score in the lower third of the training dataset; report risk is set to neutral because SEC filing text has not been integrated into this dataset; and the log-scale model error is low (+0.18). The valuation gap is a research signal, not proof of undervaluation or overvaluation. This output is for research purposes only and does not constitute investment advice.",neutral_report_risk,Report risk is currently neutral because filing-text extraction has not yet been integrated for this dataset.,Potentially overvalued
731766,UnitedHealth Group Inc,UNH,2018,210314543686.19797,187474106149.0083,-10.860132227122145,41.06307319699387,50,0.11496350183540116,Potentially overvalued,Random Forest,"Research signal: Potentially overvalued. This signal was assigned because the model-estimated fair value is 10.9% below actual market cap; fundamentals score in the lower third of the training dataset; report risk is set to neutral because SEC filing text has not been integrated into this dataset; and the log-scale model error is low (+0.11). The valuation gap is a research signal, not proof of undervaluation or overvaluation. This output is for research purposes only and does not constitute investment advice.",neutral_report_risk,Report risk is currently neutral because filing-text extraction has not yet been integrated for this dataset.,Potentially overvalued
731766,UnitedHealth Group Inc,UNH,2019,249499836996.11905,259938914319.14664,4.184001660566202,37.02040092203966,50,-0.040988396616093326,Fairly valued / neutral,Random Forest,"Research signal: Fairly valued / neutral. This signal was assigned because the model-estimated fair value is within 5% of actual market cap; fundamentals score in the lower third of the training dataset; report risk is set to neutral because SEC filing text has not been integrated into this dataset; and the log-scale model error is low (-0.04). The valuation gap is a research signal, not proof of undervaluation or overvaluation. This output is for research purposes only and does not constitute investment advice.",neutral_report_risk,Report risk is currently neutral because filing-text extraction has not yet been integrated for this dataset.,Fairly valued / neutral
731766,UnitedHealth Group Inc,UNH,2020,301481161621.7428,282809184340.23474,-6.193414268761208,39.788279608834614,50,0.06393512208618546,Fairly valued / neutral,Random Forest,"Research signal: Fairly valued / neutral. This signal was assigned because the model-estimated fair value is 6.2% below actual market cap; fundamentals score in the lower third of the training dataset; report risk is set to neutral because SEC filing text has not been integrated into this dataset; and the log-scale model error is low (+0.06). The valuation gap is a research signal, not proof of undervaluation or overvaluation. This output is for research purposes only and does not constitute investment advice.",neutral_report_risk,Report risk is currently neutral because filing-text extraction has not yet been integrated for this dataset.,Fairly valued / neutral
731766,UnitedHealth Group Inc,UNH,2021,435714837287.3405,289022464498.75775,-33.66705933216675,37.16458226858822,50,0.4104835695296316,Potentially overvalued,Random Forest,"Research signal: Potentially overvalued. This signal was assigned because the model-estimated fair value is 33.7% below actual market cap; fundamentals score in the lower third of the training dataset; report risk is set to neutral because SEC filing text has not been integrated into this dataset; and the log-scale model error is moderate (+0.41). The valuation gap is a research signal, not proof of undervaluation or overvaluation. This output is for research purposes only and does not constitute investment advice.",neutral_report_risk,Report risk is currently neutral because filing-text extraction has not yet been integrated for this dataset.,Potentially overvalued
731766,UnitedHealth Group Inc,UNH,2022,461949577311.9173,416465416806.5866,-9.846130993344087,37.19690108251201,50,0.10365231982590473,Fairly valued / neutral,Random Forest,"Research signal: Fairly valued / neutral. This signal was assigned because the model-estimated fair value is 9.8% below actual market cap; fundamentals score in the lower third of the training dataset; report risk is set to neutral because SEC filing text has not been integrated into this dataset; and the log-scale model error is low (+0.10). The valuation gap is a research signal, not proof of undervaluation or overvaluation. This output is for research purposes only and does not constitute investment advice.",neutral_report_risk,Report risk is currently neutral because filing-text extraction has not yet been integrated for this dataset.,Fairly valued / neutral
731766,UnitedHealth Group Inc,UNH,2023,460176230405.2804,409401351321.3854,-11.033790041518927,38.84146568965977,50,0.11691355173419637,Potentially overvalued,Random Forest,"Research signal: Potentially overvalued. This signal was assigned because the model-estimated fair value is 11.0% below actual market cap; fundamentals score in the lower third of the training dataset; report risk is set to neutral because SEC filing text has not been integrated into this dataset; and the log-scale model error is low (+0.12). The valuation gap is a research signal, not proof of undervaluation or overvaluation. This output is for research purposes only and does not constitute investment advice.",neutral_report_risk,Report risk is currently neutral because filing-text extraction has not yet been integrated for this dataset.,Potentially overvalued
731766,UnitedHealth Group Inc,UNH,2024,445566460231.8964,407535610658.35645,-8.535393250593124,41.21479073607388,50,0.08921810001936592,Fairly valued / neutral,Random Forest,"Research signal: Fairly valued / neutral. This signal was assigned because the model-estimated fair value is 8.5% below actual market cap; fundamentals score in the lower third of the training dataset; report risk is set to neutral because SEC filing text has not been integrated into this dataset; and the log-scale model error is low (+0.09). The valuation gap is a research signal, not proof of undervaluation or overvaluation. This output is for research purposes only and does not constitute investment advice.",neutral_report_risk,Report risk is currently neutral because filing-text extraction has not yet been integrated for this dataset.,Fairly valued / neutral
1551152,AbbVie Inc,ABBV,2017,106564775115.5886,123364424273.9515,15.764730080967828,63.902583434069236,50,-0.1463897566006196,Research candidate,Random Forest,"Research signal: Research candidate. This signal was assigned because the model-estimated fair value is 15.8% above actual market cap; fundamentals are in the middle range of the training dataset; report risk is set to neutral because SEC filing text has not been integrated into this dataset; and the log-scale model error is low (-0.15). The valuation gap is a research signal, not proof of undervaluation or overvaluation. This output is for research purposes only and does not constitute investment advice.",neutral_report_risk,Report risk is currently neutral because filing-text extraction has not yet been integrated for this dataset.,Research candidate
1551152,AbbVie Inc,ABBV,2018,98042298167.63223,127314443105.99461,29.856649104974075,69.40280634392937,50,-0.2612609568549189,Research candidate,Random Forest,"Research signal: Research candidate. This signal was assigned because the model-estimated fair value is 29.9% above actual market cap; fundamentals score in the upper third of the training dataset; report risk is set to neutral because SEC filing text has not been integrated into this dataset; and the log-scale model error is low (-0.26). The valuation gap is a research signal, not proof of undervaluation or overvaluation. This output is for research purposes only and does not constitute investment advice.",neutral_report_risk,Report risk is currently neutral because filing-text extraction has not yet been integrated for this dataset.,Research candidate
1551152,AbbVie Inc,ABBV,2019,99756406765.60548,118932809103.25574,19.223228822494026,63.311974631858064,50,-0.17582742232987414,Research candidate,Random Forest,"Research signal: Research candidate. This signal was assigned because the model-estimated fair value is 19.2% above actual market cap; fundamentals are in the middle range of the training dataset; report risk is set to neutral because SEC filing text has not been integrated into this dataset; and the log-scale model error is low (-0.18). The valuation gap is a research signal, not proof of undervaluation or overvaluation. This output is for research purposes only and does not constitute investment advice.",neutral_report_risk,Report risk is currently neutral because filing-text extraction has not yet been integrated for this dataset.,Research candidate
1551152,AbbVie Inc,ABBV,2020,152104196195.26404,168772570560.8315,10.958523684757138,31.577761195741854,50,-0.10398628499807927,Research candidate,Random Forest,"Research signal: Research candidate. This signal was assigned because the model-estimated fair value is 11.0% above actual market cap; fundamentals score in the lower third of the training dataset; report risk is set to neutral because SEC filing text has not been integrated into this dataset; and the log-scale model error is low (-0.10). The valuation gap is a research signal, not proof of undervaluation or overvaluation. This output is for research purposes only and does not constitute investment advice.",neutral_report_risk,Report risk is currently neutral because filing-text extraction has not yet been integrated for this dataset.,Research candidate
1551152,AbbVie Inc,ABBV,2021,201753206702.58905,173149976730.5821,-14.17733598364655,58.7166654524727,50,0.1528870650007299,Potentially overvalued,Random Forest,"Research signal: Potentially overvalued. This signal was assigned because the model-estimated fair value is 14.2% below actual market cap; fundamentals are in the middle range of the training dataset; report risk is set to neutral because SEC filing text has not been integrated into this dataset; and the log-scale model error is low (+0.15). The valuation gap is a research signal, not proof of undervaluation or overvaluation. This output is for research purposes only and does not constitute investment advice.",neutral_report_risk,Report risk is currently neutral because filing-text extraction has not yet been integrated for this dataset.,Potentially overvalued
1551152,AbbVie Inc,ABBV,2022,250280891527.84485,187312971433.0348,-25.15890035009109,65.10687777906244,50,0.2898029913455602,Potentially overvalued,Random Forest,"Research signal: Potentially overvalued. This signal was assigned because the model-estimated fair value is 25.2% below actual market cap; fundamentals score in the upper third of the training dataset; report risk is set to neutral because SEC filing text has not been integrated into this dataset; and the log-scale model error is low (+0.29). The valuation gap is a research signal, not proof of undervaluation or overvaluation. This output is for research purposes only and does not constitute investment advice.",neutral_report_risk,Report risk is currently neutral because filing-text extraction has not yet been integrated for this dataset.,Potentially overvalued
1551152,AbbVie Inc,ABBV,2023,249280156529.42337,233936064500.29507,-6.155360395610623,71.78753833161817,50,0.06352954121556564,Fairly valued / neutral,Random Forest,"Research signal: Fairly valued / neutral. This signal was assigned because the model-estimated fair value is 6.2% below actual market cap; fundamentals score in the upper third of the training dataset; report risk is set to neutral because SEC filing text has not been integrated into this dataset; and the log-scale model error is low (+0.06). The valuation gap is a research signal, not proof of undervaluation or overvaluation. This output is for research purposes only and does not constitute investment advice.",neutral_report_risk,Report risk is currently neutral because filing-text extraction has not yet been integrated for this dataset.,Fairly valued / neutral
1551152,AbbVie Inc,ABBV,2024,296104363690.88586,235761537414.4136,-20.378904763276754,59.01291516574642,50,0.22789111271144336,Potentially overvalued,Random Forest,"Research signal: Potentially overvalued. This signal was assigned because the model-estimated fair value is 20.4% below actual market cap; fundamentals are in the middle range of the training dataset; report risk is set to neutral because SEC filing text has not been integrated into this dataset; and the log-scale model error is low (+0.23). The valuation gap is a research signal, not proof of undervaluation or overvaluation. This output is for research purposes only and does not constitute investment advice.",neutral_report_risk,Report risk is currently neutral because filing-text extraction has not yet been integrated for this dataset.,Potentially overvalued
78003,Pfizer Inc,PFE,2017,146203581721.07324,102852927331.2596,-29.650883979380133,52.55963777490298,50,0.35169996795625025,Potentially overvalued,Random Forest,"Research signal: Potentially overvalued. This signal was assigned because the model-estimated fair value is 29.7% below actual market cap; fundamentals are in the middle range of the training dataset; report risk is set to neutral because SEC filing text has not been integrated into this dataset; and the log-scale model error is moderate (+0.35). The valuation gap is a research signal, not proof of undervaluation or overvaluation. This output is for research purposes only and does not constitute investment advice.",neutral_report_risk,Report risk is currently neutral because filing-text extraction has not yet been integrated for this dataset.,Potentially overvalued
78003,Pfizer Inc,PFE,2018,170194928666.3925,116115400794.59042,-31.77505246223054,50.07514725981331,50,0.3823598883530259,Potentially overvalued,Random Forest,"Research signal: Potentially overvalued. This signal was assigned because the model-estimated fair value is 31.8% below actual market cap; fundamentals are in the middle range of the training dataset; report risk is set to neutral because SEC filing text has not been integrated into this dataset; and the log-scale model error is moderate (+0.38). The valuation gap is a research signal, not proof of undervaluation or overvaluation. This output is for research purposes only and does not constitute investment advice.",neutral_report_risk,Report risk is currently neutral because filing-text extraction has not yet been integrated for this dataset.,Potentially overvalued
78003,Pfizer Inc,PFE,2019,158319155891.60007,184211267235.85327,16.354376827262353,53.85173382134856,50,-0.1514703208202981,Research candidate,Random Forest,"Research signal: Research candidate. This signal was assigned because the model-estimated fair value is 16.4% above actual market cap; fundamentals are in the middle range of the training dataset; report risk is set to neutral because SEC filing text has not been integrated into this dataset; and the log-scale model error is low (-0.15). The valuation gap is a research signal, not proof of undervaluation or overvaluation. This output is for research purposes only and does not constitute investment advice.",neutral_report_risk,Report risk is currently neutral because filing-text extraction has not yet been integrated for this dataset.,Research candidate
78003,Pfizer Inc,PFE,2020,155655446470.10764,186399196435.53113,19.751155942575757,49.93185888078666,50,-0.18024570322148392,Research candidate,Random Forest,"Research signal: Research candidate. This signal was assigned because the model-estimated fair value is 19.8% above actual market cap; fundamentals are in the middle range of the training dataset; report risk is set to neutral because SEC filing text has not been integrated into this dataset; and the log-scale model error is low (-0.18). The valuation gap is a research signal, not proof of undervaluation or overvaluation. This output is for research purposes only and does not constitute investment advice.",neutral_report_risk,Report risk is currently neutral because filing-text extraction has not yet been integrated for this dataset.,Research candidate
78003,Pfizer Inc,PFE,2021,261596750420.4905,197241244599.3355,-24.601034117476605,50.34045184586114,50,0.28237662615412873,Potentially overvalued,Random Forest,"Research signal: Potentially overvalued. This signal was assigned because the model-estimated fair value is 24.6% below actual market cap; fundamentals are in the middle range of the training dataset; report risk is set to neutral because SEC filing text has not been integrated into this dataset; and the log-scale model error is low (+0.28). The valuation gap is a research signal, not proof of undervaluation or overvaluation. This output is for research purposes only and does not constitute investment advice.",neutral_report_risk,Report risk is currently neutral because filing-text extraction has not yet been integrated for this dataset.,Potentially overvalued
78003,Pfizer Inc,PFE,2022,234191799942.14325,187493396332.9097,-19.940238565470832,46.48631664195038,50,0.22239681226161423,Potentially overvalued,Random Forest,"Research signal: Potentially overvalued. This signal was assigned because the model-estimated fair value is 19.9% below actual market cap; fundamentals are in the middle range of the training dataset; report risk is set to neutral because SEC filing text has not been integrated into this dataset; and the log-scale model error is low (+0.22). The valuation gap is a research signal, not proof of undervaluation or overvaluation. This output is for research purposes only and does not constitute investment advice.",neutral_report_risk,Report risk is currently neutral because filing-text extraction has not yet been integrated for this dataset.,Potentially overvalued
78003,Pfizer Inc,PFE,2023,138232820918.2318,184369832115.50418,33.37630737099952,71.91513998608359,50,-0.28800432580508684,Research candidate,Random Forest,"Research signal: Research candidate. This signal was assigned because the model-estimated fair value is 33.4% above actual market cap; fundamentals score in the upper third of the training dataset; report risk is set to neutral because SEC filing text has not been integrated into this dataset; and the log-scale model error is low (-0.29). The valuation gap is a research signal, not proof of undervaluation or overvaluation. This output is for research purposes only and does not constitute investment advice.",neutral_report_risk,Report risk is currently neutral because filing-text extraction has not yet been integrated for this dataset.,Research candidate
78003,Pfizer Inc,PFE,2024,135660318101.83849,209632987292.85693,54.52786063459478,69.06395562471319,50,-0.43520422182462326,Research candidate,Random Forest,"Research signal: Research candidate. This signal was assigned because the model-estimated fair value is 54.5% above actual market cap; fundamentals score in the upper third of the training dataset; report risk is set to neutral because SEC filing text has not been integrated into this dataset; and the log-scale model error is moderate (-0.44). The valuation gap is a research signal, not proof of undervaluation or overvaluation. This output is for research purposes only and does not constitute investment advice.",neutral_report_risk,Report risk is currently neutral because filing-text extraction has not yet been integrated for this dataset.,Research candidate
310158,Merck & Co Inc,MRK,2017,116791541977.92468,125913101845.9469,7.810120248045295,48.3518326865028,50,-0.07520134793236366,Fairly valued / neutral,Random Forest,"Research signal: Fairly valued / neutral. This signal was assigned because the model-estimated fair value is 7.8% above actual market cap; fundamentals are in the middle range of the training dataset; report risk is set to neutral because SEC filing text has not been integrated into this dataset; and the log-scale model error is low (-0.08). The valuation gap is a research signal, not proof of undervaluation or overvaluation. This output is for research purposes only and does not constitute investment advice.",neutral_report_risk,Report risk is currently neutral because filing-text extraction has not yet been integrated for this dataset.,Fairly valued / neutral
310158,Merck & Co Inc,MRK,2018,156484312563.03104,119185538598.45964,-23.835471654417532,42.8136115617982,50,0.27227433895345854,Potentially overvalued,Random Forest,"Research signal: Potentially overvalued. This signal was assigned because the model-estimated fair value is 23.8% below actual market cap; fundamentals score in the lower third of the training dataset; report risk is set to neutral because SEC filing text has not been integrated into this dataset; and the log-scale model error is low (+0.27). The valuation gap is a research signal, not proof of undervaluation or overvaluation. This output is for research purposes only and does not constitute investment advice.",neutral_report_risk,Report risk is currently neutral because filing-text extraction has not yet been integrated for this dataset.,Potentially overvalued
310158,Merck & Co Inc,MRK,2019,188003587363.06265,117021313641.9357,-37.75580812936815,40.12284930924478,50,0.47410495827931953,Potentially overvalued,Random Forest,"Research signal: Potentially overvalued. This signal was assigned because the model-estimated fair value is 37.8% below actual market cap; fundamentals score in the lower third of the training dataset; report risk is set to neutral because SEC filing text has not been integrated into this dataset; and the log-scale model error is moderate (+0.47). The valuation gap is a research signal, not proof of undervaluation or overvaluation. This output is for research purposes only and does not constitute investment advice.",neutral_report_risk,Report risk is currently neutral because filing-text extraction has not yet been integrated for this dataset.,Potentially overvalued
310158,Merck & Co Inc,MRK,2020,174048801357.0421,133588444638.68277,-23.246558667967694,52.36381136794277,50,0.26457196232361113,Potentially overvalued,Random Forest,"Research signal: Potentially overvalued. This signal was assigned because the model-estimated fair value is 23.2% below actual market cap; fundamentals are in the middle range of the training dataset; report risk is set to neutral because SEC filing text has not been integrated into this dataset; and the log-scale model error is low (+0.26). The valuation gap is a research signal, not proof of undervaluation or overvaluation. This output is for research purposes only and does not constitute investment advice.",neutral_report_risk,Report risk is currently neutral because filing-text extraction has not yet been integrated for this dataset.,Potentially overvalued
310158,Merck & Co Inc,MRK,2021,168819056560.93765,183924788771.55423,8.947883324513159,49.44370498549406,50,-0.08569944726074397,Fairly valued / neutral,Random Forest,"Research signal: Fairly valued / neutral. This signal was assigned because the model-estimated fair value is 8.9% above actual market cap; fundamentals are in the middle range of the training dataset; report risk is set to neutral because SEC filing text has not been integrated into this dataset; and the log-scale model error is low (-0.09). The valuation gap is a research signal, not proof of undervaluation or overvaluation. This output is for research purposes only and does not constitute investment advice.",neutral_report_risk,Report risk is currently neutral because filing-text extraction has not yet been integrated for this dataset.,Fairly valued / neutral
310158,Merck & Co Inc,MRK,2022,253335460577.277,131156774370.4049,-48.22802379440399,49.761800187212735,50,0.6583211830078675,Potentially overvalued,Random Forest,"Research signal: Potentially overvalued. This signal was assigned because the model-estimated fair value is 48.2% below actual market cap; fundamentals are in the middle range of the training dataset; report risk is set to neutral because SEC filing text has not been integrated into this dataset; and the log-scale model error is high (+0.66) — treat this estimate with additional caution. The valuation gap is a research signal, not proof of undervaluation or overvaluation. This output is for research purposes only and does not constitute investment advice.",neutral_report_risk,Report risk is currently neutral because filing-text extraction has not yet been integrated for this dataset.,Potentially overvalued
310158,Merck & Co Inc,MRK,2023,255294181309.084,233596549246.89536,-8.499070347365024,62.26654505034871,50,0.08882105362014414,Fairly valued / neutral,Random Forest,"Research signal: Fairly valued / neutral. This signal was assigned because the model-estimated fair value is 8.5% below actual market cap; fundamentals are in the middle range of the training dataset; report risk is set to neutral because SEC filing text has not been integrated into this dataset; and the log-scale model error is low (+0.09). The valuation gap is a research signal, not proof of undervaluation or overvaluation. This output is for research purposes only and does not constitute investment advice.",neutral_report_risk,Report risk is currently neutral because filing-text extraction has not yet been integrated for this dataset.,Fairly valued / neutral
310158,Merck & Co Inc,MRK,2024,238688261733.86353,197717902676.6369,-17.1647984528491,64.76645686883097,50,0.18831707548470789,Potentially overvalued,Random Forest,"Research signal: Potentially overvalued. This signal was assigned because the model-estimated fair value is 17.2% below actual market cap; fundamentals are in the middle range of the training dataset; report risk is set to neutral because SEC filing text has not been integrated into this dataset; and the log-scale model error is low (+0.19). The valuation gap is a research signal, not proof of undervaluation or overvaluation. This output is for research purposes only and does not constitute investment advice.",neutral_report_risk,Report risk is currently neutral because filing-text extraction has not yet been integrated for this dataset.,Potentially overvalued
97745,Thermo Fisher Scientific Inc,TMO,2017,74545915505.95734,64271508291.07224,-13.782656159161416,37.09189447118953,50,0.148298823907286,Potentially overvalued,Random Forest,"Research signal: Potentially overvalued. This signal was assigned because the model-estimated fair value is 13.8% below actual market cap; fundamentals score in the lower third of the training dataset; report risk is set to neutral because SEC filing text has not been integrated into this dataset; and the log-scale model error is low (+0.15). The valuation gap is a research signal, not proof of undervaluation or overvaluation. This output is for research purposes only and does not constitute investment advice.",neutral_report_risk,Report risk is currently neutral because filing-text extraction has not yet been integrated for this dataset.,Potentially overvalued
97745,Thermo Fisher Scientific Inc,TMO,2018,87510994052.62212,67900369520.08018,-22.409326673571638,34.90807667582294,50,0.2537229551146254,Potentially overvalued,Random Forest,"Research signal: Potentially overvalued. This signal was assigned because the model-estimated fair value is 22.4% below actual market cap; fundamentals score in the lower third of the training dataset; report risk is set to neutral because SEC filing text has not been integrated into this dataset; and the log-scale model error is low (+0.25). The valuation gap is a research signal, not proof of undervaluation or overvaluation. This output is for research purposes only and does not constitute investment advice.",neutral_report_risk,Report risk is currently neutral because filing-text extraction has not yet been integrated for this dataset.,Potentially overvalued
97745,Thermo Fisher Scientific Inc,TMO,2019,127316262680.86374,71705855915.16417,-43.67895003727445,43.67881370635514,50,0.5741018315080026,Potentially overvalued,Random Forest,"Research signal: Potentially overvalued. This signal was assigned because the model-estimated fair value is 43.7% below actual market cap; fundamentals score in the lower third of the training dataset; report risk is set to neutral because SEC filing text has not been integrated into this dataset; and the log-scale model error is moderate (+0.57). The valuation gap is a research signal, not proof of undervaluation or overvaluation. This output is for research purposes only and does not constitute investment advice.",neutral_report_risk,Report risk is currently neutral because filing-text extraction has not yet been integrated for this dataset.,Potentially overvalued
97745,Thermo Fisher Scientific Inc,TMO,2020,180668339740.7166,76574657274.22812,-57.61589585418062,48.29590585272439,50,0.8583967962648273,Potentially overvalued,Random Forest,"Research signal: Potentially overvalued. This signal was assigned because the model-estimated fair value is 57.6% below actual market cap; fundamentals are in the middle range of the training dataset; report risk is set to neutral because SEC filing text has not been integrated into this dataset; and the log-scale model error is high (+0.86) — treat this estimate with additional caution. The valuation gap is a research signal, not proof of undervaluation or overvaluation. This output is for research purposes only and does not constitute investment advice.",neutral_report_risk,Report risk is currently neutral because filing-text extraction has not yet been integrated for this dataset.,Potentially overvalued
97745,Thermo Fisher Scientific Inc,TMO,2021,257617305859.89136,160287856976.36856,-37.780633004700675,38.6483136774114,50,0.47450386822352897,Potentially overvalued,Random Forest,"Research signal: Potentially overvalued. This signal was assigned because the model-estimated fair value is 37.8% below actual market cap; fundamentals score in the lower third of the training dataset; report risk is set to neutral because SEC filing text has not been integrated into this dataset; and the log-scale model error is moderate (+0.47). The valuation gap is a research signal, not proof of undervaluation or overvaluation. This output is for research purposes only and does not constitute investment advice.",neutral_report_risk,Report risk is currently neutral because filing-text extraction has not yet been integrated for this dataset.,Potentially overvalued
97745,Thermo Fisher Scientific Inc,TMO,2022,209949437120.03552,130463618524.4292,-37.859505453287525,55.40160212758364,50,0.4757723234659892,Potentially overvalued,Random Forest,"Research signal: Potentially overvalued. This signal was assigned because the model-estimated fair value is 37.9% below actual market cap; fundamentals are in the middle range of the training dataset; report risk is set to neutral because SEC filing text has not been integrated into this dataset; and the log-scale model error is moderate (+0.48). The valuation gap is a research signal, not proof of undervaluation or overvaluation. This output is for research purposes only and does not constitute investment advice.",neutral_report_risk,Report risk is currently neutral because filing-text extraction has not yet been integrated for this dataset.,Potentially overvalued
97745,Thermo Fisher Scientific Inc,TMO,2023,200736378881.63428,163057818828.2661,-18.77017024183026,59.795988658847534,50,0.20788764472737853,Potentially overvalued,Random Forest,"Research signal: Potentially overvalued. This signal was assigned because the model-estimated fair value is 18.8% below actual market cap; fundamentals are in the middle range of the training dataset; report risk is set to neutral because SEC filing text has not been integrated into this dataset; and the log-scale model error is low (+0.21). The valuation gap is a research signal, not proof of undervaluation or overvaluation. This output is for research purposes only and does not constitute investment advice.",neutral_report_risk,Report risk is currently neutral because filing-text extraction has not yet been integrated for this dataset.,Potentially overvalued
97745,Thermo Fisher Scientific Inc,TMO,2024,195182165238.9474,153915727222.59406,-21.14252496678363,50.670039697972065,50,0.23752807639743878,Potentially overvalued,Random Forest,"Research signal: Potentially overvalued. This signal was assigned because the model-estimated fair value is 21.1% below actual market cap; fundamentals are in the middle range of the training dataset; report risk is set to neutral because SEC filing text has not been integrated into this dataset; and the log-scale model error is low (+0.24). The valuation gap is a research signal, not proof of undervaluation or overvaluation. This output is for research purposes only and does not constitute investment advice.",neutral_report_risk,Report risk is currently neutral because filing-text extraction has not yet been integrated for this dataset.,Potentially overvalued
1800,Abbott Laboratories,ABT,2017,85013686135.94344,81361447912.60793,-4.296059128050629,42.886205190196456,50,0.04391070894182647,Fairly valued / neutral,Random Forest,"Research signal: Fairly valued / neutral. This signal was assigned because the model-estimated fair value is within 5% of actual market cap; fundamentals score in the lower third of the training dataset; report risk is set to neutral because SEC filing text has not been integrated into this dataset; and the log-scale model error is low (+0.04). The valuation gap is a research signal, not proof of undervaluation or overvaluation. This output is for research purposes only and does not constitute investment advice.",neutral_report_risk,Report risk is currently neutral because filing-text extraction has not yet been integrated for this dataset.,Fairly valued / neutral
1800,Abbott Laboratories,ABT,2018,110357093801.18909,114041761392.63574,3.3388588486071145,24.358925578902593,50,-0.0328432941218324,Fairly valued / neutral,Random Forest,"Research signal: Fairly valued / neutral. This signal was assigned because the model-estimated fair value is within 5% of actual market cap; fundamentals score in the lower third of the training dataset; report risk is set to neutral because SEC filing text has not been integrated into this dataset; and the log-scale model error is low (-0.03). The valuation gap is a research signal, not proof of undervaluation or overvaluation. This output is for research purposes only and does not constitute investment advice.",neutral_report_risk,Report risk is currently neutral because filing-text extraction has not yet been integrated for this dataset.,Fairly valued / neutral
1800,Abbott Laboratories,ABT,2019,135258216951.036,97368906077.85405,-28.012576039574753,41.35686734906365,50,0.3286787494444461,Potentially overvalued,Random Forest,"Research signal: Potentially overvalued. This signal was assigned because the model-estimated fair value is 28.0% below actual market cap; fundamentals score in the lower third of the training dataset; report risk is set to neutral because SEC filing text has not been integrated into this dataset; and the log-scale model error is moderate (+0.33). The valuation gap is a research signal, not proof of undervaluation or overvaluation. This output is for research purposes only and does not constitute investment advice.",neutral_report_risk,Report risk is currently neutral because filing-text extraction has not yet been integrated for this dataset.,Potentially overvalued
1800,Abbott Laboratories,ABT,2020,173980707246.0136,92744396772.57625,-46.69271194453011,40.47741577026165,50,0.6290971276635027,Potentially overvalued,Random Forest,"Research signal: Potentially overvalued. This signal was assigned because the model-estimated fair value is 46.7% below actual market cap; fundamentals score in the lower third of the training dataset; report risk is set to neutral because SEC filing text has not been integrated into this dataset; and the log-scale model error is high (+0.63) — treat this estimate with additional caution. The valuation gap is a research signal, not proof of undervaluation or overvaluation. This output is for research purposes only and does not constitute investment advice.",neutral_report_risk,Report risk is currently neutral because filing-text extraction has not yet been integrated for this dataset.,Potentially overvalued
1800,Abbott Laboratories,ABT,2021,226062572079.96585,122463289483.24483,-45.827702323087124,41.094715637269296,50,0.6130005211773373,Potentially overvalued,Random Forest,"Research signal: Potentially overvalued. This signal was assigned because the model-estimated fair value is 45.8% below actual market cap; fundamentals score in the lower third of the training dataset; report risk is set to neutral because SEC filing text has not been integrated into this dataset; and the log-scale model error is high (+0.61) — treat this estimate with additional caution. The valuation gap is a research signal, not proof of undervaluation or overvaluation. This output is for research purposes only and does not constitute investment advice.",neutral_report_risk,Report risk is currently neutral because filing-text extraction has not yet been integrated for this dataset.,Potentially overvalued
1800,Abbott Laboratories,ABT,2022,176712092871.69156,148075335909.09314,-16.205318208409885,48.64817168840686,50,0.1768006436214371,Potentially overvalued,Random Forest,"Research signal: Potentially overvalued. This signal was assigned because the model-estimated fair value is 16.2% below actual market cap; fundamentals are in the middle range of the training dataset; report risk is set to neutral because SEC filing text has not been integrated into this dataset; and the log-scale model error is low (+0.18). The valuation gap is a research signal, not proof of undervaluation or overvaluation. This output is for research purposes only and does not constitute investment advice.",neutral_report_risk,Report risk is currently neutral because filing-text extraction has not yet been integrated for this dataset.,Potentially overvalued
1800,Abbott Laboratories,ABT,2023,180419675892.3183,167722205658.49142,-7.037741405435864,63.97092468611611,50,0.07297659676651946,Fairly valued / neutral,Random Forest,"Research signal: Fairly valued / neutral. This signal was assigned because the model-estimated fair value is 7.0% below actual market cap; fundamentals are in the middle range of the training dataset; report risk is set to neutral because SEC filing text has not been integrated into this dataset; and the log-scale model error is low (+0.07). The valuation gap is a research signal, not proof of undervaluation or overvaluation. This output is for research purposes only and does not constitute investment advice.",neutral_report_risk,Report risk is currently neutral because filing-text extraction has not yet been integrated for this dataset.,Fairly valued / neutral
1800,Abbott Laboratories,ABT,2024,189008754405.98383,144098103487.73096,-23.761148556000983,50.322286691868726,50,0.271298991760883,Potentially overvalued,Random Forest,"Research signal: Potentially overvalued. This signal was assigned because the model-estimated fair value is 23.8% below actual market cap; fundamentals are in the middle range of the training dataset; report risk is set to neutral because SEC filing text has not been integrated into this dataset; and the log-scale model error is low (+0.27). The valuation gap is a research signal, not proof of undervaluation or overvaluation. This output is for research purposes only and does not constitute investment advice.",neutral_report_risk,Report risk is currently neutral because filing-text extraction has not yet been integrated for this dataset.,Potentially overvalued
318154,Amgen Inc,AMGN,2017,96805837937.42862,111843126885.59146,15.533452598057504,59.414504556090456,50,-0.1443899349218647,Research candidate,Random Forest,"Research signal: Research candidate. This signal was assigned because the model-estimated fair value is 15.5% above actual market cap; fundamentals are in the middle range of the training dataset; report risk is set to neutral because SEC filing text has not been integrated into this dataset; and the log-scale model error is low (-0.14). The valuation gap is a research signal, not proof of undervaluation or overvaluation. This output is for research purposes only and does not constitute investment advice.",neutral_report_risk,Report risk is currently neutral because filing-text extraction has not yet been integrated for this dataset.,Research candidate
318154,Amgen Inc,AMGN,2018,96336665014.06572,111795360796.34209,16.046534079230693,58.38490308286481,50,-0.14882108053221188,Research candidate,Random Forest,"Research signal: Research candidate. This signal was assigned because the model-estimated fair value is 16.0% above actual market cap; fundamentals are in the middle range of the training dataset; report risk is set to neutral because SEC filing text has not been integrated into this dataset; and the log-scale model error is low (-0.15). The valuation gap is a research signal, not proof of undervaluation or overvaluation. This output is for research purposes only and does not constitute investment advice.",neutral_report_risk,Report risk is currently neutral because filing-text extraction has not yet been integrated for this dataset.,Research candidate
318154,Amgen Inc,AMGN,2019,116512172014.77824,125169555780.24942,7.430454360058694,37.207668226143646,50,-0.07167351604061523,Fairly valued / neutral,Random Forest,"Research signal: Fairly valued / neutral. This signal was assigned because the model-estimated fair value is 7.4% above actual market cap; fundamentals score in the lower third of the training dataset; report risk is set to neutral because SEC filing text has not been integrated into this dataset; and the log-scale model error is low (-0.07). The valuation gap is a research signal, not proof of undervaluation or overvaluation. This output is for research purposes only and does not constitute investment advice.",neutral_report_risk,Report risk is currently neutral because filing-text extraction has not yet been integrated for this dataset.,Fairly valued / neutral
318154,Amgen Inc,AMGN,2020,111824822193.08688,123632927954.06845,10.559467504086543,57.32954622286261,50,-0.10038335766734008,Research candidate,Random Forest,"Research signal: Research candidate. This signal was assigned because the model-estimated fair value is 10.6% above actual market cap; fundamentals are in the middle range of the training dataset; report risk is set to neutral because SEC filing text has not been integrated into this dataset; and the log-scale model error is low (-0.10). The valuation gap is a research signal, not proof of undervaluation or overvaluation. This output is for research purposes only and does not constitute investment advice.",neutral_report_risk,Report risk is currently neutral because filing-text extraction has not yet been integrated for this dataset.,Research candidate
318154,Amgen Inc,AMGN,2021,108791330993.91235,123315484345.8447,13.3504693979202,56.484842353201934,50,-0.12531433209423426,Research candidate,Random Forest,"Research signal: Research candidate. This signal was assigned because the model-estimated fair value is 13.4% above actual market cap; fundamentals are in the middle range of the training dataset; report risk is set to neutral because SEC filing text has not been integrated into this dataset; and the log-scale model error is low (-0.13). The valuation gap is a research signal, not proof of undervaluation or overvaluation. This output is for research purposes only and does not constitute investment advice.",neutral_report_risk,Report risk is currently neutral because filing-text extraction has not yet been integrated for this dataset.,Research candidate
318154,Amgen Inc,AMGN,2022,125597133021.01093,123047165288.57553,-2.030275429940598,64.31857839737849,50,0.020511688005715456,Fairly valued / neutral,Random Forest,"Research signal: Fairly valued / neutral. This signal was assigned because the model-estimated fair value is within 5% of actual market cap; fundamentals are in the middle range of the training dataset; report risk is set to neutral because SEC filing text has not been integrated into this dataset; and the log-scale model error is low (+0.02). The valuation gap is a research signal, not proof of undervaluation or overvaluation. This output is for research purposes only and does not constitute investment advice.",neutral_report_risk,Report risk is currently neutral because filing-text extraction has not yet been integrated for this dataset.,Fairly valued / neutral
318154,Amgen Inc,AMGN,2023,143026382369.55704,120942800028.92757,-15.440215976077104,54.85836985239494,50,0.1677113985457055,Potentially overvalued,Random Forest,"Research signal: Potentially overvalued. This signal was assigned because the model-estimated fair value is 15.4% below actual market cap; fundamentals are in the middle range of the training dataset; report risk is set to neutral because SEC filing text has not been integrated into this dataset; and the log-scale model error is low (+0.17). The valuation gap is a research signal, not proof of undervaluation or overvaluation. This output is for research purposes only and does not constitute investment advice.",neutral_report_risk,Report risk is currently neutral because filing-text extraction has not yet been integrated for this dataset.,Potentially overvalued
318154,Amgen Inc,AMGN,2024,133660698203.37056,140580352526.09192,5.177029909115696,57.27497819600741,50,-0.05047474360284454,Fairly valued / neutral,Random Forest,"Research signal: Fairly valued / neutral. This signal was assigned because the model-estimated fair value is 5.2% above actual market cap; fundamentals are in the middle range of the training dataset; report risk is set to neutral because SEC filing text has not been integrated into this dataset; and the log-scale model error is low (-0.05). The valuation gap is a research signal, not proof of undervaluation or overvaluation. This output is for research purposes only and does not constitute investment advice.",neutral_report_risk,Report risk is currently neutral because filing-text extraction has not yet been integrated for this dataset.,Fairly valued / neutral
875320,Vertex Pharmaceuticals Inc,VRTX,2017,38048252877.20337,35788160429.88469,-5.9400689293484366,24.435792349726775,50,0.06123804229464014,Fairly valued / neutral,Random Forest,"Research signal: Fairly valued / neutral. This signal was assigned because the model-estimated fair value is 5.9% below actual market cap; fundamentals score in the lower third of the training dataset; report risk is set to neutral because SEC filing text has not been integrated into this dataset; and the log-scale model error is low (+0.06). The valuation gap is a research signal, not proof of undervaluation or overvaluation. This output is for research purposes only and does not constitute investment advice.",neutral_report_risk,Report risk is currently neutral because filing-text extraction has not yet been integrated for this dataset.,Fairly valued / neutral
875320,Vertex Pharmaceuticals Inc,VRTX,2018,42364904792.6364,44472786406.32024,4.97553723772375,39.943124153847236,50,-0.04855715833733498,Fairly valued / neutral,Random Forest,"Research signal: Fairly valued / neutral. This signal was assigned because the model-estimated fair value is within 5% of actual market cap; fundamentals score in the lower third of the training dataset; report risk is set to neutral because SEC filing text has not been integrated into this dataset; and the log-scale model error is low (-0.05). The valuation gap is a research signal, not proof of undervaluation or overvaluation. This output is for research purposes only and does not constitute investment advice.",neutral_report_risk,Report risk is currently neutral because filing-text extraction has not yet been integrated for this dataset.,Fairly valued / neutral
875320,Vertex Pharmaceuticals Inc,VRTX,2019,56766857646.125046,53373452010.80037,-5.9777936916617636,42.72922445057065,50,0.06163919429498321,Fairly valued / neutral,Random Forest,"Research signal: Fairly valued / neutral. This signal was assigned because the model-estimated fair value is 6.0% below actual market cap; fundamentals score in the lower third of the training dataset; report risk is set to neutral because SEC filing text has not been integrated into this dataset; and the log-scale model error is low (+0.06). The valuation gap is a research signal, not proof of undervaluation or overvaluation. This output is for research purposes only and does not constitute investment advice.",neutral_report_risk,Report risk is currently neutral because filing-text extraction has not yet been integrated for this dataset.,Fairly valued / neutral
875320,Vertex Pharmaceuticals Inc,VRTX,2020,61438960101.07782,54646607265.28621,-11.055448895321476,64.2087456245572,50,0.11715703171011427,Potentially overvalued,Random Forest,"Research signal: Potentially overvalued. This signal was assigned because the model-estimated fair value is 11.1% below actual market cap; fundamentals are in the middle range of the training dataset; report risk is set to neutral because SEC filing text has not been integrated into this dataset; and the log-scale model error is low (+0.12). The valuation gap is a research signal, not proof of undervaluation or overvaluation. This output is for research purposes only and does not constitute investment advice.",neutral_report_risk,Report risk is currently neutral because filing-text extraction has not yet been integrated for this dataset.,Potentially overvalued
875320,Vertex Pharmaceuticals Inc,VRTX,2021,55905042897.41281,56410314292.787415,0.9038028935990431,72.22130130403978,50,-0.00899743038966605,Fairly valued / neutral,Random Forest,"Research signal: Fairly valued / neutral. This signal was assigned because the model-estimated fair value is within 5% of actual market cap; fundamentals score in the upper third of the training dataset; report risk is set to neutral because SEC filing text has not been integrated into this dataset; and the log-scale model error is low (-0.01). The valuation gap is a research signal, not proof of undervaluation or overvaluation. This output is for research purposes only and does not constitute investment advice.",neutral_report_risk,Report risk is currently neutral because filing-text extraction has not yet been integrated for this dataset.,Fairly valued / neutral
875320,Vertex Pharmaceuticals Inc,VRTX,2022,74242866018.14767,82519352722.09778,11.147854531810541,82.6947298273673,50,-0.10569115177797528,Research candidate,Random Forest,"Research signal: Research candidate. This signal was assigned because the model-estimated fair value is 11.1% above actual market cap; fundamentals score in the upper third of the training dataset; report risk is set to neutral because SEC filing text has not been integrated into this dataset; and the log-scale model error is low (-0.11). The valuation gap is a research signal, not proof of undervaluation or overvaluation. This output is for research purposes only and does not constitute investment advice.",neutral_report_risk,Report risk is currently neutral because filing-text extraction has not yet been integrated for this dataset.,Research candidate
875320,Vertex Pharmaceuticals Inc,VRTX,2023,105102871036.0459,85918920698.81523,-18.25254643201076,72.56890050997146,50,0.20153552571129296,Potentially overvalued,Random Forest,"Research signal: Potentially overvalued. This signal was assigned because the model-estimated fair value is 18.3% below actual market cap; fundamentals score in the upper third of the training dataset; report risk is set to neutral because SEC filing text has not been integrated into this dataset; and the log-scale model error is low (+0.20). The valuation gap is a research signal, not proof of undervaluation or overvaluation. This output is for research purposes only and does not constitute investment advice.",neutral_report_risk,Report risk is currently neutral because filing-text extraction has not yet been integrated for this dataset.,Potentially overvalued
875320,Vertex Pharmaceuticals Inc,VRTX,2024,103409283380.94196,97176191103.89241,-6.0275944995072726,74.67150823880974,50,0.06216900532021796,Fairly valued / neutral,Random Forest,"Research signal: Fairly valued / neutral. This signal was assigned because the model-estimated fair value is 6.0% below actual market cap; fundamentals score in the upper third of the training dataset; report risk is set to neutral because SEC filing text has not been integrated into this dataset; and the log-scale model error is low (+0.06). The valuation gap is a research signal, not proof of undervaluation or overvaluation. This output is for research purposes only and does not constitute investment advice.",neutral_report_risk,Report risk is currently neutral because filing-text extraction has not yet been integrated for this dataset.,Fairly valued / neutral
872589,Regeneron Pharmaceuticals Inc,REGN,2017,39092404359.53613,40708933255.25365,4.135148303619705,62.670491803278686,50,-0.040519372449562496,Fairly valued / neutral,Random Forest,"Research signal: Fairly valued / neutral. This signal was assigned because the model-estimated fair value is within 5% of actual market cap; fundamentals are in the middle range of the training dataset; report risk is set to neutral because SEC filing text has not been integrated into this dataset; and the log-scale model error is low (-0.04). The valuation gap is a research signal, not proof of undervaluation or overvaluation. This output is for research purposes only and does not constitute investment advice.",neutral_report_risk,Report risk is currently neutral because filing-text extraction has not yet been integrated for this dataset.,Fairly valued / neutral
872589,Regeneron Pharmaceuticals Inc,REGN,2018,38836612862.66821,44258326360.31821,13.960315017228572,66.89953632582055,50,-0.13068008791674046,Research candidate,Random Forest,"Research signal: Research candidate. This signal was assigned because the model-estimated fair value is 14.0% above actual market cap; fundamentals score in the upper third of the training dataset; report risk is set to neutral because SEC filing text has not been integrated into this dataset; and the log-scale model error is low (-0.13). The valuation gap is a research signal, not proof of undervaluation or overvaluation. This output is for research purposes only and does not constitute investment advice.",neutral_report_risk,Report risk is currently neutral because filing-text extraction has not yet been integrated for this dataset.,Research candidate
872589,Regeneron Pharmaceuticals Inc,REGN,2019,39042489999.84888,63529851187.13606,62.71977321984835,71.60607055423445,50,-0.4868593526278566,Research candidate,Random Forest,"Research signal: Research candidate. This signal was assigned because the model-estimated fair value is 62.7% above actual market cap; fundamentals score in the upper third of the training dataset; report risk is set to neutral because SEC filing text has not been integrated into this dataset; and the log-scale model error is moderate (-0.49). The valuation gap is a research signal, not proof of undervaluation or overvaluation. This output is for research purposes only and does not constitute investment advice.",neutral_report_risk,Report risk is currently neutral because filing-text extraction has not yet been integrated for this dataset.,Research candidate
872589,Regeneron Pharmaceuticals Inc,REGN,2020,50233883896.448,59119257772.1328,17.688008942332804,70.18542210632145,50,-0.16286694494320386,Research candidate,Random Forest,"Research signal: Research candidate. This signal was assigned because the model-estimated fair value is 17.7% above actual market cap; fundamentals score in the upper third of the training dataset; report risk is set to neutral because SEC filing text has not been integrated into this dataset; and the log-scale model error is low (-0.16). The valuation gap is a research signal, not proof of undervaluation or overvaluation. This output is for research purposes only and does not constitute investment advice.",neutral_report_risk,Report risk is currently neutral because filing-text extraction has not yet been integrated for this dataset.,Research candidate
872589,Regeneron Pharmaceuticals Inc,REGN,2021,65665598791.45166,72728314649.94637,10.755579768525813,78.656414918883,50,-0.1021556033251585,Research candidate,Random Forest,"Research signal: Research candidate. This signal was assigned because the model-estimated fair value is 10.8% above actual market cap; fundamentals score in the upper third of the training dataset; report risk is set to neutral because SEC filing text has not been integrated into this dataset; and the log-scale model error is low (-0.10). The valuation gap is a research signal, not proof of undervaluation or overvaluation. This output is for research purposes only and does not constitute investment advice.",neutral_report_risk,Report risk is currently neutral because filing-text extraction has not yet been integrated for this dataset.,Research candidate
872589,Regeneron Pharmaceuticals Inc,REGN,2022,75020690714.77588,75244729643.91101,0.29863618556501204,85.57867578735056,50,-0.002981911535059112,Fairly valued / neutral,Random Forest,"Research signal: Fairly valued / neutral. This signal was assigned because the model-estimated fair value is within 5% of actual market cap; fundamentals score in the upper third of the training dataset; report risk is set to neutral because SEC filing text has not been integrated into this dataset; and the log-scale model error is low (-0.00). The valuation gap is a research signal, not proof of undervaluation or overvaluation. This output is for research purposes only and does not constitute investment advice.",neutral_report_risk,Report risk is currently neutral because filing-text extraction has not yet been integrated for this dataset.,Fairly valued / neutral
872589,Regeneron Pharmaceuticals Inc,REGN,2023,91324785502.91748,87816890886.02696,-3.8411200174989233,95.41426340745788,50,0.039168362705577664,Fairly valued / neutral,Random Forest,"Research signal: Fairly valued / neutral. This signal was assigned because the model-estimated fair value is within 5% of actual market cap; fundamentals score in the upper third of the training dataset; report risk is set to neutral because SEC filing text has not been integrated into this dataset; and the log-scale model error is low (+0.04). The valuation gap is a research signal, not proof of undervaluation or overvaluation. This output is for research purposes only and does not constitute investment advice.",neutral_report_risk,Report risk is currently neutral because filing-text extraction has not yet been integrated for this dataset.,Fairly valued / neutral
872589,Regeneron Pharmaceuticals Inc,REGN,2024,74068238603.19727,75006474491.30244,1.2667182395568384,61.379120807590354,50,-0.012587624783389373,Fairly valued / neutral,Random Forest,"Research signal: Fairly valued / neutral. This signal was assigned because the model-estimated fair value is within 5% of actual market cap; fundamentals are in the middle range of the training dataset; report risk is set to neutral because SEC filing text has not been integrated into this dataset; and the log-scale model error is low (-0.01). The valuation gap is a research signal, not proof of undervaluation or overvaluation. This output is for research purposes only and does not constitute investment advice.",neutral_report_risk,Report risk is currently neutral because filing-text extraction has not yet been integrated for this dataset.,Fairly valued / neutral
14272,Bristol-Myers Squibb Co,BMY,2017,72749728190.10875,91394715837.33261,25.62894475495633,50.06313065976714,50,-0.22816249336672456,Research candidate,Random Forest,"Research signal: Research candidate. This signal was assigned because the model-estimated fair value is 25.6% above actual market cap; fundamentals are in the middle range of the training dataset; report risk is set to neutral because SEC filing text has not been integrated into this dataset; and the log-scale model error is low (-0.23). The valuation gap is a research signal, not proof of undervaluation or overvaluation. This output is for research purposes only and does not constitute investment advice.",neutral_report_risk,Report risk is currently neutral because filing-text extraction has not yet been integrated for this dataset.,Research candidate
14272,Bristol-Myers Squibb Co,BMY,2018,63371770073.33017,72175477369.08492,13.892159372489676,67.80833993449215,50,-0.13008184427726022,Research candidate,Random Forest,"Research signal: Research candidate. This signal was assigned because the model-estimated fair value is 13.9% above actual market cap; fundamentals score in the upper third of the training dataset; report risk is set to neutral because SEC filing text has not been integrated into this dataset; and the log-scale model error is low (-0.13). The valuation gap is a research signal, not proof of undervaluation or overvaluation. This output is for research purposes only and does not constitute investment advice.",neutral_report_risk,Report risk is currently neutral because filing-text extraction has not yet been integrated for this dataset.,Research candidate
14272,Bristol-Myers Squibb Co,BMY,2019,111929921245.06236,99639361723.8621,-10.98058444469998,46.26663577822542,50,0.11631568774096479,Potentially overvalued,Random Forest,"Research signal: Potentially overvalued. This signal was assigned because the model-estimated fair value is 11.0% below actual market cap; fundamentals are in the middle range of the training dataset; report risk is set to neutral because SEC filing text has not been integrated into this dataset; and the log-scale model error is low (+0.12). The valuation gap is a research signal, not proof of undervaluation or overvaluation. This output is for research purposes only and does not constitute investment advice.",neutral_report_risk,Report risk is currently neutral because filing-text extraction has not yet been integrated for this dataset.,Potentially overvalued
14272,Bristol-Myers Squibb Co,BMY,2020,111540072307.84558,112993578360.34549,1.3031245384961712,50.82579223593012,50,-0.012947069198528283,Fairly valued / neutral,Random Forest,"Research signal: Fairly valued / neutral. This signal was assigned because the model-estimated fair value is within 5% of actual market cap; fundamentals are in the middle range of the training dataset; report risk is set to neutral because SEC filing text has not been integrated into this dataset; and the log-scale model error is low (-0.01). The valuation gap is a research signal, not proof of undervaluation or overvaluation. This output is for research purposes only and does not constitute investment advice.",neutral_report_risk,Report risk is currently neutral because filing-text extraction has not yet been integrated for this dataset.,Fairly valued / neutral
14272,Bristol-Myers Squibb Co,BMY,2021,111640145467.85316,142297547330.03876,27.460911783757403,43.28871348535096,50,-0.2426395573618585,Possible value trap,Random Forest,"Research signal: Possible value trap. This signal was assigned because the model-estimated fair value is 27.5% above actual market cap; fundamentals score in the lower third of the training dataset; report risk is set to neutral because SEC filing text has not been integrated into this dataset; and the log-scale model error is low (-0.24). The valuation gap is a research signal, not proof of undervaluation or overvaluation. This output is for research purposes only and does not constitute investment advice.",neutral_report_risk,Report risk is currently neutral because filing-text extraction has not yet been integrated for this dataset.,Possible value trap
14272,Bristol-Myers Squibb Co,BMY,2022,127898332386.96188,135852336126.26471,6.219005041627632,43.618042946004465,50,-0.060332862003409815,Fairly valued / neutral,Random Forest,"Research signal: Fairly valued / neutral. This signal was assigned because the model-estimated fair value is 6.2% above actual market cap; fundamentals score in the lower third of the training dataset; report risk is set to neutral because SEC filing text has not been integrated into this dataset; and the log-scale model error is low (-0.06). The valuation gap is a research signal, not proof of undervaluation or overvaluation. This output is for research purposes only and does not constitute investment advice.",neutral_report_risk,Report risk is currently neutral because filing-text extraction has not yet been integrated for this dataset.,Fairly valued / neutral
14272,Bristol-Myers Squibb Co,BMY,2023,91012681363.88402,123842936231.15776,36.07217628938198,49.91383364858364,50,-0.3080152669824301,Research candidate,Random Forest,"Research signal: Research candidate. This signal was assigned because the model-estimated fair value is 36.1% above actual market cap; fundamentals are in the middle range of the training dataset; report risk is set to neutral because SEC filing text has not been integrated into this dataset; and the log-scale model error is moderate (-0.31). The valuation gap is a research signal, not proof of undervaluation or overvaluation. This output is for research purposes only and does not constitute investment advice.",neutral_report_risk,Report risk is currently neutral because filing-text extraction has not yet been integrated for this dataset.,Research candidate
14272,Bristol-Myers Squibb Co,BMY,2024,105768831981.97546,131081452806.92276,23.932022648468816,40.09184694611296,50,-0.21456302485011491,Possible value trap,Random Forest,"Research signal: Possible value trap. This signal was assigned because the model-estimated fair value is 23.9% above actual market cap; fundamentals score in the lower third of the training dataset; report risk is set to neutral because SEC filing text has not been integrated into this dataset; and the log-scale model error is low (-0.21). The valuation gap is a research signal, not proof of undervaluation or overvaluation. This output is for research purposes only and does not constitute investment advice.",neutral_report_risk,Report risk is currently neutral because filing-text extraction has not yet been integrated for this dataset.,Possible value trap
1035267,Intuitive Surgical Inc,ISRG,2017,40982216323.92627,28859488785.918697,-29.580458612068945,53.64371584699453,50,0.3506993848082196,Potentially overvalued,Random Forest,"Research signal: Potentially overvalued. This signal was assigned because the model-estimated fair value is 29.6% below actual market cap; fundamentals are in the middle range of the training dataset; report risk is set to neutral because SEC filing text has not been integrated into this dataset; and the log-scale model error is moderate (+0.35). The valuation gap is a research signal, not proof of undervaluation or overvaluation. This output is for research purposes only and does not constitute investment advice.",neutral_report_risk,Report risk is currently neutral because filing-text extraction has not yet been integrated for this dataset.,Potentially overvalued
1035267,Intuitive Surgical Inc,ISRG,2018,54830881060.20511,30784891919.153732,-43.85482902353608,62.96351740005752,50,0.5772295107021499,Potentially overvalued,Random Forest,"Research signal: Potentially overvalued. This signal was assigned because the model-estimated fair value is 43.9% below actual market cap; fundamentals are in the middle range of the training dataset; report risk is set to neutral because SEC filing text has not been integrated into this dataset; and the log-scale model error is moderate (+0.58). The valuation gap is a research signal, not proof of undervaluation or overvaluation. This output is for research purposes only and does not constitute investment advice.",neutral_report_risk,Report risk is currently neutral because filing-text extraction has not yet been integrated for this dataset.,Potentially overvalued
1035267,Intuitive Surgical Inc,ISRG,2019,68563968672.46564,47234939740.796616,-31.108218127744507,58.6789768303205,50,0.372633291247098,Potentially overvalued,Random Forest,"Research signal: Potentially overvalued. This signal was assigned because the model-estimated fair value is 31.1% below actual market cap; fundamentals are in the middle range of the training dataset; report risk is set to neutral because SEC filing text has not been integrated into this dataset; and the log-scale model error is moderate (+0.37). The valuation gap is a research signal, not proof of undervaluation or overvaluation. This output is for research purposes only and does not constitute investment advice.",neutral_report_risk,Report risk is currently neutral because filing-text extraction has not yet been integrated for this dataset.,Potentially overvalued
1035267,Intuitive Surgical Inc,ISRG,2020,96305343904.77284,70551508295.7815,-26.74185519181247,63.28038784486205,50,0.31118075235162834,Potentially overvalued,Random Forest,"Research signal: Potentially overvalued. This signal was assigned because the model-estimated fair value is 26.7% below actual market cap; fundamentals are in the middle range of the training dataset; report risk is set to neutral because SEC filing text has not been integrated into this dataset; and the log-scale model error is moderate (+0.31). The valuation gap is a research signal, not proof of undervaluation or overvaluation. This output is for research purposes only and does not constitute investment advice.",neutral_report_risk,Report risk is currently neutral because filing-text extraction has not yet been integrated for this dataset.,Potentially overvalued
1035267,Intuitive Surgical Inc,ISRG,2021,128537425971.30743,69356550137.89685,-46.041746507839,63.648238248560226,50,0.6169595218854518,Potentially overvalued,Random Forest,"Research signal: Potentially overvalued. This signal was assigned because the model-estimated fair value is 46.0% below actual market cap; fundamentals are in the middle range of the training dataset; report risk is set to neutral because SEC filing text has not been integrated into this dataset; and the log-scale model error is high (+0.62) — treat this estimate with additional caution. The valuation gap is a research signal, not proof of undervaluation or overvaluation. This output is for research purposes only and does not constitute investment advice.",neutral_report_risk,Report risk is currently neutral because filing-text extraction has not yet been integrated for this dataset.,Potentially overvalued
1035267,Intuitive Surgical Inc,ISRG,2022,92975903461.25888,63729383096.2094,-31.45602169624079,39.347106771326565,50,0.377694627692982,Potentially overvalued,Random Forest,"Research signal: Potentially overvalued. This signal was assigned because the model-estimated fair value is 31.5% below actual market cap; fundamentals score in the lower third of the training dataset; report risk is set to neutral because SEC filing text has not been integrated into this dataset; and the log-scale model error is moderate (+0.38). The valuation gap is a research signal, not proof of undervaluation or overvaluation. This output is for research purposes only and does not constitute investment advice.",neutral_report_risk,Report risk is currently neutral because filing-text extraction has not yet been integrated for this dataset.,Potentially overvalued
1035267,Intuitive Surgical Inc,ISRG,2023,118860647980.65662,80576200146.78203,-32.209523071172384,67.88302749075808,50,0.38874845918380885,Potentially overvalued,Random Forest,"Research signal: Potentially overvalued. This signal was assigned because the model-estimated fair value is 32.2% below actual market cap; fundamentals score in the upper third of the training dataset; report risk is set to neutral because SEC filing text has not been integrated into this dataset; and the log-scale model error is moderate (+0.39). The valuation gap is a research signal, not proof of undervaluation or overvaluation. This output is for research purposes only and does not constitute investment advice.",neutral_report_risk,Report risk is currently neutral because filing-text extraction has not yet been integrated for this dataset.,Potentially overvalued
1035267,Intuitive Surgical Inc,ISRG,2024,186160676766.14087,90361735292.03433,-51.46035303387475,50.79534922872956,50,0.7227892587666567,Potentially overvalued,Random Forest,"Research signal: Potentially overvalued. This signal was assigned because the model-estimated fair value is 51.5% below actual market cap; fundamentals are in the middle range of the training dataset; report risk is set to neutral because SEC filing text has not been integrated into this dataset; and the log-scale model error is high (+0.72) — treat this estimate with additional caution. The valuation gap is a research signal, not proof of undervaluation or overvaluation. This output is for research purposes only and does not constitute investment advice.",neutral_report_risk,Report risk is currently neutral because filing-text extraction has not yet been integrated for this dataset.,Potentially overvalued
860730,HCA Healthcare Inc,HCA,2017,28470893529.11377,59979367103.64641,110.66907170409914,27.42936610608021,50,-0.7451183357424185,Possible value trap,Random Forest,"Research signal: Possible value trap. This signal was assigned because the model-estimated fair value is 110.7% above actual market cap; fundamentals score in the lower third of the training dataset; report risk is set to neutral because SEC filing text has not been integrated into this dataset; and the log-scale model error is high (-0.75) — treat this estimate with additional caution. The valuation gap is a research signal, not proof of undervaluation or overvaluation. This output is for research purposes only and does not constitute investment advice.","extreme_valuation_gap, neutral_report_risk, needs_review",Valuation gap of +110.7% exceeds 100% — the model estimate is likely unreliable for this observation. | Report risk is currently neutral because filing-text extraction has not yet been integrated for this dataset.,Needs review
860730,HCA Healthcare Inc,HCA,2018,39940927843.901825,62438772722.5802,56.32779730757642,27.103492884864167,50,-0.4467848814844544,Possible value trap,Random Forest,"Research signal: Possible value trap. This signal was assigned because the model-estimated fair value is 56.3% above actual market cap; fundamentals score in the lower third of the training dataset; report risk is set to neutral because SEC filing text has not been integrated into this dataset; and the log-scale model error is moderate (-0.45). The valuation gap is a research signal, not proof of undervaluation or overvaluation. This output is for research purposes only and does not constitute investment advice.",neutral_report_risk,Report risk is currently neutral because filing-text extraction has not yet been integrated for this dataset.,Possible value trap
860730,HCA Healthcare Inc,HCA,2019,47472851293.9682,63175857818.836975,33.0778668161943,24.056834787248942,50,-0.28576423569943543,Possible value trap,Random Forest,"Research signal: Possible value trap. This signal was assigned because the model-estimated fair value is 33.1% above actual market cap; fundamentals score in the lower third of the training dataset; report risk is set to neutral because SEC filing text has not been integrated into this dataset; and the log-scale model error is low (-0.29). The valuation gap is a research signal, not proof of undervaluation or overvaluation. This output is for research purposes only and does not constitute investment advice.",neutral_report_risk,Report risk is currently neutral because filing-text extraction has not yet been integrated for this dataset.,Possible value trap
860730,HCA Healthcare Inc,HCA,2020,53349257018.05115,65371980949.598015,22.535878854843062,24.777402060668663,50,-0.20323368972415778,Possible value trap,Random Forest,"Research signal: Possible value trap. This signal was assigned because the model-estimated fair value is 22.5% above actual market cap; fundamentals score in the lower third of the training dataset; report risk is set to neutral because SEC filing text has not been integrated into this dataset; and the log-scale model error is low (-0.20). The valuation gap is a research signal, not proof of undervaluation or overvaluation. This output is for research purposes only and does not constitute investment advice.",neutral_report_risk,Report risk is currently neutral because filing-text extraction has not yet been integrated for this dataset.,Possible value trap
860730,HCA Healthcare Inc,HCA,2021,75086609014.89258,69897594623.25203,-6.910705463621837,56.64657379099154,50,0.0716109971849157,Fairly valued / neutral,Random Forest,"Research signal: Fairly valued / neutral. This signal was assigned because the model-estimated fair value is 6.9% below actual market cap; fundamentals are in the middle range of the training dataset; report risk is set to neutral because SEC filing text has not been integrated into this dataset; and the log-scale model error is low (+0.07). The valuation gap is a research signal, not proof of undervaluation or overvaluation. This output is for research purposes only and does not constitute investment advice.",neutral_report_risk,Report risk is currently neutral because filing-text extraction has not yet been integrated for this dataset.,Fairly valued / neutral
860730,HCA Healthcare Inc,HCA,2022,64635089560.9375,69796581568.7127,7.985588080463615,18.916222299351066,50,-0.0768275885323142,Fairly valued / neutral,Random Forest,"Research signal: Fairly valued / neutral. This signal was assigned because the model-estimated fair value is 8.0% above actual market cap; fundamentals score in the lower third of the training dataset; report risk is set to neutral because SEC filing text has not been integrated into this dataset; and the log-scale model error is low (-0.08). The valuation gap is a research signal, not proof of undervaluation or overvaluation. This output is for research purposes only and does not constitute investment advice.",neutral_report_risk,Report risk is currently neutral because filing-text extraction has not yet been integrated for this dataset.,Fairly valued / neutral
860730,HCA Healthcare Inc,HCA,2023,70265143526.11389,87617509873.1748,24.695553835468854,29.434066906135122,50,-0.22070501117426744,Possible value trap,Random Forest,"Research signal: Possible value trap. This signal was assigned because the model-estimated fair value is 24.7% above actual market cap; fundamentals score in the lower third of the training dataset; report risk is set to neutral because SEC filing text has not been integrated into this dataset; and the log-scale model error is low (-0.22). The valuation gap is a research signal, not proof of undervaluation or overvaluation. This output is for research purposes only and does not constitute investment advice.",neutral_report_risk,Report risk is currently neutral because filing-text extraction has not yet been integrated for this dataset.,Possible value trap
860730,HCA Healthcare Inc,HCA,2024,73727274599.42017,73657347216.47696,-0.09484601638015347,20.619847207391526,50,0.0009489102367510327,Fairly valued / neutral,Random Forest,"Research signal: Fairly valued / neutral. This signal was assigned because the model-estimated fair value is within 5% of actual market cap; fundamentals score in the lower third of the training dataset; report risk is set to neutral because SEC filing text has not been integrated into this dataset; and the log-scale model error is low (+0.00). The valuation gap is a research signal, not proof of undervaluation or overvaluation. This output is for research purposes only and does not constitute investment advice.",neutral_report_risk,Report risk is currently neutral because filing-text extraction has not yet been integrated for this dataset.,Fairly valued / neutral
875045,Biogen Inc,BIIB,2017,67397526428.55139,64288033796.46437,-4.613659872789866,68.62361426278991,50,0.047234803035205886,Fairly valued / neutral,Random Forest,"Research signal: Fairly valued / neutral. This signal was assigned because the model-estimated fair value is within 5% of actual market cap; fundamentals score in the upper third of the training dataset; report risk is set to neutral because SEC filing text has not been integrated into this dataset; and the log-scale model error is low (+0.05). The valuation gap is a research signal, not proof of undervaluation or overvaluation. This output is for research purposes only and does not constitute investment advice.",neutral_report_risk,Report risk is currently neutral because filing-text extraction has not yet been integrated for this dataset.,Fairly valued / neutral
875045,Biogen Inc,BIIB,2018,59193609922.6333,70434546161.36649,18.990117773565782,70.20251472366729,50,-0.17387025975548553,Research candidate,Random Forest,"Research signal: Research candidate. This signal was assigned because the model-estimated fair value is 19.0% above actual market cap; fundamentals score in the upper third of the training dataset; report risk is set to neutral because SEC filing text has not been integrated into this dataset; and the log-scale model error is low (-0.17). The valuation gap is a research signal, not proof of undervaluation or overvaluation. This output is for research purposes only and does not constitute investment advice.",neutral_report_risk,Report risk is currently neutral because filing-text extraction has not yet been integrated for this dataset.,Research candidate
875045,Biogen Inc,BIIB,2019,51650015896.35434,64220557396.383606,24.337923777708934,65.54353721347076,50,-0.21783286477021946,Research candidate,Random Forest,"Research signal: Research candidate. This signal was assigned because the model-estimated fair value is 24.3% above actual market cap; fundamentals score in the upper third of the training dataset; report risk is set to neutral because SEC filing text has not been integrated into this dataset; and the log-scale model error is low (-0.22). The valuation gap is a research signal, not proof of undervaluation or overvaluation. This output is for research purposes only and does not constitute investment advice.",neutral_report_risk,Report risk is currently neutral because filing-text extraction has not yet been integrated for this dataset.,Research candidate
875045,Biogen Inc,BIIB,2020,37300927185.63835,66135319534.37047,77.302079396659,75.12028401684877,50,-0.5726847551488419,Research candidate,Random Forest,"Research signal: Research candidate. This signal was assigned because the model-estimated fair value is 77.3% above actual market cap; fundamentals score in the upper third of the training dataset; report risk is set to neutral because SEC filing text has not been integrated into this dataset; and the log-scale model error is moderate (-0.57). The valuation gap is a research signal, not proof of undervaluation or overvaluation. This output is for research purposes only and does not constitute investment advice.",neutral_report_risk,Report risk is currently neutral because filing-text extraction has not yet been integrated for this dataset.,Research candidate
875045,Biogen Inc,BIIB,2021,35259313027.46309,63649905468.39643,80.51941459784035,70.4062308196714,50,-0.5906681460995102,Research candidate,Random Forest,"Research signal: Research candidate. This signal was assigned because the model-estimated fair value is 80.5% above actual market cap; fundamentals score in the upper third of the training dataset; report risk is set to neutral because SEC filing text has not been integrated into this dataset; and the log-scale model error is moderate (-0.59). The valuation gap is a research signal, not proof of undervaluation or overvaluation. This output is for research purposes only and does not constitute investment advice.",neutral_report_risk,Report risk is currently neutral because filing-text extraction has not yet been integrated for this dataset.,Research candidate
875045,Biogen Inc,BIIB,2022,40010967030.434875,67320150557.31521,68.25424515760201,49.84727492539446,50,-0.5203060134671915,Research candidate,Random Forest,"Research signal: Research candidate. This signal was assigned because the model-estimated fair value is 68.3% above actual market cap; fundamentals are in the middle range of the training dataset; report risk is set to neutral because SEC filing text has not been integrated into this dataset; and the log-scale model error is moderate (-0.52). The valuation gap is a research signal, not proof of undervaluation or overvaluation. This output is for research purposes only and does not constitute investment advice.",neutral_report_risk,Report risk is currently neutral because filing-text extraction has not yet been integrated for this dataset.,Research candidate
875045,Biogen Inc,BIIB,2023,37615012101.47858,56815340167.61233,51.04432244853384,36.317221689885585,50,-0.4124031339056913,Possible value trap,Random Forest,"Research signal: Possible value trap. This signal was assigned because the model-estimated fair value is 51.0% above actual market cap; fundamentals score in the lower third of the training dataset; report risk is set to neutral because SEC filing text has not been integrated into this dataset; and the log-scale model error is moderate (-0.41). The valuation gap is a research signal, not proof of undervaluation or overvaluation. This output is for research purposes only and does not constitute investment advice.",neutral_report_risk,Report risk is currently neutral because filing-text extraction has not yet been integrated for this dataset.,Possible value trap
875045,Biogen Inc,BIIB,2024,22383655098.019485,53468053718.544716,138.87096850092007,39.682006984773324,50,-0.8707533394060434,Possible value trap,Random Forest,"Research signal: Possible value trap. This signal was assigned because the model-estimated fair value is 138.9% above actual market cap; fundamentals score in the lower third of the training dataset; report risk is set to neutral because SEC filing text has not been integrated into this dataset; and the log-scale model error is high (-0.87) — treat this estimate with additional caution. The valuation gap is a research signal, not proof of undervaluation or overvaluation. This output is for research purposes only and does not constitute investment advice.","extreme_valuation_gap, neutral_report_risk, needs_review",Valuation gap of +138.9% exceeds 100% — the model estimate is likely unreliable for this observation. | Report risk is currently neutral because filing-text extraction has not yet been integrated for this dataset.,Needs review
354950,Home Depot Inc,HD,2017,178064058334.98843,104720514633.8005,-41.189414858336065,51.34441286874642,50,0.530848327869009,Potentially overvalued,Random Forest,"Research signal: Potentially overvalued. This signal was assigned because the model-estimated fair value is 41.2% below actual market cap; fundamentals are in the middle range of the training dataset; report risk is set to neutral because SEC filing text has not been integrated into this dataset; and the log-scale model error is moderate (+0.53). The valuation gap is a research signal, not proof of undervaluation or overvaluation. This output is for research purposes only and does not constitute investment advice.",neutral_report_risk,Report risk is currently neutral because filing-text extraction has not yet been integrated for this dataset.,Potentially overvalued
354950,Home Depot Inc,HD,2018,157461267203.172,118222262821.83896,-24.91978191100356,50.66842330996155,50,0.28661306951912024,Potentially overvalued,Random Forest,"Research signal: Potentially overvalued. This signal was assigned because the model-estimated fair value is 24.9% below actual market cap; fundamentals are in the middle range of the training dataset; report risk is set to neutral because SEC filing text has not been integrated into this dataset; and the log-scale model error is low (+0.29). The valuation gap is a research signal, not proof of undervaluation or overvaluation. This output is for research purposes only and does not constitute investment advice.",neutral_report_risk,Report risk is currently neutral because filing-text extraction has not yet been integrated for this dataset.,Potentially overvalued
354950,Home Depot Inc,HD,2019,200150220836.4702,177786170039.96487,-11.173632835897571,50.719427310440295,50,0.11848665254054325,Potentially overvalued,Random Forest,"Research signal: Potentially overvalued. This signal was assigned because the model-estimated fair value is 11.2% below actual market cap; fundamentals are in the middle range of the training dataset; report risk is set to neutral because SEC filing text has not been integrated into this dataset; and the log-scale model error is low (+0.12). The valuation gap is a research signal, not proof of undervaluation or overvaluation. This output is for research purposes only and does not constitute investment advice.",neutral_report_risk,Report risk is currently neutral because filing-text extraction has not yet been integrated for this dataset.,Potentially overvalued
354950,Home Depot Inc,HD,2020,249730162408.04608,229877194047.64526,-7.949767929098648,21.534873042453658,50,0.08283575717257108,Fairly valued / neutral,Random Forest,"Research signal: Fairly valued / neutral. This signal was assigned because the model-estimated fair value is 7.9% below actual market cap; fundamentals score in the lower third of the training dataset; report risk is set to neutral because SEC filing text has not been integrated into this dataset; and the log-scale model error is low (+0.08). The valuation gap is a research signal, not proof of undervaluation or overvaluation. This output is for research purposes only and does not constitute investment advice.",neutral_report_risk,Report risk is currently neutral because filing-text extraction has not yet been integrated for this dataset.,Fairly valued / neutral
354950,Home Depot Inc,HD,2021,382165683966.0802,261371681205.8544,-31.607757532449483,18.621824545413897,50,0.37991078200856165,Potentially overvalued,Random Forest,"Research signal: Potentially overvalued. This signal was assigned because the model-estimated fair value is 31.6% below actual market cap; fundamentals score in the lower third of the training dataset; report risk is set to neutral because SEC filing text has not been integrated into this dataset; and the log-scale model error is moderate (+0.38). The valuation gap is a research signal, not proof of undervaluation or overvaluation. This output is for research purposes only and does not constitute investment advice.",neutral_report_risk,Report risk is currently neutral because filing-text extraction has not yet been integrated for this dataset.,Potentially overvalued
354950,Home Depot Inc,HD,2022,292872398987.0786,250396441996.0825,-14.503229781263935,58.14447010692103,50,0.15669158597834,Potentially overvalued,Random Forest,"Research signal: Potentially overvalued. This signal was assigned because the model-estimated fair value is 14.5% below actual market cap; fundamentals are in the middle range of the training dataset; report risk is set to neutral because SEC filing text has not been integrated into this dataset; and the log-scale model error is low (+0.16). The valuation gap is a research signal, not proof of undervaluation or overvaluation. This output is for research purposes only and does not constitute investment advice.",neutral_report_risk,Report risk is currently neutral because filing-text extraction has not yet been integrated for this dataset.,Potentially overvalued
354950,Home Depot Inc,HD,2023,322480367397.48175,287341153449.1842,-10.896543635162066,27.52891143762644,50,0.11537206029022684,Potentially overvalued,Random Forest,"Research signal: Potentially overvalued. This signal was assigned because the model-estimated fair value is 10.9% below actual market cap; fundamentals score in the lower third of the training dataset; report risk is set to neutral because SEC filing text has not been integrated into this dataset; and the log-scale model error is low (+0.12). The valuation gap is a research signal, not proof of undervaluation or overvaluation. This output is for research purposes only and does not constitute investment advice.",neutral_report_risk,Report risk is currently neutral because filing-text extraction has not yet been integrated for this dataset.,Potentially overvalued
354950,Home Depot Inc,HD,2024,371967456108.86865,309968690539.55035,-16.667792988635085,48.92855061692896,50,0.18233507274891636,Potentially overvalued,Random Forest,"Research signal: Potentially overvalued. This signal was assigned because the model-estimated fair value is 16.7% below actual market cap; fundamentals are in the middle range of the training dataset; report risk is set to neutral because SEC filing text has not been integrated into this dataset; and the log-scale model error is low (+0.18). The valuation gap is a research signal, not proof of undervaluation or overvaluation. This output is for research purposes only and does not constitute investment advice.",neutral_report_risk,Report risk is currently neutral because filing-text extraction has not yet been integrated for this dataset.,Potentially overvalued
104169,Walmart Inc,WMT,2017,262479466266.28848,280164577135.74176,6.737712142218213,48.87222799539089,50,-0.06520435075712072,Fairly valued / neutral,Random Forest,"Research signal: Fairly valued / neutral. This signal was assigned because the model-estimated fair value is 6.7% above actual market cap; fundamentals are in the middle range of the training dataset; report risk is set to neutral because SEC filing text has not been integrated into this dataset; and the log-scale model error is low (-0.07). The valuation gap is a research signal, not proof of undervaluation or overvaluation. This output is for research purposes only and does not constitute investment advice.",neutral_report_risk,Report risk is currently neutral because filing-text extraction has not yet been integrated for this dataset.,Fairly valued / neutral
104169,Walmart Inc,WMT,2018,246592298551.21777,273006542136.50323,10.711706626879575,39.60760106842173,50,-0.10175939905558806,Research candidate,Random Forest,"Research signal: Research candidate. This signal was assigned because the model-estimated fair value is 10.7% above actual market cap; fundamentals score in the lower third of the training dataset; report risk is set to neutral because SEC filing text has not been integrated into this dataset; and the log-scale model error is low (-0.10). The valuation gap is a research signal, not proof of undervaluation or overvaluation. This output is for research purposes only and does not constitute investment advice.",neutral_report_risk,Report risk is currently neutral because filing-text extraction has not yet been integrated for this dataset.,Research candidate
104169,Walmart Inc,WMT,2019,312159441313.6465,264619230966.68353,-15.229464195252795,40.07060642845288,50,0.16522215869945356,Potentially overvalued,Random Forest,"Research signal: Potentially overvalued. This signal was assigned because the model-estimated fair value is 15.2% below actual market cap; fundamentals score in the lower third of the training dataset; report risk is set to neutral because SEC filing text has not been integrated into this dataset; and the log-scale model error is low (+0.17). The valuation gap is a research signal, not proof of undervaluation or overvaluation. This output is for research purposes only and does not constitute investment advice.",neutral_report_risk,Report risk is currently neutral because filing-text extraction has not yet been integrated for this dataset.,Potentially overvalued
104169,Walmart Inc,WMT,2020,379944450788.9866,284423399825.0128,-25.140793809625663,38.323073319865216,50,0.28956108749036247,Potentially overvalued,Random Forest,"Research signal: Potentially overvalued. This signal was assigned because the model-estimated fair value is 25.1% below actual market cap; fundamentals score in the lower third of the training dataset; report risk is set to neutral because SEC filing text has not been integrated into this dataset; and the log-scale model error is low (+0.29). The valuation gap is a research signal, not proof of undervaluation or overvaluation. This output is for research purposes only and does not constitute investment advice.",neutral_report_risk,Report risk is currently neutral because filing-text extraction has not yet been integrated for this dataset.,Potentially overvalued
104169,Walmart Inc,WMT,2021,385352537652.0723,157838610258.0975,-59.04046429282709,33.42288192142403,50,0.8925855405951815,Potentially overvalued,Random Forest,"Research signal: Potentially overvalued. This signal was assigned because the model-estimated fair value is 59.0% below actual market cap; fundamentals score in the lower third of the training dataset; report risk is set to neutral because SEC filing text has not been integrated into this dataset; and the log-scale model error is high (+0.89) — treat this estimate with additional caution. The valuation gap is a research signal, not proof of undervaluation or overvaluation. This output is for research purposes only and does not constitute investment advice.",neutral_report_risk,Report risk is currently neutral because filing-text extraction has not yet been integrated for this dataset.,Potentially overvalued
104169,Walmart Inc,WMT,2022,374675091786.868,369348679007.5655,-1.4216084538473652,41.85520153119842,50,0.014318101072895217,Fairly valued / neutral,Random Forest,"Research signal: Fairly valued / neutral. This signal was assigned because the model-estimated fair value is within 5% of actual market cap; fundamentals score in the lower third of the training dataset; report risk is set to neutral because SEC filing text has not been integrated into this dataset; and the log-scale model error is low (+0.01). The valuation gap is a research signal, not proof of undervaluation or overvaluation. This output is for research purposes only and does not constitute investment advice.",neutral_report_risk,Report risk is currently neutral because filing-text extraction has not yet been integrated for this dataset.,Fairly valued / neutral
104169,Walmart Inc,WMT,2023,414312570569.194,421657229909.02875,1.7727338877853702,46.47632436233649,50,-0.017572042250684206,Fairly valued / neutral,Random Forest,"Research signal: Fairly valued / neutral. This signal was assigned because the model-estimated fair value is within 5% of actual market cap; fundamentals are in the middle range of the training dataset; report risk is set to neutral because SEC filing text has not been integrated into this dataset; and the log-scale model error is low (-0.02). The valuation gap is a research signal, not proof of undervaluation or overvaluation. This output is for research purposes only and does not constitute investment advice.",neutral_report_risk,Report risk is currently neutral because filing-text extraction has not yet been integrated for this dataset.,Fairly valued / neutral
104169,Walmart Inc,WMT,2024,718294146491.955,443263325956.5669,-38.28944198955246,43.072468549177316,50,0.48271515123209596,Potentially overvalued,Random Forest,"Research signal: Potentially overvalued. This signal was assigned because the model-estimated fair value is 38.3% below actual market cap; fundamentals score in the lower third of the training dataset; report risk is set to neutral because SEC filing text has not been integrated into this dataset; and the log-scale model error is moderate (+0.48). The valuation gap is a research signal, not proof of undervaluation or overvaluation. This output is for research purposes only and does not constitute investment advice.",neutral_report_risk,Report risk is currently neutral because filing-text extraction has not yet been integrated for this dataset.,Potentially overvalued
909832,Costco Wholesale Corp,COST,2017,72666311850.83112,96524195224.95009,32.83210990960194,48.77005952254717,50,-0.28391581331535676,Research candidate,Random Forest,"Research signal: Research candidate. This signal was assigned because the model-estimated fair value is 32.8% above actual market cap; fundamentals are in the middle range of the training dataset; report risk is set to neutral because SEC filing text has not been integrated into this dataset; and the log-scale model error is low (-0.28). The valuation gap is a research signal, not proof of undervaluation or overvaluation. This output is for research purposes only and does not constitute investment advice.",neutral_report_risk,Report risk is currently neutral because filing-text extraction has not yet been integrated for this dataset.,Research candidate
909832,Costco Wholesale Corp,COST,2018,80592595726.80823,89818872715.53674,11.448045450730529,42.80221921852896,50,-0.10838833623581223,Research candidate,Random Forest,"Research signal: Research candidate. This signal was assigned because the model-estimated fair value is 11.4% above actual market cap; fundamentals score in the lower third of the training dataset; report risk is set to neutral because SEC filing text has not been integrated into this dataset; and the log-scale model error is low (-0.11). The valuation gap is a research signal, not proof of undervaluation or overvaluation. This output is for research purposes only and does not constitute investment advice.",neutral_report_risk,Report risk is currently neutral because filing-text extraction has not yet been integrated for this dataset.,Research candidate
909832,Costco Wholesale Corp,COST,2019,117812122888.80003,88780907357.7922,-24.641959434352675,49.089671787942635,50,0.2829195570446501,Potentially overvalued,Random Forest,"Research signal: Potentially overvalued. This signal was assigned because the model-estimated fair value is 24.6% below actual market cap; fundamentals are in the middle range of the training dataset; report risk is set to neutral because SEC filing text has not been integrated into this dataset; and the log-scale model error is low (+0.28). The valuation gap is a research signal, not proof of undervaluation or overvaluation. This output is for research purposes only and does not constitute investment advice.",neutral_report_risk,Report risk is currently neutral because filing-text extraction has not yet been integrated for this dataset.,Potentially overvalued
909832,Costco Wholesale Corp,COST,2020,156855540242.48035,114811499608.16492,-26.804307051775318,50.070315563659015,50,0.31203360625706367,Potentially overvalued,Random Forest,"Research signal: Potentially overvalued. This signal was assigned because the model-estimated fair value is 26.8% below actual market cap; fundamentals are in the middle range of the training dataset; report risk is set to neutral because SEC filing text has not been integrated into this dataset; and the log-scale model error is moderate (+0.31). The valuation gap is a research signal, not proof of undervaluation or overvaluation. This output is for research purposes only and does not constitute investment advice.",neutral_report_risk,Report risk is currently neutral because filing-text extraction has not yet been integrated for this dataset.,Potentially overvalued
909832,Costco Wholesale Corp,COST,2021,238461538830.64313,145715464142.0427,-38.893515131792086,48.172770598530754,50,0.49255219011994456,Potentially overvalued,Random Forest,"Research signal: Potentially overvalued. This signal was assigned because the model-estimated fair value is 38.9% below actual market cap; fundamentals are in the middle range of the training dataset; report risk is set to neutral because SEC filing text has not been integrated into this dataset; and the log-scale model error is moderate (+0.49). The valuation gap is a research signal, not proof of undervaluation or overvaluation. This output is for research purposes only and does not constitute investment advice.",neutral_report_risk,Report risk is currently neutral because filing-text extraction has not yet been integrated for this dataset.,Potentially overvalued
909832,Costco Wholesale Corp,COST,2022,193375990445.34988,181460958833.00146,-6.161587891499764,52.313365845418716,50,0.06359590305095253,Fairly valued / neutral,Random Forest,"Research signal: Fairly valued / neutral. This signal was assigned because the model-estimated fair value is 6.2% below actual market cap; fundamentals are in the middle range of the training dataset; report risk is set to neutral because SEC filing text has not been integrated into this dataset; and the log-scale model error is low (+0.06). The valuation gap is a research signal, not proof of undervaluation or overvaluation. This output is for research purposes only and does not constitute investment advice.",neutral_report_risk,Report risk is currently neutral because filing-text extraction has not yet been integrated for this dataset.,Fairly valued / neutral
909832,Costco Wholesale Corp,COST,2023,288226517395.85913,192177023430.3073,-33.32430854501652,57.97465923913905,50,0.40532974544534994,Potentially overvalued,Random Forest,"Research signal: Potentially overvalued. This signal was assigned because the model-estimated fair value is 33.3% below actual market cap; fundamentals are in the middle range of the training dataset; report risk is set to neutral because SEC filing text has not been integrated into this dataset; and the log-scale model error is moderate (+0.41). The valuation gap is a research signal, not proof of undervaluation or overvaluation. This output is for research purposes only and does not constitute investment advice.",neutral_report_risk,Report risk is currently neutral because filing-text extraction has not yet been integrated for this dataset.,Potentially overvalued
909832,Costco Wholesale Corp,COST,2024,402732183639.8886,223959944454.29977,-44.38985669579409,57.7133052396254,50,0.5868045678416429,Potentially overvalued,Random Forest,"Research signal: Potentially overvalued. This signal was assigned because the model-estimated fair value is 44.4% below actual market cap; fundamentals are in the middle range of the training dataset; report risk is set to neutral because SEC filing text has not been integrated into this dataset; and the log-scale model error is moderate (+0.59). The valuation gap is a research signal, not proof of undervaluation or overvaluation. This output is for research purposes only and does not constitute investment advice.",neutral_report_risk,Report risk is currently neutral because filing-text extraction has not yet been integrated for this dataset.,Potentially overvalued
320187,Nike Inc,NKE,2017,82462469778.26837,86712335884.61731,5.153697333800837,65.23458387235878,50,-0.05025287801319678,Fairly valued / neutral,Random Forest,"Research signal: Fairly valued / neutral. This signal was assigned because the model-estimated fair value is 5.2% above actual market cap; fundamentals score in the upper third of the training dataset; report risk is set to neutral because SEC filing text has not been integrated into this dataset; and the log-scale model error is low (-0.05). The valuation gap is a research signal, not proof of undervaluation or overvaluation. This output is for research purposes only and does not constitute investment advice.",neutral_report_risk,Report risk is currently neutral because filing-text extraction has not yet been integrated for this dataset.,Fairly valued / neutral
320187,Nike Inc,NKE,2018,98846272825.53088,109332681200.83386,10.608805041958504,60.44150349210988,50,-0.10082951152225306,Research candidate,Random Forest,"Research signal: Research candidate. This signal was assigned because the model-estimated fair value is 10.6% above actual market cap; fundamentals are in the middle range of the training dataset; report risk is set to neutral because SEC filing text has not been integrated into this dataset; and the log-scale model error is low (-0.10). The valuation gap is a research signal, not proof of undervaluation or overvaluation. This output is for research purposes only and does not constitute investment advice.",neutral_report_risk,Report risk is currently neutral because filing-text extraction has not yet been integrated for this dataset.,Research candidate
320187,Nike Inc,NKE,2019,136500816019.39996,100649087595.33083,-26.264845492919083,61.98877531758908,50,0.3046905058499263,Potentially overvalued,Random Forest,"Research signal: Potentially overvalued. This signal was assigned because the model-estimated fair value is 26.3% below actual market cap; fundamentals are in the middle range of the training dataset; report risk is set to neutral because SEC filing text has not been integrated into this dataset; and the log-scale model error is moderate (+0.30). The valuation gap is a research signal, not proof of undervaluation or overvaluation. This output is for research purposes only and does not constitute investment advice.",neutral_report_risk,Report risk is currently neutral because filing-text extraction has not yet been integrated for this dataset.,Potentially overvalued
320187,Nike Inc,NKE,2020,192427207275.0346,131683516306.92802,-31.56710104994983,54.43879184124449,50,0.37931649819091007,Potentially overvalued,Random Forest,"Research signal: Potentially overvalued. This signal was assigned because the model-estimated fair value is 31.6% below actual market cap; fundamentals are in the middle range of the training dataset; report risk is set to neutral because SEC filing text has not been integrated into this dataset; and the log-scale model error is moderate (+0.38). The valuation gap is a research signal, not proof of undervaluation or overvaluation. This output is for research purposes only and does not constitute investment advice.",neutral_report_risk,Report risk is currently neutral because filing-text extraction has not yet been integrated for this dataset.,Potentially overvalued
320187,Nike Inc,NKE,2021,228408887013.7072,160940709559.19855,-29.53833291541751,58.553920700846554,50,0.35010135334094983,Potentially overvalued,Random Forest,"Research signal: Potentially overvalued. This signal was assigned because the model-estimated fair value is 29.5% below actual market cap; fundamentals are in the middle range of the training dataset; report risk is set to neutral because SEC filing text has not been integrated into this dataset; and the log-scale model error is moderate (+0.35). The valuation gap is a research signal, not proof of undervaluation or overvaluation. This output is for research purposes only and does not constitute investment advice.",neutral_report_risk,Report risk is currently neutral because filing-text extraction has not yet been integrated for this dataset.,Potentially overvalued
320187,Nike Inc,NKE,2022,162076398399.20618,160715855330.1324,-0.839445522304039,48.409850921754256,50,0.008429887089096866,Fairly valued / neutral,Random Forest,"Research signal: Fairly valued / neutral. This signal was assigned because the model-estimated fair value is within 5% of actual market cap; fundamentals are in the middle range of the training dataset; report risk is set to neutral because SEC filing text has not been integrated into this dataset; and the log-scale model error is low (+0.01). The valuation gap is a research signal, not proof of undervaluation or overvaluation. This output is for research purposes only and does not constitute investment advice.",neutral_report_risk,Report risk is currently neutral because filing-text extraction has not yet been integrated for this dataset.,Fairly valued / neutral
320187,Nike Inc,NKE,2023,152329608645.68,161326819950.73755,5.906410044015244,71.36755744945616,50,-0.05738559400383636,Fairly valued / neutral,Random Forest,"Research signal: Fairly valued / neutral. This signal was assigned because the model-estimated fair value is 5.9% above actual market cap; fundamentals score in the upper third of the training dataset; report risk is set to neutral because SEC filing text has not been integrated into this dataset; and the log-scale model error is low (-0.06). The valuation gap is a research signal, not proof of undervaluation or overvaluation. This output is for research purposes only and does not constitute investment advice.",neutral_report_risk,Report risk is currently neutral because filing-text extraction has not yet been integrated for this dataset.,Fairly valued / neutral
320187,Nike Inc,NKE,2024,107990312003.58504,125106881326.11697,15.850097110529418,59.652986851377335,50,-0.1471269031336142,Research candidate,Random Forest,"Research signal: Research candidate. This signal was assigned because the model-estimated fair value is 15.9% above actual market cap; fundamentals are in the middle range of the training dataset; report risk is set to neutral because SEC filing text has not been integrated into this dataset; and the log-scale model error is low (-0.15). The valuation gap is a research signal, not proof of undervaluation or overvaluation. This output is for research purposes only and does not constitute investment advice.",neutral_report_risk,Report risk is currently neutral because filing-text extraction has not yet been integrated for this dataset.,Research candidate
63908,McDonald's Corp,MCD,2017,111959936656.44836,78459728011.01933,-29.921603786026772,55.811145278844045,50,0.35555562469640734,Potentially overvalued,Random Forest,"Research signal: Potentially overvalued. This signal was assigned because the model-estimated fair value is 29.9% below actual market cap; fundamentals are in the middle range of the training dataset; report risk is set to neutral because SEC filing text has not been integrated into this dataset; and the log-scale model error is moderate (+0.36). The valuation gap is a research signal, not proof of undervaluation or overvaluation. This output is for research purposes only and does not constitute investment advice.",neutral_report_risk,Report risk is currently neutral because filing-text extraction has not yet been integrated for this dataset.,Potentially overvalued
63908,McDonald's Corp,MCD,2018,114080476813.53778,121232547503.23947,6.269320473994516,51.402354227279375,50,-0.0608064450408321,Fairly valued / neutral,Random Forest,"Research signal: Fairly valued / neutral. This signal was assigned because the model-estimated fair value is 6.3% above actual market cap; fundamentals are in the middle range of the training dataset; report risk is set to neutral because SEC filing text has not been integrated into this dataset; and the log-scale model error is low (-0.06). The valuation gap is a research signal, not proof of undervaluation or overvaluation. This output is for research purposes only and does not constitute investment advice.",neutral_report_risk,Report risk is currently neutral because filing-text extraction has not yet been integrated for this dataset.,Fairly valued / neutral
63908,McDonald's Corp,MCD,2019,126643351657.6889,87719687731.81993,-30.734865602007932,25.79889854003702,50,0.3672285175351959,Potentially overvalued,Random Forest,"Research signal: Potentially overvalued. This signal was assigned because the model-estimated fair value is 30.7% below actual market cap; fundamentals score in the lower third of the training dataset; report risk is set to neutral because SEC filing text has not been integrated into this dataset; and the log-scale model error is moderate (+0.37). The valuation gap is a research signal, not proof of undervaluation or overvaluation. This output is for research purposes only and does not constitute investment advice.",neutral_report_risk,Report risk is currently neutral because filing-text extraction has not yet been integrated for this dataset.,Potentially overvalued
63908,McDonald's Corp,MCD,2020,140973715417.08685,94858534867.91687,-32.71189981248132,25.804963813707403,50,0.3961867823931655,Potentially overvalued,Random Forest,"Research signal: Potentially overvalued. This signal was assigned because the model-estimated fair value is 32.7% below actual market cap; fundamentals score in the lower third of the training dataset; report risk is set to neutral because SEC filing text has not been integrated into this dataset; and the log-scale model error is moderate (+0.40). The valuation gap is a research signal, not proof of undervaluation or overvaluation. This output is for research purposes only and does not constitute investment advice.",neutral_report_risk,Report risk is currently neutral because filing-text extraction has not yet been integrated for this dataset.,Potentially overvalued
63908,McDonald's Corp,MCD,2021,179667432096.8949,94272555308.59924,-47.529413534580975,29.985508187955155,50,0.6449174311951005,Potentially overvalued,Random Forest,"Research signal: Potentially overvalued. This signal was assigned because the model-estimated fair value is 47.5% below actual market cap; fundamentals score in the lower third of the training dataset; report risk is set to neutral because SEC filing text has not been integrated into this dataset; and the log-scale model error is high (+0.64) — treat this estimate with additional caution. The valuation gap is a research signal, not proof of undervaluation or overvaluation. This output is for research purposes only and does not constitute investment advice.",neutral_report_risk,Report risk is currently neutral because filing-text extraction has not yet been integrated for this dataset.,Potentially overvalued
63908,McDonald's Corp,MCD,2022,177644887308.63638,115742168217.55672,-34.84632742823114,26.24157609873143,50,0.42842151298885156,Potentially overvalued,Random Forest,"Research signal: Potentially overvalued. This signal was assigned because the model-estimated fair value is 34.8% below actual market cap; fundamentals score in the lower third of the training dataset; report risk is set to neutral because SEC filing text has not been integrated into this dataset; and the log-scale model error is moderate (+0.43). The valuation gap is a research signal, not proof of undervaluation or overvaluation. This output is for research purposes only and does not constitute investment advice.",neutral_report_risk,Report risk is currently neutral because filing-text extraction has not yet been integrated for this dataset.,Potentially overvalued
63908,McDonald's Corp,MCD,2023,201762401298.12305,125060473275.22615,-38.01596706294278,44.292086378721024,50,0.47829336738366024,Potentially overvalued,Random Forest,"Research signal: Potentially overvalued. This signal was assigned because the model-estimated fair value is 38.0% below actual market cap; fundamentals score in the lower third of the training dataset; report risk is set to neutral because SEC filing text has not been integrated into this dataset; and the log-scale model error is moderate (+0.48). The valuation gap is a research signal, not proof of undervaluation or overvaluation. This output is for research purposes only and does not constitute investment advice.",neutral_report_risk,Report risk is currently neutral because filing-text extraction has not yet been integrated for this dataset.,Potentially overvalued
63908,McDonald's Corp,MCD,2024,199914198096.99792,128775517155.43185,-35.58460660560474,28.205462022539887,50,0.43981755357711094,Potentially overvalued,Random Forest,"Research signal: Potentially overvalued. This signal was assigned because the model-estimated fair value is 35.6% below actual market cap; fundamentals score in the lower third of the training dataset; report risk is set to neutral because SEC filing text has not been integrated into this dataset; and the log-scale model error is moderate (+0.44). The valuation gap is a research signal, not proof of undervaluation or overvaluation. This output is for research purposes only and does not constitute investment advice.",neutral_report_risk,Report risk is currently neutral because filing-text extraction has not yet been integrated for this dataset.,Potentially overvalued
829224,Starbucks Corp,SBUX,2017,67788101734.92432,68530364206.304634,1.0949745639475628,62.30974522653207,50,-0.010890231225697988,Fairly valued / neutral,Random Forest,"Research signal: Fairly valued / neutral. This signal was assigned because the model-estimated fair value is within 5% of actual market cap; fundamentals are in the middle range of the training dataset; report risk is set to neutral because SEC filing text has not been integrated into this dataset; and the log-scale model error is low (-0.01). The valuation gap is a research signal, not proof of undervaluation or overvaluation. This output is for research purposes only and does not constitute investment advice.",neutral_report_risk,Report risk is currently neutral because filing-text extraction has not yet been integrated for this dataset.,Fairly valued / neutral
829224,Starbucks Corp,SBUX,2018,67817433263.39722,67302980361.11188,-0.7585850385803419,64.2291547886871,50,0.007614769291329537,Fairly valued / neutral,Random Forest,"Research signal: Fairly valued / neutral. This signal was assigned because the model-estimated fair value is within 5% of actual market cap; fundamentals are in the middle range of the training dataset; report risk is set to neutral because SEC filing text has not been integrated into this dataset; and the log-scale model error is low (+0.01). The valuation gap is a research signal, not proof of undervaluation or overvaluation. This output is for research purposes only and does not constitute investment advice.",neutral_report_risk,Report risk is currently neutral because filing-text extraction has not yet been integrated for this dataset.,Fairly valued / neutral
829224,Starbucks Corp,SBUX,2019,89792617919.92188,67829749856.268005,-24.459547535678954,51.68633167281872,50,0.2805018789901723,Potentially overvalued,Random Forest,"Research signal: Potentially overvalued. This signal was assigned because the model-estimated fair value is 24.5% below actual market cap; fundamentals are in the middle range of the training dataset; report risk is set to neutral because SEC filing text has not been integrated into this dataset; and the log-scale model error is low (+0.28). The valuation gap is a research signal, not proof of undervaluation or overvaluation. This output is for research purposes only and does not constitute investment advice.",neutral_report_risk,Report risk is currently neutral because filing-text extraction has not yet been integrated for this dataset.,Potentially overvalued
829224,Starbucks Corp,SBUX,2020,110822703958.12988,78285618623.91974,-29.35958442820799,28.907148057460702,50,0.3475677467568019,Potentially overvalued,Random Forest,"Research signal: Potentially overvalued. This signal was assigned because the model-estimated fair value is 29.4% below actual market cap; fundamentals score in the lower third of the training dataset; report risk is set to neutral because SEC filing text has not been integrated into this dataset; and the log-scale model error is moderate (+0.35). The valuation gap is a research signal, not proof of undervaluation or overvaluation. This output is for research purposes only and does not constitute investment advice.",neutral_report_risk,Report risk is currently neutral because filing-text extraction has not yet been integrated for this dataset.,Potentially overvalued
829224,Starbucks Corp,SBUX,2021,123122100198.36426,125768864083.55345,2.149706576581251,23.723991267749273,50,-0.021269262795460264,Fairly valued / neutral,Random Forest,"Research signal: Fairly valued / neutral. This signal was assigned because the model-estimated fair value is within 5% of actual market cap; fundamentals score in the lower third of the training dataset; report risk is set to neutral because SEC filing text has not been integrated into this dataset; and the log-scale model error is low (-0.02). The valuation gap is a research signal, not proof of undervaluation or overvaluation. This output is for research purposes only and does not constitute investment advice.",neutral_report_risk,Report risk is currently neutral because filing-text extraction has not yet been integrated for this dataset.,Fairly valued / neutral
829224,Starbucks Corp,SBUX,2022,104584710635.37598,66297085598.242294,-36.60919918841638,11.528073952779707,50,0.4558514326816798,Potentially overvalued,Random Forest,"Research signal: Potentially overvalued. This signal was assigned because the model-estimated fair value is 36.6% below actual market cap; fundamentals score in the lower third of the training dataset; report risk is set to neutral because SEC filing text has not been integrated into this dataset; and the log-scale model error is moderate (+0.46). The valuation gap is a research signal, not proof of undervaluation or overvaluation. This output is for research purposes only and does not constitute investment advice.",neutral_report_risk,Report risk is currently neutral because filing-text extraction has not yet been integrated for this dataset.,Potentially overvalued
829224,Starbucks Corp,SBUX,2023,102345841323.85254,70530727262.37224,-31.08588844446338,34.92385795551279,50,0.37230921681281615,Potentially overvalued,Random Forest,"Research signal: Potentially overvalued. This signal was assigned because the model-estimated fair value is 31.1% below actual market cap; fundamentals score in the lower third of the training dataset; report risk is set to neutral because SEC filing text has not been integrated into this dataset; and the log-scale model error is moderate (+0.37). The valuation gap is a research signal, not proof of undervaluation or overvaluation. This output is for research purposes only and does not constitute investment advice.",neutral_report_risk,Report risk is currently neutral because filing-text extraction has not yet been integrated for this dataset.,Potentially overvalued
829224,Starbucks Corp,SBUX,2024,99554234918.21288,73231052837.63202,-26.441047035524136,27.68886555225621,50,0.3070830201151544,Potentially overvalued,Random Forest,"Research signal: Potentially overvalued. This signal was assigned because the model-estimated fair value is 26.4% below actual market cap; fundamentals score in the lower third of the training dataset; report risk is set to neutral because SEC filing text has not been integrated into this dataset; and the log-scale model error is moderate (+0.31). The valuation gap is a research signal, not proof of undervaluation or overvaluation. This output is for research purposes only and does not constitute investment advice.",neutral_report_risk,Report risk is currently neutral because filing-text extraction has not yet been integrated for this dataset.,Potentially overvalued
60667,Lowe's Companies Inc,LOW,2017,65607884517.0211,69909475824.37198,6.556515789249209,47.090784255508666,50,-0.06350532309646084,Fairly valued / neutral,Random Forest,"Research signal: Fairly valued / neutral. This signal was assigned because the model-estimated fair value is 6.6% above actual market cap; fundamentals are in the middle range of the training dataset; report risk is set to neutral because SEC filing text has not been integrated into this dataset; and the log-scale model error is low (-0.06). The valuation gap is a research signal, not proof of undervaluation or overvaluation. This output is for research purposes only and does not constitute investment advice.",neutral_report_risk,Report risk is currently neutral because filing-text extraction has not yet been integrated for this dataset.,Fairly valued / neutral
60667,Lowe's Companies Inc,LOW,2018,64006251359.19254,75885888600.08429,18.560120282978577,49.91463061356334,50,-0.17024999009171538,Research candidate,Random Forest,"Research signal: Research candidate. This signal was assigned because the model-estimated fair value is 18.6% above actual market cap; fundamentals are in the middle range of the training dataset; report risk is set to neutral because SEC filing text has not been integrated into this dataset; and the log-scale model error is low (-0.17). The valuation gap is a research signal, not proof of undervaluation or overvaluation. This output is for research purposes only and does not constitute investment advice.",neutral_report_risk,Report risk is currently neutral because filing-text extraction has not yet been integrated for this dataset.,Research candidate
60667,Lowe's Companies Inc,LOW,2019,80281057909.7818,75115472003.9044,-6.434376975553032,47.967272441923114,50,0.06650714534650604,Fairly valued / neutral,Random Forest,"Research signal: Fairly valued / neutral. This signal was assigned because the model-estimated fair value is 6.4% below actual market cap; fundamentals are in the middle range of the training dataset; report risk is set to neutral because SEC filing text has not been integrated into this dataset; and the log-scale model error is low (+0.07). The valuation gap is a research signal, not proof of undervaluation or overvaluation. This output is for research purposes only and does not constitute investment advice.",neutral_report_risk,Report risk is currently neutral because filing-text extraction has not yet been integrated for this dataset.,Fairly valued / neutral
60667,Lowe's Companies Inc,LOW,2020,104036729568.14716,77654358176.1047,-25.358708892094896,44.91135747194507,50,0.29247633179709354,Potentially overvalued,Random Forest,"Research signal: Potentially overvalued. This signal was assigned because the model-estimated fair value is 25.4% below actual market cap; fundamentals score in the lower third of the training dataset; report risk is set to neutral because SEC filing text has not been integrated into this dataset; and the log-scale model error is low (+0.29). The valuation gap is a research signal, not proof of undervaluation or overvaluation. This output is for research purposes only and does not constitute investment advice.",neutral_report_risk,Report risk is currently neutral because filing-text extraction has not yet been integrated for this dataset.,Potentially overvalued
60667,Lowe's Companies Inc,LOW,2021,156741532813.94525,138908792986.76736,-11.377163095850056,43.339283754054726,50,0.12078060872110896,Potentially overvalued,Random Forest,"Research signal: Potentially overvalued. This signal was assigned because the model-estimated fair value is 11.4% below actual market cap; fundamentals score in the lower third of the training dataset; report risk is set to neutral because SEC filing text has not been integrated into this dataset; and the log-scale model error is low (+0.12). The valuation gap is a research signal, not proof of undervaluation or overvaluation. This output is for research purposes only and does not constitute investment advice.",neutral_report_risk,Report risk is currently neutral because filing-text extraction has not yet been integrated for this dataset.,Potentially overvalued
60667,Lowe's Companies Inc,LOW,2022,110935377176.79988,99702325486.7474,-10.125761480172498,27.874532886738635,50,0.10675884264115965,Potentially overvalued,Random Forest,"Research signal: Potentially overvalued. This signal was assigned because the model-estimated fair value is 10.1% below actual market cap; fundamentals score in the lower third of the training dataset; report risk is set to neutral because SEC filing text has not been integrated into this dataset; and the log-scale model error is low (+0.11). The valuation gap is a research signal, not proof of undervaluation or overvaluation. This output is for research purposes only and does not constitute investment advice.",neutral_report_risk,Report risk is currently neutral because filing-text extraction has not yet been integrated for this dataset.,Potentially overvalued
60667,Lowe's Companies Inc,LOW,2023,121376922411.13824,126895194126.9533,4.546392844863119,49.176401242684875,50,-0.04446073756837876,Fairly valued / neutral,Random Forest,"Research signal: Fairly valued / neutral. This signal was assigned because the model-estimated fair value is within 5% of actual market cap; fundamentals are in the middle range of the training dataset; report risk is set to neutral because SEC filing text has not been integrated into this dataset; and the log-scale model error is low (-0.04). The valuation gap is a research signal, not proof of undervaluation or overvaluation. This output is for research purposes only and does not constitute investment advice.",neutral_report_risk,Report risk is currently neutral because filing-text extraction has not yet been integrated for this dataset.,Fairly valued / neutral
60667,Lowe's Companies Inc,LOW,2024,134173535687.55798,108089124073.38283,-19.440802152606597,13.119773594840224,50,0.216177894834491,Potentially overvalued,Random Forest,"Research signal: Potentially overvalued. This signal was assigned because the model-estimated fair value is 19.4% below actual market cap; fundamentals score in the lower third of the training dataset; report risk is set to neutral because SEC filing text has not been integrated into this dataset; and the log-scale model error is low (+0.22). The valuation gap is a research signal, not proof of undervaluation or overvaluation. This output is for research purposes only and does not constitute investment advice.",neutral_report_risk,Report risk is currently neutral because filing-text extraction has not yet been integrated for this dataset.,Potentially overvalued
27419,Target Corp,TGT,2017,27583821884.32846,79304098838.86218,187.50221478162243,54.93928417421302,50,-1.056060377807892,Research candidate,Random Forest,"Research signal: Research candidate. This signal was assigned because the model-estimated fair value is 187.5% above actual market cap; fundamentals are in the middle range of the training dataset; report risk is set to neutral because SEC filing text has not been integrated into this dataset; and the log-scale model error is high (-1.06) — treat this estimate with additional caution. The valuation gap is a research signal, not proof of undervaluation or overvaluation. This output is for research purposes only and does not constitute investment advice.","extreme_valuation_gap, high_model_error, neutral_report_risk, needs_review",Valuation gap of +187.5% exceeds 100% — the model estimate is likely unreliable for this observation. | Model error of -1.056 (log scale) is large — the model fit was poor for this observation. | Report risk is currently neutral because filing-text extraction has not yet been integrated for this dataset.,Needs review
27419,Target Corp,TGT,2018,27668443518.199265,59119963221.43784,113.67289122191116,37.598830502069845,50,-0.759276113923967,Possible value trap,Random Forest,"Research signal: Possible value trap. This signal was assigned because the model-estimated fair value is 113.7% above actual market cap; fundamentals score in the lower third of the training dataset; report risk is set to neutral because SEC filing text has not been integrated into this dataset; and the log-scale model error is high (-0.76) — treat this estimate with additional caution. The valuation gap is a research signal, not proof of undervaluation or overvaluation. This output is for research purposes only and does not constitute investment advice.","extreme_valuation_gap, neutral_report_risk, needs_review",Valuation gap of +113.7% exceeds 100% — the model estimate is likely unreliable for this observation. | Report risk is currently neutral because filing-text extraction has not yet been integrated for this dataset.,Needs review
27419,Target Corp,TGT,2019,53735878292.106926,63094808446.57345,17.416538915753094,44.86895914338017,50,-0.1605575881085386,Possible value trap,Random Forest,"Research signal: Possible value trap. This signal was assigned because the model-estimated fair value is 17.4% above actual market cap; fundamentals score in the lower third of the training dataset; report risk is set to neutral because SEC filing text has not been integrated into this dataset; and the log-scale model error is low (-0.16). The valuation gap is a research signal, not proof of undervaluation or overvaluation. This output is for research purposes only and does not constitute investment advice.",neutral_report_risk,Report risk is currently neutral because filing-text extraction has not yet been integrated for this dataset.,Possible value trap
27419,Target Corp,TGT,2020,75130432407.90833,67048769288.26272,-10.75684361267555,44.033065969726586,50,0.1138054474019583,Potentially overvalued,Random Forest,"Research signal: Potentially overvalued. This signal was assigned because the model-estimated fair value is 10.8% below actual market cap; fundamentals score in the lower third of the training dataset; report risk is set to neutral because SEC filing text has not been integrated into this dataset; and the log-scale model error is low (+0.11). The valuation gap is a research signal, not proof of undervaluation or overvaluation. This output is for research purposes only and does not constitute investment advice.",neutral_report_risk,Report risk is currently neutral because filing-text extraction has not yet been integrated for this dataset.,Potentially overvalued
27419,Target Corp,TGT,2021,92603438970.78934,132879831083.54372,43.493408625417345,47.1750889236008,50,-0.36111891523271566,Research candidate,Random Forest,"Research signal: Research candidate. This signal was assigned because the model-estimated fair value is 43.5% above actual market cap; fundamentals are in the middle range of the training dataset; report risk is set to neutral because SEC filing text has not been integrated into this dataset; and the log-scale model error is moderate (-0.36). The valuation gap is a research signal, not proof of undervaluation or overvaluation. This output is for research purposes only and does not constitute investment advice.",neutral_report_risk,Report risk is currently neutral because filing-text extraction has not yet been integrated for this dataset.,Research candidate
27419,Target Corp,TGT,2022,60624983868.87399,135549051152.4893,123.58612324857499,61.13532284505684,50,-0.8046264927613578,Research candidate,Random Forest,"Research signal: Research candidate. This signal was assigned because the model-estimated fair value is 123.6% above actual market cap; fundamentals are in the middle range of the training dataset; report risk is set to neutral because SEC filing text has not been integrated into this dataset; and the log-scale model error is high (-0.80) — treat this estimate with additional caution. The valuation gap is a research signal, not proof of undervaluation or overvaluation. This output is for research purposes only and does not constitute investment advice.","extreme_valuation_gap, neutral_report_risk, needs_review",Valuation gap of +123.6% exceeds 100% — the model estimate is likely unreliable for this observation. | Report risk is currently neutral because filing-text extraction has not yet been integrated for this dataset.,Needs review
27419,Target Corp,TGT,2023,59978704714.72995,79421097838.61287,32.41549349282318,57.8829460857676,50,-0.2807744710070139,Research candidate,Random Forest,"Research signal: Research candidate. This signal was assigned because the model-estimated fair value is 32.4% above actual market cap; fundamentals are in the middle range of the training dataset; report risk is set to neutral because SEC filing text has not been integrated into this dataset; and the log-scale model error is low (-0.28). The valuation gap is a research signal, not proof of undervaluation or overvaluation. This output is for research purposes only and does not constitute investment advice.",neutral_report_risk,Report risk is currently neutral because filing-text extraction has not yet been integrated for this dataset.,Research candidate
27419,Target Corp,TGT,2024,57842333598.84082,75689809491.49205,30.85538701884064,40.57459204602583,50,-0.26892261156241304,Possible value trap,Random Forest,"Research signal: Possible value trap. This signal was assigned because the model-estimated fair value is 30.9% above actual market cap; fundamentals score in the lower third of the training dataset; report risk is set to neutral because SEC filing text has not been integrated into this dataset; and the log-scale model error is low (-0.27). The valuation gap is a research signal, not proof of undervaluation or overvaluation. This output is for research purposes only and does not constitute investment advice.",neutral_report_risk,Report risk is currently neutral because filing-text extraction has not yet been integrated for this dataset.,Possible value trap
1075531,Booking Holdings Inc,BKNG,2017,82167604658.42285,75163516631.81238,-8.524147753517965,64.44683406499409,50,0.08909515841146742,Fairly valued / neutral,Random Forest,"Research signal: Fairly valued / neutral. This signal was assigned because the model-estimated fair value is 8.5% below actual market cap; fundamentals are in the middle range of the training dataset; report risk is set to neutral because SEC filing text has not been integrated into this dataset; and the log-scale model error is low (+0.09). The valuation gap is a research signal, not proof of undervaluation or overvaluation. This output is for research purposes only and does not constitute investment advice.",neutral_report_risk,Report risk is currently neutral because filing-text extraction has not yet been integrated for this dataset.,Fairly valued / neutral
1075531,Booking Holdings Inc,BKNG,2018,75918149404.26349,71353641120.74591,-6.012407203462786,62.21910877736012,50,0.06200740395593485,Fairly valued / neutral,Random Forest,"Research signal: Fairly valued / neutral. This signal was assigned because the model-estimated fair value is 6.0% below actual market cap; fundamentals are in the middle range of the training dataset; report risk is set to neutral because SEC filing text has not been integrated into this dataset; and the log-scale model error is low (+0.06). The valuation gap is a research signal, not proof of undervaluation or overvaluation. This output is for research purposes only and does not constitute investment advice.",neutral_report_risk,Report risk is currently neutral because filing-text extraction has not yet been integrated for this dataset.,Fairly valued / neutral
1075531,Booking Holdings Inc,BKNG,2019,82575803871.14143,86914853991.9753,5.254626558168176,64.85656150558093,50,-0.051212243405604596,Fairly valued / neutral,Random Forest,"Research signal: Fairly valued / neutral. This signal was assigned because the model-estimated fair value is 5.3% above actual market cap; fundamentals are in the middle range of the training dataset; report risk is set to neutral because SEC filing text has not been integrated into this dataset; and the log-scale model error is low (-0.05). The valuation gap is a research signal, not proof of undervaluation or overvaluation. This output is for research purposes only and does not constitute investment advice.",neutral_report_risk,Report risk is currently neutral because filing-text extraction has not yet been integrated for this dataset.,Fairly valued / neutral
1075531,Booking Holdings Inc,BKNG,2020,89335307597.10846,72440205211.04497,-18.912010089290092,68.75423485357224,50,0.2096353257133856,Potentially overvalued,Random Forest,"Research signal: Potentially overvalued. This signal was assigned because the model-estimated fair value is 18.9% below actual market cap; fundamentals score in the upper third of the training dataset; report risk is set to neutral because SEC filing text has not been integrated into this dataset; and the log-scale model error is low (+0.21). The valuation gap is a research signal, not proof of undervaluation or overvaluation. This output is for research purposes only and does not constitute investment advice.",neutral_report_risk,Report risk is currently neutral because filing-text extraction has not yet been integrated for this dataset.,Potentially overvalued
1075531,Booking Holdings Inc,BKNG,2021,96058515661.84271,108229791058.41954,12.670688603417195,59.05466224531271,50,-0.11929911785313863,Research candidate,Random Forest,"Research signal: Research candidate. This signal was assigned because the model-estimated fair value is 12.7% above actual market cap; fundamentals are in the middle range of the training dataset; report risk is set to neutral because SEC filing text has not been integrated into this dataset; and the log-scale model error is low (-0.12). The valuation gap is a research signal, not proof of undervaluation or overvaluation. This output is for research purposes only and does not constitute investment advice.",neutral_report_risk,Report risk is currently neutral because filing-text extraction has not yet been integrated for this dataset.,Research candidate
1075531,Booking Holdings Inc,BKNG,2022,74293853110.99129,82088661031.97945,10.491861162918967,11.484842782434926,50,-0.09977167762286143,Research candidate,Random Forest,"Research signal: Research candidate. This signal was assigned because the model-estimated fair value is 10.5% above actual market cap; fundamentals score in the lower third of the training dataset; report risk is set to neutral because SEC filing text has not been integrated into this dataset; and the log-scale model error is low (-0.10). The valuation gap is a research signal, not proof of undervaluation or overvaluation. This output is for research purposes only and does not constitute investment advice.",neutral_report_risk,Report risk is currently neutral because filing-text extraction has not yet been integrated for this dataset.,Research candidate
1075531,Booking Holdings Inc,BKNG,2023,118690939630.52484,123113435053.37576,3.726059829518401,62.00872761401329,50,-0.03658319786500641,Fairly valued / neutral,Random Forest,"Research signal: Fairly valued / neutral. This signal was assigned because the model-estimated fair value is within 5% of actual market cap; fundamentals are in the middle range of the training dataset; report risk is set to neutral because SEC filing text has not been integrated into this dataset; and the log-scale model error is low (-0.04). The valuation gap is a research signal, not proof of undervaluation or overvaluation. This output is for research purposes only and does not constitute investment advice.",neutral_report_risk,Report risk is currently neutral because filing-text extraction has not yet been integrated for this dataset.,Fairly valued / neutral
1075531,Booking Holdings Inc,BKNG,2024,161063960009.83545,150636666264.44006,-6.474008055407701,70.85943691745516,50,0.06693079961293691,Fairly valued / neutral,Random Forest,"Research signal: Fairly valued / neutral. This signal was assigned because the model-estimated fair value is 6.5% below actual market cap; fundamentals score in the upper third of the training dataset; report risk is set to neutral because SEC filing text has not been integrated into this dataset; and the log-scale model error is low (+0.07). The valuation gap is a research signal, not proof of undervaluation or overvaluation. This output is for research purposes only and does not constitute investment advice.",neutral_report_risk,Report risk is currently neutral because filing-text extraction has not yet been integrated for this dataset.,Fairly valued / neutral
80424,Procter & Gamble Co,PG,2017,186817763854.5607,170579284919.82935,-8.692149290135575,45.17017969871129,50,0.09093341402407873,Fairly valued / neutral,Random Forest,"Research signal: Fairly valued / neutral. This signal was assigned because the model-estimated fair value is 8.7% below actual market cap; fundamentals are in the middle range of the training dataset; report risk is set to neutral because SEC filing text has not been integrated into this dataset; and the log-scale model error is low (+0.09). The valuation gap is a research signal, not proof of undervaluation or overvaluation. This output is for research purposes only and does not constitute investment advice.",neutral_report_risk,Report risk is currently neutral because filing-text extraction has not yet been integrated for this dataset.,Fairly valued / neutral
80424,Procter & Gamble Co,PG,2018,188781736548.43048,209106362399.85693,10.76620345962986,41.049130408888175,50,-0.10225151886860928,Research candidate,Random Forest,"Research signal: Research candidate. This signal was assigned because the model-estimated fair value is 10.8% above actual market cap; fundamentals score in the lower third of the training dataset; report risk is set to neutral because SEC filing text has not been integrated into this dataset; and the log-scale model error is low (-0.10). The valuation gap is a research signal, not proof of undervaluation or overvaluation. This output is for research purposes only and does not constitute investment advice.",neutral_report_risk,Report risk is currently neutral because filing-text extraction has not yet been integrated for this dataset.,Research candidate
80424,Procter & Gamble Co,PG,2019,265239238447.1066,232269850250.438,-12.430056876084453,47.719535092841966,50,0.13273236194696736,Potentially overvalued,Random Forest,"Research signal: Potentially overvalued. This signal was assigned because the model-estimated fair value is 12.4% below actual market cap; fundamentals are in the middle range of the training dataset; report risk is set to neutral because SEC filing text has not been integrated into this dataset; and the log-scale model error is low (+0.13). The valuation gap is a research signal, not proof of undervaluation or overvaluation. This output is for research purposes only and does not constitute investment advice.",neutral_report_risk,Report risk is currently neutral because filing-text extraction has not yet been integrated for this dataset.,Potentially overvalued
80424,Procter & Gamble Co,PG,2020,300820321133.91486,216728352480.28897,-27.954218098248436,44.81035461623888,50,0.32786840929863814,Potentially overvalued,Random Forest,"Research signal: Potentially overvalued. This signal was assigned because the model-estimated fair value is 28.0% below actual market cap; fundamentals score in the lower third of the training dataset; report risk is set to neutral because SEC filing text has not been integrated into this dataset; and the log-scale model error is moderate (+0.33). The valuation gap is a research signal, not proof of undervaluation or overvaluation. This output is for research purposes only and does not constitute investment advice.",neutral_report_risk,Report risk is currently neutral because filing-text extraction has not yet been integrated for this dataset.,Potentially overvalued
80424,Procter & Gamble Co,PG,2021,354000078117.7353,101717239286.01918,-71.26632292657588,30.312401318494867,50,1.2471003339459017,Potentially overvalued,Random Forest,"Research signal: Potentially overvalued. This signal was assigned because the model-estimated fair value is 71.3% below actual market cap; fundamentals score in the lower third of the training dataset; report risk is set to neutral because SEC filing text has not been integrated into this dataset; and the log-scale model error is high (+1.25) — treat this estimate with additional caution. The valuation gap is a research signal, not proof of undervaluation or overvaluation. This output is for research purposes only and does not constitute investment advice.","high_model_error, neutral_report_risk, needs_review",Model error of +1.247 (log scale) is large — the model fit was poor for this observation. | Report risk is currently neutral because filing-text extraction has not yet been integrated for this dataset.,Needs review
80424,Procter & Gamble Co,PG,2022,330886159731.675,271710454317.45926,-17.884007436939335,50.101751952585886,50,0.19703739479599847,Potentially overvalued,Random Forest,"Research signal: Potentially overvalued. This signal was assigned because the model-estimated fair value is 17.9% below actual market cap; fundamentals are in the middle range of the training dataset; report risk is set to neutral because SEC filing text has not been integrated into this dataset; and the log-scale model error is low (+0.20). The valuation gap is a research signal, not proof of undervaluation or overvaluation. This output is for research purposes only and does not constitute investment advice.",neutral_report_risk,Report risk is currently neutral because filing-text extraction has not yet been integrated for this dataset.,Potentially overvalued
80424,Procter & Gamble Co,PG,2023,323621133911.6664,270079030152.49973,-16.544687027078144,55.063741831743734,50,0.18085887136497192,Potentially overvalued,Random Forest,"Research signal: Potentially overvalued. This signal was assigned because the model-estimated fair value is 16.5% below actual market cap; fundamentals are in the middle range of the training dataset; report risk is set to neutral because SEC filing text has not been integrated into this dataset; and the log-scale model error is low (+0.18). The valuation gap is a research signal, not proof of undervaluation or overvaluation. This output is for research purposes only and does not constitute investment advice.",neutral_report_risk,Report risk is currently neutral because filing-text extraction has not yet been integrated for this dataset.,Potentially overvalued
80424,Procter & Gamble Co,PG,2024,378934104648.7091,269945463238.72302,-28.761898196263967,51.645575871918545,50,0.3391423730123506,Potentially overvalued,Random Forest,"Research signal: Potentially overvalued. This signal was assigned because the model-estimated fair value is 28.8% below actual market cap; fundamentals are in the middle range of the training dataset; report risk is set to neutral because SEC filing text has not been integrated into this dataset; and the log-scale model error is moderate (+0.34). The valuation gap is a research signal, not proof of undervaluation or overvaluation. This output is for research purposes only and does not constitute investment advice.",neutral_report_risk,Report risk is currently neutral because filing-text extraction has not yet been integrated for this dataset.,Potentially overvalued
21344,Coca-Cola Co,KO,2017,150525554443.53085,161303067812.77832,7.1599227181658485,54.18228355919383,50,-0.06915213750632532,Fairly valued / neutral,Random Forest,"Research signal: Fairly valued / neutral. This signal was assigned because the model-estimated fair value is 7.2% above actual market cap; fundamentals are in the middle range of the training dataset; report risk is set to neutral because SEC filing text has not been integrated into this dataset; and the log-scale model error is low (-0.07). The valuation gap is a research signal, not proof of undervaluation or overvaluation. This output is for research purposes only and does not constitute investment advice.",neutral_report_risk,Report risk is currently neutral because filing-text extraction has not yet been integrated for this dataset.,Fairly valued / neutral
21344,Coca-Cola Co,KO,2018,161076775777.32422,160739524662.49814,-0.20937289885433458,46.52742880515119,50,0.002095923903322472,Fairly valued / neutral,Random Forest,"Research signal: Fairly valued / neutral. This signal was assigned because the model-estimated fair value is within 5% of actual market cap; fundamentals are in the middle range of the training dataset; report risk is set to neutral because SEC filing text has not been integrated into this dataset; and the log-scale model error is low (+0.00). The valuation gap is a research signal, not proof of undervaluation or overvaluation. This output is for research purposes only and does not constitute investment advice.",neutral_report_risk,Report risk is currently neutral because filing-text extraction has not yet been integrated for this dataset.,Fairly valued / neutral
21344,Coca-Cola Co,KO,2019,194936341966.6888,159246554243.57578,-18.30843205686695,29.928640016724298,50,0.20221939699879243,Potentially overvalued,Random Forest,"Research signal: Potentially overvalued. This signal was assigned because the model-estimated fair value is 18.3% below actual market cap; fundamentals score in the lower third of the training dataset; report risk is set to neutral because SEC filing text has not been integrated into this dataset; and the log-scale model error is low (+0.20). The valuation gap is a research signal, not proof of undervaluation or overvaluation. This output is for research purposes only and does not constitute investment advice.",neutral_report_risk,Report risk is currently neutral because filing-text extraction has not yet been integrated for this dataset.,Potentially overvalued
21344,Coca-Cola Co,KO,2020,200635886194.28284,168471764452.7051,-16.031091123166306,50.05421403985556,50,0.17472358807933475,Potentially overvalued,Random Forest,"Research signal: Potentially overvalued. This signal was assigned because the model-estimated fair value is 16.0% below actual market cap; fundamentals are in the middle range of the training dataset; report risk is set to neutral because SEC filing text has not been integrated into this dataset; and the log-scale model error is low (+0.17). The valuation gap is a research signal, not proof of undervaluation or overvaluation. This output is for research purposes only and does not constitute investment advice.",neutral_report_risk,Report risk is currently neutral because filing-text extraction has not yet been integrated for this dataset.,Potentially overvalued
21344,Coca-Cola Co,KO,2021,224809698303.33017,194132991947.70963,-13.645632989653864,59.95449145277773,50,0.14671080930596858,Potentially overvalued,Random Forest,"Research signal: Potentially overvalued. This signal was assigned because the model-estimated fair value is 13.6% below actual market cap; fundamentals are in the middle range of the training dataset; report risk is set to neutral because SEC filing text has not been integrated into this dataset; and the log-scale model error is low (+0.15). The valuation gap is a research signal, not proof of undervaluation or overvaluation. This output is for research purposes only and does not constitute investment advice.",neutral_report_risk,Report risk is currently neutral because filing-text extraction has not yet been integrated for this dataset.,Potentially overvalued
21344,Coca-Cola Co,KO,2022,248157372223.32407,173420395326.5082,-30.11676672235144,47.262831638638886,50,0.35834443279363626,Potentially overvalued,Random Forest,"Research signal: Potentially overvalued. This signal was assigned because the model-estimated fair value is 30.1% below actual market cap; fundamentals are in the middle range of the training dataset; report risk is set to neutral because SEC filing text has not been integrated into this dataset; and the log-scale model error is moderate (+0.36). The valuation gap is a research signal, not proof of undervaluation or overvaluation. This output is for research purposes only and does not constitute investment advice.",neutral_report_risk,Report risk is currently neutral because filing-text extraction has not yet been integrated for this dataset.,Potentially overvalued
21344,Coca-Cola Co,KO,2023,236372489734.1005,210192487712.03195,-11.075739842449044,65.22300124865058,50,0.11738518803579723,Potentially overvalued,Random Forest,"Research signal: Potentially overvalued. This signal was assigned because the model-estimated fair value is 11.1% below actual market cap; fundamentals score in the upper third of the training dataset; report risk is set to neutral because SEC filing text has not been integrated into this dataset; and the log-scale model error is low (+0.12). The valuation gap is a research signal, not proof of undervaluation or overvaluation. This output is for research purposes only and does not constitute investment advice.",neutral_report_risk,Report risk is currently neutral because filing-text extraction has not yet been integrated for this dataset.,Potentially overvalued
21344,Coca-Cola Co,KO,2024,256672843442.59772,203392467716.6759,-20.758088394278232,62.02402794992849,50,0.23266484019681144,Potentially overvalued,Random Forest,"Research signal: Potentially overvalued. This signal was assigned because the model-estimated fair value is 20.8% below actual market cap; fundamentals are in the middle range of the training dataset; report risk is set to neutral because SEC filing text has not been integrated into this dataset; and the log-scale model error is low (+0.23). The valuation gap is a research signal, not proof of undervaluation or overvaluation. This output is for research purposes only and does not constitute investment advice.",neutral_report_risk,Report risk is currently neutral because filing-text extraction has not yet been integrated for this dataset.,Potentially overvalued
77476,PepsiCo Inc,PEP,2017,130741201765.5557,139522980279.6234,6.716917387538741,49.95148382216756,50,-0.0650095107127413,Fairly valued / neutral,Random Forest,"Research signal: Fairly valued / neutral. This signal was assigned because the model-estimated fair value is 6.7% above actual market cap; fundamentals are in the middle range of the training dataset; report risk is set to neutral because SEC filing text has not been integrated into this dataset; and the log-scale model error is low (-0.07). The valuation gap is a research signal, not proof of undervaluation or overvaluation. This output is for research purposes only and does not constitute investment advice.",neutral_report_risk,Report risk is currently neutral because filing-text extraction has not yet been integrated for this dataset.,Fairly valued / neutral
77476,PepsiCo Inc,PEP,2018,123114630874.00992,148841611624.76602,20.896769594414785,44.935386505391946,50,-0.18976685162650497,Possible value trap,Random Forest,"Research signal: Possible value trap. This signal was assigned because the model-estimated fair value is 20.9% above actual market cap; fundamentals score in the lower third of the training dataset; report risk is set to neutral because SEC filing text has not been integrated into this dataset; and the log-scale model error is low (-0.19). The valuation gap is a research signal, not proof of undervaluation or overvaluation. This output is for research purposes only and does not constitute investment advice.",neutral_report_risk,Report risk is currently neutral because filing-text extraction has not yet been integrated for this dataset.,Possible value trap
77476,PepsiCo Inc,PEP,2019,155128018208.5216,156662511869.0484,0.9891789234773454,44.33484138901577,50,-0.009843185741825522,Fairly valued / neutral,Random Forest,"Research signal: Fairly valued / neutral. This signal was assigned because the model-estimated fair value is within 5% of actual market cap; fundamentals score in the lower third of the training dataset; report risk is set to neutral because SEC filing text has not been integrated into this dataset; and the log-scale model error is low (-0.01). The valuation gap is a research signal, not proof of undervaluation or overvaluation. This output is for research purposes only and does not constitute investment advice.",neutral_report_risk,Report risk is currently neutral because filing-text extraction has not yet been integrated for this dataset.,Fairly valued / neutral
77476,PepsiCo Inc,PEP,2020,171995427826.5008,186212289775.99634,8.265837138320158,49.850579343397115,50,-0.07941947170221653,Fairly valued / neutral,Random Forest,"Research signal: Fairly valued / neutral. This signal was assigned because the model-estimated fair value is 8.3% above actual market cap; fundamentals are in the middle range of the training dataset; report risk is set to neutral because SEC filing text has not been integrated into this dataset; and the log-scale model error is low (-0.08). The valuation gap is a research signal, not proof of undervaluation or overvaluation. This output is for research purposes only and does not constitute investment advice.",neutral_report_risk,Report risk is currently neutral because filing-text extraction has not yet been integrated for this dataset.,Fairly valued / neutral
77476,PepsiCo Inc,PEP,2021,207929097647.7539,147823989060.37814,-28.90654038676103,48.104154147786886,50,0.3411748419721441,Potentially overvalued,Random Forest,"Research signal: Potentially overvalued. This signal was assigned because the model-estimated fair value is 28.9% below actual market cap; fundamentals are in the middle range of the training dataset; report risk is set to neutral because SEC filing text has not been integrated into this dataset; and the log-scale model error is moderate (+0.34). The valuation gap is a research signal, not proof of undervaluation or overvaluation. This output is for research purposes only and does not constitute investment advice.",neutral_report_risk,Report risk is currently neutral because filing-text extraction has not yet been integrated for this dataset.,Potentially overvalued
77476,PepsiCo Inc,PEP,2022,221038832988.83716,148941831674.21902,-32.617346164806776,47.482873160624315,50,0.39478256268863277,Potentially overvalued,Random Forest,"Research signal: Potentially overvalued. This signal was assigned because the model-estimated fair value is 32.6% below actual market cap; fundamentals are in the middle range of the training dataset; report risk is set to neutral because SEC filing text has not been integrated into this dataset; and the log-scale model error is moderate (+0.39). The valuation gap is a research signal, not proof of undervaluation or overvaluation. This output is for research purposes only and does not constitute investment advice.",neutral_report_risk,Report risk is currently neutral because filing-text extraction has not yet been integrated for this dataset.,Potentially overvalued
77476,PepsiCo Inc,PEP,2023,213327881783.94183,159407502387.2508,-25.2758237440812,54.21752571616096,50,0.2913665015534086,Potentially overvalued,Random Forest,"Research signal: Potentially overvalued. This signal was assigned because the model-estimated fair value is 25.3% below actual market cap; fundamentals are in the middle range of the training dataset; report risk is set to neutral because SEC filing text has not been integrated into this dataset; and the log-scale model error is low (+0.29). The valuation gap is a research signal, not proof of undervaluation or overvaluation. This output is for research purposes only and does not constitute investment advice.",neutral_report_risk,Report risk is currently neutral because filing-text extraction has not yet been integrated for this dataset.,Potentially overvalued
77476,PepsiCo Inc,PEP,2024,196691400824.0424,195071079580.62402,-0.8237885523362987,51.748337991691045,50,0.008272004409832334,Fairly valued / neutral,Random Forest,"Research signal: Fairly valued / neutral. This signal was assigned because the model-estimated fair value is within 5% of actual market cap; fundamentals are in the middle range of the training dataset; report risk is set to neutral because SEC filing text has not been integrated into this dataset; and the log-scale model error is low (+0.01). The valuation gap is a research signal, not proof of undervaluation or overvaluation. This output is for research purposes only and does not constitute investment advice.",neutral_report_risk,Report risk is currently neutral because filing-text extraction has not yet been integrated for this dataset.,Fairly valued / neutral
1413329,Philip Morris International Inc,PM,2017,106269723388.2064,110132928628.94298,3.635283049174948,23.973962773665868,50,-0.03570765582923485,Fairly valued / neutral,Random Forest,"Research signal: Fairly valued / neutral. This signal was assigned because the model-estimated fair value is within 5% of actual market cap; fundamentals score in the lower third of the training dataset; report risk is set to neutral because SEC filing text has not been integrated into this dataset; and the log-scale model error is low (-0.04). The valuation gap is a research signal, not proof of undervaluation or overvaluation. This output is for research purposes only and does not constitute investment advice.",neutral_report_risk,Report risk is currently neutral because filing-text extraction has not yet been integrated for this dataset.,Fairly valued / neutral
1413329,Philip Morris International Inc,PM,2018,70947854188.4573,111106530253.69075,56.60308761215074,25.10354590466757,50,-0.4485443139269307,Possible value trap,Random Forest,"Research signal: Possible value trap. This signal was assigned because the model-estimated fair value is 56.6% above actual market cap; fundamentals score in the lower third of the training dataset; report risk is set to neutral because SEC filing text has not been integrated into this dataset; and the log-scale model error is moderate (-0.45). The valuation gap is a research signal, not proof of undervaluation or overvaluation. This output is for research purposes only and does not constitute investment advice.",neutral_report_risk,Report risk is currently neutral because filing-text extraction has not yet been integrated for this dataset.,Possible value trap
1413329,Philip Morris International Inc,PM,2019,95876502272.63568,126949026991.07071,32.408905187296874,36.9580820661908,50,-0.28072471497576856,Possible value trap,Random Forest,"Research signal: Possible value trap. This signal was assigned because the model-estimated fair value is 32.4% above actual market cap; fundamentals score in the lower third of the training dataset; report risk is set to neutral because SEC filing text has not been integrated into this dataset; and the log-scale model error is low (-0.28). The valuation gap is a research signal, not proof of undervaluation or overvaluation. This output is for research purposes only and does not constitute investment advice.",neutral_report_risk,Report risk is currently neutral because filing-text extraction has not yet been integrated for this dataset.,Possible value trap
1413329,Philip Morris International Inc,PM,2020,99513190992.22278,127370057161.03494,27.993139292447424,32.34420152685164,50,-0.24680647721728022,Possible value trap,Random Forest,"Research signal: Possible value trap. This signal was assigned because the model-estimated fair value is 28.0% above actual market cap; fundamentals score in the lower third of the training dataset; report risk is set to neutral because SEC filing text has not been integrated into this dataset; and the log-scale model error is low (-0.25). The valuation gap is a research signal, not proof of undervaluation or overvaluation. This output is for research purposes only and does not constitute investment advice.",neutral_report_risk,Report risk is currently neutral because filing-text extraction has not yet been integrated for this dataset.,Possible value trap
1413329,Philip Morris International Inc,PM,2021,119600079733.34392,126475568722.81741,5.748732780783125,29.70690263873117,50,-0.05589564870605557,Fairly valued / neutral,Random Forest,"Research signal: Fairly valued / neutral. This signal was assigned because the model-estimated fair value is 5.7% above actual market cap; fundamentals score in the lower third of the training dataset; report risk is set to neutral because SEC filing text has not been integrated into this dataset; and the log-scale model error is low (-0.06). The valuation gap is a research signal, not proof of undervaluation or overvaluation. This output is for research purposes only and does not constitute investment advice.",neutral_report_risk,Report risk is currently neutral because filing-text extraction has not yet been integrated for this dataset.,Fairly valued / neutral
1413329,Philip Morris International Inc,PM,2022,134355772645.84946,129724445562.67604,-3.447062222909622,28.224233269856757,50,0.035078750056118935,Fairly valued / neutral,Random Forest,"Research signal: Fairly valued / neutral. This signal was assigned because the model-estimated fair value is within 5% of actual market cap; fundamentals score in the lower third of the training dataset; report risk is set to neutral because SEC filing text has not been integrated into this dataset; and the log-scale model error is low (+0.04). The valuation gap is a research signal, not proof of undervaluation or overvaluation. This output is for research purposes only and does not constitute investment advice.",neutral_report_risk,Report risk is currently neutral because filing-text extraction has not yet been integrated for this dataset.,Fairly valued / neutral
1413329,Philip Morris International Inc,PM,2023,132053659930.4002,175698353161.46588,33.050725935251556,38.551470526380584,50,-0.28556026752934116,Possible value trap,Random Forest,"Research signal: Possible value trap. This signal was assigned because the model-estimated fair value is 33.1% above actual market cap; fundamentals score in the lower third of the training dataset; report risk is set to neutral because SEC filing text has not been integrated into this dataset; and the log-scale model error is low (-0.29). The valuation gap is a research signal, not proof of undervaluation or overvaluation. This output is for research purposes only and does not constitute investment advice.",neutral_report_risk,Report risk is currently neutral because filing-text extraction has not yet been integrated for this dataset.,Possible value trap
1413329,Philip Morris International Inc,PM,2024,177669128392.40222,178368057394.58084,0.3933879838904575,30.492390837859272,50,-0.003926162366727937,Fairly valued / neutral,Random Forest,"Research signal: Fairly valued / neutral. This signal was assigned because the model-estimated fair value is within 5% of actual market cap; fundamentals score in the lower third of the training dataset; report risk is set to neutral because SEC filing text has not been integrated into this dataset; and the log-scale model error is low (-0.00). The valuation gap is a research signal, not proof of undervaluation or overvaluation. This output is for research purposes only and does not constitute investment advice.",neutral_report_risk,Report risk is currently neutral because filing-text extraction has not yet been integrated for this dataset.,Fairly valued / neutral
21665,Colgate-Palmolive Co,CL,2017,53927000822.25397,61832744196.65618,14.660083546014233,25.939575778140664,50,-0.1368017701332036,Research candidate,Random Forest,"Research signal: Research candidate. This signal was assigned because the model-estimated fair value is 14.7% above actual market cap; fundamentals score in the lower third of the training dataset; report risk is set to neutral because SEC filing text has not been integrated into this dataset; and the log-scale model error is low (-0.14). The valuation gap is a research signal, not proof of undervaluation or overvaluation. This output is for research purposes only and does not constitute investment advice.",neutral_report_risk,Report risk is currently neutral because filing-text extraction has not yet been integrated for this dataset.,Research candidate
21665,Colgate-Palmolive Co,CL,2018,42898071067.063774,73067098843.97694,70.32723622875507,21.816702552541546,50,-0.532551319772331,Possible value trap,Random Forest,"Research signal: Possible value trap. This signal was assigned because the model-estimated fair value is 70.3% above actual market cap; fundamentals score in the lower third of the training dataset; report risk is set to neutral because SEC filing text has not been integrated into this dataset; and the log-scale model error is moderate (-0.53). The valuation gap is a research signal, not proof of undervaluation or overvaluation. This output is for research purposes only and does not constitute investment advice.",neutral_report_risk,Report risk is currently neutral because filing-text extraction has not yet been integrated for this dataset.,Possible value trap
21665,Colgate-Palmolive Co,CL,2019,50482984320.00935,64065856941.82374,26.905843235639892,25.19318877428489,50,-0.23827523365829606,Possible value trap,Random Forest,"Research signal: Possible value trap. This signal was assigned because the model-estimated fair value is 26.9% above actual market cap; fundamentals score in the lower third of the training dataset; report risk is set to neutral because SEC filing text has not been integrated into this dataset; and the log-scale model error is low (-0.24). The valuation gap is a research signal, not proof of undervaluation or overvaluation. This output is for research purposes only and does not constitute investment advice.",neutral_report_risk,Report risk is currently neutral because filing-text extraction has not yet been integrated for this dataset.,Possible value trap
21665,Colgate-Palmolive Co,CL,2020,63712981304.701035,68487818229.08929,7.494292099679132,52.60842269025074,50,-0.0722675634227734,Fairly valued / neutral,Random Forest,"Research signal: Fairly valued / neutral. This signal was assigned because the model-estimated fair value is 7.5% above actual market cap; fundamentals are in the middle range of the training dataset; report risk is set to neutral because SEC filing text has not been integrated into this dataset; and the log-scale model error is low (-0.07). The valuation gap is a research signal, not proof of undervaluation or overvaluation. This output is for research purposes only and does not constitute investment advice.",neutral_report_risk,Report risk is currently neutral because filing-text extraction has not yet been integrated for this dataset.,Fairly valued / neutral
21665,Colgate-Palmolive Co,CL,2021,64420070107.9794,67382439115.48097,4.598518757486787,53.39203967581167,50,-0.044959204524172236,Fairly valued / neutral,Random Forest,"Research signal: Fairly valued / neutral. This signal was assigned because the model-estimated fair value is within 5% of actual market cap; fundamentals are in the middle range of the training dataset; report risk is set to neutral because SEC filing text has not been integrated into this dataset; and the log-scale model error is low (-0.04). The valuation gap is a research signal, not proof of undervaluation or overvaluation. This output is for research purposes only and does not constitute investment advice.",neutral_report_risk,Report risk is currently neutral because filing-text extraction has not yet been integrated for this dataset.,Fairly valued / neutral
21665,Colgate-Palmolive Co,CL,2022,60182765866.4756,68065594351.99597,13.098149232638454,57.52299185316681,50,-0.12308583300927367,Research candidate,Random Forest,"Research signal: Research candidate. This signal was assigned because the model-estimated fair value is 13.1% above actual market cap; fundamentals are in the middle range of the training dataset; report risk is set to neutral because SEC filing text has not been integrated into this dataset; and the log-scale model error is low (-0.12). The valuation gap is a research signal, not proof of undervaluation or overvaluation. This output is for research purposes only and does not constitute investment advice.",neutral_report_risk,Report risk is currently neutral because filing-text extraction has not yet been integrated for this dataset.,Research candidate
21665,Colgate-Palmolive Co,CL,2023,61915692372.78807,71324935837.26607,15.196863838372188,53.687971549765514,50,-0.14147233827788952,Research candidate,Random Forest,"Research signal: Research candidate. This signal was assigned because the model-estimated fair value is 15.2% above actual market cap; fundamentals are in the middle range of the training dataset; report risk is set to neutral because SEC filing text has not been integrated into this dataset; and the log-scale model error is low (-0.14). The valuation gap is a research signal, not proof of undervaluation or overvaluation. This output is for research purposes only and does not constitute investment advice.",neutral_report_risk,Report risk is currently neutral because filing-text extraction has not yet been integrated for this dataset.,Research candidate
21665,Colgate-Palmolive Co,CL,2024,71154388185.06018,70500710340.56433,-0.9186753778217406,51.3559442408552,50,0.009229212237706008,Fairly valued / neutral,Random Forest,"Research signal: Fairly valued / neutral. This signal was assigned because the model-estimated fair value is within 5% of actual market cap; fundamentals are in the middle range of the training dataset; report risk is set to neutral because SEC filing text has not been integrated into this dataset; and the log-scale model error is low (+0.01). The valuation gap is a research signal, not proof of undervaluation or overvaluation. This output is for research purposes only and does not constitute investment advice.",neutral_report_risk,Report risk is currently neutral because filing-text extraction has not yet been integrated for this dataset.,Fairly valued / neutral
773840,Honeywell International Inc,HON,2017,96717123938.34505,101733461621.16705,5.186607581527969,56.56627856834843,50,-0.05056580185352999,Fairly valued / neutral,Random Forest,"Research signal: Fairly valued / neutral. This signal was assigned because the model-estimated fair value is 5.2% above actual market cap; fundamentals are in the middle range of the training dataset; report risk is set to neutral because SEC filing text has not been integrated into this dataset; and the log-scale model error is low (-0.05). The valuation gap is a research signal, not proof of undervaluation or overvaluation. This output is for research purposes only and does not constitute investment advice.",neutral_report_risk,Report risk is currently neutral because filing-text extraction has not yet been integrated for this dataset.,Fairly valued / neutral
773840,Honeywell International Inc,HON,2018,82444425692.81236,94764848588.6452,14.943912571771307,52.371588169616295,50,-0.13927410663544393,Research candidate,Random Forest,"Research signal: Research candidate. This signal was assigned because the model-estimated fair value is 14.9% above actual market cap; fundamentals are in the middle range of the training dataset; report risk is set to neutral because SEC filing text has not been integrated into this dataset; and the log-scale model error is low (-0.14). The valuation gap is a research signal, not proof of undervaluation or overvaluation. This output is for research purposes only and does not constitute investment advice.",neutral_report_risk,Report risk is currently neutral because filing-text extraction has not yet been integrated for this dataset.,Research candidate
773840,Honeywell International Inc,HON,2019,110149196083.21436,112933451248.82776,2.5277126521286486,43.00599628785149,50,-0.024962943385549607,Fairly valued / neutral,Random Forest,"Research signal: Fairly valued / neutral. This signal was assigned because the model-estimated fair value is within 5% of actual market cap; fundamentals score in the lower third of the training dataset; report risk is set to neutral because SEC filing text has not been integrated into this dataset; and the log-scale model error is low (-0.02). The valuation gap is a research signal, not proof of undervaluation or overvaluation. This output is for research purposes only and does not constitute investment advice.",neutral_report_risk,Report risk is currently neutral because filing-text extraction has not yet been integrated for this dataset.,Fairly valued / neutral
773840,Honeywell International Inc,HON,2020,130362858665.4707,118399653302.16444,-9.17685104927433,45.965361436279295,50,0.09625598848239036,Fairly valued / neutral,Random Forest,"Research signal: Fairly valued / neutral. This signal was assigned because the model-estimated fair value is 9.2% below actual market cap; fundamentals are in the middle range of the training dataset; report risk is set to neutral because SEC filing text has not been integrated into this dataset; and the log-scale model error is low (+0.10). The valuation gap is a research signal, not proof of undervaluation or overvaluation. This output is for research purposes only and does not constitute investment advice.",neutral_report_risk,Report risk is currently neutral because filing-text extraction has not yet been integrated for this dataset.,Fairly valued / neutral
773840,Honeywell International Inc,HON,2022,132836429315.66832,121711951179.97955,-8.374568778307722,46.37042553533046,50,0.08746131941644464,Fairly valued / neutral,Random Forest,"Research signal: Fairly valued / neutral. This signal was assigned because the model-estimated fair value is 8.4% below actual market cap; fundamentals are in the middle range of the training dataset; report risk is set to neutral because SEC filing text has not been integrated into this dataset; and the log-scale model error is low (+0.09). The valuation gap is a research signal, not proof of undervaluation or overvaluation. This output is for research purposes only and does not constitute investment advice.",neutral_report_risk,Report risk is currently neutral because filing-text extraction has not yet been integrated for this dataset.,Fairly valued / neutral
773840,Honeywell International Inc,HON,2023,129688173689.17651,122196704792.00551,-5.776524322970111,55.47997249932328,50,0.05950082444486782,Fairly valued / neutral,Random Forest,"Research signal: Fairly valued / neutral. This signal was assigned because the model-estimated fair value is 5.8% below actual market cap; fundamentals are in the middle range of the training dataset; report risk is set to neutral because SEC filing text has not been integrated into this dataset; and the log-scale model error is low (+0.06). The valuation gap is a research signal, not proof of undervaluation or overvaluation. This output is for research purposes only and does not constitute investment advice.",neutral_report_risk,Report risk is currently neutral because filing-text extraction has not yet been integrated for this dataset.,Fairly valued / neutral
773840,Honeywell International Inc,HON,2024,142182125411.90442,131410394509.75923,-7.576009200129251,49.0122562286676,50,0.07878360035002174,Fairly valued / neutral,Random Forest,"Research signal: Fairly valued / neutral. This signal was assigned because the model-estimated fair value is 7.6% below actual market cap; fundamentals are in the middle range of the training dataset; report risk is set to neutral because SEC filing text has not been integrated into this dataset; and the log-scale model error is low (+0.08). The valuation gap is a research signal, not proof of undervaluation or overvaluation. This output is for research purposes only and does not constitute investment advice.",neutral_report_risk,Report risk is currently neutral because filing-text extraction has not yet been integrated for this dataset.,Fairly valued / neutral
18230,Caterpillar Inc,CAT,2017,78734441509.23083,101311050160.71347,28.674374541458775,32.108764023497976,50,-0.25211479877698295,Possible value trap,Random Forest,"Research signal: Possible value trap. This signal was assigned because the model-estimated fair value is 28.7% above actual market cap; fundamentals score in the lower third of the training dataset; report risk is set to neutral because SEC filing text has not been integrated into this dataset; and the log-scale model error is low (-0.25). The valuation gap is a research signal, not proof of undervaluation or overvaluation. This output is for research purposes only and does not constitute investment advice.",neutral_report_risk,Report risk is currently neutral because filing-text extraction has not yet been integrated for this dataset.,Possible value trap
18230,Caterpillar Inc,CAT,2018,62511637966.30048,92027159360.19812,47.216042250899285,15.810402841428056,50,-0.3867309970512416,Possible value trap,Random Forest,"Research signal: Possible value trap. This signal was assigned because the model-estimated fair value is 47.2% above actual market cap; fundamentals score in the lower third of the training dataset; report risk is set to neutral because SEC filing text has not been integrated into this dataset; and the log-scale model error is moderate (-0.39). The valuation gap is a research signal, not proof of undervaluation or overvaluation. This output is for research purposes only and does not constitute investment advice.",neutral_report_risk,Report risk is currently neutral because filing-text extraction has not yet been integrated for this dataset.,Possible value trap
18230,Caterpillar Inc,CAT,2019,71404971615.54245,107354628249.98892,50.346153525564105,36.09230207329247,50,-0.4077701396510385,Possible value trap,Random Forest,"Research signal: Possible value trap. This signal was assigned because the model-estimated fair value is 50.3% above actual market cap; fundamentals score in the lower third of the training dataset; report risk is set to neutral because SEC filing text has not been integrated into this dataset; and the log-scale model error is moderate (-0.41). The valuation gap is a research signal, not proof of undervaluation or overvaluation. This output is for research purposes only and does not constitute investment advice.",neutral_report_risk,Report risk is currently neutral because filing-text extraction has not yet been integrated for this dataset.,Possible value trap
18230,Caterpillar Inc,CAT,2020,89872416005.13405,146507611673.9483,63.01732854892753,44.48803043227456,50,-0.48868631928426964,Possible value trap,Random Forest,"Research signal: Possible value trap. This signal was assigned because the model-estimated fair value is 63.0% above actual market cap; fundamentals score in the lower third of the training dataset; report risk is set to neutral because SEC filing text has not been integrated into this dataset; and the log-scale model error is moderate (-0.49). The valuation gap is a research signal, not proof of undervaluation or overvaluation. This output is for research purposes only and does not constitute investment advice.",neutral_report_risk,Report risk is currently neutral because filing-text extraction has not yet been integrated for this dataset.,Possible value trap
18230,Caterpillar Inc,CAT,2021,102410949112.81609,135204089559.62962,32.02112736079475,29.99181601683559,50,-0.27779177955432033,Possible value trap,Random Forest,"Research signal: Possible value trap. This signal was assigned because the model-estimated fair value is 32.0% above actual market cap; fundamentals score in the lower third of the training dataset; report risk is set to neutral because SEC filing text has not been integrated into this dataset; and the log-scale model error is low (-0.28). The valuation gap is a research signal, not proof of undervaluation or overvaluation. This output is for research purposes only and does not constitute investment advice.",neutral_report_risk,Report risk is currently neutral because filing-text extraction has not yet been integrated for this dataset.,Possible value trap
18230,Caterpillar Inc,CAT,2022,117028914276.2857,129412224311.69623,10.581410681274543,20.606342564991657,50,-0.1005818119507822,Research candidate,Random Forest,"Research signal: Research candidate. This signal was assigned because the model-estimated fair value is 10.6% above actual market cap; fundamentals score in the lower third of the training dataset; report risk is set to neutral because SEC filing text has not been integrated into this dataset; and the log-scale model error is low (-0.10). The valuation gap is a research signal, not proof of undervaluation or overvaluation. This output is for research purposes only and does not constitute investment advice.",neutral_report_risk,Report risk is currently neutral because filing-text extraction has not yet been integrated for this dataset.,Research candidate
18230,Caterpillar Inc,CAT,2023,142552703374.9297,146091009198.80612,2.482103629119043,44.90927245542626,50,-0.0245179986059334,Fairly valued / neutral,Random Forest,"Research signal: Fairly valued / neutral. This signal was assigned because the model-estimated fair value is within 5% of actual market cap; fundamentals score in the lower third of the training dataset; report risk is set to neutral because SEC filing text has not been integrated into this dataset; and the log-scale model error is low (-0.02). The valuation gap is a research signal, not proof of undervaluation or overvaluation. This output is for research purposes only and does not constitute investment advice.",neutral_report_risk,Report risk is currently neutral because filing-text extraction has not yet been integrated for this dataset.,Fairly valued / neutral
18230,Caterpillar Inc,CAT,2024,170072959606.48267,148108810451.07895,-12.914545149460968,43.39288395261264,50,0.1382803097538634,Potentially overvalued,Random Forest,"Research signal: Potentially overvalued. This signal was assigned because the model-estimated fair value is 12.9% below actual market cap; fundamentals score in the lower third of the training dataset; report risk is set to neutral because SEC filing text has not been integrated into this dataset; and the log-scale model error is low (+0.14). The valuation gap is a research signal, not proof of undervaluation or overvaluation. This output is for research purposes only and does not constitute investment advice.",neutral_report_risk,Report risk is currently neutral because filing-text extraction has not yet been integrated for this dataset.,Potentially overvalued
315189,Deere & Company,DE,2017,44567192722.234955,64176312730.420876,43.99900197977416,45.59937437702797,50,-0.3646361828678799,Research candidate,Random Forest,"Research signal: Research candidate. This signal was assigned because the model-estimated fair value is 44.0% above actual market cap; fundamentals are in the middle range of the training dataset; report risk is set to neutral because SEC filing text has not been integrated into this dataset; and the log-scale model error is moderate (-0.36). The valuation gap is a research signal, not proof of undervaluation or overvaluation. This output is for research purposes only and does not constitute investment advice.",neutral_report_risk,Report risk is currently neutral because filing-text extraction has not yet been integrated for this dataset.,Research candidate
315189,Deere & Company,DE,2018,42736731061.2215,64265889620.77462,50.37624082364193,27.512491966060537,50,-0.40797023980150016,Possible value trap,Random Forest,"Research signal: Possible value trap. This signal was assigned because the model-estimated fair value is 50.4% above actual market cap; fundamentals score in the lower third of the training dataset; report risk is set to neutral because SEC filing text has not been integrated into this dataset; and the log-scale model error is moderate (-0.41). The valuation gap is a research signal, not proof of undervaluation or overvaluation. This output is for research purposes only and does not constitute investment advice.",neutral_report_risk,Report risk is currently neutral because filing-text extraction has not yet been integrated for this dataset.,Possible value trap
315189,Deere & Company,DE,2019,49715322135.26848,67702495308.57256,36.18034119212481,43.91932181713002,50,-0.30880985951317896,Possible value trap,Random Forest,"Research signal: Possible value trap. This signal was assigned because the model-estimated fair value is 36.2% above actual market cap; fundamentals score in the lower third of the training dataset; report risk is set to neutral because SEC filing text has not been integrated into this dataset; and the log-scale model error is moderate (-0.31). The valuation gap is a research signal, not proof of undervaluation or overvaluation. This output is for research purposes only and does not constitute investment advice.",neutral_report_risk,Report risk is currently neutral because filing-text extraction has not yet been integrated for this dataset.,Possible value trap
315189,Deere & Company,DE,2020,78550583015.4548,78947742254.26088,0.5056095366318734,49.992594658648194,50,-0.005043356238260799,Fairly valued / neutral,Random Forest,"Research signal: Fairly valued / neutral. This signal was assigned because the model-estimated fair value is within 5% of actual market cap; fundamentals are in the middle range of the training dataset; report risk is set to neutral because SEC filing text has not been integrated into this dataset; and the log-scale model error is low (-0.01). The valuation gap is a research signal, not proof of undervaluation or overvaluation. This output is for research purposes only and does not constitute investment advice.",neutral_report_risk,Report risk is currently neutral because filing-text extraction has not yet been integrated for this dataset.,Fairly valued / neutral
315189,Deere & Company,DE,2021,99296370285.57806,111670460453.11815,12.461774918813234,39.5559233037227,50,-0.11744319941915293,Research candidate,Random Forest,"Research signal: Research candidate. This signal was assigned because the model-estimated fair value is 12.5% above actual market cap; fundamentals score in the lower third of the training dataset; report risk is set to neutral because SEC filing text has not been integrated into this dataset; and the log-scale model error is low (-0.12). The valuation gap is a research signal, not proof of undervaluation or overvaluation. This output is for research purposes only and does not constitute investment advice.",neutral_report_risk,Report risk is currently neutral because filing-text extraction has not yet been integrated for this dataset.,Research candidate
315189,Deere & Company,DE,2022,121946946298.78546,111570159431.42725,-8.509263398801126,34.398541986714086,50,0.08893245816282302,Fairly valued / neutral,Random Forest,"Research signal: Fairly valued / neutral. This signal was assigned because the model-estimated fair value is 8.5% below actual market cap; fundamentals score in the lower third of the training dataset; report risk is set to neutral because SEC filing text has not been integrated into this dataset; and the log-scale model error is low (+0.09). The valuation gap is a research signal, not proof of undervaluation or overvaluation. This output is for research purposes only and does not constitute investment advice.",neutral_report_risk,Report risk is currently neutral because filing-text extraction has not yet been integrated for this dataset.,Fairly valued / neutral
315189,Deere & Company,DE,2023,108314494737.91364,135376735727.35951,24.984874882099415,64.43968798445533,50,-0.22302254304980096,Research candidate,Random Forest,"Research signal: Research candidate. This signal was assigned because the model-estimated fair value is 25.0% above actual market cap; fundamentals are in the middle range of the training dataset; report risk is set to neutral because SEC filing text has not been integrated into this dataset; and the log-scale model error is low (-0.22). The valuation gap is a research signal, not proof of undervaluation or overvaluation. This output is for research purposes only and does not constitute investment advice.",neutral_report_risk,Report risk is currently neutral because filing-text extraction has not yet been integrated for this dataset.,Research candidate
315189,Deere & Company,DE,2024,112889878176.80292,124025966390.71185,9.864558624527975,63.700913669619865,50,-0.09407813591828784,Fairly valued / neutral,Random Forest,"Research signal: Fairly valued / neutral. This signal was assigned because the model-estimated fair value is 9.9% above actual market cap; fundamentals are in the middle range of the training dataset; report risk is set to neutral because SEC filing text has not been integrated into this dataset; and the log-scale model error is low (-0.09). The valuation gap is a research signal, not proof of undervaluation or overvaluation. This output is for research purposes only and does not constitute investment advice.",neutral_report_risk,Report risk is currently neutral because filing-text extraction has not yet been integrated for this dataset.,Fairly valued / neutral
66740,3M Co,MMM,2017,104903171287.81128,74691911723.28401,-28.799186138653482,60.8217631964032,50,0.3396659369985997,Potentially overvalued,Random Forest,"Research signal: Potentially overvalued. This signal was assigned because the model-estimated fair value is 28.8% below actual market cap; fundamentals are in the middle range of the training dataset; report risk is set to neutral because SEC filing text has not been integrated into this dataset; and the log-scale model error is moderate (+0.34). The valuation gap is a research signal, not proof of undervaluation or overvaluation. This output is for research purposes only and does not constitute investment advice.",neutral_report_risk,Report risk is currently neutral because filing-text extraction has not yet been integrated for this dataset.,Potentially overvalued
66740,3M Co,MMM,2018,84291588116.77246,75328151330.67915,-10.633844949837586,50.18392433226659,50,0.1124281543449328,Potentially overvalued,Random Forest,"Research signal: Potentially overvalued. This signal was assigned because the model-estimated fair value is 10.6% below actual market cap; fundamentals are in the middle range of the training dataset; report risk is set to neutral because SEC filing text has not been integrated into this dataset; and the log-scale model error is low (+0.11). The valuation gap is a research signal, not proof of undervaluation or overvaluation. This output is for research purposes only and does not constitute investment advice.",neutral_report_risk,Report risk is currently neutral because filing-text extraction has not yet been integrated for this dataset.,Potentially overvalued
66740,3M Co,MMM,2019,80646746811.56006,76669333679.15004,-4.931895320841248,57.24019265356203,50,0.05057665987185089,Fairly valued / neutral,Random Forest,"Research signal: Fairly valued / neutral. This signal was assigned because the model-estimated fair value is within 5% of actual market cap; fundamentals are in the middle range of the training dataset; report risk is set to neutral because SEC filing text has not been integrated into this dataset; and the log-scale model error is low (+0.05). The valuation gap is a research signal, not proof of undervaluation or overvaluation. This output is for research purposes only and does not constitute investment advice.",neutral_report_risk,Report risk is currently neutral because filing-text extraction has not yet been integrated for this dataset.,Fairly valued / neutral
66740,3M Co,MMM,2020,83380776792.31873,92258168216.66074,10.646808252282703,70.11094636927918,50,-0.10117303465490579,Research candidate,Random Forest,"Research signal: Research candidate. This signal was assigned because the model-estimated fair value is 10.6% above actual market cap; fundamentals score in the upper third of the training dataset; report risk is set to neutral because SEC filing text has not been integrated into this dataset; and the log-scale model error is low (-0.10). The valuation gap is a research signal, not proof of undervaluation or overvaluation. This output is for research purposes only and does not constitute investment advice.",neutral_report_risk,Report risk is currently neutral because filing-text extraction has not yet been integrated for this dataset.,Research candidate
66740,3M Co,MMM,2021,86217423454.45557,73065402510.01147,-15.25448153921192,45.466521673484884,50,0.16551732064442604,Potentially overvalued,Random Forest,"Research signal: Potentially overvalued. This signal was assigned because the model-estimated fair value is 15.3% below actual market cap; fundamentals are in the middle range of the training dataset; report risk is set to neutral because SEC filing text has not been integrated into this dataset; and the log-scale model error is low (+0.17). The valuation gap is a research signal, not proof of undervaluation or overvaluation. This output is for research purposes only and does not constitute investment advice.",neutral_report_risk,Report risk is currently neutral because filing-text extraction has not yet been integrated for this dataset.,Potentially overvalued
66740,3M Co,MMM,2022,58485791913.07068,76461496378.67389,30.73516469148794,50.465156618635305,50,-0.2680034473568931,Research candidate,Random Forest,"Research signal: Research candidate. This signal was assigned because the model-estimated fair value is 30.7% above actual market cap; fundamentals are in the middle range of the training dataset; report risk is set to neutral because SEC filing text has not been integrated into this dataset; and the log-scale model error is low (-0.27). The valuation gap is a research signal, not proof of undervaluation or overvaluation. This output is for research purposes only and does not constitute investment advice.",neutral_report_risk,Report risk is currently neutral because filing-text extraction has not yet been integrated for this dataset.,Research candidate
66740,3M Co,MMM,2023,56765277359.69238,74571428071.66408,31.368032607580282,59.837341256956286,50,-0.27283260741696225,Research candidate,Random Forest,"Research signal: Research candidate. This signal was assigned because the model-estimated fair value is 31.4% above actual market cap; fundamentals are in the middle range of the training dataset; report risk is set to neutral because SEC filing text has not been integrated into this dataset; and the log-scale model error is low (-0.27). The valuation gap is a research signal, not proof of undervaluation or overvaluation. This output is for research purposes only and does not constitute investment advice.",neutral_report_risk,Report risk is currently neutral because filing-text extraction has not yet been integrated for this dataset.,Research candidate
66740,3M Co,MMM,2024,68124717485.809326,79730226712.36684,17.035680520766913,49.985669171200364,50,-0.15730866403425026,Research candidate,Random Forest,"Research signal: Research candidate. This signal was assigned because the model-estimated fair value is 17.0% above actual market cap; fundamentals are in the middle range of the training dataset; report risk is set to neutral because SEC filing text has not been integrated into this dataset; and the log-scale model error is low (-0.16). The valuation gap is a research signal, not proof of undervaluation or overvaluation. This output is for research purposes only and does not constitute investment advice.",neutral_report_risk,Report risk is currently neutral because filing-text extraction has not yet been integrated for this dataset.,Research candidate
1652044,Alphabet Inc,GOOGL,2017,721343929485.6262,531819132823.206,-26.273846485069335,65.14808531093814,50,0.30481258522494414,Potentially overvalued,Random Forest,"Research signal: Potentially overvalued. This signal was assigned because the model-estimated fair value is 26.3% below actual market cap; fundamentals score in the upper third of the training dataset; report risk is set to neutral because SEC filing text has not been integrated into this dataset; and the log-scale model error is moderate (+0.30). The valuation gap is a research signal, not proof of undervaluation or overvaluation. This output is for research purposes only and does not constitute investment advice.",neutral_report_risk,Report risk is currently neutral because filing-text extraction has not yet been integrated for this dataset.,Potentially overvalued
1652044,Alphabet Inc,GOOGL,2018,719177001178.8177,614845563508.9131,-14.507059805707478,72.14258272315777,50,0.1567363842815226,Potentially overvalued,Random Forest,"Research signal: Potentially overvalued. This signal was assigned because the model-estimated fair value is 14.5% below actual market cap; fundamentals score in the upper third of the training dataset; report risk is set to neutral because SEC filing text has not been integrated into this dataset; and the log-scale model error is low (+0.16). The valuation gap is a research signal, not proof of undervaluation or overvaluation. This output is for research purposes only and does not constitute investment advice.",neutral_report_risk,Report risk is currently neutral because filing-text extraction has not yet been integrated for this dataset.,Potentially overvalued
1652044,Alphabet Inc,GOOGL,2019,922839133035.2784,750893118533.7794,-18.63228469039423,64.9860864977447,50,0.2061916094713574,Potentially overvalued,Random Forest,"Research signal: Potentially overvalued. This signal was assigned because the model-estimated fair value is 18.6% below actual market cap; fundamentals are in the middle range of the training dataset; report risk is set to neutral because SEC filing text has not been integrated into this dataset; and the log-scale model error is low (+0.21). The valuation gap is a research signal, not proof of undervaluation or overvaluation. This output is for research purposes only and does not constitute investment advice.",neutral_report_risk,Report risk is currently neutral because filing-text extraction has not yet been integrated for this dataset.,Potentially overvalued
1652044,Alphabet Inc,GOOGL,2020,1195031946775.818,911603452316.5553,-23.717231595686584,70.52329250864734,50,0.2707231132517016,Potentially overvalued,Random Forest,"Research signal: Potentially overvalued. This signal was assigned because the model-estimated fair value is 23.7% below actual market cap; fundamentals score in the upper third of the training dataset; report risk is set to neutral because SEC filing text has not been integrated into this dataset; and the log-scale model error is low (+0.27). The valuation gap is a research signal, not proof of undervaluation or overvaluation. This output is for research purposes only and does not constitute investment advice.",neutral_report_risk,Report risk is currently neutral because filing-text extraction has not yet been integrated for this dataset.,Potentially overvalued
1652044,Alphabet Inc,GOOGL,2021,1937706836273.8037,1644902351284.3315,-15.110876398234375,69.19896752131855,50,0.16382420921934582,Potentially overvalued,Random Forest,"Research signal: Potentially overvalued. This signal was assigned because the model-estimated fair value is 15.1% below actual market cap; fundamentals score in the upper third of the training dataset; report risk is set to neutral because SEC filing text has not been integrated into this dataset; and the log-scale model error is low (+0.16). The valuation gap is a research signal, not proof of undervaluation or overvaluation. This output is for research purposes only and does not constitute investment advice.",neutral_report_risk,Report risk is currently neutral because filing-text extraction has not yet been integrated for this dataset.,Potentially overvalued
1652044,Alphabet Inc,GOOGL,2022,1157328998062.1338,1433603804841.7927,23.871760514275692,67.78557529213639,50,-0.21407665507309304,Research candidate,Random Forest,"Research signal: Research candidate. This signal was assigned because the model-estimated fair value is 23.9% above actual market cap; fundamentals score in the upper third of the training dataset; report risk is set to neutral because SEC filing text has not been integrated into this dataset; and the log-scale model error is low (-0.21). The valuation gap is a research signal, not proof of undervaluation or overvaluation. This output is for research purposes only and does not constitute investment advice.",neutral_report_risk,Report risk is currently neutral because filing-text extraction has not yet been integrated for this dataset.,Research candidate
1652044,Alphabet Inc,GOOGL,2023,1777958220199.585,1613943765201.7732,-9.224876779129282,85.11038648202461,50,0.09678491125682243,Fairly valued / neutral,Random Forest,"Research signal: Fairly valued / neutral. This signal was assigned because the model-estimated fair value is 9.2% below actual market cap; fundamentals score in the upper third of the training dataset; report risk is set to neutral because SEC filing text has not been integrated into this dataset; and the log-scale model error is low (+0.10). The valuation gap is a research signal, not proof of undervaluation or overvaluation. This output is for research purposes only and does not constitute investment advice.",neutral_report_risk,Report risk is currently neutral because filing-text extraction has not yet been integrated for this dataset.,Fairly valued / neutral
1652044,Alphabet Inc,GOOGL,2024,2344914924621.582,1266671216347.22,-45.98221014130681,70.40738893838983,50,0.6158567518502096,Potentially overvalued,Random Forest,"Research signal: Potentially overvalued. This signal was assigned because the model-estimated fair value is 46.0% below actual market cap; fundamentals score in the upper third of the training dataset; report risk is set to neutral because SEC filing text has not been integrated into this dataset; and the log-scale model error is high (+0.62) — treat this estimate with additional caution. The valuation gap is a research signal, not proof of undervaluation or overvaluation. This output is for research purposes only and does not constitute investment advice.",neutral_report_risk,Report risk is currently neutral because filing-text extraction has not yet been integrated for this dataset.,Potentially overvalued
1097864,ON Semiconductor Corp,ON,2017,8908728045.469835,13919041460.953394,56.24050245906144,33.36710566312501,50,-0.44622631651897393,Possible value trap,Random Forest,"Research signal: Possible value trap. This signal was assigned because the model-estimated fair value is 56.2% above actual market cap; fundamentals score in the lower third of the training dataset; report risk is set to neutral because SEC filing text has not been integrated into this dataset; and the log-scale model error is moderate (-0.45). The valuation gap is a research signal, not proof of undervaluation or overvaluation. This output is for research purposes only and does not constitute investment advice.",neutral_report_risk,Report risk is currently neutral because filing-text extraction has not yet been integrated for this dataset.,Possible value trap
1097864,ON Semiconductor Corp,ON,2018,6764318236.435261,13084772790.17809,93.43816084374018,31.137296813645573,50,-0.6597876932015758,Possible value trap,Random Forest,"Research signal: Possible value trap. This signal was assigned because the model-estimated fair value is 93.4% above actual market cap; fundamentals score in the lower third of the training dataset; report risk is set to neutral because SEC filing text has not been integrated into this dataset; and the log-scale model error is high (-0.66) — treat this estimate with additional caution. The valuation gap is a research signal, not proof of undervaluation or overvaluation. This output is for research purposes only and does not constitute investment advice.",neutral_report_risk,Report risk is currently neutral because filing-text extraction has not yet been integrated for this dataset.,Possible value trap
1097864,ON Semiconductor Corp,ON,2019,10021779860.69999,25290348429.624165,152.35386110205093,53.448989982092094,50,-0.9256621272638519,Research candidate,Random Forest,"Research signal: Research candidate. This signal was assigned because the model-estimated fair value is 152.4% above actual market cap; fundamentals are in the middle range of the training dataset; report risk is set to neutral because SEC filing text has not been integrated into this dataset; and the log-scale model error is high (-0.93) — treat this estimate with additional caution. The valuation gap is a research signal, not proof of undervaluation or overvaluation. This output is for research purposes only and does not constitute investment advice.","extreme_valuation_gap, neutral_report_risk, needs_review",Valuation gap of +152.4% exceeds 100% — the model estimate is likely unreliable for this observation. | Report risk is currently neutral because filing-text extraction has not yet been integrated for this dataset.,Needs review
1097864,ON Semiconductor Corp,ON,2020,13480867265.285809,21088381358.929813,56.431933821007895,41.17393161706744,50,-0.44745080172235774,Possible value trap,Random Forest,"Research signal: Possible value trap. This signal was assigned because the model-estimated fair value is 56.4% above actual market cap; fundamentals score in the lower third of the training dataset; report risk is set to neutral because SEC filing text has not been integrated into this dataset; and the log-scale model error is moderate (-0.45). The valuation gap is a research signal, not proof of undervaluation or overvaluation. This output is for research purposes only and does not constitute investment advice.",neutral_report_risk,Report risk is currently neutral because filing-text extraction has not yet been integrated for this dataset.,Possible value trap
1097864,ON Semiconductor Corp,ON,2021,29375251278.312836,26592853682.397617,-9.471910791685405,20.27398239950519,50,0.099510005447069,Fairly valued / neutral,Random Forest,"Research signal: Fairly valued / neutral. This signal was assigned because the model-estimated fair value is 9.5% below actual market cap; fundamentals score in the lower third of the training dataset; report risk is set to neutral because SEC filing text has not been integrated into this dataset; and the log-scale model error is low (+0.10). The valuation gap is a research signal, not proof of undervaluation or overvaluation. This output is for research purposes only and does not constitute investment advice.",neutral_report_risk,Report risk is currently neutral because filing-text extraction has not yet been integrated for this dataset.,Fairly valued / neutral
1097864,ON Semiconductor Corp,ON,2022,26941837898.198498,27133152053.832123,0.7101006113856008,21.094248874064228,50,-0.007075912692272368,Fairly valued / neutral,Random Forest,"Research signal: Fairly valued / neutral. This signal was assigned because the model-estimated fair value is within 5% of actual market cap; fundamentals score in the lower third of the training dataset; report risk is set to neutral because SEC filing text has not been integrated into this dataset; and the log-scale model error is low (-0.01). The valuation gap is a research signal, not proof of undervaluation or overvaluation. This output is for research purposes only and does not constitute investment advice.",neutral_report_risk,Report risk is currently neutral because filing-text extraction has not yet been integrated for this dataset.,Fairly valued / neutral
1097864,ON Semiconductor Corp,ON,2023,35694761779.91858,49657805945.306755,39.11790825634143,60.069565726284324,50,-0.33015164840968936,Research candidate,Random Forest,"Research signal: Research candidate. This signal was assigned because the model-estimated fair value is 39.1% above actual market cap; fundamentals are in the middle range of the training dataset; report risk is set to neutral because SEC filing text has not been integrated into this dataset; and the log-scale model error is moderate (-0.33). The valuation gap is a research signal, not proof of undervaluation or overvaluation. This output is for research purposes only and does not constitute investment advice.",neutral_report_risk,Report risk is currently neutral because filing-text extraction has not yet been integrated for this dataset.,Research candidate
1097864,ON Semiconductor Corp,ON,2024,26570601735.831196,52603673804.84073,97.97697593691757,69.83729462256086,50,-0.6829805547981529,Research candidate,Random Forest,"Research signal: Research candidate. This signal was assigned because the model-estimated fair value is 98.0% above actual market cap; fundamentals score in the upper third of the training dataset; report risk is set to neutral because SEC filing text has not been integrated into this dataset; and the log-scale model error is high (-0.68) — treat this estimate with additional caution. The valuation gap is a research signal, not proof of undervaluation or overvaluation. This output is for research purposes only and does not constitute investment advice.",neutral_report_risk,Report risk is currently neutral because filing-text extraction has not yet been integrated for this dataset.,Research candidate
1835632,Marvell Technology Inc,MRVL,2022,30984521477.508545,27119849915.174377,-12.472910272761535,49.86736863684884,50,0.13322184365702228,Potentially overvalued,Random Forest,"Research signal: Potentially overvalued. This signal was assigned because the model-estimated fair value is 12.5% below actual market cap; fundamentals are in the middle range of the training dataset; report risk is set to neutral because SEC filing text has not been integrated into this dataset; and the log-scale model error is low (+0.13). The valuation gap is a research signal, not proof of undervaluation or overvaluation. This output is for research purposes only and does not constitute investment advice.",neutral_report_risk,Report risk is currently neutral because filing-text extraction has not yet been integrated for this dataset.,Potentially overvalued
1835632,Marvell Technology Inc,MRVL,2023,51260329780.96008,46294081046.88724,-9.688288692823603,32.462378458888566,50,0.10190304065039157,Fairly valued / neutral,Random Forest,"Research signal: Fairly valued / neutral. This signal was assigned because the model-estimated fair value is 9.7% below actual market cap; fundamentals score in the lower third of the training dataset; report risk is set to neutral because SEC filing text has not been integrated into this dataset; and the log-scale model error is low (+0.10). The valuation gap is a research signal, not proof of undervaluation or overvaluation. This output is for research purposes only and does not constitute investment advice.",neutral_report_risk,Report risk is currently neutral because filing-text extraction has not yet been integrated for this dataset.,Fairly valued / neutral
1835632,Marvell Technology Inc,MRVL,2024,95211715637.20705,64940982716.13484,-31.79307579795668,42.04674048085766,50,0.38262409840308464,Potentially overvalued,Random Forest,"Research signal: Potentially overvalued. This signal was assigned because the model-estimated fair value is 31.8% below actual market cap; fundamentals score in the lower third of the training dataset; report risk is set to neutral because SEC filing text has not been integrated into this dataset; and the log-scale model error is moderate (+0.38). The valuation gap is a research signal, not proof of undervaluation or overvaluation. This output is for research purposes only and does not constitute investment advice.",neutral_report_risk,Report risk is currently neutral because filing-text extraction has not yet been integrated for this dataset.,Potentially overvalued
1561550,Datadog Inc,DDOG,2019,2953663199.24469,4307027570.7638855,45.8198609734948,29.30928961748634,50,-0.37720184497796083,Possible value trap,Random Forest,"Research signal: Possible value trap. This signal was assigned because the model-estimated fair value is 45.8% above actual market cap; fundamentals score in the lower third of the training dataset; report risk is set to neutral because SEC filing text has not been integrated into this dataset; and the log-scale model error is moderate (-0.38). The valuation gap is a research signal, not proof of undervaluation or overvaluation. This output is for research purposes only and does not constitute investment advice.",neutral_report_risk,Report risk is currently neutral because filing-text extraction has not yet been integrated for this dataset.,Possible value trap
1561550,Datadog Inc,DDOG,2020,35347346239.20801,30837791864.86953,-12.757830089480343,51.276047475746545,50,0.1364823720786177,Potentially overvalued,Random Forest,"Research signal: Potentially overvalued. This signal was assigned because the model-estimated fair value is 12.8% below actual market cap; fundamentals are in the middle range of the training dataset; report risk is set to neutral because SEC filing text has not been integrated into this dataset; and the log-scale model error is low (+0.14). The valuation gap is a research signal, not proof of undervaluation or overvaluation. This output is for research purposes only and does not constitute investment advice.",neutral_report_risk,Report risk is currently neutral because filing-text extraction has not yet been integrated for this dataset.,Potentially overvalued
1561550,Datadog Inc,DDOG,2021,63954852743.802,44621683409.597755,-30.229401686923378,55.47934896216951,50,0.35995749256738563,Potentially overvalued,Random Forest,"Research signal: Potentially overvalued. This signal was assigned because the model-estimated fair value is 30.2% below actual market cap; fundamentals are in the middle range of the training dataset; report risk is set to neutral because SEC filing text has not been integrated into this dataset; and the log-scale model error is moderate (+0.36). The valuation gap is a research signal, not proof of undervaluation or overvaluation. This output is for research purposes only and does not constitute investment advice.",neutral_report_risk,Report risk is currently neutral because filing-text extraction has not yet been integrated for this dataset.,Potentially overvalued
1561550,Datadog Inc,DDOG,2022,26392014264.0,36573173875.587585,38.57666758491862,40.09993195704175,50,-0.3262535430531912,Possible value trap,Random Forest,"Research signal: Possible value trap. This signal was assigned because the model-estimated fair value is 38.6% above actual market cap; fundamentals score in the lower third of the training dataset; report risk is set to neutral because SEC filing text has not been integrated into this dataset; and the log-scale model error is moderate (-0.33). The valuation gap is a research signal, not proof of undervaluation or overvaluation. This output is for research purposes only and does not constitute investment advice.",neutral_report_risk,Report risk is currently neutral because filing-text extraction has not yet been integrated for this dataset.,Possible value trap
1561550,Datadog Inc,DDOG,2023,43584525426.89099,39375400326.20885,-9.657384265299761,40.36657582581003,50,0.10156090184495525,Fairly valued / neutral,Random Forest,"Research signal: Fairly valued / neutral. This signal was assigned because the model-estimated fair value is 9.7% below actual market cap; fundamentals score in the lower third of the training dataset; report risk is set to neutral because SEC filing text has not been integrated into this dataset; and the log-scale model error is low (+0.10). The valuation gap is a research signal, not proof of undervaluation or overvaluation. This output is for research purposes only and does not constitute investment advice.",neutral_report_risk,Report risk is currently neutral because filing-text extraction has not yet been integrated for this dataset.,Fairly valued / neutral
1561550,Datadog Inc,DDOG,2024,51308229960.198,42214537934.11864,-17.723651806218474,39.36830636166586,50,0.19508650485986578,Potentially overvalued,Random Forest,"Research signal: Potentially overvalued. This signal was assigned because the model-estimated fair value is 17.7% below actual market cap; fundamentals score in the lower third of the training dataset; report risk is set to neutral because SEC filing text has not been integrated into this dataset; and the log-scale model error is low (+0.20). The valuation gap is a research signal, not proof of undervaluation or overvaluation. This output is for research purposes only and does not constitute investment advice.",neutral_report_risk,Report risk is currently neutral because filing-text extraction has not yet been integrated for this dataset.,Potentially overvalued
1744489,Walt Disney Co,DIS,2019,252746591539.7284,198375790939.45514,-21.511981731997714,61.19337122417096,50,0.24222420637804376,Potentially overvalued,Random Forest,"Research signal: Potentially overvalued. This signal was assigned because the model-estimated fair value is 21.5% below actual market cap; fundamentals are in the middle range of the training dataset; report risk is set to neutral because SEC filing text has not been integrated into this dataset; and the log-scale model error is low (+0.24). The valuation gap is a research signal, not proof of undervaluation or overvaluation. This output is for research purposes only and does not constitute investment advice.",neutral_report_risk,Report risk is currently neutral because filing-text extraction has not yet been integrated for this dataset.,Potentially overvalued
1744489,Walt Disney Co,DIS,2020,318039643017.718,244378585065.27518,-23.160967372969658,56.11056237862087,50,0.263457437612189,Potentially overvalued,Random Forest,"Research signal: Potentially overvalued. This signal was assigned because the model-estimated fair value is 23.2% below actual market cap; fundamentals are in the middle range of the training dataset; report risk is set to neutral because SEC filing text has not been integrated into this dataset; and the log-scale model error is low (+0.26). The valuation gap is a research signal, not proof of undervaluation or overvaluation. This output is for research purposes only and does not constitute investment advice.",neutral_report_risk,Report risk is currently neutral because filing-text extraction has not yet been integrated for this dataset.,Potentially overvalued
1744489,Walt Disney Co,DIS,2021,272967652417.5511,229109159398.59998,-16.067285859887157,55.351705855866044,50,0.17515473027595263,Potentially overvalued,Random Forest,"Research signal: Potentially overvalued. This signal was assigned because the model-estimated fair value is 16.1% below actual market cap; fundamentals are in the middle range of the training dataset; report risk is set to neutral because SEC filing text has not been integrated into this dataset; and the log-scale model error is low (+0.18). The valuation gap is a research signal, not proof of undervaluation or overvaluation. This output is for research purposes only and does not constitute investment advice.",neutral_report_risk,Report risk is currently neutral because filing-text extraction has not yet been integrated for this dataset.,Potentially overvalued
1744489,Walt Disney Co,DIS,2022,153880379494.79868,146116600060.3604,-5.0453342134503165,23.839947537927248,50,0.05177061053162291,Fairly valued / neutral,Random Forest,"Research signal: Fairly valued / neutral. This signal was assigned because the model-estimated fair value is 5.0% below actual market cap; fundamentals score in the lower third of the training dataset; report risk is set to neutral because SEC filing text has not been integrated into this dataset; and the log-scale model error is low (+0.05). The valuation gap is a research signal, not proof of undervaluation or overvaluation. This output is for research purposes only and does not constitute investment advice.",neutral_report_risk,Report risk is currently neutral because filing-text extraction has not yet been integrated for this dataset.,Fairly valued / neutral
1744489,Walt Disney Co,DIS,2023,161100129703.78174,148958666193.3101,-7.536594497345482,30.78173757981431,50,0.07835723593396082,Fairly valued / neutral,Random Forest,"Research signal: Fairly valued / neutral. This signal was assigned because the model-estimated fair value is 7.5% below actual market cap; fundamentals score in the lower third of the training dataset; report risk is set to neutral because SEC filing text has not been integrated into this dataset; and the log-scale model error is low (+0.08). The valuation gap is a research signal, not proof of undervaluation or overvaluation. This output is for research purposes only and does not constitute investment advice.",neutral_report_risk,Report risk is currently neutral because filing-text extraction has not yet been integrated for this dataset.,Fairly valued / neutral
1744489,Walt Disney Co,DIS,2024,197925820600.22617,177488901594.13916,-10.325544663202804,46.92335657235256,50,0.10898423633452836,Potentially overvalued,Random Forest,"Research signal: Potentially overvalued. This signal was assigned because the model-estimated fair value is 10.3% below actual market cap; fundamentals are in the middle range of the training dataset; report risk is set to neutral because SEC filing text has not been integrated into this dataset; and the log-scale model error is low (+0.11). The valuation gap is a research signal, not proof of undervaluation or overvaluation. This output is for research purposes only and does not constitute investment advice.",neutral_report_risk,Report risk is currently neutral because filing-text extraction has not yet been integrated for this dataset.,Potentially overvalued
2012383,BlackRock Inc,BLK,2024,153435061686.2497,141653093837.93985,-7.678797609116289,66.8559345817516,50,0.07989635914843163,Fairly valued / neutral,Random Forest,"Research signal: Fairly valued / neutral. This signal was assigned because the model-estimated fair value is 7.7% below actual market cap; fundamentals score in the upper third of the training dataset; report risk is set to neutral because SEC filing text has not been integrated into this dataset; and the log-scale model error is low (+0.08). The valuation gap is a research signal, not proof of undervaluation or overvaluation. This output is for research purposes only and does not constitute investment advice.",neutral_report_risk,Report risk is currently neutral because filing-text extraction has not yet been integrated for this dataset.,Fairly valued / neutral
316709,Charles Schwab Corp,SCHW,2017,61453660902.802,70122112972.9184,14.105672376177598,58.352695127210005,50,-0.13195478372116298,Research candidate,Random Forest,"Research signal: Research candidate. This signal was assigned because the model-estimated fair value is 14.1% above actual market cap; fundamentals are in the middle range of the training dataset; report risk is set to neutral because SEC filing text has not been integrated into this dataset; and the log-scale model error is low (-0.13). The valuation gap is a research signal, not proof of undervaluation or overvaluation. This output is for research purposes only and does not constitute investment advice.",neutral_report_risk,Report risk is currently neutral because filing-text extraction has not yet been integrated for this dataset.,Research candidate
316709,Charles Schwab Corp,SCHW,2018,49619979901.31387,67642267861.62845,36.32062728795537,64.32713610454687,50,-0.3098394786665075,Research candidate,Random Forest,"Research signal: Research candidate. This signal was assigned because the model-estimated fair value is 36.3% above actual market cap; fundamentals are in the middle range of the training dataset; report risk is set to neutral because SEC filing text has not been integrated into this dataset; and the log-scale model error is moderate (-0.31). The valuation gap is a research signal, not proof of undervaluation or overvaluation. This output is for research purposes only and does not constitute investment advice.",neutral_report_risk,Report risk is currently neutral because filing-text extraction has not yet been integrated for this dataset.,Research candidate
316709,Charles Schwab Corp,SCHW,2019,55723946272.38574,73151478273.37953,31.27476276681087,63.712861382307565,50,-0.27212236638745324,Research candidate,Random Forest,"Research signal: Research candidate. This signal was assigned because the model-estimated fair value is 31.3% above actual market cap; fundamentals are in the middle range of the training dataset; report risk is set to neutral because SEC filing text has not been integrated into this dataset; and the log-scale model error is low (-0.27). The valuation gap is a research signal, not proof of undervaluation or overvaluation. This output is for research purposes only and does not constitute investment advice.",neutral_report_risk,Report risk is currently neutral because filing-text extraction has not yet been integrated for this dataset.,Research candidate
316709,Charles Schwab Corp,SCHW,2020,85086577312.9349,93160883538.90863,9.489518183670393,67.28310894928927,50,-0.09065863433655252,Fairly valued / neutral,Random Forest,"Research signal: Fairly valued / neutral. This signal was assigned because the model-estimated fair value is 9.5% above actual market cap; fundamentals score in the upper third of the training dataset; report risk is set to neutral because SEC filing text has not been integrated into this dataset; and the log-scale model error is low (-0.09). The valuation gap is a research signal, not proof of undervaluation or overvaluation. This output is for research purposes only and does not constitute investment advice.",neutral_report_risk,Report risk is currently neutral because filing-text extraction has not yet been integrated for this dataset.,Fairly valued / neutral
316709,Charles Schwab Corp,SCHW,2021,136334818186.82368,92947146069.74522,-31.82435176436223,58.81870156728394,50,0.38308274889478255,Potentially overvalued,Random Forest,"Research signal: Potentially overvalued. This signal was assigned because the model-estimated fair value is 31.8% below actual market cap; fundamentals are in the middle range of the training dataset; report risk is set to neutral because SEC filing text has not been integrated into this dataset; and the log-scale model error is moderate (+0.38). The valuation gap is a research signal, not proof of undervaluation or overvaluation. This output is for research purposes only and does not constitute investment advice.",neutral_report_risk,Report risk is currently neutral because filing-text extraction has not yet been integrated for this dataset.,Potentially overvalued
316709,Charles Schwab Corp,SCHW,2022,136481190031.39091,124361756016.09389,-8.879929910128666,59.976901922556365,50,0.09299209764542837,Fairly valued / neutral,Random Forest,"Research signal: Fairly valued / neutral. This signal was assigned because the model-estimated fair value is 8.9% below actual market cap; fundamentals are in the middle range of the training dataset; report risk is set to neutral because SEC filing text has not been integrated into this dataset; and the log-scale model error is low (+0.09). The valuation gap is a research signal, not proof of undervaluation or overvaluation. This output is for research purposes only and does not constitute investment advice.",neutral_report_risk,Report risk is currently neutral because filing-text extraction has not yet been integrated for this dataset.,Fairly valued / neutral
316709,Charles Schwab Corp,SCHW,2023,114686285159.97215,150624215549.33047,31.33585706366692,67.23290537896187,50,-0.27258765067791657,Research candidate,Random Forest,"Research signal: Research candidate. This signal was assigned because the model-estimated fair value is 31.3% above actual market cap; fundamentals score in the upper third of the training dataset; report risk is set to neutral because SEC filing text has not been integrated into this dataset; and the log-scale model error is low (-0.27). The valuation gap is a research signal, not proof of undervaluation or overvaluation. This output is for research purposes only and does not constitute investment advice.",neutral_report_risk,Report risk is currently neutral because filing-text extraction has not yet been integrated for this dataset.,Research candidate
316709,Charles Schwab Corp,SCHW,2024,131296545761.22289,137061730552.67827,4.390964558915359,60.637802968279566,50,-0.042972939344551264,Fairly valued / neutral,Random Forest,"Research signal: Fairly valued / neutral. This signal was assigned because the model-estimated fair value is within 5% of actual market cap; fundamentals are in the middle range of the training dataset; report risk is set to neutral because SEC filing text has not been integrated into this dataset; and the log-scale model error is low (-0.04). The valuation gap is a research signal, not proof of undervaluation or overvaluation. This output is for research purposes only and does not constitute investment advice.",neutral_report_risk,Report risk is currently neutral because filing-text extraction has not yet been integrated for this dataset.,Fairly valued / neutral
882095,Gilead Sciences Inc,GILD,2017,68243472748.54848,98818614683.13025,44.8030276056432,68.70486960886193,50,-0.3702042026236896,Research candidate,Random Forest,"Research signal: Research candidate. This signal was assigned because the model-estimated fair value is 44.8% above actual market cap; fundamentals score in the upper third of the training dataset; report risk is set to neutral because SEC filing text has not been integrated into this dataset; and the log-scale model error is moderate (-0.37). The valuation gap is a research signal, not proof of undervaluation or overvaluation. This output is for research purposes only and does not constitute investment advice.",neutral_report_risk,Report risk is currently neutral because filing-text extraction has not yet been integrated for this dataset.,Research candidate
882095,Gilead Sciences Inc,GILD,2018,59856801195.58548,117578115197.03444,96.43233993216795,57.77185024358428,50,-0.6751478599824523,Research candidate,Random Forest,"Research signal: Research candidate. This signal was assigned because the model-estimated fair value is 96.4% above actual market cap; fundamentals are in the middle range of the training dataset; report risk is set to neutral because SEC filing text has not been integrated into this dataset; and the log-scale model error is high (-0.68) — treat this estimate with additional caution. The valuation gap is a research signal, not proof of undervaluation or overvaluation. This output is for research purposes only and does not constitute investment advice.",neutral_report_risk,Report risk is currently neutral because filing-text extraction has not yet been integrated for this dataset.,Research candidate
882095,Gilead Sciences Inc,GILD,2019,63972777065.08502,96326852922.72867,50.57475592270608,49.691472268358716,50,-0.4092894919721317,Research candidate,Random Forest,"Research signal: Research candidate. This signal was assigned because the model-estimated fair value is 50.6% above actual market cap; fundamentals are in the middle range of the training dataset; report risk is set to neutral because SEC filing text has not been integrated into this dataset; and the log-scale model error is moderate (-0.41). The valuation gap is a research signal, not proof of undervaluation or overvaluation. This output is for research purposes only and does not constitute investment advice.",neutral_report_risk,Report risk is currently neutral because filing-text extraction has not yet been integrated for this dataset.,Research candidate
882095,Gilead Sciences Inc,GILD,2020,59353658943.99864,91435616320.47795,54.05219820862144,46.01316530286276,50,-0.43212130840179697,Research candidate,Random Forest,"Research signal: Research candidate. This signal was assigned because the model-estimated fair value is 54.1% above actual market cap; fundamentals are in the middle range of the training dataset; report risk is set to neutral because SEC filing text has not been integrated into this dataset; and the log-scale model error is moderate (-0.43). The valuation gap is a research signal, not proof of undervaluation or overvaluation. This output is for research purposes only and does not constitute investment advice.",neutral_report_risk,Report risk is currently neutral because filing-text extraction has not yet been integrated for this dataset.,Research candidate
882095,Gilead Sciences Inc,GILD,2021,76966878431.60966,100078137424.9719,30.027538422125517,44.512051482713694,50,-0.26257607605018407,Possible value trap,Random Forest,"Research signal: Possible value trap. This signal was assigned because the model-estimated fair value is 30.0% above actual market cap; fundamentals score in the lower third of the training dataset; report risk is set to neutral because SEC filing text has not been integrated into this dataset; and the log-scale model error is low (-0.26). The valuation gap is a research signal, not proof of undervaluation or overvaluation. This output is for research purposes only and does not constitute investment advice.",neutral_report_risk,Report risk is currently neutral because filing-text extraction has not yet been integrated for this dataset.,Possible value trap
882095,Gilead Sciences Inc,GILD,2022,94639203320.79276,94018412905.16609,-0.6559548198249384,34.07707759410024,50,0.006581156580516279,Fairly valued / neutral,Random Forest,"Research signal: Fairly valued / neutral. This signal was assigned because the model-estimated fair value is within 5% of actual market cap; fundamentals score in the lower third of the training dataset; report risk is set to neutral because SEC filing text has not been integrated into this dataset; and the log-scale model error is low (+0.01). The valuation gap is a research signal, not proof of undervaluation or overvaluation. This output is for research purposes only and does not constitute investment advice.",neutral_report_risk,Report risk is currently neutral because filing-text extraction has not yet been integrated for this dataset.,Fairly valued / neutral
882095,Gilead Sciences Inc,GILD,2023,92654249452.34894,75875931161.09435,-18.10852539459995,62.88073006742924,50,0.19977529571950825,Potentially overvalued,Random Forest,"Research signal: Potentially overvalued. This signal was assigned because the model-estimated fair value is 18.1% below actual market cap; fundamentals are in the middle range of the training dataset; report risk is set to neutral because SEC filing text has not been integrated into this dataset; and the log-scale model error is low (+0.20). The valuation gap is a research signal, not proof of undervaluation or overvaluation. This output is for research purposes only and does not constitute investment advice.",neutral_report_risk,Report risk is currently neutral because filing-text extraction has not yet been integrated for this dataset.,Potentially overvalued
882095,Gilead Sciences Inc,GILD,2024,109926597699.83162,76483387997.30704,-30.423219131957,45.566384269015444,50,0.3627392825250908,Potentially overvalued,Random Forest,"Research signal: Potentially overvalued. This signal was assigned because the model-estimated fair value is 30.4% below actual market cap; fundamentals are in the middle range of the training dataset; report risk is set to neutral because SEC filing text has not been integrated into this dataset; and the log-scale model error is moderate (+0.36). The valuation gap is a research signal, not proof of undervaluation or overvaluation. This output is for research purposes only and does not constitute investment advice.",neutral_report_risk,Report risk is currently neutral because filing-text extraction has not yet been integrated for this dataset.,Potentially overvalued
1103982,Mondelez International Inc,MDLZ,2017,51197610418.34091,81302256463.94365,58.800881134128325,66.4958871475127,50,-0.4624809115131292,Research candidate,Random Forest,"Research signal: Research candidate. This signal was assigned because the model-estimated fair value is 58.8% above actual market cap; fundamentals score in the upper third of the training dataset; report risk is set to neutral because SEC filing text has not been integrated into this dataset; and the log-scale model error is moderate (-0.46). The valuation gap is a research signal, not proof of undervaluation or overvaluation. This output is for research purposes only and does not constitute investment advice.",neutral_report_risk,Report risk is currently neutral because filing-text extraction has not yet been integrated for this dataset.,Research candidate
1103982,Mondelez International Inc,MDLZ,2018,47590127754.98655,69666469852.96292,46.388490931636944,25.903513125513964,50,-0.3810937985939482,Possible value trap,Random Forest,"Research signal: Possible value trap. This signal was assigned because the model-estimated fair value is 46.4% above actual market cap; fundamentals score in the lower third of the training dataset; report risk is set to neutral because SEC filing text has not been integrated into this dataset; and the log-scale model error is moderate (-0.38). The valuation gap is a research signal, not proof of undervaluation or overvaluation. This output is for research purposes only and does not constitute investment advice.",neutral_report_risk,Report risk is currently neutral because filing-text extraction has not yet been integrated for this dataset.,Possible value trap
1103982,Mondelez International Inc,MDLZ,2019,66308406669.075584,78036615033.89093,17.68736266480832,36.233803715526115,50,-0.162861453480609,Possible value trap,Random Forest,"Research signal: Possible value trap. This signal was assigned because the model-estimated fair value is 17.7% above actual market cap; fundamentals score in the lower third of the training dataset; report risk is set to neutral because SEC filing text has not been integrated into this dataset; and the log-scale model error is low (-0.16). The valuation gap is a research signal, not proof of undervaluation or overvaluation. This output is for research purposes only and does not constitute investment advice.",neutral_report_risk,Report risk is currently neutral because filing-text extraction has not yet been integrated for this dataset.,Possible value trap
1103982,Mondelez International Inc,MDLZ,2020,70953326705.88666,76011611827.94043,7.129031656290347,39.0093772939974,50,-0.06886382528622548,Fairly valued / neutral,Random Forest,"Research signal: Fairly valued / neutral. This signal was assigned because the model-estimated fair value is 7.1% above actual market cap; fundamentals score in the lower third of the training dataset; report risk is set to neutral because SEC filing text has not been integrated into this dataset; and the log-scale model error is low (-0.07). The valuation gap is a research signal, not proof of undervaluation or overvaluation. This output is for research purposes only and does not constitute investment advice.",neutral_report_risk,Report risk is currently neutral because filing-text extraction has not yet been integrated for this dataset.,Fairly valued / neutral
1103982,Mondelez International Inc,MDLZ,2021,80832093507.53494,77875811152.10466,-3.6573126182296716,39.46866469952724,50,0.03725869040892249,Fairly valued / neutral,Random Forest,"Research signal: Fairly valued / neutral. This signal was assigned because the model-estimated fair value is within 5% of actual market cap; fundamentals score in the lower third of the training dataset; report risk is set to neutral because SEC filing text has not been integrated into this dataset; and the log-scale model error is low (+0.04). The valuation gap is a research signal, not proof of undervaluation or overvaluation. This output is for research purposes only and does not constitute investment advice.",neutral_report_risk,Report risk is currently neutral because filing-text extraction has not yet been integrated for this dataset.,Fairly valued / neutral
1103982,Mondelez International Inc,MDLZ,2022,81693618791.38187,79277120935.45877,-2.958000749231126,41.28013711516823,50,0.030026319227662412,Fairly valued / neutral,Random Forest,"Research signal: Fairly valued / neutral. This signal was assigned because the model-estimated fair value is within 5% of actual market cap; fundamentals score in the lower third of the training dataset; report risk is set to neutral because SEC filing text has not been integrated into this dataset; and the log-scale model error is low (+0.03). The valuation gap is a research signal, not proof of undervaluation or overvaluation. This output is for research purposes only and does not constitute investment advice.",neutral_report_risk,Report risk is currently neutral because filing-text extraction has not yet been integrated for this dataset.,Fairly valued / neutral
1103982,Mondelez International Inc,MDLZ,2023,89700109892.63315,82352096623.56097,-8.191755035604086,47.984671662303505,50,0.08546807796775013,Fairly valued / neutral,Random Forest,"Research signal: Fairly valued / neutral. This signal was assigned because the model-estimated fair value is 8.2% below actual market cap; fundamentals are in the middle range of the training dataset; report risk is set to neutral because SEC filing text has not been integrated into this dataset; and the log-scale model error is low (+0.09). The valuation gap is a research signal, not proof of undervaluation or overvaluation. This output is for research purposes only and does not constitute investment advice.",neutral_report_risk,Report risk is currently neutral because filing-text extraction has not yet been integrated for this dataset.,Fairly valued / neutral
1103982,Mondelez International Inc,MDLZ,2024,72990571170.68057,78759366858.68044,7.9034806763056515,42.43272993791521,50,-0.07606694410886661,Fairly valued / neutral,Random Forest,"Research signal: Fairly valued / neutral. This signal was assigned because the model-estimated fair value is 7.9% above actual market cap; fundamentals score in the lower third of the training dataset; report risk is set to neutral because SEC filing text has not been integrated into this dataset; and the log-scale model error is low (-0.08). The valuation gap is a research signal, not proof of undervaluation or overvaluation. This output is for research purposes only and does not constitute investment advice.",neutral_report_risk,Report risk is currently neutral because filing-text extraction has not yet been integrated for this dataset.,Fairly valued / neutral
40545,GE Aerospace,GE,2017,142341495043.74243,149201848027.00613,4.819643759646808,41.58788270806382,50,-0.04707100878872694,Fairly valued / neutral,Random Forest,"Research signal: Fairly valued / neutral. This signal was assigned because the model-estimated fair value is within 5% of actual market cap; fundamentals score in the lower third of the training dataset; report risk is set to neutral because SEC filing text has not been integrated into this dataset; and the log-scale model error is low (-0.05). The valuation gap is a research signal, not proof of undervaluation or overvaluation. This output is for research purposes only and does not constitute investment advice.",neutral_report_risk,Report risk is currently neutral because filing-text extraction has not yet been integrated for this dataset.,Fairly valued / neutral
40545,GE Aerospace,GE,2018,63663434293.31905,91378820101.12155,43.53422983766208,35.48689948137311,50,-0.3614033562206167,Possible value trap,Random Forest,"Research signal: Possible value trap. This signal was assigned because the model-estimated fair value is 43.5% above actual market cap; fundamentals score in the lower third of the training dataset; report risk is set to neutral because SEC filing text has not been integrated into this dataset; and the log-scale model error is moderate (-0.36). The valuation gap is a research signal, not proof of undervaluation or overvaluation. This output is for research purposes only and does not constitute investment advice.",neutral_report_risk,Report risk is currently neutral because filing-text extraction has not yet been integrated for this dataset.,Possible value trap
40545,GE Aerospace,GE,2019,94612593995.07867,69941429977.68948,-26.075983096576415,26.57547585082986,50,0.3021324189051242,Potentially overvalued,Random Forest,"Research signal: Potentially overvalued. This signal was assigned because the model-estimated fair value is 26.1% below actual market cap; fundamentals score in the lower third of the training dataset; report risk is set to neutral because SEC filing text has not been integrated into this dataset; and the log-scale model error is moderate (+0.30). The valuation gap is a research signal, not proof of undervaluation or overvaluation. This output is for research purposes only and does not constitute investment advice.",neutral_report_risk,Report risk is currently neutral because filing-text extraction has not yet been integrated for this dataset.,Potentially overvalued
40545,GE Aerospace,GE,2020,92316947799.62344,74187839256.4388,-19.637898538992417,28.579287916253577,50,0.21862749579831586,Potentially overvalued,Random Forest,"Research signal: Potentially overvalued. This signal was assigned because the model-estimated fair value is 19.6% below actual market cap; fundamentals score in the lower third of the training dataset; report risk is set to neutral because SEC filing text has not been integrated into this dataset; and the log-scale model error is low (+0.22). The valuation gap is a research signal, not proof of undervaluation or overvaluation. This output is for research purposes only and does not constitute investment advice.",neutral_report_risk,Report risk is currently neutral because filing-text extraction has not yet been integrated for this dataset.,Potentially overvalued
40545,GE Aerospace,GE,2021,101565709500.18877,76588462694.99103,-24.59220432576343,25.29080078007153,50,0.2822595254136573,Potentially overvalued,Random Forest,"Research signal: Potentially overvalued. This signal was assigned because the model-estimated fair value is 24.6% below actual market cap; fundamentals score in the lower third of the training dataset; report risk is set to neutral because SEC filing text has not been integrated into this dataset; and the log-scale model error is low (+0.28). The valuation gap is a research signal, not proof of undervaluation or overvaluation. This output is for research purposes only and does not constitute investment advice.",neutral_report_risk,Report risk is currently neutral because filing-text extraction has not yet been integrated for this dataset.,Potentially overvalued
40545,GE Aerospace,GE,2022,89645569894.20982,86209259702.82387,-3.8332180780836396,44.14493033770809,50,0.03908619021396831,Fairly valued / neutral,Random Forest,"Research signal: Fairly valued / neutral. This signal was assigned because the model-estimated fair value is within 5% of actual market cap; fundamentals score in the lower third of the training dataset; report risk is set to neutral because SEC filing text has not been integrated into this dataset; and the log-scale model error is low (+0.04). The valuation gap is a research signal, not proof of undervaluation or overvaluation. This output is for research purposes only and does not constitute investment advice.",neutral_report_risk,Report risk is currently neutral because filing-text extraction has not yet been integrated for this dataset.,Fairly valued / neutral
40545,GE Aerospace,GE,2023,136841559246.55876,77095170671.2799,-43.66099663306879,32.677610917458665,50,0.573783113314164,Potentially overvalued,Random Forest,"Research signal: Potentially overvalued. This signal was assigned because the model-estimated fair value is 43.7% below actual market cap; fundamentals score in the lower third of the training dataset; report risk is set to neutral because SEC filing text has not been integrated into this dataset; and the log-scale model error is moderate (+0.57). The valuation gap is a research signal, not proof of undervaluation or overvaluation. This output is for research purposes only and does not constitute investment advice.",neutral_report_risk,Report risk is currently neutral because filing-text extraction has not yet been integrated for this dataset.,Potentially overvalued
40545,GE Aerospace,GE,2024,177519589883.78082,92511155177.06143,-47.88679083946342,34.372862456206775,50,0.6517517346120911,Potentially overvalued,Random Forest,"Research signal: Potentially overvalued. This signal was assigned because the model-estimated fair value is 47.9% below actual market cap; fundamentals score in the lower third of the training dataset; report risk is set to neutral because SEC filing text has not been integrated into this dataset; and the log-scale model error is high (+0.65) — treat this estimate with additional caution. The valuation gap is a research signal, not proof of undervaluation or overvaluation. This output is for research purposes only and does not constitute investment advice.",neutral_report_risk,Report risk is currently neutral because filing-text extraction has not yet been integrated for this dataset.,Potentially overvalued
1048911,FedEx Corp,FDX,2017,57678211414.5199,63032435515.16081,9.282923255302338,28.916591733293746,50,-0.0887699596166378,Fairly valued / neutral,Random Forest,"Research signal: Fairly valued / neutral. This signal was assigned because the model-estimated fair value is 9.3% above actual market cap; fundamentals score in the lower third of the training dataset; report risk is set to neutral because SEC filing text has not been integrated into this dataset; and the log-scale model error is low (-0.09). The valuation gap is a research signal, not proof of undervaluation or overvaluation. This output is for research purposes only and does not constitute investment advice.",neutral_report_risk,Report risk is currently neutral because filing-text extraction has not yet been integrated for this dataset.,Fairly valued / neutral
1048911,FedEx Corp,FDX,2018,37351339003.05458,75418844808.69655,101.91737919363165,35.8882977945201,50,-0.7026884138512024,Possible value trap,Random Forest,"Research signal: Possible value trap. This signal was assigned because the model-estimated fair value is 101.9% above actual market cap; fundamentals score in the lower third of the training dataset; report risk is set to neutral because SEC filing text has not been integrated into this dataset; and the log-scale model error is high (-0.70) — treat this estimate with additional caution. The valuation gap is a research signal, not proof of undervaluation or overvaluation. This output is for research purposes only and does not constitute investment advice.","extreme_valuation_gap, neutral_report_risk, needs_review",Valuation gap of +101.9% exceeds 100% — the model estimate is likely unreliable for this observation. | Report risk is currently neutral because filing-text extraction has not yet been integrated for this dataset.,Needs review
1048911,FedEx Corp,FDX,2019,34882474947.56179,54810611019.04088,57.1293639612347,49.93622125013503,50,-0.45189925435515477,Research candidate,Random Forest,"Research signal: Research candidate. This signal was assigned because the model-estimated fair value is 57.1% above actual market cap; fundamentals are in the middle range of the training dataset; report risk is set to neutral because SEC filing text has not been integrated into this dataset; and the log-scale model error is moderate (-0.45). The valuation gap is a research signal, not proof of undervaluation or overvaluation. This output is for research purposes only and does not constitute investment advice.",neutral_report_risk,Report risk is currently neutral because filing-text extraction has not yet been integrated for this dataset.,Research candidate
1048911,FedEx Corp,FDX,2020,61057368121.98816,80907628029.34677,32.51083451173206,46.29133127893165,50,-0.28149422599507545,Research candidate,Random Forest,"Research signal: Research candidate. This signal was assigned because the model-estimated fair value is 32.5% above actual market cap; fundamentals are in the middle range of the training dataset; report risk is set to neutral because SEC filing text has not been integrated into this dataset; and the log-scale model error is low (-0.28). The valuation gap is a research signal, not proof of undervaluation or overvaluation. This output is for research purposes only and does not constitute investment advice.",neutral_report_risk,Report risk is currently neutral because filing-text extraction has not yet been integrated for this dataset.,Research candidate
1048911,FedEx Corp,FDX,2021,62763477386.620285,88727465621.51955,41.36798870298761,25.053533658822616,50,-0.3461961536055682,Possible value trap,Random Forest,"Research signal: Possible value trap. This signal was assigned because the model-estimated fair value is 41.4% above actual market cap; fundamentals score in the lower third of the training dataset; report risk is set to neutral because SEC filing text has not been integrated into this dataset; and the log-scale model error is moderate (-0.35). The valuation gap is a research signal, not proof of undervaluation or overvaluation. This output is for research purposes only and does not constitute investment advice.",neutral_report_risk,Report risk is currently neutral because filing-text extraction has not yet been integrated for this dataset.,Possible value trap
1048911,FedEx Corp,FDX,2022,41702012851.852295,85694532088.93054,105.49255594295424,25.40898353624665,50,-0.7202396231702117,Possible value trap,Random Forest,"Research signal: Possible value trap. This signal was assigned because the model-estimated fair value is 105.5% above actual market cap; fundamentals score in the lower third of the training dataset; report risk is set to neutral because SEC filing text has not been integrated into this dataset; and the log-scale model error is high (-0.72) — treat this estimate with additional caution. The valuation gap is a research signal, not proof of undervaluation or overvaluation. This output is for research purposes only and does not constitute investment advice.","extreme_valuation_gap, neutral_report_risk, needs_review",Valuation gap of +105.5% exceeds 100% — the model estimate is likely unreliable for this observation. | Report risk is currently neutral because filing-text extraction has not yet been integrated for this dataset.,Needs review
1048911,FedEx Corp,FDX,2023,60117346838.284,111070396808.13213,84.75598583369309,57.71146690639466,50,-0.613865772956462,Research candidate,Random Forest,"Research signal: Research candidate. This signal was assigned because the model-estimated fair value is 84.8% above actual market cap; fundamentals are in the middle range of the training dataset; report risk is set to neutral because SEC filing text has not been integrated into this dataset; and the log-scale model error is high (-0.61) — treat this estimate with additional caution. The valuation gap is a research signal, not proof of undervaluation or overvaluation. This output is for research purposes only and does not constitute investment advice.",neutral_report_risk,Report risk is currently neutral because filing-text extraction has not yet been integrated for this dataset.,Research candidate
1048911,FedEx Corp,FDX,2024,66359220201.99702,120629500231.75793,81.78257650491153,47.929795257403725,50,-0.5976411523555889,Research candidate,Random Forest,"Research signal: Research candidate. This signal was assigned because the model-estimated fair value is 81.8% above actual market cap; fundamentals are in the middle range of the training dataset; report risk is set to neutral because SEC filing text has not been integrated into this dataset; and the log-scale model error is moderate (-0.60). The valuation gap is a research signal, not proof of undervaluation or overvaluation. This output is for research purposes only and does not constitute investment advice.",neutral_report_risk,Report risk is currently neutral because filing-text extraction has not yet been integrated for this dataset.,Research candidate
1053507,American Tower Corp,AMT,2017,49714533209.71126,49307922774.84011,-0.8178904811515352,44.82164584791354,50,0.008212535554100953,Fairly valued / neutral,Random Forest,"Research signal: Fairly valued / neutral. This signal was assigned because the model-estimated fair value is within 5% of actual market cap; fundamentals score in the lower third of the training dataset; report risk is set to neutral because SEC filing text has not been integrated into this dataset; and the log-scale model error is low (+0.01). The valuation gap is a research signal, not proof of undervaluation or overvaluation. This output is for research purposes only and does not constitute investment advice.",neutral_report_risk,Report risk is currently neutral because filing-text extraction has not yet been integrated for this dataset.,Fairly valued / neutral
1053507,American Tower Corp,AMT,2018,56374326300.09972,60726796582.86534,7.720660393520173,56.78078718491042,50,-0.07437121258560708,Fairly valued / neutral,Random Forest,"Research signal: Fairly valued / neutral. This signal was assigned because the model-estimated fair value is 7.7% above actual market cap; fundamentals are in the middle range of the training dataset; report risk is set to neutral because SEC filing text has not been integrated into this dataset; and the log-scale model error is low (-0.07). The valuation gap is a research signal, not proof of undervaluation or overvaluation. This output is for research purposes only and does not constitute investment advice.",neutral_report_risk,Report risk is currently neutral because filing-text extraction has not yet been integrated for this dataset.,Fairly valued / neutral
1053507,American Tower Corp,AMT,2019,83694273240.4497,70961564397.03435,-15.213357318767661,46.356153461540416,50,0.16503217114861712,Potentially overvalued,Random Forest,"Research signal: Potentially overvalued. This signal was assigned because the model-estimated fair value is 15.2% below actual market cap; fundamentals are in the middle range of the training dataset; report risk is set to neutral because SEC filing text has not been integrated into this dataset; and the log-scale model error is low (+0.17). The valuation gap is a research signal, not proof of undervaluation or overvaluation. This output is for research purposes only and does not constitute investment advice.",neutral_report_risk,Report risk is currently neutral because filing-text extraction has not yet been integrated for this dataset.,Potentially overvalued
1053507,American Tower Corp,AMT,2020,83567586437.71396,71537416588.46873,-14.395736866484421,76.64176806207229,50,0.15543510111888992,Potentially overvalued,Random Forest,"Research signal: Potentially overvalued. This signal was assigned because the model-estimated fair value is 14.4% below actual market cap; fundamentals score in the upper third of the training dataset; report risk is set to neutral because SEC filing text has not been integrated into this dataset; and the log-scale model error is low (+0.16). The valuation gap is a research signal, not proof of undervaluation or overvaluation. This output is for research purposes only and does not constitute investment advice.",neutral_report_risk,Report risk is currently neutral because filing-text extraction has not yet been integrated for this dataset.,Potentially overvalued
1053507,American Tower Corp,AMT,2021,113923669443.12442,82173522548.90323,-27.86966663681091,56.13359442451204,50,0.3266955177836337,Potentially overvalued,Random Forest,"Research signal: Potentially overvalued. This signal was assigned because the model-estimated fair value is 27.9% below actual market cap; fundamentals are in the middle range of the training dataset; report risk is set to neutral because SEC filing text has not been integrated into this dataset; and the log-scale model error is moderate (+0.33). The valuation gap is a research signal, not proof of undervaluation or overvaluation. This output is for research purposes only and does not constitute investment advice.",neutral_report_risk,Report risk is currently neutral because filing-text extraction has not yet been integrated for this dataset.,Potentially overvalued
1053507,American Tower Corp,AMT,2022,86494685496.78596,74523900822.18198,-13.83990774213383,52.50635255668278,50,0.1489630823667838,Potentially overvalued,Random Forest,"Research signal: Potentially overvalued. This signal was assigned because the model-estimated fair value is 13.8% below actual market cap; fundamentals are in the middle range of the training dataset; report risk is set to neutral because SEC filing text has not been integrated into this dataset; and the log-scale model error is low (+0.15). The valuation gap is a research signal, not proof of undervaluation or overvaluation. This output is for research purposes only and does not constitute investment advice.",neutral_report_risk,Report risk is currently neutral because filing-text extraction has not yet been integrated for this dataset.,Potentially overvalued
1053507,American Tower Corp,AMT,2023,91278546401.77077,85959703309.19907,-5.827046225254653,76.34941404568877,50,0.060037160548930046,Fairly valued / neutral,Random Forest,"Research signal: Fairly valued / neutral. This signal was assigned because the model-estimated fair value is 5.8% below actual market cap; fundamentals score in the upper third of the training dataset; report risk is set to neutral because SEC filing text has not been integrated into this dataset; and the log-scale model error is low (+0.06). The valuation gap is a research signal, not proof of undervaluation or overvaluation. This output is for research purposes only and does not constitute investment advice.",neutral_report_risk,Report risk is currently neutral because filing-text extraction has not yet been integrated for this dataset.,Fairly valued / neutral
1053507,American Tower Corp,AMT,2024,80365678565.4801,75788155775.58484,-5.695867777891782,69.75660595116032,50,0.05864517735001584,Fairly valued / neutral,Random Forest,"Research signal: Fairly valued / neutral. This signal was assigned because the model-estimated fair value is 5.7% below actual market cap; fundamentals score in the upper third of the training dataset; report risk is set to neutral because SEC filing text has not been integrated into this dataset; and the log-scale model error is low (+0.06). The valuation gap is a research signal, not proof of undervaluation or overvaluation. This output is for research purposes only and does not constitute investment advice.",neutral_report_risk,Report risk is currently neutral because filing-text extraction has not yet been integrated for this dataset.,Fairly valued / neutral
1090727,United Parcel Service Inc,UPS,2017,71284211408.80043,72530731151.43095,1.7486617555211308,51.36773976912038,50,-0.01733548596823198,Fairly valued / neutral,Random Forest,"Research signal: Fairly valued / neutral. This signal was assigned because the model-estimated fair value is within 5% of actual market cap; fundamentals are in the middle range of the training dataset; report risk is set to neutral because SEC filing text has not been integrated into this dataset; and the log-scale model error is low (-0.02). The valuation gap is a research signal, not proof of undervaluation or overvaluation. This output is for research purposes only and does not constitute investment advice.",neutral_report_risk,Report risk is currently neutral because filing-text extraction has not yet been integrated for this dataset.,Fairly valued / neutral
1090727,United Parcel Service Inc,UPS,2018,60252247522.42848,71424404718.78752,18.542307807190564,48.16898044576908,50,-0.17009973877657814,Research candidate,Random Forest,"Research signal: Research candidate. This signal was assigned because the model-estimated fair value is 18.5% above actual market cap; fundamentals are in the middle range of the training dataset; report risk is set to neutral because SEC filing text has not been integrated into this dataset; and the log-scale model error is low (-0.17). The valuation gap is a research signal, not proof of undervaluation or overvaluation. This output is for research purposes only and does not constitute investment advice.",neutral_report_risk,Report risk is currently neutral because filing-text extraction has not yet been integrated for this dataset.,Research candidate
1090727,United Parcel Service Inc,UPS,2019,74855200152.0539,74228530585.76237,-0.8371757272955799,49.563086786347164,50,0.008406997251064752,Fairly valued / neutral,Random Forest,"Research signal: Fairly valued / neutral. This signal was assigned because the model-estimated fair value is within 5% of actual market cap; fundamentals are in the middle range of the training dataset; report risk is set to neutral because SEC filing text has not been integrated into this dataset; and the log-scale model error is low (+0.01). The valuation gap is a research signal, not proof of undervaluation or overvaluation. This output is for research purposes only and does not constitute investment advice.",neutral_report_risk,Report risk is currently neutral because filing-text extraction has not yet been integrated for this dataset.,Fairly valued / neutral
1090727,United Parcel Service Inc,UPS,2020,111267161539.91296,110232729377.13777,-0.9296832492703861,49.63417363768729,50,0.009340317766621808,Fairly valued / neutral,Random Forest,"Research signal: Fairly valued / neutral. This signal was assigned because the model-estimated fair value is within 5% of actual market cap; fundamentals are in the middle range of the training dataset; report risk is set to neutral because SEC filing text has not been integrated into this dataset; and the log-scale model error is low (+0.01). The valuation gap is a research signal, not proof of undervaluation or overvaluation. This output is for research purposes only and does not constitute investment advice.",neutral_report_risk,Report risk is currently neutral because filing-text extraction has not yet been integrated for this dataset.,Fairly valued / neutral
1090727,United Parcel Service Inc,UPS,2021,144668517228.3327,139952680797.30444,-3.2597530695536037,49.21762085706105,50,0.03314066608000843,Fairly valued / neutral,Random Forest,"Research signal: Fairly valued / neutral. This signal was assigned because the model-estimated fair value is within 5% of actual market cap; fundamentals are in the middle range of the training dataset; report risk is set to neutral because SEC filing text has not been integrated into this dataset; and the log-scale model error is low (+0.03). The valuation gap is a research signal, not proof of undervaluation or overvaluation. This output is for research purposes only and does not constitute investment advice.",neutral_report_risk,Report risk is currently neutral because filing-text extraction has not yet been integrated for this dataset.,Fairly valued / neutral
1090727,United Parcel Service Inc,UPS,2022,121216136658.04782,160177264246.28247,32.141865482930264,40.22755645114914,50,-0.27870589798736134,Possible value trap,Random Forest,"Research signal: Possible value trap. This signal was assigned because the model-estimated fair value is 32.1% above actual market cap; fundamentals score in the lower third of the training dataset; report risk is set to neutral because SEC filing text has not been integrated into this dataset; and the log-scale model error is low (-0.28). The valuation gap is a research signal, not proof of undervaluation or overvaluation. This output is for research purposes only and does not constitute investment advice.",neutral_report_risk,Report risk is currently neutral because filing-text extraction has not yet been integrated for this dataset.,Possible value trap
1090727,United Parcel Service Inc,UPS,2023,113993969995.63736,189064775456.15262,65.85506712625964,59.986125719930584,50,-0.5059441314028881,Research candidate,Random Forest,"Research signal: Research candidate. This signal was assigned because the model-estimated fair value is 65.9% above actual market cap; fundamentals are in the middle range of the training dataset; report risk is set to neutral because SEC filing text has not been integrated into this dataset; and the log-scale model error is moderate (-0.51). The valuation gap is a research signal, not proof of undervaluation or overvaluation. This output is for research purposes only and does not constitute investment advice.",neutral_report_risk,Report risk is currently neutral because filing-text extraction has not yet been integrated for this dataset.,Research candidate
1090727,United Parcel Service Inc,UPS,2024,95833990652.65718,167493543164.7715,74.77467235173248,52.462532899279864,50,-0.5583273717220756,Research candidate,Random Forest,"Research signal: Research candidate. This signal was assigned because the model-estimated fair value is 74.8% above actual market cap; fundamentals are in the middle range of the training dataset; report risk is set to neutral because SEC filing text has not been integrated into this dataset; and the log-scale model error is moderate (-0.56). The valuation gap is a research signal, not proof of undervaluation or overvaluation. This output is for research purposes only and does not constitute investment advice.",neutral_report_risk,Report risk is currently neutral because filing-text extraction has not yet been integrated for this dataset.,Research candidate
12927,Boeing Co,BA,2017,165393543029.4129,167202329734.454,1.093625949302894,64.58702981075788,50,-0.01087689106070755,Fairly valued / neutral,Random Forest,"Research signal: Fairly valued / neutral. This signal was assigned because the model-estimated fair value is within 5% of actual market cap; fundamentals are in the middle range of the training dataset; report risk is set to neutral because SEC filing text has not been integrated into this dataset; and the log-scale model error is low (-0.01). The valuation gap is a research signal, not proof of undervaluation or overvaluation. This output is for research purposes only and does not constitute investment advice.",neutral_report_risk,Report risk is currently neutral because filing-text extraction has not yet been integrated for this dataset.,Fairly valued / neutral
12927,Boeing Co,BA,2018,177050656754.9267,158632386691.97256,-10.402825044839387,55.51669919717368,50,0.10984639602256863,Potentially overvalued,Random Forest,"Research signal: Potentially overvalued. This signal was assigned because the model-estimated fair value is 10.4% below actual market cap; fundamentals are in the middle range of the training dataset; report risk is set to neutral because SEC filing text has not been integrated into this dataset; and the log-scale model error is low (+0.11). The valuation gap is a research signal, not proof of undervaluation or overvaluation. This output is for research purposes only and does not constitute investment advice.",neutral_report_risk,Report risk is currently neutral because filing-text extraction has not yet been integrated for this dataset.,Potentially overvalued
12927,Boeing Co,BA,2019,182367445233.3057,176664203195.79837,-3.1273355999537484,59.63567802537867,50,0.03177280802409399,Fairly valued / neutral,Random Forest,"Research signal: Fairly valued / neutral. This signal was assigned because the model-estimated fair value is within 5% of actual market cap; fundamentals are in the middle range of the training dataset; report risk is set to neutral because SEC filing text has not been integrated into this dataset; and the log-scale model error is low (+0.03). The valuation gap is a research signal, not proof of undervaluation or overvaluation. This output is for research purposes only and does not constitute investment advice.",neutral_report_risk,Report risk is currently neutral because filing-text extraction has not yet been integrated for this dataset.,Fairly valued / neutral
12927,Boeing Co,BA,2020,124796306428.26782,182323826267.4039,46.09713338928228,34.8451599469606,50,-0.379101511695044,Possible value trap,Random Forest,"Research signal: Possible value trap. This signal was assigned because the model-estimated fair value is 46.1% above actual market cap; fundamentals score in the lower third of the training dataset; report risk is set to neutral because SEC filing text has not been integrated into this dataset; and the log-scale model error is moderate (-0.38). The valuation gap is a research signal, not proof of undervaluation or overvaluation. This output is for research purposes only and does not constitute investment advice.",neutral_report_risk,Report risk is currently neutral because filing-text extraction has not yet been integrated for this dataset.,Possible value trap
12927,Boeing Co,BA,2021,117369516959.8178,117753640044.80493,0.32727670262002,11.91878733629446,50,-0.003267423180464135,Fairly valued / neutral,Random Forest,"Research signal: Fairly valued / neutral. This signal was assigned because the model-estimated fair value is within 5% of actual market cap; fundamentals score in the lower third of the training dataset; report risk is set to neutral because SEC filing text has not been integrated into this dataset; and the log-scale model error is low (-0.00). The valuation gap is a research signal, not proof of undervaluation or overvaluation. This output is for research purposes only and does not constitute investment advice.",neutral_report_risk,Report risk is currently neutral because filing-text extraction has not yet been integrated for this dataset.,Fairly valued / neutral
12927,Boeing Co,BA,2022,113958661832.8782,116059399640.28917,1.843420915640202,33.702537221647056,50,-0.01826635877741367,Fairly valued / neutral,Random Forest,"Research signal: Fairly valued / neutral. This signal was assigned because the model-estimated fair value is within 5% of actual market cap; fundamentals score in the lower third of the training dataset; report risk is set to neutral because SEC filing text has not been integrated into this dataset; and the log-scale model error is low (-0.02). The valuation gap is a research signal, not proof of undervaluation or overvaluation. This output is for research purposes only and does not constitute investment advice.",neutral_report_risk,Report risk is currently neutral because filing-text extraction has not yet been integrated for this dataset.,Fairly valued / neutral
12927,Boeing Co,BA,2023,159037844769.68185,120314004469.86992,-24.348821097199654,38.07580787117304,50,0.27903716222940744,Potentially overvalued,Random Forest,"Research signal: Potentially overvalued. This signal was assigned because the model-estimated fair value is 24.3% below actual market cap; fundamentals score in the lower third of the training dataset; report risk is set to neutral because SEC filing text has not been integrated into this dataset; and the log-scale model error is low (+0.28). The valuation gap is a research signal, not proof of undervaluation or overvaluation. This output is for research purposes only and does not constitute investment advice.",neutral_report_risk,Report risk is currently neutral because filing-text extraction has not yet been integrated for this dataset.,Potentially overvalued
12927,Boeing Co,BA,2024,132763170747.0,129540810936.13231,-2.4271488792689184,39.99143616196879,50,0.024570896010640553,Fairly valued / neutral,Random Forest,"Research signal: Fairly valued / neutral. This signal was assigned because the model-estimated fair value is within 5% of actual market cap; fundamentals score in the lower third of the training dataset; report risk is set to neutral because SEC filing text has not been integrated into this dataset; and the log-scale model error is low (+0.02). The valuation gap is a research signal, not proof of undervaluation or overvaluation. This output is for research purposes only and does not constitute investment advice.",neutral_report_risk,Report risk is currently neutral because filing-text extraction has not yet been integrated for this dataset.,Fairly valued / neutral
936468,Lockheed Martin Corp,LMT,2017,72731843036.08932,74898783376.69951,2.9793557404216395,57.240991382662116,50,-0.02935835244818108,Fairly valued / neutral,Random Forest,"Research signal: Fairly valued / neutral. This signal was assigned because the model-estimated fair value is within 5% of actual market cap; fundamentals are in the middle range of the training dataset; report risk is set to neutral because SEC filing text has not been integrated into this dataset; and the log-scale model error is low (-0.03). The valuation gap is a research signal, not proof of undervaluation or overvaluation. This output is for research purposes only and does not constitute investment advice.",neutral_report_risk,Report risk is currently neutral because filing-text extraction has not yet been integrated for this dataset.,Fairly valued / neutral
936468,Lockheed Martin Corp,LMT,2018,60202242482.05136,74285323194.70613,23.392950381962077,33.13791484518288,50,-0.2102037956662457,Possible value trap,Random Forest,"Research signal: Possible value trap. This signal was assigned because the model-estimated fair value is 23.4% above actual market cap; fundamentals score in the lower third of the training dataset; report risk is set to neutral because SEC filing text has not been integrated into this dataset; and the log-scale model error is low (-0.21). The valuation gap is a research signal, not proof of undervaluation or overvaluation. This output is for research purposes only and does not constitute investment advice.",neutral_report_risk,Report risk is currently neutral because filing-text extraction has not yet been integrated for this dataset.,Possible value trap
936468,Lockheed Martin Corp,LMT,2019,91633326481.51392,72617501083.79164,-20.752084561241507,54.99478801203243,50,0.2325890771885284,Potentially overvalued,Random Forest,"Research signal: Potentially overvalued. This signal was assigned because the model-estimated fair value is 20.8% below actual market cap; fundamentals are in the middle range of the training dataset; report risk is set to neutral because SEC filing text has not been integrated into this dataset; and the log-scale model error is low (+0.23). The valuation gap is a research signal, not proof of undervaluation or overvaluation. This output is for research purposes only and does not constitute investment advice.",neutral_report_risk,Report risk is currently neutral because filing-text extraction has not yet been integrated for this dataset.,Potentially overvalued
936468,Lockheed Martin Corp,LMT,2020,85125867173.61084,77184065493.94128,-9.329481088835859,59.75057750622544,50,0.09793792127201328,Fairly valued / neutral,Random Forest,"Research signal: Fairly valued / neutral. This signal was assigned because the model-estimated fair value is 9.3% below actual market cap; fundamentals are in the middle range of the training dataset; report risk is set to neutral because SEC filing text has not been integrated into this dataset; and the log-scale model error is low (+0.10). The valuation gap is a research signal, not proof of undervaluation or overvaluation. This output is for research purposes only and does not constitute investment advice.",neutral_report_risk,Report risk is currently neutral because filing-text extraction has not yet been integrated for this dataset.,Fairly valued / neutral
936468,Lockheed Martin Corp,LMT,2021,85370917361.47003,87272259358.93242,2.2271542303005742,63.91041702744245,50,-0.02202715345999806,Fairly valued / neutral,Random Forest,"Research signal: Fairly valued / neutral. This signal was assigned because the model-estimated fair value is within 5% of actual market cap; fundamentals are in the middle range of the training dataset; report risk is set to neutral because SEC filing text has not been integrated into this dataset; and the log-scale model error is low (-0.02). The valuation gap is a research signal, not proof of undervaluation or overvaluation. This output is for research purposes only and does not constitute investment advice.",neutral_report_risk,Report risk is currently neutral because filing-text extraction has not yet been integrated for this dataset.,Fairly valued / neutral
936468,Lockheed Martin Corp,LMT,2022,112425963277.60724,83553677457.53181,-25.68115493819046,61.25354020712135,50,0.2968056316757881,Potentially overvalued,Random Forest,"Research signal: Potentially overvalued. This signal was assigned because the model-estimated fair value is 25.7% below actual market cap; fundamentals are in the middle range of the training dataset; report risk is set to neutral because SEC filing text has not been integrated into this dataset; and the log-scale model error is low (+0.30). The valuation gap is a research signal, not proof of undervaluation or overvaluation. This output is for research purposes only and does not constitute investment advice.",neutral_report_risk,Report risk is currently neutral because filing-text extraction has not yet been integrated for this dataset.,Potentially overvalued
936468,Lockheed Martin Corp,LMT,2023,101828177107.25316,86798385692.28769,-14.759953327196412,52.67184345707486,50,0.15969883121202955,Potentially overvalued,Random Forest,"Research signal: Potentially overvalued. This signal was assigned because the model-estimated fair value is 14.8% below actual market cap; fundamentals are in the middle range of the training dataset; report risk is set to neutral because SEC filing text has not been integrated into this dataset; and the log-scale model error is low (+0.16). The valuation gap is a research signal, not proof of undervaluation or overvaluation. This output is for research purposes only and does not constitute investment advice.",neutral_report_risk,Report risk is currently neutral because filing-text extraction has not yet been integrated for this dataset.,Potentially overvalued
936468,Lockheed Martin Corp,LMT,2024,109131866325.89809,82352726537.5864,-24.538332102139385,45.516086123595095,50,0.2815453686235685,Potentially overvalued,Random Forest,"Research signal: Potentially overvalued. This signal was assigned because the model-estimated fair value is 24.5% below actual market cap; fundamentals are in the middle range of the training dataset; report risk is set to neutral because SEC filing text has not been integrated into this dataset; and the log-scale model error is low (+0.28). The valuation gap is a research signal, not proof of undervaluation or overvaluation. This output is for research purposes only and does not constitute investment advice.",neutral_report_risk,Report risk is currently neutral because filing-text extraction has not yet been integrated for this dataset.,Potentially overvalued
1133421,Northrop Grumman Corp,NOC,2017,46329961722.47589,86240264254.24382,86.14361214204584,45.880546306703714,50,-0.621348298093416,Research candidate,Random Forest,"Research signal: Research candidate. This signal was assigned because the model-estimated fair value is 86.1% above actual market cap; fundamentals are in the middle range of the training dataset; report risk is set to neutral because SEC filing text has not been integrated into this dataset; and the log-scale model error is high (-0.62) — treat this estimate with additional caution. The valuation gap is a research signal, not proof of undervaluation or overvaluation. This output is for research purposes only and does not constitute investment advice.",neutral_report_risk,Report risk is currently neutral because filing-text extraction has not yet been integrated for this dataset.,Research candidate
1133421,Northrop Grumman Corp,NOC,2018,36611118417.34918,63520331503.17063,73.50011212186783,46.39455799623366,50,-0.5510080596341638,Research candidate,Random Forest,"Research signal: Research candidate. This signal was assigned because the model-estimated fair value is 73.5% above actual market cap; fundamentals are in the middle range of the training dataset; report risk is set to neutral because SEC filing text has not been integrated into this dataset; and the log-scale model error is moderate (-0.55). The valuation gap is a research signal, not proof of undervaluation or overvaluation. This output is for research purposes only and does not constitute investment advice.",neutral_report_risk,Report risk is currently neutral because filing-text extraction has not yet been integrated for this dataset.,Research candidate
1133421,Northrop Grumman Corp,NOC,2019,51593437212.06055,64642992666.49249,25.293053069512233,47.82687257227565,50,-0.22548523199476023,Research candidate,Random Forest,"Research signal: Research candidate. This signal was assigned because the model-estimated fair value is 25.3% above actual market cap; fundamentals are in the middle range of the training dataset; report risk is set to neutral because SEC filing text has not been integrated into this dataset; and the log-scale model error is low (-0.23). The valuation gap is a research signal, not proof of undervaluation or overvaluation. This output is for research purposes only and does not constitute investment advice.",neutral_report_risk,Report risk is currently neutral because filing-text extraction has not yet been integrated for this dataset.,Research candidate
1133421,Northrop Grumman Corp,NOC,2020,46221069293.98779,109334421192.60202,136.5467153024599,55.20370466597411,50,-0.8609755301438291,Research candidate,Random Forest,"Research signal: Research candidate. This signal was assigned because the model-estimated fair value is 136.5% above actual market cap; fundamentals are in the middle range of the training dataset; report risk is set to neutral because SEC filing text has not been integrated into this dataset; and the log-scale model error is high (-0.86) — treat this estimate with additional caution. The valuation gap is a research signal, not proof of undervaluation or overvaluation. This output is for research purposes only and does not constitute investment advice.","extreme_valuation_gap, neutral_report_risk, needs_review",Valuation gap of +136.5% exceeds 100% — the model estimate is likely unreliable for this observation. | Report risk is currently neutral because filing-text extraction has not yet been integrated for this dataset.,Needs review
1133421,Northrop Grumman Corp,NOC,2021,55955511892.02173,65414358375.059525,16.904226524262146,52.22532841791678,50,-0.15618483687709173,Research candidate,Random Forest,"Research signal: Research candidate. This signal was assigned because the model-estimated fair value is 16.9% above actual market cap; fundamentals are in the middle range of the training dataset; report risk is set to neutral because SEC filing text has not been integrated into this dataset; and the log-scale model error is low (-0.16). The valuation gap is a research signal, not proof of undervaluation or overvaluation. This output is for research purposes only and does not constitute investment advice.",neutral_report_risk,Report risk is currently neutral because filing-text extraction has not yet been integrated for this dataset.,Research candidate
1133421,Northrop Grumman Corp,NOC,2022,78464084842.35681,68123905701.35649,-13.178232004840057,50.472314727226376,50,0.14131281240829807,Potentially overvalued,Random Forest,"Research signal: Potentially overvalued. This signal was assigned because the model-estimated fair value is 13.2% below actual market cap; fundamentals are in the middle range of the training dataset; report risk is set to neutral because SEC filing text has not been integrated into this dataset; and the log-scale model error is low (+0.14). The valuation gap is a research signal, not proof of undervaluation or overvaluation. This output is for research purposes only and does not constitute investment advice.",neutral_report_risk,Report risk is currently neutral because filing-text extraction has not yet been integrated for this dataset.,Potentially overvalued
1133421,Northrop Grumman Corp,NOC,2023,67078482951.56418,98759929207.74823,47.23041557016203,48.678944794384286,50,-0.38682862647684857,Research candidate,Random Forest,"Research signal: Research candidate. This signal was assigned because the model-estimated fair value is 47.2% above actual market cap; fundamentals are in the middle range of the training dataset; report risk is set to neutral because SEC filing text has not been integrated into this dataset; and the log-scale model error is moderate (-0.39). The valuation gap is a research signal, not proof of undervaluation or overvaluation. This output is for research purposes only and does not constitute investment advice.",neutral_report_risk,Report risk is currently neutral because filing-text extraction has not yet been integrated for this dataset.,Research candidate
1133421,Northrop Grumman Corp,NOC,2024,65968049096.183685,70643548659.08354,7.0875213485286155,43.0196685339391,50,-0.06847627065798534,Fairly valued / neutral,Random Forest,"Research signal: Fairly valued / neutral. This signal was assigned because the model-estimated fair value is 7.1% above actual market cap; fundamentals score in the lower third of the training dataset; report risk is set to neutral because SEC filing text has not been integrated into this dataset; and the log-scale model error is low (-0.07). The valuation gap is a research signal, not proof of undervaluation or overvaluation. This output is for research purposes only and does not constitute investment advice.",neutral_report_risk,Report risk is currently neutral because filing-text extraction has not yet been integrated for this dataset.,Fairly valued / neutral
34088,Exxon Mobil Corp,XOM,2017,240967964363.57947,206986096843.66885,-14.102234547924297,53.626175075463564,50,0.15201237069972962,Potentially overvalued,Random Forest,"Research signal: Potentially overvalued. This signal was assigned because the model-estimated fair value is 14.1% below actual market cap; fundamentals are in the middle range of the training dataset; report risk is set to neutral because SEC filing text has not been integrated into this dataset; and the log-scale model error is low (+0.15). The valuation gap is a research signal, not proof of undervaluation or overvaluation. This output is for research purposes only and does not constitute investment advice.",neutral_report_risk,Report risk is currently neutral because filing-text extraction has not yet been integrated for this dataset.,Potentially overvalued
34088,Exxon Mobil Corp,XOM,2018,204469519034.92096,142273462991.90894,-30.418253212788006,37.90417497693055,50,0.3626679118479963,Potentially overvalued,Random Forest,"Research signal: Potentially overvalued. This signal was assigned because the model-estimated fair value is 30.4% below actual market cap; fundamentals score in the lower third of the training dataset; report risk is set to neutral because SEC filing text has not been integrated into this dataset; and the log-scale model error is moderate (+0.36). The valuation gap is a research signal, not proof of undervaluation or overvaluation. This output is for research purposes only and does not constitute investment advice.",neutral_report_risk,Report risk is currently neutral because filing-text extraction has not yet been integrated for this dataset.,Potentially overvalued
34088,Exxon Mobil Corp,XOM,2019,219123280536.53,197227477412.21646,-9.992458615397231,60.5634218857338,50,0.105276726006025,Fairly valued / neutral,Random Forest,"Research signal: Fairly valued / neutral. This signal was assigned because the model-estimated fair value is 10.0% below actual market cap; fundamentals are in the middle range of the training dataset; report risk is set to neutral because SEC filing text has not been integrated into this dataset; and the log-scale model error is low (+0.11). The valuation gap is a research signal, not proof of undervaluation or overvaluation. This output is for research purposes only and does not constitute investment advice.",neutral_report_risk,Report risk is currently neutral because filing-text extraction has not yet been integrated for this dataset.,Fairly valued / neutral
34088,Exxon Mobil Corp,XOM,2020,139819185536.2326,196911790892.58926,40.833169738041235,60.80988313873062,50,-0.3424058105169756,Research candidate,Random Forest,"Research signal: Research candidate. This signal was assigned because the model-estimated fair value is 40.8% above actual market cap; fundamentals are in the middle range of the training dataset; report risk is set to neutral because SEC filing text has not been integrated into this dataset; and the log-scale model error is moderate (-0.34). The valuation gap is a research signal, not proof of undervaluation or overvaluation. This output is for research purposes only and does not constitute investment advice.",neutral_report_risk,Report risk is currently neutral because filing-text extraction has not yet been integrated for this dataset.,Research candidate
34088,Exxon Mobil Corp,XOM,2021,220326505950.0192,201903962281.984,-8.361474071673573,40.67789572217231,50,0.08731841399346862,Fairly valued / neutral,Random Forest,"Research signal: Fairly valued / neutral. This signal was assigned because the model-estimated fair value is 8.4% below actual market cap; fundamentals score in the lower third of the training dataset; report risk is set to neutral because SEC filing text has not been integrated into this dataset; and the log-scale model error is low (+0.09). The valuation gap is a research signal, not proof of undervaluation or overvaluation. This output is for research purposes only and does not constitute investment advice.",neutral_report_risk,Report risk is currently neutral because filing-text extraction has not yet been integrated for this dataset.,Fairly valued / neutral
34088,Exxon Mobil Corp,XOM,2022,397052416537.056,215595912371.7264,-45.70089404011842,32.08199010130634,50,0.6106624240109753,Potentially overvalued,Random Forest,"Research signal: Potentially overvalued. This signal was assigned because the model-estimated fair value is 45.7% below actual market cap; fundamentals score in the lower third of the training dataset; report risk is set to neutral because SEC filing text has not been integrated into this dataset; and the log-scale model error is high (+0.61) — treat this estimate with additional caution. The valuation gap is a research signal, not proof of undervaluation or overvaluation. This output is for research purposes only and does not constitute investment advice.",neutral_report_risk,Report risk is currently neutral because filing-text extraction has not yet been integrated for this dataset.,Potentially overvalued
34088,Exxon Mobil Corp,XOM,2023,362761207132.8632,394900577992.44934,8.859649330644913,66.21473173831623,50,-0.084889245725293,Fairly valued / neutral,Random Forest,"Research signal: Fairly valued / neutral. This signal was assigned because the model-estimated fair value is 8.9% above actual market cap; fundamentals score in the upper third of the training dataset; report risk is set to neutral because SEC filing text has not been integrated into this dataset; and the log-scale model error is low (-0.08). The valuation gap is a research signal, not proof of undervaluation or overvaluation. This output is for research purposes only and does not constitute investment advice.",neutral_report_risk,Report risk is currently neutral because filing-text extraction has not yet been integrated for this dataset.,Fairly valued / neutral
34088,Exxon Mobil Corp,XOM,2024,441382926795.9315,497489255251.5007,12.711485888875194,74.27120101234377,50,-0.11966114547129791,Research candidate,Random Forest,"Research signal: Research candidate. This signal was assigned because the model-estimated fair value is 12.7% above actual market cap; fundamentals score in the upper third of the training dataset; report risk is set to neutral because SEC filing text has not been integrated into this dataset; and the log-scale model error is low (-0.12). The valuation gap is a research signal, not proof of undervaluation or overvaluation. This output is for research purposes only and does not constitute investment advice.",neutral_report_risk,Report risk is currently neutral because filing-text extraction has not yet been integrated for this dataset.,Research candidate
93410,Chevron Corp,CVX,2017,164716276936.17462,161889338359.80634,-1.7162472519116538,46.36679603277275,50,0.017311454814130656,Fairly valued / neutral,Random Forest,"Research signal: Fairly valued / neutral. This signal was assigned because the model-estimated fair value is within 5% of actual market cap; fundamentals are in the middle range of the training dataset; report risk is set to neutral because SEC filing text has not been integrated into this dataset; and the log-scale model error is low (+0.02). The valuation gap is a research signal, not proof of undervaluation or overvaluation. This output is for research purposes only and does not constitute investment advice.",neutral_report_risk,Report risk is currently neutral because filing-text extraction has not yet been integrated for this dataset.,Fairly valued / neutral
93410,Chevron Corp,CVX,2018,147867638199.07196,160682042773.8061,8.666131907430815,49.56803328644712,50,-0.08310998560113703,Fairly valued / neutral,Random Forest,"Research signal: Fairly valued / neutral. This signal was assigned because the model-estimated fair value is 8.7% above actual market cap; fundamentals are in the middle range of the training dataset; report risk is set to neutral because SEC filing text has not been integrated into this dataset; and the log-scale model error is low (-0.08). The valuation gap is a research signal, not proof of undervaluation or overvaluation. This output is for research purposes only and does not constitute investment advice.",neutral_report_risk,Report risk is currently neutral because filing-text extraction has not yet been integrated for this dataset.,Fairly valued / neutral
93410,Chevron Corp,CVX,2019,168592043554.84393,183283122540.2842,8.713981203188386,42.764082056970906,50,-0.08355022179243932,Fairly valued / neutral,Random Forest,"Research signal: Fairly valued / neutral. This signal was assigned because the model-estimated fair value is 8.7% above actual market cap; fundamentals score in the lower third of the training dataset; report risk is set to neutral because SEC filing text has not been integrated into this dataset; and the log-scale model error is low (-0.08). The valuation gap is a research signal, not proof of undervaluation or overvaluation. This output is for research purposes only and does not constitute investment advice.",neutral_report_risk,Report risk is currently neutral because filing-text extraction has not yet been integrated for this dataset.,Fairly valued / neutral
93410,Chevron Corp,CVX,2020,127964388375.42526,196368719115.07034,53.455755627072335,45.89629421738488,50,-0.42824210253372286,Research candidate,Random Forest,"Research signal: Research candidate. This signal was assigned because the model-estimated fair value is 53.5% above actual market cap; fundamentals are in the middle range of the training dataset; report risk is set to neutral because SEC filing text has not been integrated into this dataset; and the log-scale model error is moderate (-0.43). The valuation gap is a research signal, not proof of undervaluation or overvaluation. This output is for research purposes only and does not constitute investment advice.",neutral_report_risk,Report risk is currently neutral because filing-text extraction has not yet been integrated for this dataset.,Research candidate
93410,Chevron Corp,CVX,2021,189194008295.0106,114155836581.11623,-39.66202333262436,35.98070280614293,50,0.5052084850140304,Potentially overvalued,Random Forest,"Research signal: Potentially overvalued. This signal was assigned because the model-estimated fair value is 39.7% below actual market cap; fundamentals score in the lower third of the training dataset; report risk is set to neutral because SEC filing text has not been integrated into this dataset; and the log-scale model error is moderate (+0.51). The valuation gap is a research signal, not proof of undervaluation or overvaluation. This output is for research purposes only and does not constitute investment advice.",neutral_report_risk,Report risk is currently neutral because filing-text extraction has not yet been integrated for this dataset.,Potentially overvalued
93410,Chevron Corp,CVX,2022,293508344712.8795,195615750912.91974,-33.35257602155123,32.72751733876704,50,0.4057537900960675,Potentially overvalued,Random Forest,"Research signal: Potentially overvalued. This signal was assigned because the model-estimated fair value is 33.4% below actual market cap; fundamentals score in the lower third of the training dataset; report risk is set to neutral because SEC filing text has not been integrated into this dataset; and the log-scale model error is moderate (+0.41). The valuation gap is a research signal, not proof of undervaluation or overvaluation. This output is for research purposes only and does not constitute investment advice.",neutral_report_risk,Report risk is currently neutral because filing-text extraction has not yet been integrated for this dataset.,Potentially overvalued
93410,Chevron Corp,CVX,2023,246926763121.8988,200580074634.75305,-18.769406726587214,65.6412811285463,50,0.20787824532746768,Potentially overvalued,Random Forest,"Research signal: Potentially overvalued. This signal was assigned because the model-estimated fair value is 18.8% below actual market cap; fundamentals score in the upper third of the training dataset; report risk is set to neutral because SEC filing text has not been integrated into this dataset; and the log-scale model error is low (+0.21). The valuation gap is a research signal, not proof of undervaluation or overvaluation. This output is for research purposes only and does not constitute investment advice.",neutral_report_risk,Report risk is currently neutral because filing-text extraction has not yet been integrated for this dataset.,Potentially overvalued
93410,Chevron Corp,CVX,2024,237087041068.2304,252456528432.03842,6.482634940551173,73.60764461243032,50,-0.06281173366553716,Fairly valued / neutral,Random Forest,"Research signal: Fairly valued / neutral. This signal was assigned because the model-estimated fair value is 6.5% above actual market cap; fundamentals score in the upper third of the training dataset; report risk is set to neutral because SEC filing text has not been integrated into this dataset; and the log-scale model error is low (-0.06). The valuation gap is a research signal, not proof of undervaluation or overvaluation. This output is for research purposes only and does not constitute investment advice.",neutral_report_risk,Report risk is currently neutral because filing-text extraction has not yet been integrated for this dataset.,Fairly valued / neutral
1163165,ConocoPhillips,COP,2017,48673661313.94719,101961250620.86436,109.47931153814369,38.28658904700302,50,-0.7394547968899339,Possible value trap,Random Forest,"Research signal: Possible value trap. This signal was assigned because the model-estimated fair value is 109.5% above actual market cap; fundamentals score in the lower third of the training dataset; report risk is set to neutral because SEC filing text has not been integrated into this dataset; and the log-scale model error is high (-0.74) — treat this estimate with additional caution. The valuation gap is a research signal, not proof of undervaluation or overvaluation. This output is for research purposes only and does not constitute investment advice.","extreme_valuation_gap, neutral_report_risk, needs_review",Valuation gap of +109.5% exceeds 100% — the model estimate is likely unreliable for this observation. | Report risk is currently neutral because filing-text extraction has not yet been integrated for this dataset.,Needs review
1163165,ConocoPhillips,COP,2018,54355847339.04346,99976783192.13293,83.93013463396099,27.60789725552325,50,-0.6093857964391276,Possible value trap,Random Forest,"Research signal: Possible value trap. This signal was assigned because the model-estimated fair value is 83.9% above actual market cap; fundamentals score in the lower third of the training dataset; report risk is set to neutral because SEC filing text has not been integrated into this dataset; and the log-scale model error is high (-0.61) — treat this estimate with additional caution. The valuation gap is a research signal, not proof of undervaluation or overvaluation. This output is for research purposes only and does not constitute investment advice.",neutral_report_risk,Report risk is currently neutral because filing-text extraction has not yet been integrated for this dataset.,Possible value trap
1163165,ConocoPhillips,COP,2019,55237484396.91654,90748428679.24979,64.28776521965496,49.939707423355976,50,-0.49644937018169344,Research candidate,Random Forest,"Research signal: Research candidate. This signal was assigned because the model-estimated fair value is 64.3% above actual market cap; fundamentals are in the middle range of the training dataset; report risk is set to neutral because SEC filing text has not been integrated into this dataset; and the log-scale model error is moderate (-0.50). The valuation gap is a research signal, not proof of undervaluation or overvaluation. This output is for research purposes only and does not constitute investment advice.",neutral_report_risk,Report risk is currently neutral because filing-text extraction has not yet been integrated for this dataset.,Research candidate
1163165,ConocoPhillips,COP,2020,44273821719.295425,85485083658.17038,93.08268484289047,63.63176926002255,50,-0.657948330046711,Research candidate,Random Forest,"Research signal: Research candidate. This signal was assigned because the model-estimated fair value is 93.1% above actual market cap; fundamentals are in the middle range of the training dataset; report risk is set to neutral because SEC filing text has not been integrated into this dataset; and the log-scale model error is high (-0.66) — treat this estimate with additional caution. The valuation gap is a research signal, not proof of undervaluation or overvaluation. This output is for research purposes only and does not constitute investment advice.",neutral_report_risk,Report risk is currently neutral because filing-text extraction has not yet been integrated for this dataset.,Research candidate
1163165,ConocoPhillips,COP,2021,79248814188.81409,90010706656.49875,13.579878232681109,40.70050085773548,50,-0.12733617637645978,Research candidate,Random Forest,"Research signal: Research candidate. This signal was assigned because the model-estimated fair value is 13.6% above actual market cap; fundamentals score in the lower third of the training dataset; report risk is set to neutral because SEC filing text has not been integrated into this dataset; and the log-scale model error is low (-0.13). The valuation gap is a research signal, not proof of undervaluation or overvaluation. This output is for research purposes only and does not constitute investment advice.",neutral_report_risk,Report risk is currently neutral because filing-text extraction has not yet been integrated for this dataset.,Research candidate
1163165,ConocoPhillips,COP,2022,127608954417.67958,113912227460.25111,-10.733358814772057,25.45239371580752,50,0.1135423268521798,Potentially overvalued,Random Forest,"Research signal: Potentially overvalued. This signal was assigned because the model-estimated fair value is 10.7% below actual market cap; fundamentals score in the lower third of the training dataset; report risk is set to neutral because SEC filing text has not been integrated into this dataset; and the log-scale model error is low (+0.11). The valuation gap is a research signal, not proof of undervaluation or overvaluation. This output is for research purposes only and does not constitute investment advice.",neutral_report_risk,Report risk is currently neutral because filing-text extraction has not yet been integrated for this dataset.,Potentially overvalued
1163165,ConocoPhillips,COP,2023,125615555757.02637,122402689162.68304,-2.557698029500307,73.16311599052531,50,0.025909757813565193,Fairly valued / neutral,Random Forest,"Research signal: Fairly valued / neutral. This signal was assigned because the model-estimated fair value is within 5% of actual market cap; fundamentals score in the upper third of the training dataset; report risk is set to neutral because SEC filing text has not been integrated into this dataset; and the log-scale model error is low (+0.03). The valuation gap is a research signal, not proof of undervaluation or overvaluation. This output is for research purposes only and does not constitute investment advice.",neutral_report_risk,Report risk is currently neutral because filing-text extraction has not yet been integrated for this dataset.,Fairly valued / neutral
1163165,ConocoPhillips,COP,2024,119332366370.90044,165355740319.22858,38.56738565401572,76.75510448098285,50,-0.326186560335735,Research candidate,Random Forest,"Research signal: Research candidate. This signal was assigned because the model-estimated fair value is 38.6% above actual market cap; fundamentals score in the upper third of the training dataset; report risk is set to neutral because SEC filing text has not been integrated into this dataset; and the log-scale model error is moderate (-0.33). The valuation gap is a research signal, not proof of undervaluation or overvaluation. This output is for research purposes only and does not constitute investment advice.",neutral_report_risk,Report risk is currently neutral because filing-text extraction has not yet been integrated for this dataset.,Research candidate
87347,Schlumberger Ltd,SLB,2017,72936262263.9809,67432597371.918526,-7.545855410224826,42.60805993255996,50,0.07845739855110878,Fairly valued / neutral,Random Forest,"Research signal: Fairly valued / neutral. This signal was assigned because the model-estimated fair value is 7.5% below actual market cap; fundamentals score in the lower third of the training dataset; report risk is set to neutral because SEC filing text has not been integrated into this dataset; and the log-scale model error is low (+0.08). The valuation gap is a research signal, not proof of undervaluation or overvaluation. This output is for research purposes only and does not constitute investment advice.",neutral_report_risk,Report risk is currently neutral because filing-text extraction has not yet been integrated for this dataset.,Fairly valued / neutral
87347,Schlumberger Ltd,SLB,2018,40335477310.95307,64602799416.626144,60.16371622081511,25.311895676127318,50,-0.4710263324865487,Possible value trap,Random Forest,"Research signal: Possible value trap. This signal was assigned because the model-estimated fair value is 60.2% above actual market cap; fundamentals score in the lower third of the training dataset; report risk is set to neutral because SEC filing text has not been integrated into this dataset; and the log-scale model error is moderate (-0.47). The valuation gap is a research signal, not proof of undervaluation or overvaluation. This output is for research purposes only and does not constitute investment advice.",neutral_report_risk,Report risk is currently neutral because filing-text extraction has not yet been integrated for this dataset.,Possible value trap
87347,Schlumberger Ltd,SLB,2019,47539651684.542786,62567011159.77904,31.610158978346703,38.40980704107454,50,-0.27467402580776934,Possible value trap,Random Forest,"Research signal: Possible value trap. This signal was assigned because the model-estimated fair value is 31.6% above actual market cap; fundamentals score in the lower third of the training dataset; report risk is set to neutral because SEC filing text has not been integrated into this dataset; and the log-scale model error is low (-0.27). The valuation gap is a research signal, not proof of undervaluation or overvaluation. This output is for research purposes only and does not constitute investment advice.",neutral_report_risk,Report risk is currently neutral because filing-text extraction has not yet been integrated for this dataset.,Possible value trap
87347,Schlumberger Ltd,SLB,2020,26861777246.66977,54852369786.16431,104.20231052643665,43.1015535847802,50,-0.7139410346952886,Possible value trap,Random Forest,"Research signal: Possible value trap. This signal was assigned because the model-estimated fair value is 104.2% above actual market cap; fundamentals score in the lower third of the training dataset; report risk is set to neutral because SEC filing text has not been integrated into this dataset; and the log-scale model error is high (-0.71) — treat this estimate with additional caution. The valuation gap is a research signal, not proof of undervaluation or overvaluation. This output is for research purposes only and does not constitute investment advice.","extreme_valuation_gap, neutral_report_risk, needs_review",Valuation gap of +104.2% exceeds 100% — the model estimate is likely unreliable for this observation. | Report risk is currently neutral because filing-text extraction has not yet been integrated for this dataset.,Needs review
87347,Schlumberger Ltd,SLB,2021,37795510390.51014,50945199014.30929,34.79166834349942,22.92833967931177,50,-0.29856020303914477,Possible value trap,Random Forest,"Research signal: Possible value trap. This signal was assigned because the model-estimated fair value is 34.8% above actual market cap; fundamentals score in the lower third of the training dataset; report risk is set to neutral because SEC filing text has not been integrated into this dataset; and the log-scale model error is low (-0.30). The valuation gap is a research signal, not proof of undervaluation or overvaluation. This output is for research purposes only and does not constitute investment advice.",neutral_report_risk,Report risk is currently neutral because filing-text extraction has not yet been integrated for this dataset.,Possible value trap
87347,Schlumberger Ltd,SLB,2022,69287465556.77097,61362036278.41396,-11.438474787136311,16.07447246380039,50,0.1214726753685369,Potentially overvalued,Random Forest,"Research signal: Potentially overvalued. This signal was assigned because the model-estimated fair value is 11.4% below actual market cap; fundamentals score in the lower third of the training dataset; report risk is set to neutral because SEC filing text has not been integrated into this dataset; and the log-scale model error is low (+0.12). The valuation gap is a research signal, not proof of undervaluation or overvaluation. This output is for research purposes only and does not constitute investment advice.",neutral_report_risk,Report risk is currently neutral because filing-text extraction has not yet been integrated for this dataset.,Potentially overvalued
87347,Schlumberger Ltd,SLB,2023,69098398145.84773,59721728816.68507,-13.5700241695489,35.56930481070094,50,0.14583562786663506,Potentially overvalued,Random Forest,"Research signal: Potentially overvalued. This signal was assigned because the model-estimated fair value is 13.6% below actual market cap; fundamentals score in the lower third of the training dataset; report risk is set to neutral because SEC filing text has not been integrated into this dataset; and the log-scale model error is low (+0.15). The valuation gap is a research signal, not proof of undervaluation or overvaluation. This output is for research purposes only and does not constitute investment advice.",neutral_report_risk,Report risk is currently neutral because filing-text extraction has not yet been integrated for this dataset.,Potentially overvalued
87347,Schlumberger Ltd,SLB,2024,51219528649.79668,65761160959.16322,28.390796816565928,60.266049949598695,50,-0.24990852681548859,Research candidate,Random Forest,"Research signal: Research candidate. This signal was assigned because the model-estimated fair value is 28.4% above actual market cap; fundamentals are in the middle range of the training dataset; report risk is set to neutral because SEC filing text has not been integrated into this dataset; and the log-scale model error is low (-0.25). The valuation gap is a research signal, not proof of undervaluation or overvaluation. This output is for research purposes only and does not constitute investment advice.",neutral_report_risk,Report risk is currently neutral because filing-text extraction has not yet been integrated for this dataset.,Research candidate
797468,Occidental Petroleum Corp,OXY,2017,45512646395.89903,72312481411.77902,58.884369813957505,40.24851228978008,50,-0.46300651779483104,Possible value trap,Random Forest,"Research signal: Possible value trap. This signal was assigned because the model-estimated fair value is 58.9% above actual market cap; fundamentals score in the lower third of the training dataset; report risk is set to neutral because SEC filing text has not been integrated into this dataset; and the log-scale model error is moderate (-0.46). The valuation gap is a research signal, not proof of undervaluation or overvaluation. This output is for research purposes only and does not constitute investment advice.",neutral_report_risk,Report risk is currently neutral because filing-text extraction has not yet been integrated for this dataset.,Possible value trap
797468,Occidental Petroleum Corp,OXY,2018,38766774549.64778,63291528301.129456,63.262301381491895,55.84592170167634,50,-0.4901879323555356,Research candidate,Random Forest,"Research signal: Research candidate. This signal was assigned because the model-estimated fair value is 63.3% above actual market cap; fundamentals are in the middle range of the training dataset; report risk is set to neutral because SEC filing text has not been integrated into this dataset; and the log-scale model error is moderate (-0.49). The valuation gap is a research signal, not proof of undervaluation or overvaluation. This output is for research purposes only and does not constitute investment advice.",neutral_report_risk,Report risk is currently neutral because filing-text extraction has not yet been integrated for this dataset.,Research candidate
797468,Occidental Petroleum Corp,OXY,2019,33205847327.075092,56504652900.0374,70.16476749853973,54.849540409886295,50,-0.5315970022508196,Research candidate,Random Forest,"Research signal: Research candidate. This signal was assigned because the model-estimated fair value is 70.2% above actual market cap; fundamentals are in the middle range of the training dataset; report risk is set to neutral because SEC filing text has not been integrated into this dataset; and the log-scale model error is moderate (-0.53). The valuation gap is a research signal, not proof of undervaluation or overvaluation. This output is for research purposes only and does not constitute investment advice.",neutral_report_risk,Report risk is currently neutral because filing-text extraction has not yet been integrated for this dataset.,Research candidate
797468,Occidental Petroleum Corp,OXY,2020,14984835024.398766,44725933904.827126,198.47465008458883,46.12270311502734,50,-1.093514818898555,Research candidate,Random Forest,"Research signal: Research candidate. This signal was assigned because the model-estimated fair value is 198.5% above actual market cap; fundamentals are in the middle range of the training dataset; report risk is set to neutral because SEC filing text has not been integrated into this dataset; and the log-scale model error is high (-1.09) — treat this estimate with additional caution. The valuation gap is a research signal, not proof of undervaluation or overvaluation. This output is for research purposes only and does not constitute investment advice.","extreme_valuation_gap, high_model_error, neutral_report_risk, needs_review",Valuation gap of +198.5% exceeds 100% — the model estimate is likely unreliable for this observation. | Model error of -1.094 (log scale) is large — the model fit was poor for this observation. | Report risk is currently neutral because filing-text extraction has not yet been integrated for this dataset.,Needs review
797468,Occidental Petroleum Corp,OXY,2021,25198900966.489895,52589686134.33462,108.69833253549291,28.131136821955813,50,-0.7357196382955031,Possible value trap,Random Forest,"Research signal: Possible value trap. This signal was assigned because the model-estimated fair value is 108.7% above actual market cap; fundamentals score in the lower third of the training dataset; report risk is set to neutral because SEC filing text has not been integrated into this dataset; and the log-scale model error is high (-0.74) — treat this estimate with additional caution. The valuation gap is a research signal, not proof of undervaluation or overvaluation. This output is for research purposes only and does not constitute investment advice.","extreme_valuation_gap, neutral_report_risk, needs_review",Valuation gap of +108.7% exceeds 100% — the model estimate is likely unreliable for this observation. | Report risk is currently neutral because filing-text extraction has not yet been integrated for this dataset.,Needs review
797468,Occidental Petroleum Corp,OXY,2022,53201222789.18916,61286791309.37229,15.19808774362639,22.31295349407501,50,-0.14148296268824012,Possible value trap,Random Forest,"Research signal: Possible value trap. This signal was assigned because the model-estimated fair value is 15.2% above actual market cap; fundamentals score in the lower third of the training dataset; report risk is set to neutral because SEC filing text has not been integrated into this dataset; and the log-scale model error is low (-0.14). The valuation gap is a research signal, not proof of undervaluation or overvaluation. This output is for research purposes only and does not constitute investment advice.",neutral_report_risk,Report risk is currently neutral because filing-text extraction has not yet been integrated for this dataset.,Possible value trap
797468,Occidental Petroleum Corp,OXY,2023,49865354221.0339,67663508227.15326,35.692424698773834,55.4842821011447,50,-0.3052205554092886,Research candidate,Random Forest,"Research signal: Research candidate. This signal was assigned because the model-estimated fair value is 35.7% above actual market cap; fundamentals are in the middle range of the training dataset; report risk is set to neutral because SEC filing text has not been integrated into this dataset; and the log-scale model error is moderate (-0.31). The valuation gap is a research signal, not proof of undervaluation or overvaluation. This output is for research purposes only and does not constitute investment advice.",neutral_report_risk,Report risk is currently neutral because filing-text extraction has not yet been integrated for this dataset.,Research candidate
797468,Occidental Petroleum Corp,OXY,2024,44744787037.91742,177137155758.59235,295.88333632805893,71.27622658387679,50,-1.375949376629567,Research candidate,Random Forest,"Research signal: Research candidate. This signal was assigned because the model-estimated fair value is 295.9% above actual market cap; fundamentals score in the upper third of the training dataset; report risk is set to neutral because SEC filing text has not been integrated into this dataset; and the log-scale model error is high (-1.38) — treat this estimate with additional caution. The valuation gap is a research signal, not proof of undervaluation or overvaluation. This output is for research purposes only and does not constitute investment advice.","extreme_valuation_gap, high_model_error, neutral_report_risk, needs_review",Valuation gap of +295.9% exceeds 100% — the model estimate is likely unreliable for this observation. | Model error of -1.376 (log scale) is large — the model fit was poor for this observation. | Report risk is currently neutral because filing-text extraction has not yet been integrated for this dataset.,Needs review
753308,NextEra Energy Inc,NEE,2017,58982558572.83139,65770533457.10892,11.508444273226578,44.78926261319535,50,-0.10893013543661922,Research candidate,Random Forest,"Research signal: Research candidate. This signal was assigned because the model-estimated fair value is 11.5% above actual market cap; fundamentals score in the lower third of the training dataset; report risk is set to neutral because SEC filing text has not been integrated into this dataset; and the log-scale model error is low (-0.11). The valuation gap is a research signal, not proof of undervaluation or overvaluation. This output is for research purposes only and does not constitute investment advice.",neutral_report_risk,Report risk is currently neutral because filing-text extraction has not yet been integrated for this dataset.,Research candidate
753308,NextEra Energy Inc,NEE,2018,68475190433.309555,71698104908.34822,4.706689320094083,49.650475756226186,50,-0.045992820201785634,Fairly valued / neutral,Random Forest,"Research signal: Fairly valued / neutral. This signal was assigned because the model-estimated fair value is within 5% of actual market cap; fundamentals are in the middle range of the training dataset; report risk is set to neutral because SEC filing text has not been integrated into this dataset; and the log-scale model error is low (-0.05). The valuation gap is a research signal, not proof of undervaluation or overvaluation. This output is for research purposes only and does not constitute investment advice.",neutral_report_risk,Report risk is currently neutral because filing-text extraction has not yet been integrated for this dataset.,Fairly valued / neutral
753308,NextEra Energy Inc,NEE,2019,99910871856.74075,80699812050.02777,-19.228197542164533,51.67542067805546,50,0.21354226085078665,Potentially overvalued,Random Forest,"Research signal: Potentially overvalued. This signal was assigned because the model-estimated fair value is 19.2% below actual market cap; fundamentals are in the middle range of the training dataset; report risk is set to neutral because SEC filing text has not been integrated into this dataset; and the log-scale model error is low (+0.21). The valuation gap is a research signal, not proof of undervaluation or overvaluation. This output is for research purposes only and does not constitute investment advice.",neutral_report_risk,Report risk is currently neutral because filing-text extraction has not yet been integrated for this dataset.,Potentially overvalued
753308,NextEra Energy Inc,NEE,2020,130214886100.41806,98922410918.44337,-24.03141155293321,46.929731467754245,50,0.27485024104485944,Potentially overvalued,Random Forest,"Research signal: Potentially overvalued. This signal was assigned because the model-estimated fair value is 24.0% below actual market cap; fundamentals are in the middle range of the training dataset; report risk is set to neutral because SEC filing text has not been integrated into this dataset; and the log-scale model error is low (+0.27). The valuation gap is a research signal, not proof of undervaluation or overvaluation. This output is for research purposes only and does not constitute investment advice.",neutral_report_risk,Report risk is currently neutral because filing-text extraction has not yet been integrated for this dataset.,Potentially overvalued
753308,NextEra Energy Inc,NEE,2021,160910887950.2011,84510010975.1193,-47.480240739661106,53.54666110269993,50,0.6439807203351577,Potentially overvalued,Random Forest,"Research signal: Potentially overvalued. This signal was assigned because the model-estimated fair value is 47.5% below actual market cap; fundamentals are in the middle range of the training dataset; report risk is set to neutral because SEC filing text has not been integrated into this dataset; and the log-scale model error is high (+0.64) — treat this estimate with additional caution. The valuation gap is a research signal, not proof of undervaluation or overvaluation. This output is for research purposes only and does not constitute investment advice.",neutral_report_risk,Report risk is currently neutral because filing-text extraction has not yet been integrated for this dataset.,Potentially overvalued
753308,NextEra Energy Inc,NEE,2022,149018234784.66968,82546272382.64665,-44.60659629881843,36.43817697496023,50,0.5907096660895377,Potentially overvalued,Random Forest,"Research signal: Potentially overvalued. This signal was assigned because the model-estimated fair value is 44.6% below actual market cap; fundamentals score in the lower third of the training dataset; report risk is set to neutral because SEC filing text has not been integrated into this dataset; and the log-scale model error is moderate (+0.59). The valuation gap is a research signal, not proof of undervaluation or overvaluation. This output is for research purposes only and does not constitute investment advice.",neutral_report_risk,Report risk is currently neutral because filing-text extraction has not yet been integrated for this dataset.,Potentially overvalued
753308,NextEra Energy Inc,NEE,2023,114964257596.15337,80313854678.84189,-30.140152810825317,39.688838688895196,50,0.35867913399836127,Potentially overvalued,Random Forest,"Research signal: Potentially overvalued. This signal was assigned because the model-estimated fair value is 30.1% below actual market cap; fundamentals score in the lower third of the training dataset; report risk is set to neutral because SEC filing text has not been integrated into this dataset; and the log-scale model error is moderate (+0.36). The valuation gap is a research signal, not proof of undervaluation or overvaluation. This output is for research purposes only and does not constitute investment advice.",neutral_report_risk,Report risk is currently neutral because filing-text extraction has not yet been integrated for this dataset.,Potentially overvalued
753308,NextEra Energy Inc,NEE,2024,139953588408.19763,87527694986.9476,-37.45948497464838,46.2623575367293,50,0.4693555988571667,Potentially overvalued,Random Forest,"Research signal: Potentially overvalued. This signal was assigned because the model-estimated fair value is 37.5% below actual market cap; fundamentals are in the middle range of the training dataset; report risk is set to neutral because SEC filing text has not been integrated into this dataset; and the log-scale model error is moderate (+0.47). The valuation gap is a research signal, not proof of undervaluation or overvaluation. This output is for research purposes only and does not constitute investment advice.",neutral_report_risk,Report risk is currently neutral because filing-text extraction has not yet been integrated for this dataset.,Potentially overvalued
1326160,Duke Energy Corp,DUK,2017,41370302518.69809,64666731106.20749,56.31196092167839,37.611944803794735,50,-0.44668357392203006,Possible value trap,Random Forest,"Research signal: Possible value trap. This signal was assigned because the model-estimated fair value is 56.3% above actual market cap; fundamentals score in the lower third of the training dataset; report risk is set to neutral because SEC filing text has not been integrated into this dataset; and the log-scale model error is moderate (-0.45). The valuation gap is a research signal, not proof of undervaluation or overvaluation. This output is for research purposes only and does not constitute investment advice.",neutral_report_risk,Report risk is currently neutral because filing-text extraction has not yet been integrated for this dataset.,Possible value trap
1326160,Duke Energy Corp,DUK,2018,46146925879.173874,60469379685.25705,31.036636857639316,32.11951201408182,50,-0.2703067687815093,Possible value trap,Random Forest,"Research signal: Possible value trap. This signal was assigned because the model-estimated fair value is 31.0% above actual market cap; fundamentals score in the lower third of the training dataset; report risk is set to neutral because SEC filing text has not been integrated into this dataset; and the log-scale model error is low (-0.27). The valuation gap is a research signal, not proof of undervaluation or overvaluation. This output is for research purposes only and does not constitute investment advice.",neutral_report_risk,Report risk is currently neutral because filing-text extraction has not yet been integrated for this dataset.,Possible value trap
1326160,Duke Energy Corp,DUK,2019,51336403558.58929,68697298410.43143,33.81790240141866,33.39054908982142,50,-0.29130975246730273,Possible value trap,Random Forest,"Research signal: Possible value trap. This signal was assigned because the model-estimated fair value is 33.8% above actual market cap; fundamentals score in the lower third of the training dataset; report risk is set to neutral because SEC filing text has not been integrated into this dataset; and the log-scale model error is low (-0.29). The valuation gap is a research signal, not proof of undervaluation or overvaluation. This output is for research purposes only and does not constitute investment advice.",neutral_report_risk,Report risk is currently neutral because filing-text extraction has not yet been integrated for this dataset.,Possible value trap
1326160,Duke Energy Corp,DUK,2020,56378059317.36313,62587786019.17619,11.014438554646405,29.704494473289415,50,-0.10449008393383963,Research candidate,Random Forest,"Research signal: Research candidate. This signal was assigned because the model-estimated fair value is 11.0% above actual market cap; fundamentals score in the lower third of the training dataset; report risk is set to neutral because SEC filing text has not been integrated into this dataset; and the log-scale model error is low (-0.10). The valuation gap is a research signal, not proof of undervaluation or overvaluation. This output is for research purposes only and does not constitute investment advice.",neutral_report_risk,Report risk is currently neutral because filing-text extraction has not yet been integrated for this dataset.,Research candidate
1326160,Duke Energy Corp,DUK,2021,67213352423.03577,69138462189.75528,2.864177573829404,37.025637754248976,50,-0.02823926770689411,Fairly valued / neutral,Random Forest,"Research signal: Fairly valued / neutral. This signal was assigned because the model-estimated fair value is within 5% of actual market cap; fundamentals score in the lower third of the training dataset; report risk is set to neutral because SEC filing text has not been integrated into this dataset; and the log-scale model error is low (-0.03). The valuation gap is a research signal, not proof of undervaluation or overvaluation. This output is for research purposes only and does not constitute investment advice.",neutral_report_risk,Report risk is currently neutral because filing-text extraction has not yet been integrated for this dataset.,Fairly valued / neutral
1326160,Duke Energy Corp,DUK,2022,68639750666.6452,62374088130.63585,-9.12832939390919,26.2530990536084,50,0.09572188787746327,Fairly valued / neutral,Random Forest,"Research signal: Fairly valued / neutral. This signal was assigned because the model-estimated fair value is 9.1% below actual market cap; fundamentals score in the lower third of the training dataset; report risk is set to neutral because SEC filing text has not been integrated into this dataset; and the log-scale model error is low (+0.10). The valuation gap is a research signal, not proof of undervaluation or overvaluation. This output is for research purposes only and does not constitute investment advice.",neutral_report_risk,Report risk is currently neutral because filing-text extraction has not yet been integrated for this dataset.,Fairly valued / neutral
1326160,Duke Energy Corp,DUK,2023,67587488284.79091,68761715088.97469,1.737343455102194,37.77380295515756,50,-0.01722424195006056,Fairly valued / neutral,Random Forest,"Research signal: Fairly valued / neutral. This signal was assigned because the model-estimated fair value is within 5% of actual market cap; fundamentals score in the lower third of the training dataset; report risk is set to neutral because SEC filing text has not been integrated into this dataset; and the log-scale model error is low (-0.02). The valuation gap is a research signal, not proof of undervaluation or overvaluation. This output is for research purposes only and does not constitute investment advice.",neutral_report_risk,Report risk is currently neutral because filing-text extraction has not yet been integrated for this dataset.,Fairly valued / neutral
1326160,Duke Energy Corp,DUK,2024,78676437639.29004,65962135070.62251,-16.160241808302413,41.81917902819127,50,0.17626284958343064,Potentially overvalued,Random Forest,"Research signal: Potentially overvalued. This signal was assigned because the model-estimated fair value is 16.2% below actual market cap; fundamentals score in the lower third of the training dataset; report risk is set to neutral because SEC filing text has not been integrated into this dataset; and the log-scale model error is low (+0.18). The valuation gap is a research signal, not proof of undervaluation or overvaluation. This output is for research purposes only and does not constitute investment advice.",neutral_report_risk,Report risk is currently neutral because filing-text extraction has not yet been integrated for this dataset.,Potentially overvalued
92122,Southern Co,SO,2017,34060987148.864273,70154337777.2498,105.96683669395361,40.82203041163871,50,-0.7225449829191497,Possible value trap,Random Forest,"Research signal: Possible value trap. This signal was assigned because the model-estimated fair value is 106.0% above actual market cap; fundamentals score in the lower third of the training dataset; report risk is set to neutral because SEC filing text has not been integrated into this dataset; and the log-scale model error is high (-0.72) — treat this estimate with additional caution. The valuation gap is a research signal, not proof of undervaluation or overvaluation. This output is for research purposes only and does not constitute investment advice.","extreme_valuation_gap, neutral_report_risk, needs_review",Valuation gap of +106.0% exceeds 100% — the model estimate is likely unreliable for this observation. | Report risk is currently neutral because filing-text extraction has not yet been integrated for this dataset.,Needs review
92122,Southern Co,SO,2018,33641670790.049267,47223043078.27647,40.37068305253251,34.4651361002999,50,-0.33911647363259334,Possible value trap,Random Forest,"Research signal: Possible value trap. This signal was assigned because the model-estimated fair value is 40.4% above actual market cap; fundamentals score in the lower third of the training dataset; report risk is set to neutral because SEC filing text has not been integrated into this dataset; and the log-scale model error is moderate (-0.34). The valuation gap is a research signal, not proof of undervaluation or overvaluation. This output is for research purposes only and does not constitute investment advice.",neutral_report_risk,Report risk is currently neutral because filing-text extraction has not yet been integrated for this dataset.,Possible value trap
92122,Southern Co,SO,2019,51988255086.82862,61718227966.83387,18.715713508281155,47.52342689079017,50,-0.17156148688528816,Research candidate,Random Forest,"Research signal: Research candidate. This signal was assigned because the model-estimated fair value is 18.7% above actual market cap; fundamentals are in the middle range of the training dataset; report risk is set to neutral because SEC filing text has not been integrated into this dataset; and the log-scale model error is low (-0.17). The valuation gap is a research signal, not proof of undervaluation or overvaluation. This output is for research purposes only and does not constitute investment advice.",neutral_report_risk,Report risk is currently neutral because filing-text extraction has not yet been integrated for this dataset.,Research candidate
92122,Southern Co,SO,2020,52432726762.67326,73561217876.3613,40.29638055888666,52.29766893542168,50,-0.3385870029178939,Research candidate,Random Forest,"Research signal: Research candidate. This signal was assigned because the model-estimated fair value is 40.3% above actual market cap; fundamentals are in the middle range of the training dataset; report risk is set to neutral because SEC filing text has not been integrated into this dataset; and the log-scale model error is moderate (-0.34). The valuation gap is a research signal, not proof of undervaluation or overvaluation. This output is for research purposes only and does not constitute investment advice.",neutral_report_risk,Report risk is currently neutral because filing-text extraction has not yet been integrated for this dataset.,Research candidate
92122,Southern Co,SO,2021,61206670071.116745,78856495691.10849,28.83644151770421,45.82002303456639,50,-0.25337351870280145,Research candidate,Random Forest,"Research signal: Research candidate. This signal was assigned because the model-estimated fair value is 28.8% above actual market cap; fundamentals are in the middle range of the training dataset; report risk is set to neutral because SEC filing text has not been integrated into this dataset; and the log-scale model error is low (-0.25). The valuation gap is a research signal, not proof of undervaluation or overvaluation. This output is for research purposes only and does not constitute investment advice.",neutral_report_risk,Report risk is currently neutral because filing-text extraction has not yet been integrated for this dataset.,Research candidate
92122,Southern Co,SO,2022,68043261527.21758,75326735585.99115,10.70418127423264,35.770586717311446,50,-0.10169142423479727,Research candidate,Random Forest,"Research signal: Research candidate. This signal was assigned because the model-estimated fair value is 10.7% above actual market cap; fundamentals score in the lower third of the training dataset; report risk is set to neutral because SEC filing text has not been integrated into this dataset; and the log-scale model error is low (-0.10). The valuation gap is a research signal, not proof of undervaluation or overvaluation. This output is for research purposes only and does not constitute investment advice.",neutral_report_risk,Report risk is currently neutral because filing-text extraction has not yet been integrated for this dataset.,Research candidate
92122,Southern Co,SO,2023,69683808328.54381,71177261622.28438,2.1431855255373913,39.964906406652744,50,-0.021205422580766964,Fairly valued / neutral,Random Forest,"Research signal: Fairly valued / neutral. This signal was assigned because the model-estimated fair value is within 5% of actual market cap; fundamentals score in the lower third of the training dataset; report risk is set to neutral because SEC filing text has not been integrated into this dataset; and the log-scale model error is low (-0.02). The valuation gap is a research signal, not proof of undervaluation or overvaluation. This output is for research purposes only and does not constitute investment advice.",neutral_report_risk,Report risk is currently neutral because filing-text extraction has not yet been integrated for this dataset.,Fairly valued / neutral
92122,Southern Co,SO,2024,85268354333.40706,74087557817.90636,-13.112480712108932,49.44259837065151,50,0.14055578557456272,Potentially overvalued,Random Forest,"Research signal: Potentially overvalued. This signal was assigned because the model-estimated fair value is 13.1% below actual market cap; fundamentals are in the middle range of the training dataset; report risk is set to neutral because SEC filing text has not been integrated into this dataset; and the log-scale model error is low (+0.14). The valuation gap is a research signal, not proof of undervaluation or overvaluation. This output is for research purposes only and does not constitute investment advice.",neutral_report_risk,Report risk is currently neutral because filing-text extraction has not yet been integrated for this dataset.,Potentially overvalued
1101239,Equinix Inc,EQIX,2017,30320833159.973877,25199990737.069294,-16.888857888194636,36.49406329749255,50,0.1849914123468963,Potentially overvalued,Random Forest,"Research signal: Potentially overvalued. This signal was assigned because the model-estimated fair value is 16.9% below actual market cap; fundamentals score in the lower third of the training dataset; report risk is set to neutral because SEC filing text has not been integrated into this dataset; and the log-scale model error is low (+0.18). The valuation gap is a research signal, not proof of undervaluation or overvaluation. This output is for research purposes only and does not constitute investment advice.",neutral_report_risk,Report risk is currently neutral because filing-text extraction has not yet been integrated for this dataset.,Potentially overvalued
1101239,Equinix Inc,EQIX,2018,24629873432.91928,29689684496.020607,20.543390435529357,41.312670974822886,50,-0.18683958872890116,Possible value trap,Random Forest,"Research signal: Possible value trap. This signal was assigned because the model-estimated fair value is 20.5% above actual market cap; fundamentals score in the lower third of the training dataset; report risk is set to neutral because SEC filing text has not been integrated into this dataset; and the log-scale model error is low (-0.19). The valuation gap is a research signal, not proof of undervaluation or overvaluation. This output is for research purposes only and does not constitute investment advice.",neutral_report_risk,Report risk is currently neutral because filing-text extraction has not yet been integrated for this dataset.,Possible value trap
1101239,Equinix Inc,EQIX,2019,43945086538.99048,43975060414.95463,0.06820757068609938,38.909144766777246,50,-0.0006818431989437101,Fairly valued / neutral,Random Forest,"Research signal: Fairly valued / neutral. This signal was assigned because the model-estimated fair value is within 5% of actual market cap; fundamentals score in the lower third of the training dataset; report risk is set to neutral because SEC filing text has not been integrated into this dataset; and the log-scale model error is low (-0.00). The valuation gap is a research signal, not proof of undervaluation or overvaluation. This output is for research purposes only and does not constitute investment advice.",neutral_report_risk,Report risk is currently neutral because filing-text extraction has not yet been integrated for this dataset.,Fairly valued / neutral
1101239,Equinix Inc,EQIX,2020,57044508284.048035,41960832959.67361,-26.441941175593296,38.938268569016415,50,0.30709517561040656,Potentially overvalued,Random Forest,"Research signal: Potentially overvalued. This signal was assigned because the model-estimated fair value is 26.4% below actual market cap; fundamentals score in the lower third of the training dataset; report risk is set to neutral because SEC filing text has not been integrated into this dataset; and the log-scale model error is moderate (+0.31). The valuation gap is a research signal, not proof of undervaluation or overvaluation. This output is for research purposes only and does not constitute investment advice.",neutral_report_risk,Report risk is currently neutral because filing-text extraction has not yet been integrated for this dataset.,Potentially overvalued
1101239,Equinix Inc,EQIX,2021,69712512624.3609,57721673407.183655,-17.200411756478665,37.54209104265968,50,0.18874709751357344,Potentially overvalued,Random Forest,"Research signal: Potentially overvalued. This signal was assigned because the model-estimated fair value is 17.2% below actual market cap; fundamentals score in the lower third of the training dataset; report risk is set to neutral because SEC filing text has not been integrated into this dataset; and the log-scale model error is low (+0.19). The valuation gap is a research signal, not proof of undervaluation or overvaluation. This output is for research purposes only and does not constitute investment advice.",neutral_report_risk,Report risk is currently neutral because filing-text extraction has not yet been integrated for this dataset.,Potentially overvalued
1101239,Equinix Inc,EQIX,2022,56235299565.78003,57795782360.37516,2.7749168345227537,32.27401716102556,50,-0.027371137596038153,Fairly valued / neutral,Random Forest,"Research signal: Fairly valued / neutral. This signal was assigned because the model-estimated fair value is within 5% of actual market cap; fundamentals score in the lower third of the training dataset; report risk is set to neutral because SEC filing text has not been integrated into this dataset; and the log-scale model error is low (-0.03). The valuation gap is a research signal, not proof of undervaluation or overvaluation. This output is for research purposes only and does not constitute investment advice.",neutral_report_risk,Report risk is currently neutral because filing-text extraction has not yet been integrated for this dataset.,Fairly valued / neutral
1101239,Equinix Inc,EQIX,2023,71918422989.01978,65057987983.7462,-9.539189987968728,34.42125108423302,50,0.10025346761156939,Fairly valued / neutral,Random Forest,"Research signal: Fairly valued / neutral. This signal was assigned because the model-estimated fair value is 9.5% below actual market cap; fundamentals score in the lower third of the training dataset; report risk is set to neutral because SEC filing text has not been integrated into this dataset; and the log-scale model error is low (+0.10). The valuation gap is a research signal, not proof of undervaluation or overvaluation. This output is for research purposes only and does not constitute investment advice.",neutral_report_risk,Report risk is currently neutral because filing-text extraction has not yet been integrated for this dataset.,Fairly valued / neutral
1101239,Equinix Inc,EQIX,2024,88368139622.28485,65737303273.53605,-25.609723646418956,34.144069883905,50,0.29584494686256946,Potentially overvalued,Random Forest,"Research signal: Potentially overvalued. This signal was assigned because the model-estimated fair value is 25.6% below actual market cap; fundamentals score in the lower third of the training dataset; report risk is set to neutral because SEC filing text has not been integrated into this dataset; and the log-scale model error is low (+0.30). The valuation gap is a research signal, not proof of undervaluation or overvaluation. This output is for research purposes only and does not constitute investment advice.",neutral_report_risk,Report risk is currently neutral because filing-text extraction has not yet been integrated for this dataset.,Potentially overvalued
1045609,Prologis Inc,PLD,2017,26913110413.57422,51928901677.485,92.95020486109817,38.60116429495472,50,-0.6572619637265014,Possible value trap,Random Forest,"Research signal: Possible value trap. This signal was assigned because the model-estimated fair value is 93.0% above actual market cap; fundamentals score in the lower third of the training dataset; report risk is set to neutral because SEC filing text has not been integrated into this dataset; and the log-scale model error is high (-0.66) — treat this estimate with additional caution. The valuation gap is a research signal, not proof of undervaluation or overvaluation. This output is for research purposes only and does not constitute investment advice.",neutral_report_risk,Report risk is currently neutral because filing-text extraction has not yet been integrated for this dataset.,Possible value trap
1045609,Prologis Inc,PLD,2018,29836856821.06018,39693057913.63523,33.03364409892568,46.278359807435365,50,-0.2854318733936978,Research candidate,Random Forest,"Research signal: Research candidate. This signal was assigned because the model-estimated fair value is 33.0% above actual market cap; fundamentals are in the middle range of the training dataset; report risk is set to neutral because SEC filing text has not been integrated into this dataset; and the log-scale model error is low (-0.29). The valuation gap is a research signal, not proof of undervaluation or overvaluation. This output is for research purposes only and does not constitute investment advice.",neutral_report_risk,Report risk is currently neutral because filing-text extraction has not yet been integrated for this dataset.,Research candidate
1045609,Prologis Inc,PLD,2019,54502344077.53754,63404133315.57111,16.332855749047205,50.22841232404703,50,-0.1512853422287499,Research candidate,Random Forest,"Research signal: Research candidate. This signal was assigned because the model-estimated fair value is 16.3% above actual market cap; fundamentals are in the middle range of the training dataset; report risk is set to neutral because SEC filing text has not been integrated into this dataset; and the log-scale model error is low (-0.15). The valuation gap is a research signal, not proof of undervaluation or overvaluation. This output is for research purposes only and does not constitute investment advice.",neutral_report_risk,Report risk is currently neutral because filing-text extraction has not yet been integrated for this dataset.,Research candidate
1045609,Prologis Inc,PLD,2020,62600272796.63086,59431638412.01433,-5.061694211637792,52.63767464893936,50,0.0519429181014317,Fairly valued / neutral,Random Forest,"Research signal: Fairly valued / neutral. This signal was assigned because the model-estimated fair value is 5.1% below actual market cap; fundamentals are in the middle range of the training dataset; report risk is set to neutral because SEC filing text has not been integrated into this dataset; and the log-scale model error is low (+0.05). The valuation gap is a research signal, not proof of undervaluation or overvaluation. This output is for research purposes only and does not constitute investment advice.",neutral_report_risk,Report risk is currently neutral because filing-text extraction has not yet been integrated for this dataset.,Fairly valued / neutral
1045609,Prologis Inc,PLD,2021,107952039184.57031,73645256654.12079,-31.77965213958925,57.38776674981717,50,0.38242730991339613,Potentially overvalued,Random Forest,"Research signal: Potentially overvalued. This signal was assigned because the model-estimated fair value is 31.8% below actual market cap; fundamentals are in the middle range of the training dataset; report risk is set to neutral because SEC filing text has not been integrated into this dataset; and the log-scale model error is moderate (+0.38). The valuation gap is a research signal, not proof of undervaluation or overvaluation. This output is for research purposes only and does not constitute investment advice.",neutral_report_risk,Report risk is currently neutral because filing-text extraction has not yet been integrated for this dataset.,Potentially overvalued
1045609,Prologis Inc,PLD,2022,92511252198.66943,74881382951.43272,-19.056999908915163,60.04255534117803,50,0.21142498160973133,Potentially overvalued,Random Forest,"Research signal: Potentially overvalued. This signal was assigned because the model-estimated fair value is 19.1% below actual market cap; fundamentals are in the middle range of the training dataset; report risk is set to neutral because SEC filing text has not been integrated into this dataset; and the log-scale model error is low (+0.21). The valuation gap is a research signal, not proof of undervaluation or overvaluation. This output is for research purposes only and does not constitute investment advice.",neutral_report_risk,Report risk is currently neutral because filing-text extraction has not yet been integrated for this dataset.,Potentially overvalued
1045609,Prologis Inc,PLD,2023,112652957152.3819,75058401701.59734,-33.372009400456,62.340802587296714,50,0.40604541746191103,Potentially overvalued,Random Forest,"Research signal: Potentially overvalued. This signal was assigned because the model-estimated fair value is 33.4% below actual market cap; fundamentals are in the middle range of the training dataset; report risk is set to neutral because SEC filing text has not been integrated into this dataset; and the log-scale model error is moderate (+0.41). The valuation gap is a research signal, not proof of undervaluation or overvaluation. This output is for research purposes only and does not constitute investment advice.",neutral_report_risk,Report risk is currently neutral because filing-text extraction has not yet been integrated for this dataset.,Potentially overvalued
1045609,Prologis Inc,PLD,2024,92434166922.14966,80993221077.779,-12.37739920781295,60.23722304909315,50,0.13213122141118916,Potentially overvalued,Random Forest,"Research signal: Potentially overvalued. This signal was assigned because the model-estimated fair value is 12.4% below actual market cap; fundamentals are in the middle range of the training dataset; report risk is set to neutral because SEC filing text has not been integrated into this dataset; and the log-scale model error is low (+0.13). The valuation gap is a research signal, not proof of undervaluation or overvaluation. This output is for research purposes only and does not constitute investment advice.",neutral_report_risk,Report risk is currently neutral because filing-text extraction has not yet been integrated for this dataset.,Potentially overvalued
64803,CVS Health Corp,CVS,2017,55687464361.45732,79407111747.28108,42.594231319034016,42.07624152581313,50,-0.3548328675906234,Possible value trap,Random Forest,"Research signal: Possible value trap. This signal was assigned because the model-estimated fair value is 42.6% above actual market cap; fundamentals score in the lower third of the training dataset; report risk is set to neutral because SEC filing text has not been integrated into this dataset; and the log-scale model error is moderate (-0.35). The valuation gap is a research signal, not proof of undervaluation or overvaluation. This output is for research purposes only and does not constitute investment advice.",neutral_report_risk,Report risk is currently neutral because filing-text extraction has not yet been integrated for this dataset.,Possible value trap
64803,CVS Health Corp,CVS,2018,66186954383.996506,87834245828.03429,32.70628123851538,45.340258544003014,50,-0.28296808835580833,Research candidate,Random Forest,"Research signal: Research candidate. This signal was assigned because the model-estimated fair value is 32.7% above actual market cap; fundamentals are in the middle range of the training dataset; report risk is set to neutral because SEC filing text has not been integrated into this dataset; and the log-scale model error is low (-0.28). The valuation gap is a research signal, not proof of undervaluation or overvaluation. This output is for research purposes only and does not constitute investment advice.",neutral_report_risk,Report risk is currently neutral because filing-text extraction has not yet been integrated for this dataset.,Research candidate
64803,CVS Health Corp,CVS,2019,78034388283.83179,87483676899.85956,12.10913396496196,37.616128232894674,50,-0.11430262127880297,Research candidate,Random Forest,"Research signal: Research candidate. This signal was assigned because the model-estimated fair value is 12.1% above actual market cap; fundamentals score in the lower third of the training dataset; report risk is set to neutral because SEC filing text has not been integrated into this dataset; and the log-scale model error is low (-0.11). The valuation gap is a research signal, not proof of undervaluation or overvaluation. This output is for research purposes only and does not constitute investment advice.",neutral_report_risk,Report risk is currently neutral because filing-text extraction has not yet been integrated for this dataset.,Research candidate
64803,CVS Health Corp,CVS,2020,74431042691.45557,86044335357.30319,15.602754235204062,29.20338910394854,50,-0.14498959553041146,Possible value trap,Random Forest,"Research signal: Possible value trap. This signal was assigned because the model-estimated fair value is 15.6% above actual market cap; fundamentals score in the lower third of the training dataset; report risk is set to neutral because SEC filing text has not been integrated into this dataset; and the log-scale model error is low (-0.14). The valuation gap is a research signal, not proof of undervaluation or overvaluation. This output is for research purposes only and does not constitute investment advice.",neutral_report_risk,Report risk is currently neutral because filing-text extraction has not yet been integrated for this dataset.,Possible value trap
64803,CVS Health Corp,CVS,2021,115372221931.39787,133569422680.2088,15.772601449620401,46.489577445615566,50,-0.14645774882117024,Research candidate,Random Forest,"Research signal: Research candidate. This signal was assigned because the model-estimated fair value is 15.8% above actual market cap; fundamentals are in the middle range of the training dataset; report risk is set to neutral because SEC filing text has not been integrated into this dataset; and the log-scale model error is low (-0.15). The valuation gap is a research signal, not proof of undervaluation or overvaluation. This output is for research purposes only and does not constitute investment advice.",neutral_report_risk,Report risk is currently neutral because filing-text extraction has not yet been integrated for this dataset.,Research candidate
64803,CVS Health Corp,CVS,2022,104268119576.5759,142142410350.12247,36.32394151477067,35.83856553427289,50,-0.3098637903689543,Possible value trap,Random Forest,"Research signal: Possible value trap. This signal was assigned because the model-estimated fair value is 36.3% above actual market cap; fundamentals score in the lower third of the training dataset; report risk is set to neutral because SEC filing text has not been integrated into this dataset; and the log-scale model error is moderate (-0.31). The valuation gap is a research signal, not proof of undervaluation or overvaluation. This output is for research purposes only and does not constitute investment advice.",neutral_report_risk,Report risk is currently neutral because filing-text extraction has not yet been integrated for this dataset.,Possible value trap
64803,CVS Health Corp,CVS,2023,89376964866.32336,137486435786.02252,53.827595277658034,41.9346305748144,50,-0.43066227812076363,Possible value trap,Random Forest,"Research signal: Possible value trap. This signal was assigned because the model-estimated fair value is 53.8% above actual market cap; fundamentals score in the lower third of the training dataset; report risk is set to neutral because SEC filing text has not been integrated into this dataset; and the log-scale model error is moderate (-0.43). The valuation gap is a research signal, not proof of undervaluation or overvaluation. This output is for research purposes only and does not constitute investment advice.",neutral_report_risk,Report risk is currently neutral because filing-text extraction has not yet been integrated for this dataset.,Possible value trap
64803,CVS Health Corp,CVS,2024,53036400694.98192,106783216252.38739,101.3394854347474,35.526625609033296,50,-0.6998222796068667,Possible value trap,Random Forest,"Research signal: Possible value trap. This signal was assigned because the model-estimated fair value is 101.3% above actual market cap; fundamentals score in the lower third of the training dataset; report risk is set to neutral because SEC filing text has not been integrated into this dataset; and the log-scale model error is high (-0.70) — treat this estimate with additional caution. The valuation gap is a research signal, not proof of undervaluation or overvaluation. This output is for research purposes only and does not constitute investment advice.","extreme_valuation_gap, neutral_report_risk, needs_review",Valuation gap of +101.3% exceeds 100% — the model estimate is likely unreliable for this observation. | Report risk is currently neutral because filing-text extraction has not yet been integrated for this dataset.,Needs review
1633917,PayPal Holdings Inc,PYPL,2017,87381341251.1771,66385032245.1357,-24.028366588797994,48.44918032786885,50,0.27481015996430713,Potentially overvalued,Random Forest,"Research signal: Potentially overvalued. This signal was assigned because the model-estimated fair value is 24.0% below actual market cap; fundamentals are in the middle range of the training dataset; report risk is set to neutral because SEC filing text has not been integrated into this dataset; and the log-scale model error is low (+0.27). The valuation gap is a research signal, not proof of undervaluation or overvaluation. This output is for research purposes only and does not constitute investment advice.",neutral_report_risk,Report risk is currently neutral because filing-text extraction has not yet been integrated for this dataset.,Potentially overvalued
1633917,PayPal Holdings Inc,PYPL,2018,97567111701.73335,68235264794.612495,-30.063252253269024,48.18202753986125,50,0.3575789560527092,Potentially overvalued,Random Forest,"Research signal: Potentially overvalued. This signal was assigned because the model-estimated fair value is 30.1% below actual market cap; fundamentals are in the middle range of the training dataset; report risk is set to neutral because SEC filing text has not been integrated into this dataset; and the log-scale model error is moderate (+0.36). The valuation gap is a research signal, not proof of undervaluation or overvaluation. This output is for research purposes only and does not constitute investment advice.",neutral_report_risk,Report risk is currently neutral because filing-text extraction has not yet been integrated for this dataset.,Potentially overvalued
1633917,PayPal Holdings Inc,PYPL,2019,125479264789.34976,57709477301.91689,-54.00875403693386,62.830962837397436,50,0.7767191127600555,Potentially overvalued,Random Forest,"Research signal: Potentially overvalued. This signal was assigned because the model-estimated fair value is 54.0% below actual market cap; fundamentals are in the middle range of the training dataset; report risk is set to neutral because SEC filing text has not been integrated into this dataset; and the log-scale model error is high (+0.78) — treat this estimate with additional caution. The valuation gap is a research signal, not proof of undervaluation or overvaluation. This output is for research purposes only and does not constitute investment advice.",neutral_report_risk,Report risk is currently neutral because filing-text extraction has not yet been integrated for this dataset.,Potentially overvalued
1633917,PayPal Holdings Inc,PYPL,2020,271264239021.41235,123731635792.25464,-54.38704480965962,58.126496168514734,50,0.7849784047666262,Potentially overvalued,Random Forest,"Research signal: Potentially overvalued. This signal was assigned because the model-estimated fair value is 54.4% below actual market cap; fundamentals are in the middle range of the training dataset; report risk is set to neutral because SEC filing text has not been integrated into this dataset; and the log-scale model error is high (+0.78) — treat this estimate with additional caution. The valuation gap is a research signal, not proof of undervaluation or overvaluation. This output is for research purposes only and does not constitute investment advice.",neutral_report_risk,Report risk is currently neutral because filing-text extraction has not yet been integrated for this dataset.,Potentially overvalued
1633917,PayPal Holdings Inc,PYPL,2021,217273629593.2707,137200605628.67247,-36.85353998756884,56.41534947038865,50,0.4597133955731074,Potentially overvalued,Random Forest,"Research signal: Potentially overvalued. This signal was assigned because the model-estimated fair value is 36.9% below actual market cap; fundamentals are in the middle range of the training dataset; report risk is set to neutral because SEC filing text has not been integrated into this dataset; and the log-scale model error is moderate (+0.46). The valuation gap is a research signal, not proof of undervaluation or overvaluation. This output is for research purposes only and does not constitute investment advice.",neutral_report_risk,Report risk is currently neutral because filing-text extraction has not yet been integrated for this dataset.,Potentially overvalued
1633917,PayPal Holdings Inc,PYPL,2022,79687740317.5065,98851261804.23955,24.048268165690523,64.16134611088272,50,-0.21550056327588862,Research candidate,Random Forest,"Research signal: Research candidate. This signal was assigned because the model-estimated fair value is 24.0% above actual market cap; fundamentals are in the middle range of the training dataset; report risk is set to neutral because SEC filing text has not been integrated into this dataset; and the log-scale model error is low (-0.22). The valuation gap is a research signal, not proof of undervaluation or overvaluation. This output is for research purposes only and does not constitute investment advice.",neutral_report_risk,Report risk is currently neutral because filing-text extraction has not yet been integrated for this dataset.,Research candidate
1633917,PayPal Holdings Inc,PYPL,2023,65089793830.095245,114940772667.33382,76.58801158191596,63.98866338714508,50,-0.5686492152903924,Research candidate,Random Forest,"Research signal: Research candidate. This signal was assigned because the model-estimated fair value is 76.6% above actual market cap; fundamentals are in the middle range of the training dataset; report risk is set to neutral because SEC filing text has not been integrated into this dataset; and the log-scale model error is moderate (-0.57). The valuation gap is a research signal, not proof of undervaluation or overvaluation. This output is for research purposes only and does not constitute investment advice.",neutral_report_risk,Report risk is currently neutral because filing-text extraction has not yet been integrated for this dataset.,Research candidate
1633917,PayPal Holdings Inc,PYPL,2024,83500653309.50912,108570693328.81686,30.023765115203886,50.43589949281629,50,-0.2625470563385299,Research candidate,Random Forest,"Research signal: Research candidate. This signal was assigned because the model-estimated fair value is 30.0% above actual market cap; fundamentals are in the middle range of the training dataset; report risk is set to neutral because SEC filing text has not been integrated into this dataset; and the log-scale model error is low (-0.26). The valuation gap is a research signal, not proof of undervaluation or overvaluation. This output is for research purposes only and does not constitute investment advice.",neutral_report_risk,Report risk is currently neutral because filing-text extraction has not yet been integrated for this dataset.,Research candidate
