company_id,company_name,ticker,year,actual_market_cap,estimated_fair_value,valuation_gap_pct,quality_score,report_risk_score,model_error,final_signal,best_model_used,explanation_text,output_quality_flag,output_warning_text,final_signal_display,model_output_source,era,valuation_gap_percentile_year,valuation_gap_percentile_era,valuation_bucket_year,valuation_bucket_era,final_signal_calibrated,calibration_warning_text,report_risk_score_original,report_risk_score_real,risk_score_source,risk_score_components,filing_data_quality_flag,filing_warning_text,report_risk_available,final_signal_calibrated_risk_adjusted,risk_adjustment_reason
789019,Microsoft Corp,MSFT,2010,177555885452.2705,239343902566.5132,34.79919404352957,81.43453768453767,50,-0.2986160335666739,Research candidate,Ridge Regression,"Research signal: Research candidate. This signal was assigned because the model-estimated fair value is 34.8% above actual market cap; fundamentals score in the upper third of the training dataset; report risk is set to neutral because SEC filing text has not been integrated into this dataset; and the log-scale model error is low (-0.30). The valuation gap is a research signal, not proof of undervaluation or overvaluation. This output is for research purposes only and does not constitute investment advice.",neutral_report_risk,Report risk is currently neutral because filing-text extraction has not yet been integrated for this dataset.,Research candidate,legacy_xbrl_2010_2016,legacy_2010_2016,85.7,74.5,Above-average relative value,Above-average relative value,Research candidate,,50,33.5,real_sec_filing,"risk_per1k=7.6, debt=1, legal=18, uncertainty=14, cost+cyber=4",ok,,True,Research candidate,
789019,Microsoft Corp,MSFT,2011,169639207029.34265,214057025269.50916,26.183698343086164,75.7416036715102,50,-0.2325685825827861,Research candidate,Ridge Regression,"Research signal: Research candidate. This signal was assigned because the model-estimated fair value is 26.2% above actual market cap; fundamentals score in the upper third of the training dataset; report risk is set to neutral because SEC filing text has not been integrated into this dataset; and the log-scale model error is low (-0.23). The valuation gap is a research signal, not proof of undervaluation or overvaluation. This output is for research purposes only and does not constitute investment advice.",neutral_report_risk,Report risk is currently neutral because filing-text extraction has not yet been integrated for this dataset.,Research candidate,legacy_xbrl_2010_2016,legacy_2010_2016,61.5,70.8,Neutral relative value,Above-average relative value,Fairly valued / neutral,,50,42.3,real_sec_filing,"risk_per1k=8.2, debt=4, legal=19, uncertainty=14, cost+cyber=6",ok,,True,Fairly valued / neutral,
789019,Microsoft Corp,MSFT,2012,178341411392.2119,242535871371.80017,35.995262950123525,76.85069603293903,50,-0.3074498678922452,Research candidate,Ridge Regression,"Research signal: Research candidate. This signal was assigned because the model-estimated fair value is 36.0% above actual market cap; fundamentals score in the upper third of the training dataset; report risk is set to neutral because SEC filing text has not been integrated into this dataset; and the log-scale model error is moderate (-0.31). The valuation gap is a research signal, not proof of undervaluation or overvaluation. This output is for research purposes only and does not constitute investment advice.",neutral_report_risk,Report risk is currently neutral because filing-text extraction has not yet been integrated for this dataset.,Research candidate,legacy_xbrl_2010_2016,legacy_2010_2016,61.5,77.4,Neutral relative value,Above-average relative value,Fairly valued / neutral,,50,39.2,real_sec_filing,"risk_per1k=6.5, debt=5, legal=21, uncertainty=12, cost+cyber=5",ok,,True,Fairly valued / neutral,
789019,Microsoft Corp,MSFT,2013,254592907035.82764,406614535226.1592,59.71165102762988,77.9297667545331,50,-0.4681998222863868,Research candidate,Ridge Regression,"Research signal: Research candidate. This signal was assigned because the model-estimated fair value is 59.7% above actual market cap; fundamentals score in the upper third of the training dataset; report risk is set to neutral because SEC filing text has not been integrated into this dataset; and the log-scale model error is moderate (-0.47). The valuation gap is a research signal, not proof of undervaluation or overvaluation. This output is for research purposes only and does not constitute investment advice.",neutral_report_risk,Report risk is currently neutral because filing-text extraction has not yet been integrated for this dataset.,Research candidate,legacy_xbrl_2010_2016,legacy_2010_2016,92.3,87.6,Top decile relative value,Above-average relative value,Research candidate,,50,37.6,real_sec_filing,"risk_per1k=6.5, debt=5, legal=21, uncertainty=10, cost+cyber=4",ok,,True,Research candidate,
789019,Microsoft Corp,MSFT,2014,316413669342.041,174371240474.42188,-44.89136931504443,51.90283859442739,50,0.5958638453449225,Potentially overvalued,Ridge Regression,"Research signal: Potentially overvalued. This signal was assigned because the model-estimated fair value is 44.9% below actual market cap; fundamentals are in the middle range of the training dataset; report risk is set to neutral because SEC filing text has not been integrated into this dataset; and the log-scale model error is moderate (+0.60). The valuation gap is a research signal, not proof of undervaluation or overvaluation. This output is for research purposes only and does not constitute investment advice.",neutral_report_risk,Report risk is currently neutral because filing-text extraction has not yet been integrated for this dataset.,Potentially overvalued,legacy_xbrl_2010_2016,legacy_2010_2016,36.0,18.2,Below-average relative value,Low relative value,Potentially overvalued,,50,26.2,real_sec_filing,"risk_per1k=5.1, debt=2, legal=13, uncertainty=13, cost+cyber=6",ok,,True,Potentially overvalued,
789019,Microsoft Corp,MSFT,2015,377622197753.90625,189279158566.64896,-49.87605080091164,48.11375799693557,50,0.6906712641903034,Potentially overvalued,Ridge Regression,"Research signal: Potentially overvalued. This signal was assigned because the model-estimated fair value is 49.9% below actual market cap; fundamentals are in the middle range of the training dataset; report risk is set to neutral because SEC filing text has not been integrated into this dataset; and the log-scale model error is high (+0.69) — treat this estimate with additional caution. The valuation gap is a research signal, not proof of undervaluation or overvaluation. This output is for research purposes only and does not constitute investment advice.",neutral_report_risk,Report risk is currently neutral because filing-text extraction has not yet been integrated for this dataset.,Potentially overvalued,legacy_xbrl_2010_2016,legacy_2010_2016,30.8,13.9,Below-average relative value,Low relative value,Potentially overvalued,,50,19.7,real_sec_filing,"risk_per1k=4.0, debt=3, legal=5, uncertainty=12, cost+cyber=2",ok,,True,Potentially overvalued,
1288776,Google Inc.,GOOGL,2011,208005255635.28094,100495798814.25871,-51.685932883124195,72.66744366744366,50,0.7274474230772441,Potentially overvalued,Ridge Regression,"Research signal: Potentially overvalued. This signal was assigned because the model-estimated fair value is 51.7% below actual market cap; fundamentals score in the upper third of the training dataset; report risk is set to neutral because SEC filing text has not been integrated into this dataset; and the log-scale model error is high (+0.73) — treat this estimate with additional caution. The valuation gap is a research signal, not proof of undervaluation or overvaluation. This output is for research purposes only and does not constitute investment advice.",neutral_report_risk,Report risk is currently neutral because filing-text extraction has not yet been integrated for this dataset.,Potentially overvalued,legacy_xbrl_2010_2016,legacy_2010_2016,7.7,11.7,Low relative value,Low relative value,Potentially overvalued,,50,57.6,real_sec_filing,"risk_per1k=11.1, debt=5, legal=38, uncertainty=13, cost+cyber=4",ok,,True,Potentially overvalued,
1288776,Google Inc.,GOOGL,2012,231368935883.4105,201984442145.81805,-12.700276130586358,76.56017217465816,50,0.1358228861553989,Potentially overvalued,Ridge Regression,"Research signal: Potentially overvalued. This signal was assigned because the model-estimated fair value is 12.7% below actual market cap; fundamentals score in the upper third of the training dataset; report risk is set to neutral because SEC filing text has not been integrated into this dataset; and the log-scale model error is low (+0.14). The valuation gap is a research signal, not proof of undervaluation or overvaluation. This output is for research purposes only and does not constitute investment advice.",neutral_report_risk,Report risk is currently neutral because filing-text extraction has not yet been integrated for this dataset.,Potentially overvalued,legacy_xbrl_2010_2016,legacy_2010_2016,34.6,49.6,Below-average relative value,Neutral relative value,Potentially overvalued,,50,48.9,real_sec_filing,"risk_per1k=9.7, debt=1, legal=42, uncertainty=11, cost+cyber=10",ok,,True,Potentially overvalued,
1288776,Google Inc.,GOOGL,2013,373062257936.7408,335014644389.43494,-10.198730302478758,70.65277687006659,50,0.1075710716092785,Potentially overvalued,Ridge Regression,"Research signal: Potentially overvalued. This signal was assigned because the model-estimated fair value is 10.2% below actual market cap; fundamentals score in the upper third of the training dataset; report risk is set to neutral because SEC filing text has not been integrated into this dataset; and the log-scale model error is low (+0.11). The valuation gap is a research signal, not proof of undervaluation or overvaluation. This output is for research purposes only and does not constitute investment advice.",neutral_report_risk,Report risk is currently neutral because filing-text extraction has not yet been integrated for this dataset.,Potentially overvalued,legacy_xbrl_2010_2016,legacy_2010_2016,50.0,51.1,Neutral relative value,Neutral relative value,Fairly valued / neutral,,50,57.3,real_sec_filing,"risk_per1k=11.2, debt=3, legal=42, uncertainty=13, cost+cyber=12",ok,,True,Fairly valued / neutral,
1288776,Google Inc.,GOOGL,2015,530063393497.0093,519807071327.4193,-1.9349236893959996,68.69752703163918,50,0.0195388837114158,Fairly valued / neutral,Ridge Regression,"Research signal: Fairly valued / neutral. This signal was assigned because the model-estimated fair value is within 5% of actual market cap; fundamentals score in the upper third of the training dataset; report risk is set to neutral because SEC filing text has not been integrated into this dataset; and the log-scale model error is low (+0.02). The valuation gap is a research signal, not proof of undervaluation or overvaluation. This output is for research purposes only and does not constitute investment advice.",neutral_report_risk,Report risk is currently neutral because filing-text extraction has not yet been integrated for this dataset.,Fairly valued / neutral,legacy_xbrl_2010_2016,legacy_2010_2016,76.9,57.7,Above-average relative value,Neutral relative value,Research candidate,,50,65.3,real_sec_filing,"risk_per1k=12.9, debt=5, legal=38, uncertainty=14, cost+cyber=10",ok,,True,Research candidate,
1018724,Amazon COM Inc,AMZN,2011,78760497570.03784,37124008672.33776,-52.86468494015645,44.004273504273506,50,0.7521476769606927,Potentially overvalued,Ridge Regression,"Research signal: Potentially overvalued. This signal was assigned because the model-estimated fair value is 52.9% below actual market cap; fundamentals score in the lower third of the training dataset; report risk is set to neutral because SEC filing text has not been integrated into this dataset; and the log-scale model error is high (+0.75) — treat this estimate with additional caution. The valuation gap is a research signal, not proof of undervaluation or overvaluation. This output is for research purposes only and does not constitute investment advice.",neutral_report_risk,Report risk is currently neutral because filing-text extraction has not yet been integrated for this dataset.,Potentially overvalued,legacy_xbrl_2010_2016,legacy_2010_2016,3.8,10.9,Low relative value,Low relative value,Potentially overvalued,,50,55.7,real_sec_filing,"risk_per1k=9.2, debt=9, legal=22, uncertainty=24, cost+cyber=1",ok,,True,Potentially overvalued,
1018724,Amazon COM Inc,AMZN,2012,113894979515.07568,45099400243.22131,-60.402644229588944,43.51121749486235,50,0.9264078434315728,Potentially overvalued,Ridge Regression,"Research signal: Potentially overvalued. This signal was assigned because the model-estimated fair value is 60.4% below actual market cap; fundamentals score in the lower third of the training dataset; report risk is set to neutral because SEC filing text has not been integrated into this dataset; and the log-scale model error is high (+0.93) — treat this estimate with additional caution. The valuation gap is a research signal, not proof of undervaluation or overvaluation. This output is for research purposes only and does not constitute investment advice.",neutral_report_risk,Report risk is currently neutral because filing-text extraction has not yet been integrated for this dataset.,Potentially overvalued,legacy_xbrl_2010_2016,legacy_2010_2016,3.8,7.3,Low relative value,Low relative value,Potentially overvalued,,50,59.8,real_sec_filing,"risk_per1k=9.2, debt=12, legal=24, uncertainty=27, cost+cyber=1",ok,,True,Potentially overvalued,
1018724,Amazon COM Inc,AMZN,2013,183044617424.01123,51206447034.913086,-72.02515553008773,45.24613859660589,50,1.273864491415484,Potentially overvalued,Ridge Regression,"Research signal: Potentially overvalued. This signal was assigned because the model-estimated fair value is 72.0% below actual market cap; fundamentals are in the middle range of the training dataset; report risk is set to neutral because SEC filing text has not been integrated into this dataset; and the log-scale model error is high (+1.27) — treat this estimate with additional caution. The valuation gap is a research signal, not proof of undervaluation or overvaluation. This output is for research purposes only and does not constitute investment advice.","high_model_error, neutral_report_risk, needs_review",Model error of +1.274 (log scale) is large — the model fit was poor for this observation. | Report risk is currently neutral because filing-text extraction has not yet been integrated for this dataset.,Needs review,legacy_xbrl_2010_2016,legacy_2010_2016,3.8,1.5,Needs review,Needs review,Needs review,,50,54.1,real_sec_filing,"risk_per1k=9.3, debt=6, legal=24, uncertainty=33, cost+cyber=1",ok,,True,Needs review,needs_review_flag_preserved
1018724,Amazon COM Inc,AMZN,2014,144312749290.4663,61435504469.416664,-57.42891409700608,31.476942320400266,50,0.853994897828926,Potentially overvalued,Ridge Regression,"Research signal: Potentially overvalued. This signal was assigned because the model-estimated fair value is 57.4% below actual market cap; fundamentals score in the lower third of the training dataset; report risk is set to neutral because SEC filing text has not been integrated into this dataset; and the log-scale model error is high (+0.85) — treat this estimate with additional caution. The valuation gap is a research signal, not proof of undervaluation or overvaluation. This output is for research purposes only and does not constitute investment advice.",neutral_report_risk,Report risk is currently neutral because filing-text extraction has not yet been integrated for this dataset.,Potentially overvalued,legacy_xbrl_2010_2016,legacy_2010_2016,16.0,8.8,Low relative value,Low relative value,Potentially overvalued,,50,52.5,real_sec_filing,"risk_per1k=9.8, debt=4, legal=27, uncertainty=33, cost+cyber=1",ok,,True,Potentially overvalued,
1018724,Amazon COM Inc,AMZN,2015,318344175338.7451,79789967680.73781,-74.9359423347908,43.81835791415231,50,1.3837353316223189,Potentially overvalued,Ridge Regression,"Research signal: Potentially overvalued. This signal was assigned because the model-estimated fair value is 74.9% below actual market cap; fundamentals score in the lower third of the training dataset; report risk is set to neutral because SEC filing text has not been integrated into this dataset; and the log-scale model error is high (+1.38) — treat this estimate with additional caution. The valuation gap is a research signal, not proof of undervaluation or overvaluation. This output is for research purposes only and does not constitute investment advice.","high_model_error, neutral_report_risk, needs_review",Model error of +1.384 (log scale) is large — the model fit was poor for this observation. | Report risk is currently neutral because filing-text extraction has not yet been integrated for this dataset.,Needs review,legacy_xbrl_2010_2016,legacy_2010_2016,3.8,0.7,Needs review,Needs review,Needs review,,50,52.7,real_sec_filing,"risk_per1k=9.8, debt=4, legal=26, uncertainty=40, cost+cyber=1",ok,,True,Needs review,needs_review_flag_preserved
1045810,Nvidia Corp,NVDA,2010,8299842663.741419,8912658317.769339,7.383461095052536,36.89219114219114,50,-0.0712359907000781,Fairly valued / neutral,Ridge Regression,"Research signal: Fairly valued / neutral. This signal was assigned because the model-estimated fair value is 7.4% above actual market cap; fundamentals score in the lower third of the training dataset; report risk is set to neutral because SEC filing text has not been integrated into this dataset; and the log-scale model error is low (-0.07). The valuation gap is a research signal, not proof of undervaluation or overvaluation. This output is for research purposes only and does not constitute investment advice.",neutral_report_risk,Report risk is currently neutral because filing-text extraction has not yet been integrated for this dataset.,Fairly valued / neutral,legacy_xbrl_2010_2016,legacy_2010_2016,71.4,62.0,Above-average relative value,Neutral relative value,Possible value trap,,50,28.1,real_sec_filing,"risk_per1k=6.0, debt=5, legal=5, uncertainty=15, cost+cyber=4",ok,,True,Possible value trap,
1045810,Nvidia Corp,NVDA,2011,7769836869.281373,10668079373.29948,37.3012014637852,52.40238110798858,50,-0.3170068773941992,Research candidate,Ridge Regression,"Research signal: Research candidate. This signal was assigned because the model-estimated fair value is 37.3% above actual market cap; fundamentals are in the middle range of the training dataset; report risk is set to neutral because SEC filing text has not been integrated into this dataset; and the log-scale model error is moderate (-0.32). The valuation gap is a research signal, not proof of undervaluation or overvaluation. This output is for research purposes only and does not constitute investment advice.",neutral_report_risk,Report risk is currently neutral because filing-text extraction has not yet been integrated for this dataset.,Research candidate,legacy_xbrl_2010_2016,legacy_2010_2016,73.1,78.1,Above-average relative value,Above-average relative value,Research candidate,,50,29.4,real_sec_filing,"risk_per1k=6.2, debt=4, legal=5, uncertainty=21, cost+cyber=6",ok,,True,Research candidate,
1045810,Nvidia Corp,NVDA,2012,6968806095.987474,11422819576.514818,63.91358030598517,44.41220072762128,50,-0.4941691535957559,Possible value trap,Ridge Regression,"Research signal: Possible value trap. This signal was assigned because the model-estimated fair value is 63.9% above actual market cap; fundamentals score in the lower third of the training dataset; report risk is set to neutral because SEC filing text has not been integrated into this dataset; and the log-scale model error is moderate (-0.49). The valuation gap is a research signal, not proof of undervaluation or overvaluation. This output is for research purposes only and does not constitute investment advice.",neutral_report_risk,Report risk is currently neutral because filing-text extraction has not yet been integrated for this dataset.,Possible value trap,legacy_xbrl_2010_2016,legacy_2010_2016,73.1,88.3,Above-average relative value,Above-average relative value,Possible value trap,,50,42.3,real_sec_filing,"risk_per1k=8.8, debt=4, legal=16, uncertainty=24, cost+cyber=4",ok,,True,Possible value trap,
1045810,Nvidia Corp,NVDA,2013,8569381696.917545,11490704420.615925,34.09023926135994,28.49888714608341,50,-0.2933428146359702,Possible value trap,Ridge Regression,"Research signal: Possible value trap. This signal was assigned because the model-estimated fair value is 34.1% above actual market cap; fundamentals score in the lower third of the training dataset; report risk is set to neutral because SEC filing text has not been integrated into this dataset; and the log-scale model error is low (-0.29). The valuation gap is a research signal, not proof of undervaluation or overvaluation. This output is for research purposes only and does not constitute investment advice.",neutral_report_risk,Report risk is currently neutral because filing-text extraction has not yet been integrated for this dataset.,Possible value trap,legacy_xbrl_2010_2016,legacy_2010_2016,80.8,73.7,Above-average relative value,Above-average relative value,Possible value trap,Very low quality score (28/100) — high valuation gap may not reflect fundamental strength.,50,43.4,real_sec_filing,"risk_per1k=8.0, debt=5, legal=18, uncertainty=24, cost+cyber=3",ok,,True,Possible value trap,
1045810,Nvidia Corp,NVDA,2014,10473354155.28655,15491027613.05306,47.908944769463155,48.74150382327952,50,-0.3914266603952683,Research candidate,Ridge Regression,"Research signal: Research candidate. This signal was assigned because the model-estimated fair value is 47.9% above actual market cap; fundamentals are in the middle range of the training dataset; report risk is set to neutral because SEC filing text has not been integrated into this dataset; and the log-scale model error is moderate (-0.39). The valuation gap is a research signal, not proof of undervaluation or overvaluation. This output is for research purposes only and does not constitute investment advice.",neutral_report_risk,Report risk is currently neutral because filing-text extraction has not yet been integrated for this dataset.,Research candidate,legacy_xbrl_2010_2016,legacy_2010_2016,96.0,83.2,Top decile relative value,Above-average relative value,Research candidate,,50,42.9,real_sec_filing,"risk_per1k=7.9, debt=6, legal=13, uncertainty=26, cost+cyber=3",ok,,True,Research candidate,
1045810,Nvidia Corp,NVDA,2015,17312679424.28589,14456672367.920313,-16.496620692688545,43.41379285304519,50,0.1802830842039569,Potentially overvalued,Ridge Regression,"Research signal: Potentially overvalued. This signal was assigned because the model-estimated fair value is 16.5% below actual market cap; fundamentals score in the lower third of the training dataset; report risk is set to neutral because SEC filing text has not been integrated into this dataset; and the log-scale model error is low (+0.18). The valuation gap is a research signal, not proof of undervaluation or overvaluation. This output is for research purposes only and does not constitute investment advice.",neutral_report_risk,Report risk is currently neutral because filing-text extraction has not yet been integrated for this dataset.,Potentially overvalued,legacy_xbrl_2010_2016,legacy_2010_2016,57.7,43.8,Neutral relative value,Neutral relative value,Fairly valued / neutral,,50,55.8,real_sec_filing,"risk_per1k=8.4, debt=8, legal=35, uncertainty=19, cost+cyber=1",ok,,True,Fairly valued / neutral,
1341439,Oracle Corp,ORCL,2010,128344271598.81592,64183087453.394485,-49.99146697094455,60.98484848484848,50,0.6929765345396959,Potentially overvalued,Ridge Regression,"Research signal: Potentially overvalued. This signal was assigned because the model-estimated fair value is 50.0% below actual market cap; fundamentals are in the middle range of the training dataset; report risk is set to neutral because SEC filing text has not been integrated into this dataset; and the log-scale model error is high (+0.69) — treat this estimate with additional caution. The valuation gap is a research signal, not proof of undervaluation or overvaluation. This output is for research purposes only and does not constitute investment advice.",neutral_report_risk,Report risk is currently neutral because filing-text extraction has not yet been integrated for this dataset.,Potentially overvalued,legacy_xbrl_2010_2016,legacy_2010_2016,14.3,13.1,Low relative value,Low relative value,Potentially overvalued,,50,26.2,real_sec_filing,"risk_per1k=6.4, debt=2, legal=15, uncertainty=8, cost+cyber=6",ok,,True,Potentially overvalued,
1341439,Oracle Corp,ORCL,2011,102525603160.85815,115007039975.24814,12.173970627421872,68.24777792301157,50,-0.1148807893435268,Research candidate,Ridge Regression,"Research signal: Research candidate. This signal was assigned because the model-estimated fair value is 12.2% above actual market cap; fundamentals score in the upper third of the training dataset; report risk is set to neutral because SEC filing text has not been integrated into this dataset; and the log-scale model error is low (-0.11). The valuation gap is a research signal, not proof of undervaluation or overvaluation. This output is for research purposes only and does not constitute investment advice.",neutral_report_risk,Report risk is currently neutral because filing-text extraction has not yet been integrated for this dataset.,Research candidate,legacy_xbrl_2010_2016,legacy_2010_2016,50.0,65.0,Neutral relative value,Neutral relative value,Fairly valued / neutral,,50,22.1,real_sec_filing,"risk_per1k=5.3, debt=1, legal=15, uncertainty=2, cost+cyber=8",ok,,True,Fairly valued / neutral,
1341439,Oracle Corp,ORCL,2012,127200874252.31934,120496034173.2545,-5.27106446278421,69.26312005751258,50,0.054150682971386,Fairly valued / neutral,Ridge Regression,"Research signal: Fairly valued / neutral. This signal was assigned because the model-estimated fair value is 5.3% below actual market cap; fundamentals score in the upper third of the training dataset; report risk is set to neutral because SEC filing text has not been integrated into this dataset; and the log-scale model error is low (+0.05). The valuation gap is a research signal, not proof of undervaluation or overvaluation. This output is for research purposes only and does not constitute investment advice.",neutral_report_risk,Report risk is currently neutral because filing-text extraction has not yet been integrated for this dataset.,Fairly valued / neutral,legacy_xbrl_2010_2016,legacy_2010_2016,38.5,54.0,Below-average relative value,Neutral relative value,Potentially overvalued,,50,19.7,real_sec_filing,"risk_per1k=4.0, debt=2, legal=14, uncertainty=2, cost+cyber=6",ok,,True,Potentially overvalued,
1341439,Oracle Corp,ORCL,2013,142176060241.69922,157119628605.92346,10.510608001670734,68.89583469490012,50,-0.0999413303771277,Research candidate,Ridge Regression,"Research signal: Research candidate. This signal was assigned because the model-estimated fair value is 10.5% above actual market cap; fundamentals score in the upper third of the training dataset; report risk is set to neutral because SEC filing text has not been integrated into this dataset; and the log-scale model error is low (-0.10). The valuation gap is a research signal, not proof of undervaluation or overvaluation. This output is for research purposes only and does not constitute investment advice.",neutral_report_risk,Report risk is currently neutral because filing-text extraction has not yet been integrated for this dataset.,Research candidate,legacy_xbrl_2010_2016,legacy_2010_2016,73.1,62.8,Above-average relative value,Neutral relative value,Research candidate,,50,30.8,real_sec_filing,"risk_per1k=6.8, debt=0, legal=14, uncertainty=11, cost+cyber=13",ok,,True,Research candidate,
1341439,Oracle Corp,ORCL,2014,164568626502.99072,223504276544.8039,35.81220266229914,64.57384048972834,50,-0.3061028827011611,Research candidate,Ridge Regression,"Research signal: Research candidate. This signal was assigned because the model-estimated fair value is 35.8% above actual market cap; fundamentals are in the middle range of the training dataset; report risk is set to neutral because SEC filing text has not been integrated into this dataset; and the log-scale model error is moderate (-0.31). The valuation gap is a research signal, not proof of undervaluation or overvaluation. This output is for research purposes only and does not constitute investment advice.",neutral_report_risk,Report risk is currently neutral because filing-text extraction has not yet been integrated for this dataset.,Research candidate,legacy_xbrl_2010_2016,legacy_2010_2016,92.0,76.6,Top decile relative value,Above-average relative value,Research candidate,,50,25.1,real_sec_filing,"risk_per1k=5.7, debt=2, legal=14, uncertainty=3, cost+cyber=11",ok,,True,Research candidate,
1341439,Oracle Corp,ORCL,2015,128936440629.9591,196952646224.30905,52.75173198673362,60.27596780166874,50,-0.4236437507013519,Research candidate,Ridge Regression,"Research signal: Research candidate. This signal was assigned because the model-estimated fair value is 52.8% above actual market cap; fundamentals are in the middle range of the training dataset; report risk is set to neutral because SEC filing text has not been integrated into this dataset; and the log-scale model error is moderate (-0.42). The valuation gap is a research signal, not proof of undervaluation or overvaluation. This output is for research purposes only and does not constitute investment advice.",neutral_report_risk,Report risk is currently neutral because filing-text extraction has not yet been integrated for this dataset.,Research candidate,legacy_xbrl_2010_2016,legacy_2010_2016,96.2,85.4,Top decile relative value,Above-average relative value,Research candidate,,50,26.9,real_sec_filing,"risk_per1k=6.4, debt=3, legal=13, uncertainty=4, cost+cyber=10",ok,,True,Research candidate,
1065280,Netflix Inc,NFLX,2011,3838569549.1425543,6861891254.93077,78.7616758556206,59.82750582750583,50,-0.5808833129248043,Research candidate,Ridge Regression,"Research signal: Research candidate. This signal was assigned because the model-estimated fair value is 78.8% above actual market cap; fundamentals are in the middle range of the training dataset; report risk is set to neutral because SEC filing text has not been integrated into this dataset; and the log-scale model error is moderate (-0.58). The valuation gap is a research signal, not proof of undervaluation or overvaluation. This output is for research purposes only and does not constitute investment advice.",neutral_report_risk,Report risk is currently neutral because filing-text extraction has not yet been integrated for this dataset.,Research candidate,legacy_xbrl_2010_2016,legacy_2010_2016,88.5,89.1,Above-average relative value,Above-average relative value,Research candidate,,50,72.1,real_sec_filing,"risk_per1k=14.2, debt=33, legal=23, uncertainty=13, cost+cyber=2",ok,,True,Research candidate,
1065280,Netflix Inc,NFLX,2012,5129356542.953664,14154707323.567934,175.95483380878716,34.29111387055312,50,-1.0150670207173178,Possible value trap,Ridge Regression,"Research signal: Possible value trap. This signal was assigned because the model-estimated fair value is 176.0% above actual market cap; fundamentals score in the lower third of the training dataset; report risk is set to neutral because SEC filing text has not been integrated into this dataset; and the log-scale model error is high (-1.02) — treat this estimate with additional caution. The valuation gap is a research signal, not proof of undervaluation or overvaluation. This output is for research purposes only and does not constitute investment advice.","extreme_valuation_gap, high_model_error, neutral_report_risk, needs_review",Valuation gap of +176.0% exceeds 100% — the model estimate is likely unreliable for this observation. | Model error of -1.015 (log scale) is large — the model fit was poor for this observation. | Report risk is currently neutral because filing-text extraction has not yet been integrated for this dataset.,Needs review,legacy_xbrl_2010_2016,legacy_2010_2016,100.0,97.8,Needs review,Needs review,Needs review,,50,66.5,real_sec_filing,"risk_per1k=13.1, debt=17, legal=25, uncertainty=12, cost+cyber=1",ok,,True,Needs review,needs_review_flag_preserved
1065280,Netflix Inc,NFLX,2013,21945508084.73034,16122751394.641142,-26.532795083202764,51.266572990872056,50,0.3083310709505973,Potentially overvalued,Ridge Regression,"Research signal: Potentially overvalued. This signal was assigned because the model-estimated fair value is 26.5% below actual market cap; fundamentals are in the middle range of the training dataset; report risk is set to neutral because SEC filing text has not been integrated into this dataset; and the log-scale model error is moderate (+0.31). The valuation gap is a research signal, not proof of undervaluation or overvaluation. This output is for research purposes only and does not constitute investment advice.",neutral_report_risk,Report risk is currently neutral because filing-text extraction has not yet been integrated for this dataset.,Potentially overvalued,legacy_xbrl_2010_2016,legacy_2010_2016,42.3,37.2,Neutral relative value,Below-average relative value,Fairly valued / neutral,,50,65.9,real_sec_filing,"risk_per1k=12.1, debt=21, legal=26, uncertainty=10, cost+cyber=3",ok,,True,Fairly valued / neutral,
1065280,Netflix Inc,NFLX,2014,20638656748.459698,15278346554.132517,-25.97218539780808,57.34466519980539,50,0.3007292904038898,Potentially overvalued,Ridge Regression,"Research signal: Potentially overvalued. This signal was assigned because the model-estimated fair value is 26.0% below actual market cap; fundamentals are in the middle range of the training dataset; report risk is set to neutral because SEC filing text has not been integrated into this dataset; and the log-scale model error is moderate (+0.30). The valuation gap is a research signal, not proof of undervaluation or overvaluation. This output is for research purposes only and does not constitute investment advice.",neutral_report_risk,Report risk is currently neutral because filing-text extraction has not yet been integrated for this dataset.,Potentially overvalued,legacy_xbrl_2010_2016,legacy_2010_2016,64.0,38.0,Neutral relative value,Below-average relative value,Fairly valued / neutral,,50,68.9,real_sec_filing,"risk_per1k=12.0, debt=21, legal=26, uncertainty=11, cost+cyber=8",ok,,True,Fairly valued / neutral,
1065280,Netflix Inc,NFLX,2015,48947826351.82648,16152872433.141558,-66.99981666797996,42.97337320000871,50,1.1086570690212838,Potentially overvalued,Ridge Regression,"Research signal: Potentially overvalued. This signal was assigned because the model-estimated fair value is 67.0% below actual market cap; fundamentals score in the lower third of the training dataset; report risk is set to neutral because SEC filing text has not been integrated into this dataset; and the log-scale model error is high (+1.11) — treat this estimate with additional caution. The valuation gap is a research signal, not proof of undervaluation or overvaluation. This output is for research purposes only and does not constitute investment advice.","high_model_error, neutral_report_risk, needs_review",Model error of +1.109 (log scale) is large — the model fit was poor for this observation. | Report risk is currently neutral because filing-text extraction has not yet been integrated for this dataset.,Needs review,legacy_xbrl_2010_2016,legacy_2010_2016,11.5,3.6,Needs review,Needs review,Needs review,,50,71.7,real_sec_filing,"risk_per1k=12.1, debt=22, legal=29, uncertainty=12, cost+cyber=8",ok,,True,Needs review,needs_review_flag_preserved
1318605,Tesla Motors Inc,TSLA,2011,2985385579.584628,1800982762.7461903,-39.67336162329924,14.77059052059052,50,0.505396415679602,Potentially overvalued,Ridge Regression,"Research signal: Potentially overvalued. This signal was assigned because the model-estimated fair value is 39.7% below actual market cap; fundamentals score in the lower third of the training dataset; report risk is set to neutral because SEC filing text has not been integrated into this dataset; and the log-scale model error is moderate (+0.51). The valuation gap is a research signal, not proof of undervaluation or overvaluation. This output is for research purposes only and does not constitute investment advice.",neutral_report_risk,Report risk is currently neutral because filing-text extraction has not yet been integrated for this dataset.,Potentially overvalued,legacy_xbrl_2010_2016,legacy_2010_2016,11.5,22.6,Low relative value,Below-average relative value,Potentially overvalued,Very low quality score (15/100) — high valuation gap may not reflect fundamental strength.,50,13.9,real_sec_filing,"risk_per1k=1.7, debt=5, legal=7, uncertainty=4, cost+cyber=1",ok,,True,Potentially overvalued,
1318605,Tesla Motors Inc,TSLA,2012,3868437283.924384,7021851797.355302,81.51649573162777,26.440014813846588,50,-0.5961763491606789,Possible value trap,Ridge Regression,"Research signal: Possible value trap. This signal was assigned because the model-estimated fair value is 81.5% above actual market cap; fundamentals score in the lower third of the training dataset; report risk is set to neutral because SEC filing text has not been integrated into this dataset; and the log-scale model error is moderate (-0.60). The valuation gap is a research signal, not proof of undervaluation or overvaluation. This output is for research purposes only and does not constitute investment advice.",neutral_report_risk,Report risk is currently neutral because filing-text extraction has not yet been integrated for this dataset.,Possible value trap,legacy_xbrl_2010_2016,legacy_2010_2016,76.9,89.8,Above-average relative value,Above-average relative value,Possible value trap,Very low quality score (26/100) — high valuation gap may not reflect fundamental strength.,50,24.6,real_sec_filing,"risk_per1k=1.8, debt=8, legal=14, uncertainty=4, cost+cyber=2",ok,,True,Possible value trap,
1318605,Tesla Motors Inc,TSLA,2013,18516579071.928974,22703005349.356014,22.60906974859974,49.16025641025641,50,-0.2038308131513275,Research candidate,Ridge Regression,"Research signal: Research candidate. This signal was assigned because the model-estimated fair value is 22.6% above actual market cap; fundamentals are in the middle range of the training dataset; report risk is set to neutral because SEC filing text has not been integrated into this dataset; and the log-scale model error is low (-0.20). The valuation gap is a research signal, not proof of undervaluation or overvaluation. This output is for research purposes only and does not constitute investment advice.",neutral_report_risk,Report risk is currently neutral because filing-text extraction has not yet been integrated for this dataset.,Research candidate,legacy_xbrl_2010_2016,legacy_2010_2016,76.9,70.1,Above-average relative value,Above-average relative value,Research candidate,,50,20.7,real_sec_filing,"risk_per1k=1.9, debt=6, legal=15, uncertainty=1, cost+cyber=1",ok,,True,Research candidate,
1318605,Tesla Motors Inc,TSLA,2014,27954180893.421677,8614395158.472338,-69.18387560230921,27.713012584507915,50,1.1771321135914938,Potentially overvalued,Ridge Regression,"Research signal: Potentially overvalued. This signal was assigned because the model-estimated fair value is 69.2% below actual market cap; fundamentals score in the lower third of the training dataset; report risk is set to neutral because SEC filing text has not been integrated into this dataset; and the log-scale model error is high (+1.18) — treat this estimate with additional caution. The valuation gap is a research signal, not proof of undervaluation or overvaluation. This output is for research purposes only and does not constitute investment advice.","high_model_error, neutral_report_risk, needs_review",Model error of +1.177 (log scale) is large — the model fit was poor for this observation. | Report risk is currently neutral because filing-text extraction has not yet been integrated for this dataset.,Needs review,legacy_xbrl_2010_2016,legacy_2010_2016,4.0,2.9,Needs review,Needs review,Needs review,,50,24.3,real_sec_filing,"risk_per1k=3.8, debt=5, legal=14, uncertainty=9, cost+cyber=4",ok,,True,Needs review,needs_review_flag_preserved
1318605,Tesla Motors Inc,TSLA,2015,31543316034.793858,12227495585.837015,-61.23585873993249,32.986585844062475,50,0.9476745610179088,Potentially overvalued,Ridge Regression,"Research signal: Potentially overvalued. This signal was assigned because the model-estimated fair value is 61.2% below actual market cap; fundamentals score in the lower third of the training dataset; report risk is set to neutral because SEC filing text has not been integrated into this dataset; and the log-scale model error is high (+0.95) — treat this estimate with additional caution. The valuation gap is a research signal, not proof of undervaluation or overvaluation. This output is for research purposes only and does not constitute investment advice.",neutral_report_risk,Report risk is currently neutral because filing-text extraction has not yet been integrated for this dataset.,Potentially overvalued,legacy_xbrl_2010_2016,legacy_2010_2016,19.2,6.6,Low relative value,Low relative value,Potentially overvalued,,50,45.9,real_sec_filing,"risk_per1k=6.2, debt=12, legal=13, uncertainty=18, cost+cyber=10",ok,,True,Potentially overvalued,
796343,Adobe Systems Inc,ADBE,2011,13895836025.009155,16385751475.320662,17.9184285553619,57.658508158508155,50,-0.1648229160018743,Research candidate,Ridge Regression,"Research signal: Research candidate. This signal was assigned because the model-estimated fair value is 17.9% above actual market cap; fundamentals are in the middle range of the training dataset; report risk is set to neutral because SEC filing text has not been integrated into this dataset; and the log-scale model error is low (-0.16). The valuation gap is a research signal, not proof of undervaluation or overvaluation. This output is for research purposes only and does not constitute investment advice.",neutral_report_risk,Report risk is currently neutral because filing-text extraction has not yet been integrated for this dataset.,Research candidate,legacy_xbrl_2010_2016,legacy_2010_2016,53.8,67.9,Neutral relative value,Neutral relative value,Fairly valued / neutral,,50,5.0,real_sec_filing,"risk_per1k=1.5, debt=3, legal=1, uncertainty=0, cost+cyber=0",ok,,True,Fairly valued / neutral,
796343,Adobe Systems Inc,ADBE,2012,18618893910.79712,15778760313.53635,-15.254040389659089,52.2791320828704,50,0.1655121150782506,Potentially overvalued,Ridge Regression,"Research signal: Potentially overvalued. This signal was assigned because the model-estimated fair value is 15.3% below actual market cap; fundamentals are in the middle range of the training dataset; report risk is set to neutral because SEC filing text has not been integrated into this dataset; and the log-scale model error is low (+0.17). The valuation gap is a research signal, not proof of undervaluation or overvaluation. This output is for research purposes only and does not constitute investment advice.",neutral_report_risk,Report risk is currently neutral because filing-text extraction has not yet been integrated for this dataset.,Potentially overvalued,legacy_xbrl_2010_2016,legacy_2010_2016,26.9,46.0,Below-average relative value,Neutral relative value,Potentially overvalued,,50,5.7,real_sec_filing,"risk_per1k=1.7, debt=3, legal=1, uncertainty=0, cost+cyber=0",ok,,True,Potentially overvalued,
796343,Adobe Systems Inc,ADBE,2013,29716109210.063934,17485816835.17567,-41.15711208500418,26.66690630242032,50,0.5302992106469766,Potentially overvalued,Ridge Regression,"Research signal: Potentially overvalued. This signal was assigned because the model-estimated fair value is 41.2% below actual market cap; fundamentals score in the lower third of the training dataset; report risk is set to neutral because SEC filing text has not been integrated into this dataset; and the log-scale model error is moderate (+0.53). The valuation gap is a research signal, not proof of undervaluation or overvaluation. This output is for research purposes only and does not constitute investment advice.",neutral_report_risk,Report risk is currently neutral because filing-text extraction has not yet been integrated for this dataset.,Potentially overvalued,legacy_xbrl_2010_2016,legacy_2010_2016,15.4,21.2,Low relative value,Below-average relative value,Potentially overvalued,Very low quality score (27/100) — high valuation gap may not reflect fundamental strength.,50,3.4,real_sec_filing,"risk_per1k=2.1, debt=0, legal=1, uncertainty=0, cost+cyber=0",ok,,True,Potentially overvalued,
796343,Adobe Systems Inc,ADBE,2014,36167085281.79932,17673921800.37585,-51.13257907661678,33.72337864627584,50,0.7160592503285663,Potentially overvalued,Ridge Regression,"Research signal: Potentially overvalued. This signal was assigned because the model-estimated fair value is 51.1% below actual market cap; fundamentals score in the lower third of the training dataset; report risk is set to neutral because SEC filing text has not been integrated into this dataset; and the log-scale model error is high (+0.72) — treat this estimate with additional caution. The valuation gap is a research signal, not proof of undervaluation or overvaluation. This output is for research purposes only and does not constitute investment advice.",neutral_report_risk,Report risk is currently neutral because filing-text extraction has not yet been integrated for this dataset.,Potentially overvalued,legacy_xbrl_2010_2016,legacy_2010_2016,20.0,12.4,Below-average relative value,Low relative value,Potentially overvalued,,50,3.9,real_sec_filing,"risk_per1k=1.8, debt=1, legal=1, uncertainty=0, cost+cyber=0",ok,,True,Potentially overvalued,
796343,Adobe Systems Inc,ADBE,2015,46764178675.354,21137133675.36106,-54.800588240629345,49.55592227087554,50,0.7940861134078112,Potentially overvalued,Ridge Regression,"Research signal: Potentially overvalued. This signal was assigned because the model-estimated fair value is 54.8% below actual market cap; fundamentals are in the middle range of the training dataset; report risk is set to neutral because SEC filing text has not been integrated into this dataset; and the log-scale model error is high (+0.79) — treat this estimate with additional caution. The valuation gap is a research signal, not proof of undervaluation or overvaluation. This output is for research purposes only and does not constitute investment advice.",neutral_report_risk,Report risk is currently neutral because filing-text extraction has not yet been integrated for this dataset.,Potentially overvalued,legacy_xbrl_2010_2016,legacy_2010_2016,26.9,10.2,Below-average relative value,Low relative value,Potentially overvalued,,50,2.8,real_sec_filing,"risk_per1k=1.7, debt=0, legal=1, uncertainty=0, cost+cyber=0",ok,,True,Potentially overvalued,
804328,Qualcomm Inc/De,QCOM,2011,62942511547.08862,38207479401.56312,-39.29781563771999,64.02622377622377,50,0.4991905023711105,Potentially overvalued,Ridge Regression,"Research signal: Potentially overvalued. This signal was assigned because the model-estimated fair value is 39.3% below actual market cap; fundamentals are in the middle range of the training dataset; report risk is set to neutral because SEC filing text has not been integrated into this dataset; and the log-scale model error is moderate (+0.50). The valuation gap is a research signal, not proof of undervaluation or overvaluation. This output is for research purposes only and does not constitute investment advice.",neutral_report_risk,Report risk is currently neutral because filing-text extraction has not yet been integrated for this dataset.,Potentially overvalued,legacy_xbrl_2010_2016,legacy_2010_2016,15.4,24.1,Low relative value,Below-average relative value,Potentially overvalued,,50,4.3,real_sec_filing,"risk_per1k=2.6, debt=0, legal=3, uncertainty=0, cost+cyber=0",ok,,True,Potentially overvalued,
804328,Qualcomm Inc/De,QCOM,2012,73100945503.23486,54537950210.77958,-25.393645957197418,74.8495632093763,50,0.2929445075690502,Potentially overvalued,Ridge Regression,"Research signal: Potentially overvalued. This signal was assigned because the model-estimated fair value is 25.4% below actual market cap; fundamentals score in the upper third of the training dataset; report risk is set to neutral because SEC filing text has not been integrated into this dataset; and the log-scale model error is low (+0.29). The valuation gap is a research signal, not proof of undervaluation or overvaluation. This output is for research purposes only and does not constitute investment advice.",neutral_report_risk,Report risk is currently neutral because filing-text extraction has not yet been integrated for this dataset.,Potentially overvalued,legacy_xbrl_2010_2016,legacy_2010_2016,15.4,38.7,Low relative value,Below-average relative value,Potentially overvalued,,50,4.9,real_sec_filing,"risk_per1k=2.6, debt=0, legal=5, uncertainty=0, cost+cyber=0",ok,,True,Potentially overvalued,
804328,Qualcomm Inc/De,QCOM,2013,88694979400.63477,59416222319.67968,-33.010613767328465,75.71312332527285,50,0.4006359935837551,Potentially overvalued,Ridge Regression,"Research signal: Potentially overvalued. This signal was assigned because the model-estimated fair value is 33.0% below actual market cap; fundamentals score in the upper third of the training dataset; report risk is set to neutral because SEC filing text has not been integrated into this dataset; and the log-scale model error is moderate (+0.40). The valuation gap is a research signal, not proof of undervaluation or overvaluation. This output is for research purposes only and does not constitute investment advice.",neutral_report_risk,Report risk is currently neutral because filing-text extraction has not yet been integrated for this dataset.,Potentially overvalued,legacy_xbrl_2010_2016,legacy_2010_2016,26.9,26.3,Below-average relative value,Below-average relative value,Potentially overvalued,,50,9.7,real_sec_filing,"risk_per1k=2.9, debt=2, legal=8, uncertainty=2, cost+cyber=0",ok,,True,Potentially overvalued,
804328,Qualcomm Inc/De,QCOM,2014,89835365154.26636,61472112595.66826,-31.57247984676456,65.51837570529159,50,0.3793951008556213,Potentially overvalued,Ridge Regression,"Research signal: Potentially overvalued. This signal was assigned because the model-estimated fair value is 31.6% below actual market cap; fundamentals score in the upper third of the training dataset; report risk is set to neutral because SEC filing text has not been integrated into this dataset; and the log-scale model error is moderate (+0.38). The valuation gap is a research signal, not proof of undervaluation or overvaluation. This output is for research purposes only and does not constitute investment advice.",neutral_report_risk,Report risk is currently neutral because filing-text extraction has not yet been integrated for this dataset.,Potentially overvalued,legacy_xbrl_2010_2016,legacy_2010_2016,48.0,27.7,Neutral relative value,Below-average relative value,Fairly valued / neutral,,50,15.2,real_sec_filing,"risk_per1k=3.0, debt=5, legal=6, uncertainty=0, cost+cyber=0",ok,,True,Fairly valued / neutral,
804328,Qualcomm Inc/De,QCOM,2015,56902363952.63672,46352512277.79179,-18.54026958111303,45.76531853401013,50,0.2050613931412499,Potentially overvalued,Ridge Regression,"Research signal: Potentially overvalued. This signal was assigned because the model-estimated fair value is 18.5% below actual market cap; fundamentals are in the middle range of the training dataset; report risk is set to neutral because SEC filing text has not been integrated into this dataset; and the log-scale model error is low (+0.21). The valuation gap is a research signal, not proof of undervaluation or overvaluation. This output is for research purposes only and does not constitute investment advice.",neutral_report_risk,Report risk is currently neutral because filing-text extraction has not yet been integrated for this dataset.,Potentially overvalued,legacy_xbrl_2010_2016,legacy_2010_2016,53.8,43.1,Neutral relative value,Neutral relative value,Fairly valued / neutral,,50,15.0,real_sec_filing,"risk_per1k=3.0, debt=5, legal=6, uncertainty=0, cost+cyber=0",ok,,True,Fairly valued / neutral,
1108524,Salesforce COM Inc,CRM,2010,17247206388.387222,9789490241.788437,-43.24013975747498,35.86247086247086,50,0.5663407959521862,Potentially overvalued,Ridge Regression,"Research signal: Potentially overvalued. This signal was assigned because the model-estimated fair value is 43.2% below actual market cap; fundamentals score in the lower third of the training dataset; report risk is set to neutral because SEC filing text has not been integrated into this dataset; and the log-scale model error is moderate (+0.57). The valuation gap is a research signal, not proof of undervaluation or overvaluation. This output is for research purposes only and does not constitute investment advice.",neutral_report_risk,Report risk is currently neutral because filing-text extraction has not yet been integrated for this dataset.,Potentially overvalued,legacy_xbrl_2010_2016,legacy_2010_2016,28.6,19.0,Below-average relative value,Low relative value,Potentially overvalued,,50,40.4,real_sec_filing,"risk_per1k=6.2, debt=9, legal=15, uncertainty=10, cost+cyber=7",ok,,True,Potentially overvalued,
1108524,Salesforce COM Inc,CRM,2011,13667277815.431114,13039436549.860872,-4.593755055314485,51.52754177286887,50,0.0470261490401888,Fairly valued / neutral,Ridge Regression,"Research signal: Fairly valued / neutral. This signal was assigned because the model-estimated fair value is within 5% of actual market cap; fundamentals are in the middle range of the training dataset; report risk is set to neutral because SEC filing text has not been integrated into this dataset; and the log-scale model error is low (+0.05). The valuation gap is a research signal, not proof of undervaluation or overvaluation. This output is for research purposes only and does not constitute investment advice.",neutral_report_risk,Report risk is currently neutral because filing-text extraction has not yet been integrated for this dataset.,Fairly valued / neutral,legacy_xbrl_2010_2016,legacy_2010_2016,42.3,55.5,Neutral relative value,Neutral relative value,Fairly valued / neutral,,50,35.1,real_sec_filing,"risk_per1k=6.8, debt=8, legal=14, uncertainty=5, cost+cyber=4",ok,,True,Fairly valued / neutral,
1108524,Salesforce COM Inc,CRM,2012,24192417429.48532,18940649671.454468,-21.70832151577413,37.10457922140165,50,0.2447288659798339,Potentially overvalued,Ridge Regression,"Research signal: Potentially overvalued. This signal was assigned because the model-estimated fair value is 21.7% below actual market cap; fundamentals score in the lower third of the training dataset; report risk is set to neutral because SEC filing text has not been integrated into this dataset; and the log-scale model error is low (+0.24). The valuation gap is a research signal, not proof of undervaluation or overvaluation. This output is for research purposes only and does not constitute investment advice.",neutral_report_risk,Report risk is currently neutral because filing-text extraction has not yet been integrated for this dataset.,Potentially overvalued,legacy_xbrl_2010_2016,legacy_2010_2016,19.2,40.1,Low relative value,Neutral relative value,Potentially overvalued,,50,43.1,real_sec_filing,"risk_per1k=7.5, debt=11, legal=19, uncertainty=5, cost+cyber=6",ok,,True,Potentially overvalued,
1108524,Salesforce COM Inc,CRM,2013,33101125911.540985,21758828051.68281,-34.26559534611959,46.35112084177504,50,0.4195477346405525,Potentially overvalued,Ridge Regression,"Research signal: Potentially overvalued. This signal was assigned because the model-estimated fair value is 34.3% below actual market cap; fundamentals are in the middle range of the training dataset; report risk is set to neutral because SEC filing text has not been integrated into this dataset; and the log-scale model error is moderate (+0.42). The valuation gap is a research signal, not proof of undervaluation or overvaluation. This output is for research purposes only and does not constitute investment advice.",neutral_report_risk,Report risk is currently neutral because filing-text extraction has not yet been integrated for this dataset.,Potentially overvalued,legacy_xbrl_2010_2016,legacy_2010_2016,23.1,25.5,Below-average relative value,Below-average relative value,Potentially overvalued,,50,48.7,real_sec_filing,"risk_per1k=8.6, debt=8, legal=29, uncertainty=5, cost+cyber=6",ok,,True,Potentially overvalued,
1108524,Salesforce COM Inc,CRM,2014,37930629833.96912,22732694046.812775,-40.0677126999502,37.7055094438272,50,0.5119548060515839,Potentially overvalued,Ridge Regression,"Research signal: Potentially overvalued. This signal was assigned because the model-estimated fair value is 40.1% below actual market cap; fundamentals score in the lower third of the training dataset; report risk is set to neutral because SEC filing text has not been integrated into this dataset; and the log-scale model error is moderate (+0.51). The valuation gap is a research signal, not proof of undervaluation or overvaluation. This output is for research purposes only and does not constitute investment advice.",neutral_report_risk,Report risk is currently neutral because filing-text extraction has not yet been integrated for this dataset.,Potentially overvalued,legacy_xbrl_2010_2016,legacy_2010_2016,40.0,21.9,Neutral relative value,Below-average relative value,Fairly valued / neutral,,50,51.8,real_sec_filing,"risk_per1k=7.2, debt=15, legal=34, uncertainty=5, cost+cyber=8",ok,,True,Fairly valued / neutral,
1108524,Salesforce COM Inc,CRM,2015,51706286511.405945,23289481912.743576,-54.958123114089574,37.76878962159336,50,0.7975775314904681,Potentially overvalued,Ridge Regression,"Research signal: Potentially overvalued. This signal was assigned because the model-estimated fair value is 55.0% below actual market cap; fundamentals score in the lower third of the training dataset; report risk is set to neutral because SEC filing text has not been integrated into this dataset; and the log-scale model error is high (+0.80) — treat this estimate with additional caution. The valuation gap is a research signal, not proof of undervaluation or overvaluation. This output is for research purposes only and does not constitute investment advice.",neutral_report_risk,Report risk is currently neutral because filing-text extraction has not yet been integrated for this dataset.,Potentially overvalued,legacy_xbrl_2010_2016,legacy_2010_2016,23.1,9.5,Below-average relative value,Low relative value,Potentially overvalued,,50,51.1,real_sec_filing,"risk_per1k=7.2, debt=10, legal=36, uncertainty=7, cost+cyber=8",ok,,True,Potentially overvalued,
1121788,Garmin LTD,GRMN,2011,4883893133.573862,5415049647.525584,10.875678468481157,55.58624708624709,50,-0.1032393738426016,Research candidate,Ridge Regression,"Research signal: Research candidate. This signal was assigned because the model-estimated fair value is 10.9% above actual market cap; fundamentals are in the middle range of the training dataset; report risk is set to neutral because SEC filing text has not been integrated into this dataset; and the log-scale model error is low (-0.10). The valuation gap is a research signal, not proof of undervaluation or overvaluation. This output is for research purposes only and does not constitute investment advice.",neutral_report_risk,Report risk is currently neutral because filing-text extraction has not yet been integrated for this dataset.,Research candidate,legacy_xbrl_2010_2016,legacy_2010_2016,46.2,63.5,Neutral relative value,Neutral relative value,Fairly valued / neutral,,50,3.0,real_sec_filing,"risk_per1k=1.3, debt=0, legal=1, uncertainty=0, cost+cyber=1",ok,,True,Fairly valued / neutral,
1121788,Garmin LTD,GRMN,2012,5237197145.59824,6110722111.643396,16.679245439124568,49.86548264819293,50,-0.154258492064951,Research candidate,Ridge Regression,"Research signal: Research candidate. This signal was assigned because the model-estimated fair value is 16.7% above actual market cap; fundamentals are in the middle range of the training dataset; report risk is set to neutral because SEC filing text has not been integrated into this dataset; and the log-scale model error is low (-0.15). The valuation gap is a research signal, not proof of undervaluation or overvaluation. This output is for research purposes only and does not constitute investment advice.",neutral_report_risk,Report risk is currently neutral because filing-text extraction has not yet been integrated for this dataset.,Research candidate,legacy_xbrl_2010_2016,legacy_2010_2016,46.2,67.2,Neutral relative value,Neutral relative value,Fairly valued / neutral,,50,5.7,real_sec_filing,"risk_per1k=1.4, debt=0, legal=6, uncertainty=1, cost+cyber=1",ok,,True,Fairly valued / neutral,
1121788,Garmin LTD,GRMN,2013,6207381826.441498,6237846785.6152525,0.490785971051169,49.96947911901182,50,-0.004895855427911,Fairly valued / neutral,Ridge Regression,"Research signal: Fairly valued / neutral. This signal was assigned because the model-estimated fair value is within 5% of actual market cap; fundamentals are in the middle range of the training dataset; report risk is set to neutral because SEC filing text has not been integrated into this dataset; and the log-scale model error is low (-0.00). The valuation gap is a research signal, not proof of undervaluation or overvaluation. This output is for research purposes only and does not constitute investment advice.",neutral_report_risk,Report risk is currently neutral because filing-text extraction has not yet been integrated for this dataset.,Fairly valued / neutral,legacy_xbrl_2010_2016,legacy_2010_2016,61.5,59.1,Neutral relative value,Neutral relative value,Fairly valued / neutral,,50,31.5,real_sec_filing,"risk_per1k=5.5, debt=3, legal=17, uncertainty=19, cost+cyber=1",ok,,True,Fairly valued / neutral,
1121788,Garmin LTD,GRMN,2014,7224952885.227203,6901566468.041067,-4.4759657581624035,51.70629915256083,50,0.0457923027105486,Fairly valued / neutral,Ridge Regression,"Research signal: Fairly valued / neutral. This signal was assigned because the model-estimated fair value is within 5% of actual market cap; fundamentals are in the middle range of the training dataset; report risk is set to neutral because SEC filing text has not been integrated into this dataset; and the log-scale model error is low (+0.05). The valuation gap is a research signal, not proof of undervaluation or overvaluation. This output is for research purposes only and does not constitute investment advice.",neutral_report_risk,Report risk is currently neutral because filing-text extraction has not yet been integrated for this dataset.,Fairly valued / neutral,legacy_xbrl_2010_2016,legacy_2010_2016,72.0,56.2,Above-average relative value,Neutral relative value,Research candidate,,50,28.7,real_sec_filing,"risk_per1k=5.1, debt=3, legal=14, uncertainty=17, cost+cyber=3",ok,,True,Research candidate,
1121788,Garmin LTD,GRMN,2015,5252868167.110443,7554065385.664913,43.80839467784204,43.28513931551314,50,-0.3633116350486567,Possible value trap,Ridge Regression,"Research signal: Possible value trap. This signal was assigned because the model-estimated fair value is 43.8% above actual market cap; fundamentals score in the lower third of the training dataset; report risk is set to neutral because SEC filing text has not been integrated into this dataset; and the log-scale model error is moderate (-0.36). The valuation gap is a research signal, not proof of undervaluation or overvaluation. This output is for research purposes only and does not constitute investment advice.",neutral_report_risk,Report risk is currently neutral because filing-text extraction has not yet been integrated for this dataset.,Possible value trap,legacy_xbrl_2010_2016,legacy_2010_2016,92.3,81.8,Top decile relative value,Above-average relative value,Possible value trap,,50,42.4,real_sec_filing,"risk_per1k=6.7, debt=3, legal=22, uncertainty=21, cost+cyber=11",ok,,True,Possible value trap,
1032975,Logitech International SA,LOGI,2013,1860168731.2660215,3650265014.8221393,96.23300582726102,39.459430756159726,50,-0.674132572414134,Possible value trap,Ridge Regression,"Research signal: Possible value trap. This signal was assigned because the model-estimated fair value is 96.2% above actual market cap; fundamentals score in the lower third of the training dataset; report risk is set to neutral because SEC filing text has not been integrated into this dataset; and the log-scale model error is high (-0.67) — treat this estimate with additional caution. The valuation gap is a research signal, not proof of undervaluation or overvaluation. This output is for research purposes only and does not constitute investment advice.",neutral_report_risk,Report risk is currently neutral because filing-text extraction has not yet been integrated for this dataset.,Possible value trap,legacy_xbrl_2010_2016,legacy_2010_2016,96.2,92.7,Top decile relative value,Top decile relative value,Possible value trap,,50,15.7,real_sec_filing,"risk_per1k=1.9, debt=3, legal=6, uncertainty=2, cost+cyber=13",ok,,True,Possible value trap,
47217,HP Inc,HPQ,2011,32386345823.621754,50600234057.58616,56.239405128193475,46.07575757575758,50,-0.4462192931498485,Research candidate,Ridge Regression,"Research signal: Research candidate. This signal was assigned because the model-estimated fair value is 56.2% above actual market cap; fundamentals are in the middle range of the training dataset; report risk is set to neutral because SEC filing text has not been integrated into this dataset; and the log-scale model error is moderate (-0.45). The valuation gap is a research signal, not proof of undervaluation or overvaluation. This output is for research purposes only and does not constitute investment advice.",neutral_report_risk,Report risk is currently neutral because filing-text extraction has not yet been integrated for this dataset.,Research candidate,legacy_xbrl_2010_2016,legacy_2010_2016,84.6,86.9,Above-average relative value,Above-average relative value,Research candidate,,50,56.6,real_sec_filing,"risk_per1k=11.2, debt=8, legal=20, uncertainty=6, cost+cyber=9",ok,,True,Research candidate,
47217,HP Inc,HPQ,2012,18071459885.89382,49190795188.02855,172.20155703317465,22.50719814972152,50,-1.0013726243935714,Possible value trap,Ridge Regression,"Research signal: Possible value trap. This signal was assigned because the model-estimated fair value is 172.2% above actual market cap; fundamentals score in the lower third of the training dataset; report risk is set to neutral because SEC filing text has not been integrated into this dataset; and the log-scale model error is high (-1.00) — treat this estimate with additional caution. The valuation gap is a research signal, not proof of undervaluation or overvaluation. This output is for research purposes only and does not constitute investment advice.","extreme_valuation_gap, high_model_error, neutral_report_risk, needs_review",Valuation gap of +172.2% exceeds 100% — the model estimate is likely unreliable for this observation. | Model error of -1.001 (log scale) is large — the model fit was poor for this observation. | Report risk is currently neutral because filing-text extraction has not yet been integrated for this dataset.,Needs review,legacy_xbrl_2010_2016,legacy_2010_2016,96.2,97.1,Needs review,Needs review,Needs review,,50,60.6,real_sec_filing,"risk_per1k=12.9, debt=6, legal=20, uncertainty=7, cost+cyber=15",ok,,True,Needs review,needs_review_flag_preserved
47217,HP Inc,HPQ,2013,35474646155.3421,94910168557.4838,167.54366524721868,34.432526196544885,50,-0.9841126015956974,Possible value trap,Ridge Regression,"Research signal: Possible value trap. This signal was assigned because the model-estimated fair value is 167.5% above actual market cap; fundamentals score in the lower third of the training dataset; report risk is set to neutral because SEC filing text has not been integrated into this dataset; and the log-scale model error is high (-0.98) — treat this estimate with additional caution. The valuation gap is a research signal, not proof of undervaluation or overvaluation. This output is for research purposes only and does not constitute investment advice.","extreme_valuation_gap, neutral_report_risk, needs_review",Valuation gap of +167.5% exceeds 100% — the model estimate is likely unreliable for this observation. | Report risk is currently neutral because filing-text extraction has not yet been integrated for this dataset.,Needs review,legacy_xbrl_2010_2016,legacy_2010_2016,100.0,96.4,Needs review,Needs review,Needs review,,50,53.7,real_sec_filing,"risk_per1k=12.4, debt=4, legal=17, uncertainty=9, cost+cyber=14",ok,,True,Needs review,needs_review_flag_preserved
47217,HP Inc,HPQ,2014,49982059825.96207,110118170516.77022,120.31539096268256,39.52846219201359,50,-0.7898899290325225,Possible value trap,Ridge Regression,"Research signal: Possible value trap. This signal was assigned because the model-estimated fair value is 120.3% above actual market cap; fundamentals score in the lower third of the training dataset; report risk is set to neutral because SEC filing text has not been integrated into this dataset; and the log-scale model error is high (-0.79) — treat this estimate with additional caution. The valuation gap is a research signal, not proof of undervaluation or overvaluation. This output is for research purposes only and does not constitute investment advice.","extreme_valuation_gap, neutral_report_risk, needs_review",Valuation gap of +120.3% exceeds 100% — the model estimate is likely unreliable for this observation. | Report risk is currently neutral because filing-text extraction has not yet been integrated for this dataset.,Needs review,legacy_xbrl_2010_2016,legacy_2010_2016,100.0,94.2,Needs review,Needs review,Needs review,,50,56.3,real_sec_filing,"risk_per1k=11.8, debt=5, legal=18, uncertainty=11, cost+cyber=13",ok,,True,Needs review,needs_review_flag_preserved
47217,HP Inc,HPQ,2015,14766076240.53955,124215489994.0844,741.2220550037306,33.58644859813084,50,-2.129685475998574,Possible value trap,Ridge Regression,"Research signal: Possible value trap. This signal was assigned because the model-estimated fair value is 741.2% above actual market cap; fundamentals score in the lower third of the training dataset; report risk is set to neutral because SEC filing text has not been integrated into this dataset; and the log-scale model error is high (-2.13) — treat this estimate with additional caution. The valuation gap is a research signal, not proof of undervaluation or overvaluation. This output is for research purposes only and does not constitute investment advice.","extreme_valuation_gap, high_model_error, neutral_report_risk, needs_review",Valuation gap of +741.2% exceeds 100% — the model estimate is likely unreliable for this observation. | Model error of -2.130 (log scale) is large — the model fit was poor for this observation. | Report risk is currently neutral because filing-text extraction has not yet been integrated for this dataset.,Needs review,legacy_xbrl_2010_2016,legacy_2010_2016,100.0,99.3,Needs review,Needs review,Needs review,,50,57.5,real_sec_filing,"risk_per1k=12.4, debt=8, legal=14, uncertainty=8, cost+cyber=9",ok,,True,Needs review,needs_review_flag_preserved
50863,Intel Corp,INTC,2011,83796930313.11035,58292081302.62702,-30.43649560333954,78.48640248640248,50,0.3629301182905564,Potentially overvalued,Ridge Regression,"Research signal: Potentially overvalued. This signal was assigned because the model-estimated fair value is 30.4% below actual market cap; fundamentals score in the upper third of the training dataset; report risk is set to neutral because SEC filing text has not been integrated into this dataset; and the log-scale model error is moderate (+0.36). The valuation gap is a research signal, not proof of undervaluation or overvaluation. This output is for research purposes only and does not constitute investment advice.",neutral_report_risk,Report risk is currently neutral because filing-text extraction has not yet been integrated for this dataset.,Potentially overvalued,legacy_xbrl_2010_2016,legacy_2010_2016,23.1,29.9,Below-average relative value,Below-average relative value,Potentially overvalued,,50,45.1,real_sec_filing,"risk_per1k=5.6, debt=7, legal=31, uncertainty=6, cost+cyber=12",ok,,True,Potentially overvalued,
50863,Intel Corp,INTC,2012,72903254150.39062,59331052156.16812,-18.616730010740927,61.05211896099747,50,0.2060004624909304,Potentially overvalued,Ridge Regression,"Research signal: Potentially overvalued. This signal was assigned because the model-estimated fair value is 18.6% below actual market cap; fundamentals are in the middle range of the training dataset; report risk is set to neutral because SEC filing text has not been integrated into this dataset; and the log-scale model error is low (+0.21). The valuation gap is a research signal, not proof of undervaluation or overvaluation. This output is for research purposes only and does not constitute investment advice.",neutral_report_risk,Report risk is currently neutral because filing-text extraction has not yet been integrated for this dataset.,Potentially overvalued,legacy_xbrl_2010_2016,legacy_2010_2016,23.1,42.3,Below-average relative value,Neutral relative value,Potentially overvalued,,50,43.8,real_sec_filing,"risk_per1k=5.4, debt=7, legal=31, uncertainty=5, cost+cyber=11",ok,,True,Potentially overvalued,
50863,Intel Corp,INTC,2013,95889016529.08324,58082122590.09867,-39.42776274852886,55.578887363934086,50,0.501333529050811,Potentially overvalued,Ridge Regression,"Research signal: Potentially overvalued. This signal was assigned because the model-estimated fair value is 39.4% below actual market cap; fundamentals are in the middle range of the training dataset; report risk is set to neutral because SEC filing text has not been integrated into this dataset; and the log-scale model error is moderate (+0.50). The valuation gap is a research signal, not proof of undervaluation or overvaluation. This output is for research purposes only and does not constitute investment advice.",neutral_report_risk,Report risk is currently neutral because filing-text extraction has not yet been integrated for this dataset.,Potentially overvalued,legacy_xbrl_2010_2016,legacy_2010_2016,19.2,23.4,Low relative value,Below-average relative value,Potentially overvalued,,50,35.9,real_sec_filing,"risk_per1k=4.4, debt=5, legal=30, uncertainty=2, cost+cyber=11",ok,,True,Potentially overvalued,
50863,Intel Corp,INTC,2014,132197334327.69775,56207443624.30997,-57.48216565019384,68.46429427270549,50,0.8552465663183604,Potentially overvalued,Ridge Regression,"Research signal: Potentially overvalued. This signal was assigned because the model-estimated fair value is 57.5% below actual market cap; fundamentals score in the upper third of the training dataset; report risk is set to neutral because SEC filing text has not been integrated into this dataset; and the log-scale model error is high (+0.86) — treat this estimate with additional caution. The valuation gap is a research signal, not proof of undervaluation or overvaluation. This output is for research purposes only and does not constitute investment advice.",neutral_report_risk,Report risk is currently neutral because filing-text extraction has not yet been integrated for this dataset.,Potentially overvalued,legacy_xbrl_2010_2016,legacy_2010_2016,12.0,8.0,Low relative value,Low relative value,Potentially overvalued,,50,33.3,real_sec_filing,"risk_per1k=6.9, debt=3, legal=22, uncertainty=6, cost+cyber=11",ok,,True,Potentially overvalued,
50863,Intel Corp,INTC,2015,128644390296.93604,70788250639.41064,-44.97369805553299,51.535687573070746,50,0.5973588978928817,Potentially overvalued,Ridge Regression,"Research signal: Potentially overvalued. This signal was assigned because the model-estimated fair value is 45.0% below actual market cap; fundamentals are in the middle range of the training dataset; report risk is set to neutral because SEC filing text has not been integrated into this dataset; and the log-scale model error is moderate (+0.60). The valuation gap is a research signal, not proof of undervaluation or overvaluation. This output is for research purposes only and does not constitute investment advice.",neutral_report_risk,Report risk is currently neutral because filing-text extraction has not yet been integrated for this dataset.,Potentially overvalued,legacy_xbrl_2010_2016,legacy_2010_2016,34.6,17.5,Below-average relative value,Low relative value,Potentially overvalued,,50,31.0,real_sec_filing,"risk_per1k=6.3, debt=4, legal=15, uncertainty=6, cost+cyber=12",ok,,True,Potentially overvalued,
858877,Cisco Systems Inc,CSCO,2011,63954817485.809326,82078452646.31035,28.33818603973407,45.93298368298368,50,-0.2494986722133063,Research candidate,Ridge Regression,"Research signal: Research candidate. This signal was assigned because the model-estimated fair value is 28.3% above actual market cap; fundamentals are in the middle range of the training dataset; report risk is set to neutral because SEC filing text has not been integrated into this dataset; and the log-scale model error is low (-0.25). The valuation gap is a research signal, not proof of undervaluation or overvaluation. This output is for research purposes only and does not constitute investment advice.",neutral_report_risk,Report risk is currently neutral because filing-text extraction has not yet been integrated for this dataset.,Research candidate,legacy_xbrl_2010_2016,legacy_2010_2016,65.4,71.5,Neutral relative value,Above-average relative value,Fairly valued / neutral,,50,36.2,real_sec_filing,"risk_per1k=9.0, debt=3, legal=7, uncertainty=22, cost+cyber=3",ok,,True,Fairly valued / neutral,
858877,Cisco Systems Inc,CSCO,2012,69577888200.75989,98284524348.0346,41.258274560510735,54.49308505616917,50,-0.345419763282031,Research candidate,Ridge Regression,"Research signal: Research candidate. This signal was assigned because the model-estimated fair value is 41.3% above actual market cap; fundamentals are in the middle range of the training dataset; report risk is set to neutral because SEC filing text has not been integrated into this dataset; and the log-scale model error is moderate (-0.35). The valuation gap is a research signal, not proof of undervaluation or overvaluation. This output is for research purposes only and does not constitute investment advice.",neutral_report_risk,Report risk is currently neutral because filing-text extraction has not yet been integrated for this dataset.,Research candidate,legacy_xbrl_2010_2016,legacy_2010_2016,65.4,80.3,Neutral relative value,Above-average relative value,Fairly valued / neutral,,50,36.8,real_sec_filing,"risk_per1k=8.5, debt=4, legal=8, uncertainty=18, cost+cyber=4",ok,,True,Fairly valued / neutral,
858877,Cisco Systems Inc,CSCO,2013,82610887282.37152,111608745827.21574,35.101739611786165,57.7404000464748,50,-0.30085793537026,Research candidate,Ridge Regression,"Research signal: Research candidate. This signal was assigned because the model-estimated fair value is 35.1% above actual market cap; fundamentals are in the middle range of the training dataset; report risk is set to neutral because SEC filing text has not been integrated into this dataset; and the log-scale model error is moderate (-0.30). The valuation gap is a research signal, not proof of undervaluation or overvaluation. This output is for research purposes only and does not constitute investment advice.",neutral_report_risk,Report risk is currently neutral because filing-text extraction has not yet been integrated for this dataset.,Research candidate,legacy_xbrl_2010_2016,legacy_2010_2016,84.6,75.2,Above-average relative value,Above-average relative value,Research candidate,,50,32.6,real_sec_filing,"risk_per1k=8.0, debt=4, legal=6, uncertainty=15, cost+cyber=3",ok,,True,Research candidate,
858877,Cisco Systems Inc,CSCO,2014,100189700864.79189,84304779695.23802,-15.85484439262964,39.163847315716474,50,0.1726268355482716,Potentially overvalued,Ridge Regression,"Research signal: Potentially overvalued. This signal was assigned because the model-estimated fair value is 15.9% below actual market cap; fundamentals score in the lower third of the training dataset; report risk is set to neutral because SEC filing text has not been integrated into this dataset; and the log-scale model error is low (+0.17). The valuation gap is a research signal, not proof of undervaluation or overvaluation. This output is for research purposes only and does not constitute investment advice.",neutral_report_risk,Report risk is currently neutral because filing-text extraction has not yet been integrated for this dataset.,Potentially overvalued,legacy_xbrl_2010_2016,legacy_2010_2016,68.0,44.5,Neutral relative value,Neutral relative value,Fairly valued / neutral,,50,39.7,real_sec_filing,"risk_per1k=8.4, debt=6, legal=7, uncertainty=17, cost+cyber=2",ok,,True,Fairly valued / neutral,
858877,Cisco Systems Inc,CSCO,2015,100376133642.19666,86645618834.84949,-13.67906324853208,46.33320988461175,50,0.1470980130179953,Potentially overvalued,Ridge Regression,"Research signal: Potentially overvalued. This signal was assigned because the model-estimated fair value is 13.7% below actual market cap; fundamentals are in the middle range of the training dataset; report risk is set to neutral because SEC filing text has not been integrated into this dataset; and the log-scale model error is low (+0.15). The valuation gap is a research signal, not proof of undervaluation or overvaluation. This output is for research purposes only and does not constitute investment advice.",neutral_report_risk,Report risk is currently neutral because filing-text extraction has not yet been integrated for this dataset.,Potentially overvalued,legacy_xbrl_2010_2016,legacy_2010_2016,61.5,48.2,Neutral relative value,Neutral relative value,Fairly valued / neutral,,50,41.2,real_sec_filing,"risk_per1k=8.4, debt=7, legal=7, uncertainty=17, cost+cyber=2",ok,,True,Fairly valued / neutral,
723125,Micron Technology Inc,MU,2011,6038243290.3289795,14009970189.5517,132.02063109961907,37.70532245532246,50,-0.841656108877963,Possible value trap,Ridge Regression,"Research signal: Possible value trap. This signal was assigned because the model-estimated fair value is 132.0% above actual market cap; fundamentals score in the lower third of the training dataset; report risk is set to neutral because SEC filing text has not been integrated into this dataset; and the log-scale model error is high (-0.84) — treat this estimate with additional caution. The valuation gap is a research signal, not proof of undervaluation or overvaluation. This output is for research purposes only and does not constitute investment advice.","extreme_valuation_gap, neutral_report_risk, needs_review",Valuation gap of +132.0% exceeds 100% — the model estimate is likely unreliable for this observation. | Report risk is currently neutral because filing-text extraction has not yet been integrated for this dataset.,Needs review,legacy_xbrl_2010_2016,legacy_2010_2016,92.3,94.9,Needs review,Needs review,Needs review,,50,53.3,real_sec_filing,"risk_per1k=7.8, debt=12, legal=26, uncertainty=16, cost+cyber=1",ok,,True,Needs review,needs_review_flag_preserved
723125,Micron Technology Inc,MU,2012,6292765780.830383,11898760967.184074,89.08634742820402,9.31185870204562,50,-0.6370335894401471,Possible value trap,Ridge Regression,"Research signal: Possible value trap. This signal was assigned because the model-estimated fair value is 89.1% above actual market cap; fundamentals score in the lower third of the training dataset; report risk is set to neutral because SEC filing text has not been integrated into this dataset; and the log-scale model error is high (-0.64) — treat this estimate with additional caution. The valuation gap is a research signal, not proof of undervaluation or overvaluation. This output is for research purposes only and does not constitute investment advice.",neutral_report_risk,Report risk is currently neutral because filing-text extraction has not yet been integrated for this dataset.,Possible value trap,legacy_xbrl_2010_2016,legacy_2010_2016,88.5,92.0,Above-average relative value,Top decile relative value,Possible value trap,Very low quality score (9/100) — high valuation gap may not reflect fundamental strength.,50,61.9,real_sec_filing,"risk_per1k=8.6, debt=35, legal=23, uncertainty=22, cost+cyber=1",ok,,True,Possible value trap,
723125,Micron Technology Inc,MU,2013,22154326633.45337,15474011229.752462,-30.15354749538417,41.03143585386576,50,0.3588708889103351,Potentially overvalued,Ridge Regression,"Research signal: Potentially overvalued. This signal was assigned because the model-estimated fair value is 30.2% below actual market cap; fundamentals score in the lower third of the training dataset; report risk is set to neutral because SEC filing text has not been integrated into this dataset; and the log-scale model error is moderate (+0.36). The valuation gap is a research signal, not proof of undervaluation or overvaluation. This output is for research purposes only and does not constitute investment advice.",neutral_report_risk,Report risk is currently neutral because filing-text extraction has not yet been integrated for this dataset.,Potentially overvalued,legacy_xbrl_2010_2016,legacy_2010_2016,30.8,31.4,Below-average relative value,Below-average relative value,Potentially overvalued,,50,47.6,real_sec_filing,"risk_per1k=6.5, debt=41, legal=11, uncertainty=17, cost+cyber=0",ok,,True,Potentially overvalued,
723125,Micron Technology Inc,MU,2014,36637368553.16162,25828748970.056564,-29.50162637205102,74.97967997734352,50,0.3495805455430698,Potentially overvalued,Ridge Regression,"Research signal: Potentially overvalued. This signal was assigned because the model-estimated fair value is 29.5% below actual market cap; fundamentals score in the upper third of the training dataset; report risk is set to neutral because SEC filing text has not been integrated into this dataset; and the log-scale model error is moderate (+0.35). The valuation gap is a research signal, not proof of undervaluation or overvaluation. This output is for research purposes only and does not constitute investment advice.",neutral_report_risk,Report risk is currently neutral because filing-text extraction has not yet been integrated for this dataset.,Potentially overvalued,legacy_xbrl_2010_2016,legacy_2010_2016,56.0,32.8,Neutral relative value,Below-average relative value,Fairly valued / neutral,,50,47.4,real_sec_filing,"risk_per1k=6.8, debt=30, legal=11, uncertainty=19, cost+cyber=0",ok,,True,Fairly valued / neutral,
723125,Micron Technology Inc,MU,2015,14970110752.105713,21262240244.695934,42.03128217809052,55.00348016469511,50,-0.3508771443801493,Research candidate,Ridge Regression,"Research signal: Research candidate. This signal was assigned because the model-estimated fair value is 42.0% above actual market cap; fundamentals are in the middle range of the training dataset; report risk is set to neutral because SEC filing text has not been integrated into this dataset; and the log-scale model error is moderate (-0.35). The valuation gap is a research signal, not proof of undervaluation or overvaluation. This output is for research purposes only and does not constitute investment advice.",neutral_report_risk,Report risk is currently neutral because filing-text extraction has not yet been integrated for this dataset.,Research candidate,legacy_xbrl_2010_2016,legacy_2010_2016,88.5,81.0,Above-average relative value,Above-average relative value,Research candidate,,50,48.0,real_sec_filing,"risk_per1k=6.9, debt=27, legal=11, uncertainty=18, cost+cyber=3",ok,,True,Research candidate,
6951,Applied Materials Inc,AMAT,2011,11275872993.469238,7778625849.459435,-31.01531159525599,65.25213675213675,50,0.3712856131934963,Potentially overvalued,Ridge Regression,"Research signal: Potentially overvalued. This signal was assigned because the model-estimated fair value is 31.0% below actual market cap; fundamentals score in the upper third of the training dataset; report risk is set to neutral because SEC filing text has not been integrated into this dataset; and the log-scale model error is moderate (+0.37). The valuation gap is a research signal, not proof of undervaluation or overvaluation. This output is for research purposes only and does not constitute investment advice.",neutral_report_risk,Report risk is currently neutral because filing-text extraction has not yet been integrated for this dataset.,Potentially overvalued,legacy_xbrl_2010_2016,legacy_2010_2016,19.2,28.5,Low relative value,Below-average relative value,Potentially overvalued,,50,13.4,real_sec_filing,"risk_per1k=3.7, debt=0, legal=6, uncertainty=5, cost+cyber=7",ok,,True,Potentially overvalued,
6951,Applied Materials Inc,AMAT,2012,11388031900.405884,15024987826.68676,31.93665031928169,21.281666412507533,50,-0.2771516995753167,Possible value trap,Ridge Regression,"Research signal: Possible value trap. This signal was assigned because the model-estimated fair value is 31.9% above actual market cap; fundamentals score in the lower third of the training dataset; report risk is set to neutral because SEC filing text has not been integrated into this dataset; and the log-scale model error is low (-0.28). The valuation gap is a research signal, not proof of undervaluation or overvaluation. This output is for research purposes only and does not constitute investment advice.",neutral_report_risk,Report risk is currently neutral because filing-text extraction has not yet been integrated for this dataset.,Possible value trap,legacy_xbrl_2010_2016,legacy_2010_2016,53.8,72.3,Neutral relative value,Above-average relative value,Fairly valued / neutral,Very low quality score (21/100) — high valuation gap may not reflect fundamental strength.,50,22.0,real_sec_filing,"risk_per1k=4.3, debt=4, legal=6, uncertainty=6, cost+cyber=8",ok,,True,Fairly valued / neutral,
6951,Applied Materials Inc,AMAT,2014,26466010133.743286,13664919811.327831,-48.36803982816619,56.37849922663007,50,0.6610293220640919,Potentially overvalued,Ridge Regression,"Research signal: Potentially overvalued. This signal was assigned because the model-estimated fair value is 48.4% below actual market cap; fundamentals are in the middle range of the training dataset; report risk is set to neutral because SEC filing text has not been integrated into this dataset; and the log-scale model error is high (+0.66) — treat this estimate with additional caution. The valuation gap is a research signal, not proof of undervaluation or overvaluation. This output is for research purposes only and does not constitute investment advice.",neutral_report_risk,Report risk is currently neutral because filing-text extraction has not yet been integrated for this dataset.,Potentially overvalued,legacy_xbrl_2010_2016,legacy_2010_2016,32.0,16.1,Below-average relative value,Low relative value,Potentially overvalued,,50,25.4,real_sec_filing,"risk_per1k=5.5, debt=4, legal=8, uncertainty=6, cost+cyber=7",ok,,True,Potentially overvalued,
6951,Applied Materials Inc,AMAT,2015,19230875015.25879,11180971662.723295,-41.85926717400158,48.93449774524541,50,0.5423036864304613,Potentially overvalued,Ridge Regression,"Research signal: Potentially overvalued. This signal was assigned because the model-estimated fair value is 41.9% below actual market cap; fundamentals are in the middle range of the training dataset; report risk is set to neutral because SEC filing text has not been integrated into this dataset; and the log-scale model error is moderate (+0.54). The valuation gap is a research signal, not proof of undervaluation or overvaluation. This output is for research purposes only and does not constitute investment advice.",neutral_report_risk,Report risk is currently neutral because filing-text extraction has not yet been integrated for this dataset.,Potentially overvalued,legacy_xbrl_2010_2016,legacy_2010_2016,38.5,20.4,Below-average relative value,Below-average relative value,Potentially overvalued,,50,68.4,real_sec_filing,"risk_per1k=10.0, debt=18, legal=18, uncertainty=16, cost+cyber=27",ok,,True,Potentially overvalued,
6281,Analog Devices Inc,ADI,2011,7744719616.001766,6568901531.567559,-15.18219048246483,70.55303030303031,50,0.1646646473454431,Potentially overvalued,Ridge Regression,"Research signal: Potentially overvalued. This signal was assigned because the model-estimated fair value is 15.2% below actual market cap; fundamentals score in the upper third of the training dataset; report risk is set to neutral because SEC filing text has not been integrated into this dataset; and the log-scale model error is low (+0.16). The valuation gap is a research signal, not proof of undervaluation or overvaluation. This output is for research purposes only and does not constitute investment advice.",neutral_report_risk,Report risk is currently neutral because filing-text extraction has not yet been integrated for this dataset.,Potentially overvalued,legacy_xbrl_2010_2016,legacy_2010_2016,34.6,46.7,Below-average relative value,Neutral relative value,Potentially overvalued,,50,76.3,real_sec_filing,"risk_per1k=10.6, debt=28, legal=28, uncertainty=41, cost+cyber=5",ok,,True,Potentially overvalued,
6281,Analog Devices Inc,ADI,2012,9429536903.967148,10545449414.833147,11.834223909729014,51.478209485218834,50,-0.1118474451491238,Research candidate,Ridge Regression,"Research signal: Research candidate. This signal was assigned because the model-estimated fair value is 11.8% above actual market cap; fundamentals are in the middle range of the training dataset; report risk is set to neutral because SEC filing text has not been integrated into this dataset; and the log-scale model error is low (-0.11). The valuation gap is a research signal, not proof of undervaluation or overvaluation. This output is for research purposes only and does not constitute investment advice.",neutral_report_risk,Report risk is currently neutral because filing-text extraction has not yet been integrated for this dataset.,Research candidate,legacy_xbrl_2010_2016,legacy_2010_2016,42.3,64.2,Neutral relative value,Neutral relative value,Fairly valued / neutral,,50,74.5,real_sec_filing,"risk_per1k=10.2, debt=28, legal=26, uncertainty=40, cost+cyber=6",ok,,True,Fairly valued / neutral,
6281,Analog Devices Inc,ADI,2013,12141462078.882248,12626079276.890911,3.9914237252494,52.011867416073024,50,-0.0391382455726301,Fairly valued / neutral,Ridge Regression,"Research signal: Fairly valued / neutral. This signal was assigned because the model-estimated fair value is within 5% of actual market cap; fundamentals are in the middle range of the training dataset; report risk is set to neutral because SEC filing text has not been integrated into this dataset; and the log-scale model error is low (-0.04). The valuation gap is a research signal, not proof of undervaluation or overvaluation. This output is for research purposes only and does not constitute investment advice.",neutral_report_risk,Report risk is currently neutral because filing-text extraction has not yet been integrated for this dataset.,Fairly valued / neutral,legacy_xbrl_2010_2016,legacy_2010_2016,69.2,60.6,Neutral relative value,Neutral relative value,Fairly valued / neutral,,50,92.9,real_sec_filing,"risk_per1k=18.4, debt=32, legal=24, uncertainty=38, cost+cyber=4",ok,,True,Fairly valued / neutral,Caution: extreme filing risk (93/100). Review risk factors section before further research.
6281,Analog Devices Inc,ADI,2014,13625789480.532389,13024765844.54128,-4.410927064811989,56.74538156547502,50,0.0451116723045892,Fairly valued / neutral,Ridge Regression,"Research signal: Fairly valued / neutral. This signal was assigned because the model-estimated fair value is within 5% of actual market cap; fundamentals are in the middle range of the training dataset; report risk is set to neutral because SEC filing text has not been integrated into this dataset; and the log-scale model error is low (+0.05). The valuation gap is a research signal, not proof of undervaluation or overvaluation. This output is for research purposes only and does not constitute investment advice.",neutral_report_risk,Report risk is currently neutral because filing-text extraction has not yet been integrated for this dataset.,Fairly valued / neutral,legacy_xbrl_2010_2016,legacy_2010_2016,76.0,56.9,Above-average relative value,Neutral relative value,Research candidate,,50,92.9,real_sec_filing,"risk_per1k=17.7, debt=35, legal=25, uncertainty=38, cost+cyber=5",ok,,True,Fairly valued / neutral,Risk-adjusted: very high filing risk (93/100). Downgraded from Research candidate — research the risk language before acting.
6281,Analog Devices Inc,ADI,2015,13992128442.874542,12774757939.744696,-8.700395426614236,60.722436442062616,50,0.0910237294657072,Fairly valued / neutral,Ridge Regression,"Research signal: Fairly valued / neutral. This signal was assigned because the model-estimated fair value is 8.7% below actual market cap; fundamentals are in the middle range of the training dataset; report risk is set to neutral because SEC filing text has not been integrated into this dataset; and the log-scale model error is low (+0.09). The valuation gap is a research signal, not proof of undervaluation or overvaluation. This output is for research purposes only and does not constitute investment advice.",neutral_report_risk,Report risk is currently neutral because filing-text extraction has not yet been integrated for this dataset.,Fairly valued / neutral,legacy_xbrl_2010_2016,legacy_2010_2016,69.2,52.6,Neutral relative value,Neutral relative value,Fairly valued / neutral,,50,93.0,real_sec_filing,"risk_per1k=17.6, debt=35, legal=29, uncertainty=39, cost+cyber=5",ok,,True,Fairly valued / neutral,Caution: extreme filing risk (93/100). Review risk factors section before further research.
106040,Western Digital Corp,WDC,2011,5762872513.057709,6814731403.608676,18.252336628437124,56.02564102564102,50,-0.1676506012600747,Research candidate,Ridge Regression,"Research signal: Research candidate. This signal was assigned because the model-estimated fair value is 18.3% above actual market cap; fundamentals are in the middle range of the training dataset; report risk is set to neutral because SEC filing text has not been integrated into this dataset; and the log-scale model error is low (-0.17). The valuation gap is a research signal, not proof of undervaluation or overvaluation. This output is for research purposes only and does not constitute investment advice.",neutral_report_risk,Report risk is currently neutral because filing-text extraction has not yet been integrated for this dataset.,Research candidate,legacy_xbrl_2010_2016,legacy_2010_2016,57.7,68.6,Neutral relative value,Neutral relative value,Fairly valued / neutral,,50,60.0,real_sec_filing,"risk_per1k=11.1, debt=28, legal=10, uncertainty=13, cost+cyber=9",ok,,True,Fairly valued / neutral,
106040,Western Digital Corp,WDC,2012,8406034465.484619,12466523644.360456,48.30445551405127,58.679487179487175,50,-0.3940971066293066,Research candidate,Ridge Regression,"Research signal: Research candidate. This signal was assigned because the model-estimated fair value is 48.3% above actual market cap; fundamentals are in the middle range of the training dataset; report risk is set to neutral because SEC filing text has not been integrated into this dataset; and the log-scale model error is moderate (-0.39). The valuation gap is a research signal, not proof of undervaluation or overvaluation. This output is for research purposes only and does not constitute investment advice.",neutral_report_risk,Report risk is currently neutral because filing-text extraction has not yet been integrated for this dataset.,Research candidate,legacy_xbrl_2010_2016,legacy_2010_2016,69.2,83.9,Neutral relative value,Above-average relative value,Fairly valued / neutral,,50,54.4,real_sec_filing,"risk_per1k=10.0, debt=25, legal=13, uncertainty=9, cost+cyber=7",ok,,True,Fairly valued / neutral,
106040,Western Digital Corp,WDC,2013,16311676707.881927,11844584658.06681,-27.38585450051609,48.34615384615385,50,0.3200104415458114,Potentially overvalued,Ridge Regression,"Research signal: Potentially overvalued. This signal was assigned because the model-estimated fair value is 27.4% below actual market cap; fundamentals are in the middle range of the training dataset; report risk is set to neutral because SEC filing text has not been integrated into this dataset; and the log-scale model error is moderate (+0.32). The valuation gap is a research signal, not proof of undervaluation or overvaluation. This output is for research purposes only and does not constitute investment advice.",neutral_report_risk,Report risk is currently neutral because filing-text extraction has not yet been integrated for this dataset.,Potentially overvalued,legacy_xbrl_2010_2016,legacy_2010_2016,38.5,36.5,Below-average relative value,Below-average relative value,Potentially overvalued,,50,55.4,real_sec_filing,"risk_per1k=11.3, debt=25, legal=11, uncertainty=9, cost+cyber=4",ok,,True,Potentially overvalued,
106040,Western Digital Corp,WDC,2014,21582111193.17627,11119338153.43245,-48.47891360624576,55.49145299145299,50,0.6631790175790222,Potentially overvalued,Ridge Regression,"Research signal: Potentially overvalued. This signal was assigned because the model-estimated fair value is 48.5% below actual market cap; fundamentals are in the middle range of the training dataset; report risk is set to neutral because SEC filing text has not been integrated into this dataset; and the log-scale model error is high (+0.66) — treat this estimate with additional caution. The valuation gap is a research signal, not proof of undervaluation or overvaluation. This output is for research purposes only and does not constitute investment advice.",neutral_report_risk,Report risk is currently neutral because filing-text extraction has not yet been integrated for this dataset.,Potentially overvalued,legacy_xbrl_2010_2016,legacy_2010_2016,28.0,15.3,Below-average relative value,Low relative value,Potentially overvalued,,50,41.6,real_sec_filing,"risk_per1k=9.7, debt=7, legal=13, uncertainty=6, cost+cyber=5",ok,,True,Potentially overvalued,
106040,Western Digital Corp,WDC,2015,11766653462.56256,10744210869.959951,-8.689323568979642,54.572649572649574,50,0.0909024673156544,Fairly valued / neutral,Ridge Regression,"Research signal: Fairly valued / neutral. This signal was assigned because the model-estimated fair value is 8.7% below actual market cap; fundamentals are in the middle range of the training dataset; report risk is set to neutral because SEC filing text has not been integrated into this dataset; and the log-scale model error is low (+0.09). The valuation gap is a research signal, not proof of undervaluation or overvaluation. This output is for research purposes only and does not constitute investment advice.",neutral_report_risk,Report risk is currently neutral because filing-text extraction has not yet been integrated for this dataset.,Fairly valued / neutral,legacy_xbrl_2010_2016,legacy_2010_2016,73.1,53.3,Above-average relative value,Neutral relative value,Research candidate,,50,47.9,real_sec_filing,"risk_per1k=11.2, debt=8, legal=12, uncertainty=6, cost+cyber=7",ok,,True,Research candidate,
1137789,Seagate Technology PLC,STX,2011,3728756998.6426306,12492093228.03298,235.02030924998448,44.49320124320124,50,-1.209020968626195,Possible value trap,Ridge Regression,"Research signal: Possible value trap. This signal was assigned because the model-estimated fair value is 235.0% above actual market cap; fundamentals score in the lower third of the training dataset; report risk is set to neutral because SEC filing text has not been integrated into this dataset; and the log-scale model error is high (-1.21) — treat this estimate with additional caution. The valuation gap is a research signal, not proof of undervaluation or overvaluation. This output is for research purposes only and does not constitute investment advice.","extreme_valuation_gap, high_model_error, neutral_report_risk, needs_review",Valuation gap of +235.0% exceeds 100% — the model estimate is likely unreliable for this observation. | Model error of -1.209 (log scale) is large — the model fit was poor for this observation. | Report risk is currently neutral because filing-text extraction has not yet been integrated for this dataset.,Needs review,legacy_xbrl_2010_2016,legacy_2010_2016,96.2,98.5,Needs review,Needs review,Needs review,,50,42.1,real_sec_filing,"risk_per1k=7.6, debt=9, legal=7, uncertainty=15, cost+cyber=7",ok,,True,Needs review,needs_review_flag_preserved
1137789,Seagate Technology PLC,STX,2012,6705145394.620171,12323561091.849072,83.79260055623551,71.48329085244973,50,-0.6086377649959971,Research candidate,Ridge Regression,"Research signal: Research candidate. This signal was assigned because the model-estimated fair value is 83.8% above actual market cap; fundamentals score in the upper third of the training dataset; report risk is set to neutral because SEC filing text has not been integrated into this dataset; and the log-scale model error is high (-0.61) — treat this estimate with additional caution. The valuation gap is a research signal, not proof of undervaluation or overvaluation. This output is for research purposes only and does not constitute investment advice.",neutral_report_risk,Report risk is currently neutral because filing-text extraction has not yet been integrated for this dataset.,Research candidate,legacy_xbrl_2010_2016,legacy_2010_2016,80.8,90.5,Above-average relative value,Top decile relative value,Research candidate,,50,49.6,real_sec_filing,"risk_per1k=9.1, debt=9, legal=7, uncertainty=17, cost+cyber=13",ok,,True,Research candidate,
1137789,Seagate Technology PLC,STX,2013,11702760320.39769,10635565508.698624,-9.119171737961391,53.74057251160055,50,0.0956211172579379,Fairly valued / neutral,Ridge Regression,"Research signal: Fairly valued / neutral. This signal was assigned because the model-estimated fair value is 9.1% below actual market cap; fundamentals are in the middle range of the training dataset; report risk is set to neutral because SEC filing text has not been integrated into this dataset; and the log-scale model error is low (+0.10). The valuation gap is a research signal, not proof of undervaluation or overvaluation. This output is for research purposes only and does not constitute investment advice.",neutral_report_risk,Report risk is currently neutral because filing-text extraction has not yet been integrated for this dataset.,Fairly valued / neutral,legacy_xbrl_2010_2016,legacy_2010_2016,53.8,51.8,Neutral relative value,Neutral relative value,Fairly valued / neutral,,50,53.5,real_sec_filing,"risk_per1k=9.7, debt=12, legal=6, uncertainty=25, cost+cyber=7",ok,,True,Fairly valued / neutral,
1137789,Seagate Technology PLC,STX,2014,13018508314.56961,9360755458.958317,-28.096558893139367,52.790727185587,50,0.3298460627837869,Potentially overvalued,Ridge Regression,"Research signal: Potentially overvalued. This signal was assigned because the model-estimated fair value is 28.1% below actual market cap; fundamentals are in the middle range of the training dataset; report risk is set to neutral because SEC filing text has not been integrated into this dataset; and the log-scale model error is moderate (+0.33). The valuation gap is a research signal, not proof of undervaluation or overvaluation. This output is for research purposes only and does not constitute investment advice.",neutral_report_risk,Report risk is currently neutral because filing-text extraction has not yet been integrated for this dataset.,Potentially overvalued,legacy_xbrl_2010_2016,legacy_2010_2016,60.0,34.3,Neutral relative value,Below-average relative value,Fairly valued / neutral,,50,56.0,real_sec_filing,"risk_per1k=9.5, debt=12, legal=6, uncertainty=26, cost+cyber=15",ok,,True,Fairly valued / neutral,
1137789,Seagate Technology PLC,STX,2015,7248340819.920959,10043205393.422684,38.55868043374099,59.209545127769424,50,-0.3261237353521409,Research candidate,Ridge Regression,"Research signal: Research candidate. This signal was assigned because the model-estimated fair value is 38.6% above actual market cap; fundamentals are in the middle range of the training dataset; report risk is set to neutral because SEC filing text has not been integrated into this dataset; and the log-scale model error is moderate (-0.33). The valuation gap is a research signal, not proof of undervaluation or overvaluation. This output is for research purposes only and does not constitute investment advice.",neutral_report_risk,Report risk is currently neutral because filing-text extraction has not yet been integrated for this dataset.,Research candidate,legacy_xbrl_2010_2016,legacy_2010_2016,84.6,78.8,Above-average relative value,Above-average relative value,Research candidate,,50,47.9,real_sec_filing,"risk_per1k=7.5, debt=12, legal=5, uncertainty=27, cost+cyber=10",ok,,True,Research candidate,
1137789,Seagate Technology PLC,STX,2016,7655138042.463079,15857521195.755169,107.14872949113963,33.31165719016187,50,-0.7282668492369524,Possible value trap,Ridge Regression,"Research signal: Possible value trap. This signal was assigned because the model-estimated fair value is 107.1% above actual market cap; fundamentals score in the lower third of the training dataset; report risk is set to neutral because SEC filing text has not been integrated into this dataset; and the log-scale model error is high (-0.73) — treat this estimate with additional caution. The valuation gap is a research signal, not proof of undervaluation or overvaluation. This output is for research purposes only and does not constitute investment advice.","extreme_valuation_gap, neutral_report_risk, needs_review",Valuation gap of +107.1% exceeds 100% — the model estimate is likely unreliable for this observation. | Report risk is currently neutral because filing-text extraction has not yet been integrated for this dataset.,Needs review,legacy_xbrl_2010_2016,legacy_2010_2016,100.0,93.4,Needs review,Needs review,Needs review,,50,56.8,real_sec_filing,"risk_per1k=9.5, debt=13, legal=11, uncertainty=27, cost+cyber=8",ok,,True,Needs review,needs_review_flag_preserved
707549,LAM Research Corp,LRCX,2010,5432632902.8606415,3874883298.76521,-28.67393457185691,65.78574203574203,50,0.337908351346492,Potentially overvalued,Ridge Regression,"Research signal: Potentially overvalued. This signal was assigned because the model-estimated fair value is 28.7% below actual market cap; fundamentals score in the upper third of the training dataset; report risk is set to neutral because SEC filing text has not been integrated into this dataset; and the log-scale model error is moderate (+0.34). The valuation gap is a research signal, not proof of undervaluation or overvaluation. This output is for research purposes only and does not constitute investment advice.",neutral_report_risk,Report risk is currently neutral because filing-text extraction has not yet been integrated for this dataset.,Potentially overvalued,legacy_xbrl_2010_2016,legacy_2010_2016,57.1,33.6,Neutral relative value,Below-average relative value,Fairly valued / neutral,,50,63.9,real_sec_filing,"risk_per1k=11.4, debt=6, legal=24, uncertainty=25, cost+cyber=9",ok,,True,Fairly valued / neutral,
707549,LAM Research Corp,LRCX,2011,5866541352.081299,7959575048.07735,35.677472813747336,24.427586432259332,50,-0.3051103598041074,Possible value trap,Ridge Regression,"Research signal: Possible value trap. This signal was assigned because the model-estimated fair value is 35.7% above actual market cap; fundamentals score in the lower third of the training dataset; report risk is set to neutral because SEC filing text has not been integrated into this dataset; and the log-scale model error is moderate (-0.31). The valuation gap is a research signal, not proof of undervaluation or overvaluation. This output is for research purposes only and does not constitute investment advice.",neutral_report_risk,Report risk is currently neutral because filing-text extraction has not yet been integrated for this dataset.,Possible value trap,legacy_xbrl_2010_2016,legacy_2010_2016,69.2,75.9,Neutral relative value,Above-average relative value,Fairly valued / neutral,Very low quality score (24/100) — high valuation gap may not reflect fundamental strength.,50,69.4,real_sec_filing,"risk_per1k=10.8, debt=20, legal=21, uncertainty=20, cost+cyber=9",ok,,True,Fairly valued / neutral,
707549,LAM Research Corp,LRCX,2012,4995980346.708298,11827557519.666302,136.7414741224738,40.86852711151776,50,-0.8617985332753619,Possible value trap,Ridge Regression,"Research signal: Possible value trap. This signal was assigned because the model-estimated fair value is 136.7% above actual market cap; fundamentals score in the lower third of the training dataset; report risk is set to neutral because SEC filing text has not been integrated into this dataset; and the log-scale model error is high (-0.86) — treat this estimate with additional caution. The valuation gap is a research signal, not proof of undervaluation or overvaluation. This output is for research purposes only and does not constitute investment advice.","extreme_valuation_gap, neutral_report_risk, needs_review",Valuation gap of +136.7% exceeds 100% — the model estimate is likely unreliable for this observation. | Report risk is currently neutral because filing-text extraction has not yet been integrated for this dataset.,Needs review,legacy_xbrl_2010_2016,legacy_2010_2016,92.3,95.6,Needs review,Needs review,Needs review,,50,45.5,real_sec_filing,"risk_per1k=7.2, debt=18, legal=13, uncertainty=11, cost+cyber=6",ok,,True,Needs review,needs_review_flag_preserved
707549,LAM Research Corp,LRCX,2013,7505055985.212326,11652692099.494335,55.26455928449238,53.04027877626008,50,-0.439960310038721,Research candidate,Ridge Regression,"Research signal: Research candidate. This signal was assigned because the model-estimated fair value is 55.3% above actual market cap; fundamentals are in the middle range of the training dataset; report risk is set to neutral because SEC filing text has not been integrated into this dataset; and the log-scale model error is moderate (-0.44). The valuation gap is a research signal, not proof of undervaluation or overvaluation. This output is for research purposes only and does not constitute investment advice.",neutral_report_risk,Report risk is currently neutral because filing-text extraction has not yet been integrated for this dataset.,Research candidate,legacy_xbrl_2010_2016,legacy_2010_2016,88.5,86.1,Above-average relative value,Above-average relative value,Research candidate,,50,61.6,real_sec_filing,"risk_per1k=10.5, debt=18, legal=16, uncertainty=16, cost+cyber=5",ok,,True,Research candidate,
707549,LAM Research Corp,LRCX,2014,10734997142.305374,11391122451.139292,6.112021271512073,50.04379888024748,50,-0.0593251545474977,Fairly valued / neutral,Ridge Regression,"Research signal: Fairly valued / neutral. This signal was assigned because the model-estimated fair value is 6.1% above actual market cap; fundamentals are in the middle range of the training dataset; report risk is set to neutral because SEC filing text has not been integrated into this dataset; and the log-scale model error is low (-0.06). The valuation gap is a research signal, not proof of undervaluation or overvaluation. This output is for research purposes only and does not constitute investment advice.",neutral_report_risk,Report risk is currently neutral because filing-text extraction has not yet been integrated for this dataset.,Fairly valued / neutral,legacy_xbrl_2010_2016,legacy_2010_2016,84.0,61.3,Above-average relative value,Neutral relative value,Research candidate,,50,66.2,real_sec_filing,"risk_per1k=10.5, debt=29, legal=16, uncertainty=24, cost+cyber=4",ok,,True,Research candidate,
707549,LAM Research Corp,LRCX,2015,10992061410.131454,7658885726.602133,-30.323481275833412,47.27658322985425,50,0.3613068155965457,Potentially overvalued,Ridge Regression,"Research signal: Potentially overvalued. This signal was assigned because the model-estimated fair value is 30.3% below actual market cap; fundamentals are in the middle range of the training dataset; report risk is set to neutral because SEC filing text has not been integrated into this dataset; and the log-scale model error is moderate (+0.36). The valuation gap is a research signal, not proof of undervaluation or overvaluation. This output is for research purposes only and does not constitute investment advice.",neutral_report_risk,Report risk is currently neutral because filing-text extraction has not yet been integrated for this dataset.,Potentially overvalued,legacy_xbrl_2010_2016,legacy_2010_2016,42.3,30.7,Neutral relative value,Below-average relative value,Fairly valued / neutral,,50,67.2,real_sec_filing,"risk_per1k=10.3, debt=31, legal=17, uncertainty=24, cost+cyber=5",ok,,True,Fairly valued / neutral,
896878,Intuit Inc,INTU,2011,13928889865.756989,10070076666.121956,-27.70366652924439,74.53166278166279,50,0.3243967708236113,Potentially overvalued,Ridge Regression,"Research signal: Potentially overvalued. This signal was assigned because the model-estimated fair value is 27.7% below actual market cap; fundamentals score in the upper third of the training dataset; report risk is set to neutral because SEC filing text has not been integrated into this dataset; and the log-scale model error is moderate (+0.32). The valuation gap is a research signal, not proof of undervaluation or overvaluation. This output is for research purposes only and does not constitute investment advice.",neutral_report_risk,Report risk is currently neutral because filing-text extraction has not yet been integrated for this dataset.,Potentially overvalued,legacy_xbrl_2010_2016,legacy_2010_2016,26.9,35.0,Below-average relative value,Below-average relative value,Potentially overvalued,,50,16.8,real_sec_filing,"risk_per1k=2.9, debt=2, legal=18, uncertainty=3, cost+cyber=1",ok,,True,Potentially overvalued,
896878,Intuit Inc,INTU,2012,15641785357.521055,10604276627.291424,-32.205458744563586,77.86900093675794,50,0.388688506739733,Potentially overvalued,Ridge Regression,"Research signal: Potentially overvalued. This signal was assigned because the model-estimated fair value is 32.2% below actual market cap; fundamentals score in the upper third of the training dataset; report risk is set to neutral because SEC filing text has not been integrated into this dataset; and the log-scale model error is moderate (+0.39). The valuation gap is a research signal, not proof of undervaluation or overvaluation. This output is for research purposes only and does not constitute investment advice.",neutral_report_risk,Report risk is currently neutral because filing-text extraction has not yet been integrated for this dataset.,Potentially overvalued,legacy_xbrl_2010_2016,legacy_2010_2016,7.7,27.0,Low relative value,Below-average relative value,Potentially overvalued,,50,21.3,real_sec_filing,"risk_per1k=2.9, debt=4, legal=19, uncertainty=2, cost+cyber=1",ok,,True,Potentially overvalued,
896878,Intuit Inc,INTU,2013,20581211288.223267,7698119270.781888,-62.59637412504087,66.42508659564734,50,0.9834025377384918,Potentially overvalued,Ridge Regression,"Research signal: Potentially overvalued. This signal was assigned because the model-estimated fair value is 62.6% below actual market cap; fundamentals score in the upper third of the training dataset; report risk is set to neutral because SEC filing text has not been integrated into this dataset; and the log-scale model error is high (+0.98) — treat this estimate with additional caution. The valuation gap is a research signal, not proof of undervaluation or overvaluation. This output is for research purposes only and does not constitute investment advice.",neutral_report_risk,Report risk is currently neutral because filing-text extraction has not yet been integrated for this dataset.,Potentially overvalued,legacy_xbrl_2010_2016,legacy_2010_2016,7.7,5.8,Low relative value,Low relative value,Potentially overvalued,,50,25.8,real_sec_filing,"risk_per1k=3.3, debt=6, legal=16, uncertainty=3, cost+cyber=2",ok,,True,Potentially overvalued,
896878,Intuit Inc,INTU,2014,23899913848.495483,8024934812.28238,-66.42274585944772,73.48842668235191,50,1.0913213083624989,Potentially overvalued,Ridge Regression,"Research signal: Potentially overvalued. This signal was assigned because the model-estimated fair value is 66.4% below actual market cap; fundamentals score in the upper third of the training dataset; report risk is set to neutral because SEC filing text has not been integrated into this dataset; and the log-scale model error is high (+1.09) — treat this estimate with additional caution. The valuation gap is a research signal, not proof of undervaluation or overvaluation. This output is for research purposes only and does not constitute investment advice.","high_model_error, neutral_report_risk, needs_review",Model error of +1.091 (log scale) is large — the model fit was poor for this observation. | Report risk is currently neutral because filing-text extraction has not yet been integrated for this dataset.,Needs review,legacy_xbrl_2010_2016,legacy_2010_2016,8.0,4.4,Needs review,Needs review,Needs review,,50,17.5,real_sec_filing,"risk_per1k=3.6, debt=4, legal=14, uncertainty=3, cost+cyber=0",ok,,True,Needs review,needs_review_flag_preserved
896878,Intuit Inc,INTU,2015,24654392988.235474,9177632159.344898,-62.774860594928214,42.83932422717469,50,0.9881858624936156,Potentially overvalued,Ridge Regression,"Research signal: Potentially overvalued. This signal was assigned because the model-estimated fair value is 62.8% below actual market cap; fundamentals score in the lower third of the training dataset; report risk is set to neutral because SEC filing text has not been integrated into this dataset; and the log-scale model error is high (+0.99) — treat this estimate with additional caution. The valuation gap is a research signal, not proof of undervaluation or overvaluation. This output is for research purposes only and does not constitute investment advice.",neutral_report_risk,Report risk is currently neutral because filing-text extraction has not yet been integrated for this dataset.,Potentially overvalued,legacy_xbrl_2010_2016,legacy_2010_2016,15.4,5.1,Low relative value,Low relative value,Potentially overvalued,,50,18.3,real_sec_filing,"risk_per1k=3.8, debt=3, legal=15, uncertainty=4, cost+cyber=2",ok,,True,Potentially overvalued,
769397,Autodesk Inc,ADSK,2010,8671400173.187256,4989774762.715099,-42.457104238552745,44.38986013986014,50,0.5526395030717879,Potentially overvalued,Ridge Regression,"Research signal: Potentially overvalued. This signal was assigned because the model-estimated fair value is 42.5% below actual market cap; fundamentals score in the lower third of the training dataset; report risk is set to neutral because SEC filing text has not been integrated into this dataset; and the log-scale model error is moderate (+0.55). The valuation gap is a research signal, not proof of undervaluation or overvaluation. This output is for research purposes only and does not constitute investment advice.",neutral_report_risk,Report risk is currently neutral because filing-text extraction has not yet been integrated for this dataset.,Potentially overvalued,legacy_xbrl_2010_2016,legacy_2010_2016,42.9,19.7,Neutral relative value,Low relative value,Fairly valued / neutral,,50,53.0,real_sec_filing,"risk_per1k=9.4, debt=6, legal=25, uncertainty=13, cost+cyber=7",ok,,True,Fairly valued / neutral,
769397,Autodesk Inc,ADSK,2011,6854579.982757568,5792791965.7497425,84409.80191815234,54.33703679498072,50,-6.739452619661195,Research candidate,Ridge Regression,"Research signal: Research candidate. This signal was assigned because the model-estimated fair value is 84409.8% above actual market cap; fundamentals are in the middle range of the training dataset; report risk is set to neutral because SEC filing text has not been integrated into this dataset; and the log-scale model error is high (-6.74) — treat this estimate with additional caution. The valuation gap is a research signal, not proof of undervaluation or overvaluation. This output is for research purposes only and does not constitute investment advice.","suspicious_market_cap, extreme_valuation_gap, high_model_error, neutral_report_risk, needs_review",Market cap is unusually low ($6.85M) for a listed company — likely a units error in XBRL shares outstanding. | Valuation gap of +84409.8% exceeds 100% — the model estimate is likely unreliable for this observation. | Model error of -6.739 (log scale) is large — the model fit was poor for this observation. | Report risk is currently neutral because filing-text extraction has not yet been integrated for this dataset.,Needs review,legacy_xbrl_2010_2016,legacy_2010_2016,100.0,100.0,Needs review,Needs review,Needs review,,50,47.3,real_sec_filing,"risk_per1k=8.1, debt=5, legal=29, uncertainty=11, cost+cyber=7",ok,,True,Needs review,needs_review_flag_preserved
769397,Autodesk Inc,ADSK,2012,7904259658.813477,6773190436.377893,-14.309616222873048,38.65465583222592,50,0.1544295746483222,Potentially overvalued,Ridge Regression,"Research signal: Potentially overvalued. This signal was assigned because the model-estimated fair value is 14.3% below actual market cap; fundamentals score in the lower third of the training dataset; report risk is set to neutral because SEC filing text has not been integrated into this dataset; and the log-scale model error is low (+0.15). The valuation gap is a research signal, not proof of undervaluation or overvaluation. This output is for research purposes only and does not constitute investment advice.",neutral_report_risk,Report risk is currently neutral because filing-text extraction has not yet been integrated for this dataset.,Potentially overvalued,legacy_xbrl_2010_2016,legacy_2010_2016,30.8,47.4,Below-average relative value,Neutral relative value,Potentially overvalued,,50,57.9,real_sec_filing,"risk_per1k=10.7, debt=15, legal=17, uncertainty=9, cost+cyber=7",ok,,True,Potentially overvalued,
769397,Autodesk Inc,ADSK,2013,11407543930.81665,6123792099.674493,-46.31804938194002,33.56598697252903,50,0.6220933560925452,Potentially overvalued,Ridge Regression,"Research signal: Potentially overvalued. This signal was assigned because the model-estimated fair value is 46.3% below actual market cap; fundamentals score in the lower third of the training dataset; report risk is set to neutral because SEC filing text has not been integrated into this dataset; and the log-scale model error is high (+0.62) — treat this estimate with additional caution. The valuation gap is a research signal, not proof of undervaluation or overvaluation. This output is for research purposes only and does not constitute investment advice.",neutral_report_risk,Report risk is currently neutral because filing-text extraction has not yet been integrated for this dataset.,Potentially overvalued,legacy_xbrl_2010_2016,legacy_2010_2016,11.5,16.8,Low relative value,Low relative value,Potentially overvalued,,50,58.4,real_sec_filing,"risk_per1k=9.8, debt=17, legal=19, uncertainty=8, cost+cyber=11",ok,,True,Potentially overvalued,
769397,Autodesk Inc,ADSK,2014,13633620311.73706,9549512329.873388,-29.956151693235142,37.74895794755608,50,0.3560487356657091,Potentially overvalued,Ridge Regression,"Research signal: Potentially overvalued. This signal was assigned because the model-estimated fair value is 30.0% below actual market cap; fundamentals score in the lower third of the training dataset; report risk is set to neutral because SEC filing text has not been integrated into this dataset; and the log-scale model error is moderate (+0.36). The valuation gap is a research signal, not proof of undervaluation or overvaluation. This output is for research purposes only and does not constitute investment advice.",neutral_report_risk,Report risk is currently neutral because filing-text extraction has not yet been integrated for this dataset.,Potentially overvalued,legacy_xbrl_2010_2016,legacy_2010_2016,52.0,32.1,Neutral relative value,Below-average relative value,Fairly valued / neutral,,50,52.2,real_sec_filing,"risk_per1k=9.5, debt=15, legal=13, uncertainty=8, cost+cyber=12",ok,,True,Fairly valued / neutral,
769397,Autodesk Inc,ADSK,2015,13672692068.481443,10778861946.579882,-21.16503544003946,14.757833547553174,50,0.2378135748457701,Potentially overvalued,Ridge Regression,"Research signal: Potentially overvalued. This signal was assigned because the model-estimated fair value is 21.2% below actual market cap; fundamentals score in the lower third of the training dataset; report risk is set to neutral because SEC filing text has not been integrated into this dataset; and the log-scale model error is low (+0.24). The valuation gap is a research signal, not proof of undervaluation or overvaluation. This output is for research purposes only and does not constitute investment advice.",neutral_report_risk,Report risk is currently neutral because filing-text extraction has not yet been integrated for this dataset.,Potentially overvalued,legacy_xbrl_2010_2016,legacy_2010_2016,46.2,40.9,Neutral relative value,Neutral relative value,Fairly valued / neutral,Very low quality score (15/100) — high valuation gap may not reflect fundamental strength.,50,53.6,real_sec_filing,"risk_per1k=10.7, debt=16, legal=14, uncertainty=7, cost+cyber=4",ok,,True,Fairly valued / neutral,
712515,Electronic Arts Inc,EA,2010,5293398138.999939,7796951492.4893875,47.29576895121732,25.944055944055943,50,-0.3872724130436324,Possible value trap,Ridge Regression,"Research signal: Possible value trap. This signal was assigned because the model-estimated fair value is 47.3% above actual market cap; fundamentals score in the lower third of the training dataset; report risk is set to neutral because SEC filing text has not been integrated into this dataset; and the log-scale model error is moderate (-0.39). The valuation gap is a research signal, not proof of undervaluation or overvaluation. This output is for research purposes only and does not constitute investment advice.",neutral_report_risk,Report risk is currently neutral because filing-text extraction has not yet been integrated for this dataset.,Possible value trap,legacy_xbrl_2010_2016,legacy_2010_2016,100.0,82.5,Top decile relative value,Above-average relative value,Possible value trap,Very low quality score (26/100) — high valuation gap may not reflect fundamental strength.,50,40.2,real_sec_filing,"risk_per1k=7.2, debt=5, legal=20, uncertainty=17, cost+cyber=3",ok,,True,Possible value trap,
712515,Electronic Arts Inc,EA,2011,6397254638.671875,9684870866.395395,51.391048401444586,36.095004683789725,50,-0.4146960277814422,Possible value trap,Ridge Regression,"Research signal: Possible value trap. This signal was assigned because the model-estimated fair value is 51.4% above actual market cap; fundamentals score in the lower third of the training dataset; report risk is set to neutral because SEC filing text has not been integrated into this dataset; and the log-scale model error is moderate (-0.41). The valuation gap is a research signal, not proof of undervaluation or overvaluation. This output is for research purposes only and does not constitute investment advice.",neutral_report_risk,Report risk is currently neutral because filing-text extraction has not yet been integrated for this dataset.,Possible value trap,legacy_xbrl_2010_2016,legacy_2010_2016,80.8,84.7,Above-average relative value,Above-average relative value,Possible value trap,,50,37.9,real_sec_filing,"risk_per1k=7.7, debt=4, legal=19, uncertainty=13, cost+cyber=7",ok,,True,Possible value trap,
712515,Electronic Arts Inc,EA,2012,4255493400.5737305,8029030916.656746,88.67450048387487,23.06554582489162,50,-0.6348531246843017,Possible value trap,Ridge Regression,"Research signal: Possible value trap. This signal was assigned because the model-estimated fair value is 88.7% above actual market cap; fundamentals score in the lower third of the training dataset; report risk is set to neutral because SEC filing text has not been integrated into this dataset; and the log-scale model error is high (-0.63) — treat this estimate with additional caution. The valuation gap is a research signal, not proof of undervaluation or overvaluation. This output is for research purposes only and does not constitute investment advice.",neutral_report_risk,Report risk is currently neutral because filing-text extraction has not yet been integrated for this dataset.,Possible value trap,legacy_xbrl_2010_2016,legacy_2010_2016,84.6,91.2,Above-average relative value,Top decile relative value,Possible value trap,Very low quality score (23/100) — high valuation gap may not reflect fundamental strength.,50,56.3,real_sec_filing,"risk_per1k=9.2, debt=14, legal=19, uncertainty=16, cost+cyber=6",ok,,True,Possible value trap,
712515,Electronic Arts Inc,EA,2013,6923571300.506592,7091478863.289703,2.4251582816923674,20.41380193015707,50,-0.0239621827860219,Fairly valued / neutral,Ridge Regression,"Research signal: Fairly valued / neutral. This signal was assigned because the model-estimated fair value is within 5% of actual market cap; fundamentals score in the lower third of the training dataset; report risk is set to neutral because SEC filing text has not been integrated into this dataset; and the log-scale model error is low (-0.02). The valuation gap is a research signal, not proof of undervaluation or overvaluation. This output is for research purposes only and does not constitute investment advice.",neutral_report_risk,Report risk is currently neutral because filing-text extraction has not yet been integrated for this dataset.,Fairly valued / neutral,legacy_xbrl_2010_2016,legacy_2010_2016,65.4,59.9,Neutral relative value,Neutral relative value,Fairly valued / neutral,Very low quality score (20/100) — high valuation gap may not reflect fundamental strength.,50,57.0,real_sec_filing,"risk_per1k=9.5, debt=21, legal=19, uncertainty=12, cost+cyber=5",ok,,True,Fairly valued / neutral,
712515,Electronic Arts Inc,EA,2014,14145579414.367676,16026165430.345932,13.294513861115815,73.83336056466896,50,-0.1248205595241422,Research candidate,Ridge Regression,"Research signal: Research candidate. This signal was assigned because the model-estimated fair value is 13.3% above actual market cap; fundamentals score in the upper third of the training dataset; report risk is set to neutral because SEC filing text has not been integrated into this dataset; and the log-scale model error is low (-0.12). The valuation gap is a research signal, not proof of undervaluation or overvaluation. This output is for research purposes only and does not constitute investment advice.",neutral_report_risk,Report risk is currently neutral because filing-text extraction has not yet been integrated for this dataset.,Research candidate,legacy_xbrl_2010_2016,legacy_2010_2016,88.0,65.7,Above-average relative value,Neutral relative value,Research candidate,,50,61.0,real_sec_filing,"risk_per1k=8.7, debt=23, legal=23, uncertainty=14, cost+cyber=10",ok,,True,Research candidate,
712515,Electronic Arts Inc,EA,2015,20073635620.117188,5909600142.053679,-70.56038948853262,58.76481929285667,50,1.2228291221243277,Potentially overvalued,Ridge Regression,"Research signal: Potentially overvalued. This signal was assigned because the model-estimated fair value is 70.6% below actual market cap; fundamentals are in the middle range of the training dataset; report risk is set to neutral because SEC filing text has not been integrated into this dataset; and the log-scale model error is high (+1.22) — treat this estimate with additional caution. The valuation gap is a research signal, not proof of undervaluation or overvaluation. This output is for research purposes only and does not constitute investment advice.","high_model_error, neutral_report_risk, needs_review",Model error of +1.223 (log scale) is large — the model fit was poor for this observation. | Report risk is currently neutral because filing-text extraction has not yet been integrated for this dataset.,Needs review,legacy_xbrl_2010_2016,legacy_2010_2016,7.7,2.2,Needs review,Needs review,Needs review,,50,64.9,real_sec_filing,"risk_per1k=10.2, debt=19, legal=23, uncertainty=13, cost+cyber=11",ok,,True,Needs review,needs_review_flag_preserved
1065088,eBay Inc,EBAY,2011,34514210375.44979,29859331066.621563,-13.486848628990444,64.93803418803418,50,0.1448737446358023,Potentially overvalued,Ridge Regression,"Research signal: Potentially overvalued. This signal was assigned because the model-estimated fair value is 13.5% below actual market cap; fundamentals are in the middle range of the training dataset; report risk is set to neutral because SEC filing text has not been integrated into this dataset; and the log-scale model error is low (+0.14). The valuation gap is a research signal, not proof of undervaluation or overvaluation. This output is for research purposes only and does not constitute investment advice.",neutral_report_risk,Report risk is currently neutral because filing-text extraction has not yet been integrated for this dataset.,Potentially overvalued,legacy_xbrl_2010_2016,legacy_2010_2016,38.5,48.9,Below-average relative value,Neutral relative value,Potentially overvalued,,50,45.6,real_sec_filing,"risk_per1k=6.5, debt=8, legal=80, uncertainty=6, cost+cyber=0",ok,,True,Potentially overvalued,
1065088,eBay Inc,EBAY,2012,58374670665.06958,40390434197.43485,-30.8082876746681,59.82900355096618,50,0.3682890946215558,Potentially overvalued,Ridge Regression,"Research signal: Potentially overvalued. This signal was assigned because the model-estimated fair value is 30.8% below actual market cap; fundamentals are in the middle range of the training dataset; report risk is set to neutral because SEC filing text has not been integrated into this dataset; and the log-scale model error is moderate (+0.37). The valuation gap is a research signal, not proof of undervaluation or overvaluation. This output is for research purposes only and does not constitute investment advice.",neutral_report_risk,Report risk is currently neutral because filing-text extraction has not yet been integrated for this dataset.,Potentially overvalued,legacy_xbrl_2010_2016,legacy_2010_2016,11.5,29.2,Low relative value,Below-average relative value,Potentially overvalued,,50,49.9,real_sec_filing,"risk_per1k=6.8, debt=11, legal=69, uncertainty=7, cost+cyber=1",ok,,True,Potentially overvalued,
1065088,eBay Inc,EBAY,2013,62804290987.24365,45553177553.97788,-27.468049017175737,59.35988207016244,50,0.3211430179972332,Potentially overvalued,Ridge Regression,"Research signal: Potentially overvalued. This signal was assigned because the model-estimated fair value is 27.5% below actual market cap; fundamentals are in the middle range of the training dataset; report risk is set to neutral because SEC filing text has not been integrated into this dataset; and the log-scale model error is moderate (+0.32). The valuation gap is a research signal, not proof of undervaluation or overvaluation. This output is for research purposes only and does not constitute investment advice.",neutral_report_risk,Report risk is currently neutral because filing-text extraction has not yet been integrated for this dataset.,Potentially overvalued,legacy_xbrl_2010_2016,legacy_2010_2016,34.6,35.8,Below-average relative value,Below-average relative value,Potentially overvalued,,50,54.7,real_sec_filing,"risk_per1k=6.9, debt=19, legal=55, uncertainty=9, cost+cyber=1",ok,,True,Potentially overvalued,
1065088,eBay Inc,EBAY,2014,60760213920.043945,39935262262.10041,-34.27399331632978,41.505486206420784,50,0.4196754988873863,Potentially overvalued,Ridge Regression,"Research signal: Potentially overvalued. This signal was assigned because the model-estimated fair value is 34.3% below actual market cap; fundamentals score in the lower third of the training dataset; report risk is set to neutral because SEC filing text has not been integrated into this dataset; and the log-scale model error is moderate (+0.42). The valuation gap is a research signal, not proof of undervaluation or overvaluation. This output is for research purposes only and does not constitute investment advice.",neutral_report_risk,Report risk is currently neutral because filing-text extraction has not yet been integrated for this dataset.,Potentially overvalued,legacy_xbrl_2010_2016,legacy_2010_2016,44.0,24.8,Neutral relative value,Below-average relative value,Fairly valued / neutral,,50,48.9,real_sec_filing,"risk_per1k=9.4, debt=17, legal=18, uncertainty=7, cost+cyber=0",ok,,True,Fairly valued / neutral,
1065088,eBay Inc,EBAY,2015,28779850646.972656,22973010008.26595,-20.17675737770907,46.73986086602909,50,0.2253554630095955,Potentially overvalued,Ridge Regression,"Research signal: Potentially overvalued. This signal was assigned because the model-estimated fair value is 20.2% below actual market cap; fundamentals are in the middle range of the training dataset; report risk is set to neutral because SEC filing text has not been integrated into this dataset; and the log-scale model error is low (+0.23). The valuation gap is a research signal, not proof of undervaluation or overvaluation. This output is for research purposes only and does not constitute investment advice.",neutral_report_risk,Report risk is currently neutral because filing-text extraction has not yet been integrated for this dataset.,Potentially overvalued,legacy_xbrl_2010_2016,legacy_2010_2016,50.0,41.6,Neutral relative value,Neutral relative value,Fairly valued / neutral,,50,72.1,real_sec_filing,"risk_per1k=10.2, debt=58, legal=87, uncertainty=12, cost+cyber=1",ok,,True,Fairly valued / neutral,
68505,Motorola Solutions Inc,MSI,2011,11568205207.824709,16192238777.782066,39.971918606956166,60.11674436674437,50,-0.3362716351231931,Research candidate,Ridge Regression,"Research signal: Research candidate. This signal was assigned because the model-estimated fair value is 40.0% above actual market cap; fundamentals are in the middle range of the training dataset; report risk is set to neutral because SEC filing text has not been integrated into this dataset; and the log-scale model error is moderate (-0.34). The valuation gap is a research signal, not proof of undervaluation or overvaluation. This output is for research purposes only and does not constitute investment advice.",neutral_report_risk,Report risk is currently neutral because filing-text extraction has not yet been integrated for this dataset.,Research candidate,legacy_xbrl_2010_2016,legacy_2010_2016,76.9,79.6,Above-average relative value,Above-average relative value,Research candidate,,50,61.5,real_sec_filing,"risk_per1k=8.8, debt=11, legal=37, uncertainty=17, cost+cyber=4",ok,,True,Research candidate,
68505,Motorola Solutions Inc,MSI,2012,12282344478.607178,16234682188.643906,32.179016937041034,60.20590339048283,50,-0.2789870067216782,Research candidate,Ridge Regression,"Research signal: Research candidate. This signal was assigned because the model-estimated fair value is 32.2% above actual market cap; fundamentals are in the middle range of the training dataset; report risk is set to neutral because SEC filing text has not been integrated into this dataset; and the log-scale model error is low (-0.28). The valuation gap is a research signal, not proof of undervaluation or overvaluation. This output is for research purposes only and does not constitute investment advice.",neutral_report_risk,Report risk is currently neutral because filing-text extraction has not yet been integrated for this dataset.,Research candidate,legacy_xbrl_2010_2016,legacy_2010_2016,57.7,73.0,Neutral relative value,Above-average relative value,Fairly valued / neutral,,50,63.1,real_sec_filing,"risk_per1k=8.7, debt=13, legal=43, uncertainty=15, cost+cyber=5",ok,,True,Fairly valued / neutral,
68505,Motorola Solutions Inc,MSI,2013,13988027509.689331,10503002668.846031,-24.914340770557285,51.13576817782425,50,0.2865406011188973,Potentially overvalued,Ridge Regression,"Research signal: Potentially overvalued. This signal was assigned because the model-estimated fair value is 24.9% below actual market cap; fundamentals are in the middle range of the training dataset; report risk is set to neutral because SEC filing text has not been integrated into this dataset; and the log-scale model error is low (+0.29). The valuation gap is a research signal, not proof of undervaluation or overvaluation. This output is for research purposes only and does not constitute investment advice.",neutral_report_risk,Report risk is currently neutral because filing-text extraction has not yet been integrated for this dataset.,Potentially overvalued,legacy_xbrl_2010_2016,legacy_2010_2016,46.2,39.4,Neutral relative value,Below-average relative value,Fairly valued / neutral,,50,50.0,real_sec_filing,"risk_per1k=7.3, debt=9, legal=29, uncertainty=10, cost+cyber=5",ok,,True,Fairly valued / neutral,
68505,Motorola Solutions Inc,MSI,2014,12243418589.019775,6258143105.910523,-48.88565591049061,32.24623299856945,50,0.6711050219164321,Potentially overvalued,Ridge Regression,"Research signal: Potentially overvalued. This signal was assigned because the model-estimated fair value is 48.9% below actual market cap; fundamentals score in the lower third of the training dataset; report risk is set to neutral because SEC filing text has not been integrated into this dataset; and the log-scale model error is high (+0.67) — treat this estimate with additional caution. The valuation gap is a research signal, not proof of undervaluation or overvaluation. This output is for research purposes only and does not constitute investment advice.",neutral_report_risk,Report risk is currently neutral because filing-text extraction has not yet been integrated for this dataset.,Potentially overvalued,legacy_xbrl_2010_2016,legacy_2010_2016,24.0,14.6,Below-average relative value,Low relative value,Potentially overvalued,,50,49.7,real_sec_filing,"risk_per1k=8.9, debt=6, legal=27, uncertainty=10, cost+cyber=8",ok,,True,Potentially overvalued,
68505,Motorola Solutions Inc,MSI,2015,10121018492.889404,8921549735.614012,-11.851265345657536,17.302656326020813,50,0.1261446317073371,Potentially overvalued,Ridge Regression,"Research signal: Potentially overvalued. This signal was assigned because the model-estimated fair value is 11.9% below actual market cap; fundamentals score in the lower third of the training dataset; report risk is set to neutral because SEC filing text has not been integrated into this dataset; and the log-scale model error is low (+0.13). The valuation gap is a research signal, not proof of undervaluation or overvaluation. This output is for research purposes only and does not constitute investment advice.",neutral_report_risk,Report risk is currently neutral because filing-text extraction has not yet been integrated for this dataset.,Potentially overvalued,legacy_xbrl_2010_2016,legacy_2010_2016,65.4,50.4,Neutral relative value,Neutral relative value,Fairly valued / neutral,Very low quality score (17/100) — high valuation gap may not reflect fundamental strength.,50,60.6,real_sec_filing,"risk_per1k=9.3, debt=18, legal=27, uncertainty=10, cost+cyber=10",ok,,True,Fairly valued / neutral,
1086222,Akamai Technologies Inc,AKAM,2011,5729849046.039551,4840227600.162792,-15.52608871069058,49.78846153846154,50,0.1687274414339761,Potentially overvalued,Ridge Regression,"Research signal: Potentially overvalued. This signal was assigned because the model-estimated fair value is 15.5% below actual market cap; fundamentals are in the middle range of the training dataset; report risk is set to neutral because SEC filing text has not been integrated into this dataset; and the log-scale model error is low (+0.17). The valuation gap is a research signal, not proof of undervaluation or overvaluation. This output is for research purposes only and does not constitute investment advice.",neutral_report_risk,Report risk is currently neutral because filing-text extraction has not yet been integrated for this dataset.,Potentially overvalued,legacy_xbrl_2010_2016,legacy_2010_2016,30.8,45.3,Below-average relative value,Neutral relative value,Potentially overvalued,,50,43.0,real_sec_filing,"risk_per1k=7.3, debt=4, legal=26, uncertainty=16, cost+cyber=7",ok,,True,Potentially overvalued,
1086222,Akamai Technologies Inc,AKAM,2012,7273094893.612495,8788873229.381407,20.84089865375089,53.34667668779818,50,-0.1893046072269157,Research candidate,Ridge Regression,"Research signal: Research candidate. This signal was assigned because the model-estimated fair value is 20.8% above actual market cap; fundamentals are in the middle range of the training dataset; report risk is set to neutral because SEC filing text has not been integrated into this dataset; and the log-scale model error is low (-0.19). The valuation gap is a research signal, not proof of undervaluation or overvaluation. This output is for research purposes only and does not constitute investment advice.",neutral_report_risk,Report risk is currently neutral because filing-text extraction has not yet been integrated for this dataset.,Research candidate,legacy_xbrl_2010_2016,legacy_2010_2016,50.0,69.3,Neutral relative value,Neutral relative value,Fairly valued / neutral,,50,41.6,real_sec_filing,"risk_per1k=7.8, debt=3, legal=22, uncertainty=18, cost+cyber=9",ok,,True,Fairly valued / neutral,
1086222,Akamai Technologies Inc,AKAM,2013,8425437291.778503,7992409246.998628,-5.139531988475212,57.291429754046575,50,0.052763131843001,Fairly valued / neutral,Ridge Regression,"Research signal: Fairly valued / neutral. This signal was assigned because the model-estimated fair value is 5.1% below actual market cap; fundamentals are in the middle range of the training dataset; report risk is set to neutral because SEC filing text has not been integrated into this dataset; and the log-scale model error is low (+0.05). The valuation gap is a research signal, not proof of undervaluation or overvaluation. This output is for research purposes only and does not constitute investment advice.",neutral_report_risk,Report risk is currently neutral because filing-text extraction has not yet been integrated for this dataset.,Fairly valued / neutral,legacy_xbrl_2010_2016,legacy_2010_2016,57.7,54.7,Neutral relative value,Neutral relative value,Fairly valued / neutral,,50,53.9,real_sec_filing,"risk_per1k=8.1, debt=11, legal=19, uncertainty=18, cost+cyber=7",ok,,True,Fairly valued / neutral,
1086222,Akamai Technologies Inc,AKAM,2014,11225805801.640924,11179195488.243004,-0.4152068387919856,59.27807550704747,50,0.0041607121585194,Fairly valued / neutral,Ridge Regression,"Research signal: Fairly valued / neutral. This signal was assigned because the model-estimated fair value is within 5% of actual market cap; fundamentals are in the middle range of the training dataset; report risk is set to neutral because SEC filing text has not been integrated into this dataset; and the log-scale model error is low (+0.00). The valuation gap is a research signal, not proof of undervaluation or overvaluation. This output is for research purposes only and does not constitute investment advice.",neutral_report_risk,Report risk is currently neutral because filing-text extraction has not yet been integrated for this dataset.,Fairly valued / neutral,legacy_xbrl_2010_2016,legacy_2010_2016,80.0,58.4,Above-average relative value,Neutral relative value,Research candidate,,50,54.8,real_sec_filing,"risk_per1k=7.8, debt=11, legal=26, uncertainty=18, cost+cyber=3",ok,,True,Research candidate,
1086222,Akamai Technologies Inc,AKAM,2015,9326677275.31303,10704619358.964563,14.77420139001524,50.37102694812975,50,-0.1377965460747638,Research candidate,Ridge Regression,"Research signal: Research candidate. This signal was assigned because the model-estimated fair value is 14.8% above actual market cap; fundamentals are in the middle range of the training dataset; report risk is set to neutral because SEC filing text has not been integrated into this dataset; and the log-scale model error is low (-0.14). The valuation gap is a research signal, not proof of undervaluation or overvaluation. This output is for research purposes only and does not constitute investment advice.",neutral_report_risk,Report risk is currently neutral because filing-text extraction has not yet been integrated for this dataset.,Research candidate,legacy_xbrl_2010_2016,legacy_2010_2016,80.8,66.4,Above-average relative value,Neutral relative value,Research candidate,,50,56.0,real_sec_filing,"risk_per1k=8.0, debt=13, legal=30, uncertainty=13, cost+cyber=3",ok,,True,Research candidate,
789019,Microsoft Corp,MSFT,2017,603274416525.0157,328152449127.8063,-45.60477949354597,47.6672090655312,50,0.6088938943232058,Potentially overvalued,Random Forest,"Research signal: Potentially overvalued. This signal was assigned because the model-estimated fair value is 45.6% below actual market cap; fundamentals are in the middle range of the training dataset; report risk is set to neutral because SEC filing text has not been integrated into this dataset; and the log-scale model error is high (+0.61) — treat this estimate with additional caution. The valuation gap is a research signal, not proof of undervaluation or overvaluation. This output is for research purposes only and does not constitute investment advice.",neutral_report_risk,Report risk is currently neutral because filing-text extraction has not yet been integrated for this dataset.,Potentially overvalued,modern_sec_facts_2017_current,modern_2017_2020,17.9,9.8,Low relative value,Low relative value,Potentially overvalued,,50,23.1,real_sec_filing,"risk_per1k=4.6, debt=3, legal=10, uncertainty=13, cost+cyber=1",ok,,True,Potentially overvalued,
789019,Microsoft Corp,MSFT,2018,725507596103.645,645150699786.3937,-11.07595520002959,49.94228482557034,50,0.1173876098478068,Potentially overvalued,Random Forest,"Research signal: Potentially overvalued. This signal was assigned because the model-estimated fair value is 11.1% below actual market cap; fundamentals are in the middle range of the training dataset; report risk is set to neutral because SEC filing text has not been integrated into this dataset; and the log-scale model error is low (+0.12). The valuation gap is a research signal, not proof of undervaluation or overvaluation. This output is for research purposes only and does not constitute investment advice.",neutral_report_risk,Report risk is currently neutral because filing-text extraction has not yet been integrated for this dataset.,Potentially overvalued,modern_sec_facts_2017_current,modern_2017_2020,39.3,51.8,Below-average relative value,Neutral relative value,Potentially overvalued,,50,21.0,real_sec_filing,"risk_per1k=4.7, debt=2, legal=10, uncertainty=10, cost+cyber=5",ok,,True,Potentially overvalued,
789019,Microsoft Corp,MSFT,2019,1138205408868.9453,907715784505.2628,-20.250266126632116,59.00573393624884,50,0.2262767813397666,Potentially overvalued,Random Forest,"Research signal: Potentially overvalued. This signal was assigned because the model-estimated fair value is 20.3% below actual market cap; fundamentals are in the middle range of the training dataset; report risk is set to neutral because SEC filing text has not been integrated into this dataset; and the log-scale model error is low (+0.23). The valuation gap is a research signal, not proof of undervaluation or overvaluation. This output is for research purposes only and does not constitute investment advice.",neutral_report_risk,Report risk is currently neutral because filing-text extraction has not yet been integrated for this dataset.,Potentially overvalued,modern_sec_facts_2017_current,modern_2017_2020,39.3,39.3,Below-average relative value,Below-average relative value,Potentially overvalued,,50,21.7,real_sec_filing,"risk_per1k=4.1, debt=2, legal=11, uncertainty=9, cost+cyber=8",ok,,True,Potentially overvalued,
789019,Microsoft Corp,MSFT,2020,1607934101249.6973,1138687355210.9368,-29.183207550238453,62.77377650666655,50,0.3450740319176937,Potentially overvalued,Random Forest,"Research signal: Potentially overvalued. This signal was assigned because the model-estimated fair value is 29.2% below actual market cap; fundamentals are in the middle range of the training dataset; report risk is set to neutral because SEC filing text has not been integrated into this dataset; and the log-scale model error is moderate (+0.35). The valuation gap is a research signal, not proof of undervaluation or overvaluation. This output is for research purposes only and does not constitute investment advice.",neutral_report_risk,Report risk is currently neutral because filing-text extraction has not yet been integrated for this dataset.,Potentially overvalued,modern_sec_facts_2017_current,modern_2017_2020,28.6,26.8,Below-average relative value,Below-average relative value,Potentially overvalued,,50,23.2,real_sec_filing,"risk_per1k=4.8, debt=3, legal=12, uncertainty=8, cost+cyber=6",ok,,True,Potentially overvalued,
789019,Microsoft Corp,MSFT,2021,2434634873911.5293,1613772539077.3792,-33.71603453274033,74.17050181034402,50,0.4112221662022186,Potentially overvalued,Random Forest,"Research signal: Potentially overvalued. This signal was assigned because the model-estimated fair value is 33.7% below actual market cap; fundamentals score in the upper third of the training dataset; report risk is set to neutral because SEC filing text has not been integrated into this dataset; and the log-scale model error is moderate (+0.41). The valuation gap is a research signal, not proof of undervaluation or overvaluation. This output is for research purposes only and does not constitute investment advice.",neutral_report_risk,Report risk is currently neutral because filing-text extraction has not yet been integrated for this dataset.,Potentially overvalued,modern_sec_facts_2017_current,modern_2021_2024,28.6,19.6,Below-average relative value,Low relative value,Potentially overvalued,,50,17.9,real_sec_filing,"risk_per1k=2.9, debt=3, legal=14, uncertainty=1, cost+cyber=4",ok,,True,Potentially overvalued,
789019,Microsoft Corp,MSFT,2022,1739043462316.8125,1733595761197.7874,-0.3132584801398543,77.10341399713104,50,0.0031375016160772,Fairly valued / neutral,Random Forest,"Research signal: Fairly valued / neutral. This signal was assigned because the model-estimated fair value is within 5% of actual market cap; fundamentals score in the upper third of the training dataset; report risk is set to neutral because SEC filing text has not been integrated into this dataset; and the log-scale model error is low (+0.00). The valuation gap is a research signal, not proof of undervaluation or overvaluation. This output is for research purposes only and does not constitute investment advice.",neutral_report_risk,Report risk is currently neutral because filing-text extraction has not yet been integrated for this dataset.,Fairly valued / neutral,modern_sec_facts_2017_current,modern_2021_2024,42.9,63.4,Neutral relative value,Neutral relative value,Fairly valued / neutral,,50,17.7,real_sec_filing,"risk_per1k=2.0, debt=3, legal=16, uncertainty=0, cost+cyber=4",ok,,True,Fairly valued / neutral,
789019,Microsoft Corp,MSFT,2023,2740639354957.0854,2456131601792.1855,-10.381072308923144,82.91921606784692,50,0.1096036417644192,Potentially overvalued,Random Forest,"Research signal: Potentially overvalued. This signal was assigned because the model-estimated fair value is 10.4% below actual market cap; fundamentals score in the upper third of the training dataset; report risk is set to neutral because SEC filing text has not been integrated into this dataset; and the log-scale model error is low (+0.11). The valuation gap is a research signal, not proof of undervaluation or overvaluation. This output is for research purposes only and does not constitute investment advice.",neutral_report_risk,Report risk is currently neutral because filing-text extraction has not yet been integrated for this dataset.,Potentially overvalued,modern_sec_facts_2017_current,modern_2021_2024,46.4,52.7,Neutral relative value,Neutral relative value,Fairly valued / neutral,Original signal used absolute thresholds (trained on 2010–2016 valuations). Calibrated signal compares against 2023 peers — valuations in this era were generally higher.,50,20.8,real_sec_filing,"risk_per1k=2.8, debt=4, legal=14, uncertainty=0, cost+cyber=6",ok,,True,Fairly valued / neutral,
789019,Microsoft Corp,MSFT,2024,3096294654249.1597,2480202806287.55,-19.89771377592001,84.79294155608804,50,0.2218657901977501,Potentially overvalued,Random Forest,"Research signal: Potentially overvalued. This signal was assigned because the model-estimated fair value is 19.9% below actual market cap; fundamentals score in the upper third of the training dataset; report risk is set to neutral because SEC filing text has not been integrated into this dataset; and the log-scale model error is low (+0.22). The valuation gap is a research signal, not proof of undervaluation or overvaluation. This output is for research purposes only and does not constitute investment advice.",neutral_report_risk,Report risk is currently neutral because filing-text extraction has not yet been integrated for this dataset.,Potentially overvalued,modern_sec_facts_2017_current,modern_2021_2024,42.9,42.0,Neutral relative value,Neutral relative value,Fairly valued / neutral,Original signal used absolute thresholds (trained on 2010–2016 valuations). Calibrated signal compares against 2024 peers — valuations in this era were generally higher.,50,31.7,real_sec_filing,"risk_per1k=3.8, debt=4, legal=26, uncertainty=1, cost+cyber=9",ok,,True,Fairly valued / neutral,
1018724,Amazon COM Inc,AMZN,2017,566148820507.0718,224008196949.2728,-60.43298354862955,36.25173803109213,50,0.927174332691184,Potentially overvalued,Random Forest,"Research signal: Potentially overvalued. This signal was assigned because the model-estimated fair value is 60.4% below actual market cap; fundamentals score in the lower third of the training dataset; report risk is set to neutral because SEC filing text has not been integrated into this dataset; and the log-scale model error is high (+0.93) — treat this estimate with additional caution. The valuation gap is a research signal, not proof of undervaluation or overvaluation. This output is for research purposes only and does not constitute investment advice.",neutral_report_risk,Report risk is currently neutral because filing-text extraction has not yet been integrated for this dataset.,Potentially overvalued,modern_sec_facts_2017_current,modern_2017_2020,10.7,2.7,Low relative value,Low relative value,Potentially overvalued,,50,49.4,real_sec_filing,"risk_per1k=9.5, debt=4, legal=26, uncertainty=22, cost+cyber=1",ok,,True,Potentially overvalued,
1018724,Amazon COM Inc,AMZN,2018,737772035273.5581,492311126420.5889,-33.27056287271106,45.31710698902577,50,0.4045239941854923,Potentially overvalued,Random Forest,"Research signal: Potentially overvalued. This signal was assigned because the model-estimated fair value is 33.3% below actual market cap; fundamentals are in the middle range of the training dataset; report risk is set to neutral because SEC filing text has not been integrated into this dataset; and the log-scale model error is moderate (+0.40). The valuation gap is a research signal, not proof of undervaluation or overvaluation. This output is for research purposes only and does not constitute investment advice.",neutral_report_risk,Report risk is currently neutral because filing-text extraction has not yet been integrated for this dataset.,Potentially overvalued,modern_sec_facts_2017_current,modern_2017_2020,21.4,20.5,Below-average relative value,Below-average relative value,Potentially overvalued,,50,52.1,real_sec_filing,"risk_per1k=9.7, debt=5, legal=25, uncertainty=22, cost+cyber=1",ok,,True,Potentially overvalued,
1018724,Amazon COM Inc,AMZN,2019,919874033825.9546,763039034421.9669,-17.04961697328025,49.98629187139278,50,0.1869275518008777,Potentially overvalued,Random Forest,"Research signal: Potentially overvalued. This signal was assigned because the model-estimated fair value is 17.0% below actual market cap; fundamentals are in the middle range of the training dataset; report risk is set to neutral because SEC filing text has not been integrated into this dataset; and the log-scale model error is low (+0.19). The valuation gap is a research signal, not proof of undervaluation or overvaluation. This output is for research purposes only and does not constitute investment advice.",neutral_report_risk,Report risk is currently neutral because filing-text extraction has not yet been integrated for this dataset.,Potentially overvalued,modern_sec_facts_2017_current,modern_2017_2020,50.0,44.6,Neutral relative value,Neutral relative value,Fairly valued / neutral,Original signal used absolute thresholds (trained on 2010–2016 valuations). Calibrated signal compares against 2019 peers — valuations in this era were generally higher.,50,61.4,real_sec_filing,"risk_per1k=11.8, debt=4, legal=40, uncertainty=21, cost+cyber=4",ok,,True,Fairly valued / neutral,
1018724,Amazon COM Inc,AMZN,2020,1640075083995.619,744709751129.7611,-54.59294770118278,64.86899855124894,50,0.7895027560259749,Potentially overvalued,Random Forest,"Research signal: Potentially overvalued. This signal was assigned because the model-estimated fair value is 54.6% below actual market cap; fundamentals are in the middle range of the training dataset; report risk is set to neutral because SEC filing text has not been integrated into this dataset; and the log-scale model error is high (+0.79) — treat this estimate with additional caution. The valuation gap is a research signal, not proof of undervaluation or overvaluation. This output is for research purposes only and does not constitute investment advice.",neutral_report_risk,Report risk is currently neutral because filing-text extraction has not yet been integrated for this dataset.,Potentially overvalued,modern_sec_facts_2017_current,modern_2017_2020,3.6,6.2,Low relative value,Low relative value,Potentially overvalued,,50,66.0,real_sec_filing,"risk_per1k=12.7, debt=4, legal=41, uncertainty=21, cost+cyber=6",ok,,True,Potentially overvalued,
1018724,Amazon COM Inc,AMZN,2021,1696660221589.859,1042113923466.3486,-38.57851382347883,58.190720764703094,50,0.487410474320562,Potentially overvalued,Random Forest,"Research signal: Potentially overvalued. This signal was assigned because the model-estimated fair value is 38.6% below actual market cap; fundamentals are in the middle range of the training dataset; report risk is set to neutral because SEC filing text has not been integrated into this dataset; and the log-scale model error is moderate (+0.49). The valuation gap is a research signal, not proof of undervaluation or overvaluation. This output is for research purposes only and does not constitute investment advice.",neutral_report_risk,Report risk is currently neutral because filing-text extraction has not yet been integrated for this dataset.,Potentially overvalued,modern_sec_facts_2017_current,modern_2021_2024,17.9,17.0,Low relative value,Low relative value,Potentially overvalued,,50,68.4,real_sec_filing,"risk_per1k=12.9, debt=4, legal=42, uncertainty=23, cost+cyber=8",ok,,True,Potentially overvalued,
1018724,Amazon COM Inc,AMZN,2022,860769819588.0,884790703180.1903,2.7906279989797613,65.08935260303303,50,-0.0275239955518813,Fairly valued / neutral,Random Forest,"Research signal: Fairly valued / neutral. This signal was assigned because the model-estimated fair value is within 5% of actual market cap; fundamentals score in the upper third of the training dataset; report risk is set to neutral because SEC filing text has not been integrated into this dataset; and the log-scale model error is low (-0.03). The valuation gap is a research signal, not proof of undervaluation or overvaluation. This output is for research purposes only and does not constitute investment advice.",neutral_report_risk,Report risk is currently neutral because filing-text extraction has not yet been integrated for this dataset.,Fairly valued / neutral,modern_sec_facts_2017_current,modern_2021_2024,53.6,68.8,Neutral relative value,Neutral relative value,Fairly valued / neutral,,50,70.8,real_sec_filing,"risk_per1k=13.4, debt=4, legal=46, uncertainty=25, cost+cyber=10",ok,,True,Fairly valued / neutral,
1018724,Amazon COM Inc,AMZN,2023,1578258738714.3577,1478013202034.4795,-6.351654150290828,60.90862886650383,50,0.0656234203644068,Fairly valued / neutral,Random Forest,"Research signal: Fairly valued / neutral. This signal was assigned because the model-estimated fair value is 6.4% below actual market cap; fundamentals are in the middle range of the training dataset; report risk is set to neutral because SEC filing text has not been integrated into this dataset; and the log-scale model error is low (+0.07). The valuation gap is a research signal, not proof of undervaluation or overvaluation. This output is for research purposes only and does not constitute investment advice.",neutral_report_risk,Report risk is currently neutral because filing-text extraction has not yet been integrated for this dataset.,Fairly valued / neutral,modern_sec_facts_2017_current,modern_2021_2024,57.1,57.1,Neutral relative value,Neutral relative value,Fairly valued / neutral,,50,73.1,real_sec_filing,"risk_per1k=14.1, debt=3, legal=50, uncertainty=25, cost+cyber=27",ok,,True,Fairly valued / neutral,
1018724,Amazon COM Inc,AMZN,2024,2325035836066.9395,1370619284902.217,-41.04954153219529,34.08443475765342,50,0.5284727818033232,Potentially overvalued,Random Forest,"Research signal: Potentially overvalued. This signal was assigned because the model-estimated fair value is 41.0% below actual market cap; fundamentals score in the lower third of the training dataset; report risk is set to neutral because SEC filing text has not been integrated into this dataset; and the log-scale model error is moderate (+0.53). The valuation gap is a research signal, not proof of undervaluation or overvaluation. This output is for research purposes only and does not constitute investment advice.",neutral_report_risk,Report risk is currently neutral because filing-text extraction has not yet been integrated for this dataset.,Potentially overvalued,modern_sec_facts_2017_current,modern_2021_2024,25.0,14.3,Below-average relative value,Low relative value,Potentially overvalued,,50,73.7,real_sec_filing,"risk_per1k=14.1, debt=3, legal=49, uncertainty=25, cost+cyber=33",ok,,True,Potentially overvalued,
1326801,Facebook Inc,META,2017,444030954136.9851,90888721051.90865,-79.53099435858944,54.08749104798281,50,1.5862583638792032,Potentially overvalued,Random Forest,"Research signal: Potentially overvalued. This signal was assigned because the model-estimated fair value is 79.5% below actual market cap; fundamentals are in the middle range of the training dataset; report risk is set to neutral because SEC filing text has not been integrated into this dataset; and the log-scale model error is high (+1.59) — treat this estimate with additional caution. The valuation gap is a research signal, not proof of undervaluation or overvaluation. This output is for research purposes only and does not constitute investment advice.","high_model_error, neutral_report_risk, needs_review",Model error of +1.586 (log scale) is large — the model fit was poor for this observation. | Report risk is currently neutral because filing-text extraction has not yet been integrated for this dataset.,Needs review,modern_sec_facts_2017_current,modern_2017_2020,3.6,0.9,Needs review,Needs review,Needs review,,50,49.2,real_sec_filing,"risk_per1k=9.8, debt=1, legal=78, uncertainty=16, cost+cyber=1",ok,,True,Needs review,needs_review_flag_preserved
1326801,Facebook Inc,META,2018,329865156879.9501,261560815426.38968,-20.70674638680278,78.29959258903837,50,0.2320171352008948,Potentially overvalued,Random Forest,"Research signal: Potentially overvalued. This signal was assigned because the model-estimated fair value is 20.7% below actual market cap; fundamentals score in the upper third of the training dataset; report risk is set to neutral because SEC filing text has not been integrated into this dataset; and the log-scale model error is low (+0.23). The valuation gap is a research signal, not proof of undervaluation or overvaluation. This output is for research purposes only and does not constitute investment advice.",neutral_report_risk,Report risk is currently neutral because filing-text extraction has not yet been integrated for this dataset.,Potentially overvalued,modern_sec_facts_2017_current,modern_2017_2020,28.6,38.4,Below-average relative value,Below-average relative value,Potentially overvalued,,50,48.2,real_sec_filing,"risk_per1k=10.2, debt=0, legal=63, uncertainty=12, cost+cyber=3",ok,,True,Potentially overvalued,
1326801,Facebook Inc,META,2019,516475911393.3468,293776342208.4361,-43.11906214253297,79.70574729417102,50,0.5642099122769437,Potentially overvalued,Random Forest,"Research signal: Potentially overvalued. This signal was assigned because the model-estimated fair value is 43.1% below actual market cap; fundamentals score in the upper third of the training dataset; report risk is set to neutral because SEC filing text has not been integrated into this dataset; and the log-scale model error is moderate (+0.56). The valuation gap is a research signal, not proof of undervaluation or overvaluation. This output is for research purposes only and does not constitute investment advice.",neutral_report_risk,Report risk is currently neutral because filing-text extraction has not yet been integrated for this dataset.,Potentially overvalued,modern_sec_facts_2017_current,modern_2017_2020,7.1,13.4,Low relative value,Low relative value,Potentially overvalued,,50,42.4,real_sec_filing,"risk_per1k=9.3, debt=0, legal=42, uncertainty=10, cost+cyber=5",ok,,True,Potentially overvalued,
1326801,Facebook Inc,META,2020,687359526882.6003,518785716176.5292,-24.52483803790549,80.45452058032072,50,0.2813665644936236,Potentially overvalued,Random Forest,"Research signal: Potentially overvalued. This signal was assigned because the model-estimated fair value is 24.5% below actual market cap; fundamentals score in the upper third of the training dataset; report risk is set to neutral because SEC filing text has not been integrated into this dataset; and the log-scale model error is low (+0.28). The valuation gap is a research signal, not proof of undervaluation or overvaluation. This output is for research purposes only and does not constitute investment advice.",neutral_report_risk,Report risk is currently neutral because filing-text extraction has not yet been integrated for this dataset.,Potentially overvalued,modern_sec_facts_2017_current,modern_2017_2020,35.7,33.9,Below-average relative value,Below-average relative value,Potentially overvalued,,50,49.7,real_sec_filing,"risk_per1k=12.1, debt=1, legal=43, uncertainty=8, cost+cyber=3",ok,,True,Potentially overvalued,
1326801,Facebook Inc,META,2021,846366167429.501,668881419797.5055,-20.970208222173444,71.79498750484777,50,0.2353452934978648,Potentially overvalued,Random Forest,"Research signal: Potentially overvalued. This signal was assigned because the model-estimated fair value is 21.0% below actual market cap; fundamentals score in the upper third of the training dataset; report risk is set to neutral because SEC filing text has not been integrated into this dataset; and the log-scale model error is low (+0.24). The valuation gap is a research signal, not proof of undervaluation or overvaluation. This output is for research purposes only and does not constitute investment advice.",neutral_report_risk,Report risk is currently neutral because filing-text extraction has not yet been integrated for this dataset.,Potentially overvalued,modern_sec_facts_2017_current,modern_2021_2024,71.4,40.2,Above-average relative value,Neutral relative value,Research candidate,Original signal used absolute thresholds (trained on 2010–2016 valuations). Calibrated signal compares against 2021 peers — valuations in this era were generally higher.,50,46.8,real_sec_filing,"risk_per1k=10.8, debt=1, legal=54, uncertainty=7, cost+cyber=3",ok,,True,Research candidate,
1326801,Facebook Inc,META,2022,302814638114.144,769411257426.5404,154.08654687839623,85.06392745798513,50,-0.9325047587349218,Research candidate,Random Forest,"Research signal: Research candidate. This signal was assigned because the model-estimated fair value is 154.1% above actual market cap; fundamentals score in the upper third of the training dataset; report risk is set to neutral because SEC filing text has not been integrated into this dataset; and the log-scale model error is high (-0.93) — treat this estimate with additional caution. The valuation gap is a research signal, not proof of undervaluation or overvaluation. This output is for research purposes only and does not constitute investment advice.","extreme_valuation_gap, neutral_report_risk, needs_review",Valuation gap of +154.1% exceeds 100% — the model estimate is likely unreliable for this observation. | Report risk is currently neutral because filing-text extraction has not yet been integrated for this dataset.,Needs review,modern_sec_facts_2017_current,modern_2021_2024,96.4,99.1,Needs review,Needs review,Needs review,,50,44.6,real_sec_filing,"risk_per1k=10.0, debt=1, legal=57, uncertainty=6, cost+cyber=4",ok,,True,Needs review,needs_review_flag_preserved
1326801,Facebook Inc,META,2023,890678727707.8423,866276305312.5563,-2.73975583295736,88.91448006695504,50,0.0277798705586569,Fairly valued / neutral,Random Forest,"Research signal: Fairly valued / neutral. This signal was assigned because the model-estimated fair value is within 5% of actual market cap; fundamentals score in the upper third of the training dataset; report risk is set to neutral because SEC filing text has not been integrated into this dataset; and the log-scale model error is low (+0.03). The valuation gap is a research signal, not proof of undervaluation or overvaluation. This output is for research purposes only and does not constitute investment advice.",neutral_report_risk,Report risk is currently neutral because filing-text extraction has not yet been integrated for this dataset.,Fairly valued / neutral,modern_sec_facts_2017_current,modern_2021_2024,64.3,61.6,Neutral relative value,Neutral relative value,Fairly valued / neutral,,50,44.3,real_sec_filing,"risk_per1k=9.6, debt=1, legal=65, uncertainty=6, cost+cyber=7",ok,,True,Fairly valued / neutral,
1326801,Facebook Inc,META,2024,1477769991816.7222,812954567337.3547,-44.987746953912975,56.39386258425603,50,0.5976142429118632,Potentially overvalued,Random Forest,"Research signal: Potentially overvalued. This signal was assigned because the model-estimated fair value is 45.0% below actual market cap; fundamentals are in the middle range of the training dataset; report risk is set to neutral because SEC filing text has not been integrated into this dataset; and the log-scale model error is moderate (+0.60). The valuation gap is a research signal, not proof of undervaluation or overvaluation. This output is for research purposes only and does not constitute investment advice.",neutral_report_risk,Report risk is currently neutral because filing-text extraction has not yet been integrated for this dataset.,Potentially overvalued,modern_sec_facts_2017_current,modern_2021_2024,14.3,10.7,Low relative value,Low relative value,Potentially overvalued,,50,49.2,real_sec_filing,"risk_per1k=10.2, debt=1, legal=77, uncertainty=7, cost+cyber=10",ok,,True,Potentially overvalued,
1045810,Nvidia Corp,NVDA,2017,112501112855.64284,44845956081.34917,-60.13732225129738,54.0175605692265,50,0.919729694616322,Potentially overvalued,Random Forest,"Research signal: Potentially overvalued. This signal was assigned because the model-estimated fair value is 60.1% below actual market cap; fundamentals are in the middle range of the training dataset; report risk is set to neutral because SEC filing text has not been integrated into this dataset; and the log-scale model error is high (+0.92) — treat this estimate with additional caution. The valuation gap is a research signal, not proof of undervaluation or overvaluation. This output is for research purposes only and does not constitute investment advice.",neutral_report_risk,Report risk is currently neutral because filing-text extraction has not yet been integrated for this dataset.,Potentially overvalued,modern_sec_facts_2017_current,modern_2017_2020,14.3,3.6,Low relative value,Low relative value,Potentially overvalued,,50,61.3,real_sec_filing,"risk_per1k=8.8, debt=14, legal=33, uncertainty=19, cost+cyber=1",ok,,True,Potentially overvalued,
1045810,Nvidia Corp,NVDA,2018,79949855615.40546,42575292578.420616,-46.747505357324464,42.77531550018621,50,0.630125534746103,Potentially overvalued,Random Forest,"Research signal: Potentially overvalued. This signal was assigned because the model-estimated fair value is 46.7% below actual market cap; fundamentals score in the lower third of the training dataset; report risk is set to neutral because SEC filing text has not been integrated into this dataset; and the log-scale model error is high (+0.63) — treat this estimate with additional caution. The valuation gap is a research signal, not proof of undervaluation or overvaluation. This output is for research purposes only and does not constitute investment advice.",neutral_report_risk,Report risk is currently neutral because filing-text extraction has not yet been integrated for this dataset.,Potentially overvalued,modern_sec_facts_2017_current,modern_2017_2020,14.3,8.9,Low relative value,Low relative value,Potentially overvalued,,50,54.2,real_sec_filing,"risk_per1k=9.0, debt=7, legal=26, uncertainty=20, cost+cyber=1",ok,,True,Potentially overvalued,
1045810,Nvidia Corp,NVDA,2019,141784741172.79053,63733592081.71866,-55.049047200327664,79.56164035284402,50,0.7995982284169756,Potentially overvalued,Random Forest,"Research signal: Potentially overvalued. This signal was assigned because the model-estimated fair value is 55.0% below actual market cap; fundamentals score in the upper third of the training dataset; report risk is set to neutral because SEC filing text has not been integrated into this dataset; and the log-scale model error is high (+0.80) — treat this estimate with additional caution. The valuation gap is a research signal, not proof of undervaluation or overvaluation. This output is for research purposes only and does not constitute investment advice.",neutral_report_risk,Report risk is currently neutral because filing-text extraction has not yet been integrated for this dataset.,Potentially overvalued,modern_sec_facts_2017_current,modern_2017_2020,3.6,4.5,Low relative value,Low relative value,Potentially overvalued,,50,47.7,real_sec_filing,"risk_per1k=8.2, debt=5, legal=26, uncertainty=20, cost+cyber=2",ok,,True,Potentially overvalued,
1045810,Nvidia Corp,NVDA,2020,318207922668.45703,254533577548.2201,-20.0102953396857,86.78076386694512,50,0.2232722513417755,Potentially overvalued,Random Forest,"Research signal: Potentially overvalued. This signal was assigned because the model-estimated fair value is 20.0% below actual market cap; fundamentals score in the upper third of the training dataset; report risk is set to neutral because SEC filing text has not been integrated into this dataset; and the log-scale model error is low (+0.22). The valuation gap is a research signal, not proof of undervaluation or overvaluation. This output is for research purposes only and does not constitute investment advice.",neutral_report_risk,Report risk is currently neutral because filing-text extraction has not yet been integrated for this dataset.,Potentially overvalued,modern_sec_facts_2017_current,modern_2017_2020,46.4,40.2,Neutral relative value,Neutral relative value,Fairly valued / neutral,Original signal used absolute thresholds (trained on 2010–2016 valuations). Calibrated signal compares against 2020 peers — valuations in this era were generally higher.,50,49.7,real_sec_filing,"risk_per1k=8.3, debt=6, legal=24, uncertainty=20, cost+cyber=2",ok,,True,Fairly valued / neutral,
1045810,Nvidia Corp,NVDA,2021,181751678848.2666,139217755539.02054,-23.40221756342347,84.46308743842071,50,0.2666020595747476,Potentially overvalued,Random Forest,"Research signal: Potentially overvalued. This signal was assigned because the model-estimated fair value is 23.4% below actual market cap; fundamentals score in the upper third of the training dataset; report risk is set to neutral because SEC filing text has not been integrated into this dataset; and the log-scale model error is low (+0.27). The valuation gap is a research signal, not proof of undervaluation or overvaluation. This output is for research purposes only and does not constitute investment advice.",neutral_report_risk,Report risk is currently neutral because filing-text extraction has not yet been integrated for this dataset.,Potentially overvalued,modern_sec_facts_2017_current,modern_2021_2024,60.7,34.8,Neutral relative value,Below-average relative value,Fairly valued / neutral,Original signal used absolute thresholds (trained on 2010–2016 valuations). Calibrated signal compares against 2021 peers — valuations in this era were generally higher.,50,38.7,real_sec_filing,"risk_per1k=7.7, debt=6, legal=14, uncertainty=10, cost+cyber=5",ok,,True,Fairly valued / neutral,
1045810,Nvidia Corp,NVDA,2022,365998116874.6948,196650223137.09448,-46.2701543886848,50.9946965989869,50,0.6212015546682927,Potentially overvalued,Random Forest,"Research signal: Potentially overvalued. This signal was assigned because the model-estimated fair value is 46.3% below actual market cap; fundamentals are in the middle range of the training dataset; report risk is set to neutral because SEC filing text has not been integrated into this dataset; and the log-scale model error is high (+0.62) — treat this estimate with additional caution. The valuation gap is a research signal, not proof of undervaluation or overvaluation. This output is for research purposes only and does not constitute investment advice.",neutral_report_risk,Report risk is currently neutral because filing-text extraction has not yet been integrated for this dataset.,Potentially overvalued,modern_sec_facts_2017_current,modern_2021_2024,3.6,8.0,Low relative value,Low relative value,Potentially overvalued,,50,51.9,real_sec_filing,"risk_per1k=8.2, debt=9, legal=14, uncertainty=18, cost+cyber=10",ok,,True,Potentially overvalued,
1045810,Nvidia Corp,NVDA,2023,1220915636825.5615,531160450164.9579,-56.49490971005988,74.44027439596756,50,0.8322922365800025,Potentially overvalued,Random Forest,"Research signal: Potentially overvalued. This signal was assigned because the model-estimated fair value is 56.5% below actual market cap; fundamentals score in the upper third of the training dataset; report risk is set to neutral because SEC filing text has not been integrated into this dataset; and the log-scale model error is high (+0.83) — treat this estimate with additional caution. The valuation gap is a research signal, not proof of undervaluation or overvaluation. This output is for research purposes only and does not constitute investment advice.",neutral_report_risk,Report risk is currently neutral because filing-text extraction has not yet been integrated for this dataset.,Potentially overvalued,modern_sec_facts_2017_current,modern_2021_2024,10.7,4.5,Low relative value,Low relative value,Potentially overvalued,,50,52.4,real_sec_filing,"risk_per1k=8.2, debt=11, legal=18, uncertainty=14, cost+cyber=8",ok,,True,Potentially overvalued,
1045810,Nvidia Corp,NVDA,2024,335201263427.7344,286754124527.69403,-14.453149252668316,83.06094407539895,50,0.1561059981646124,Potentially overvalued,Random Forest,"Research signal: Potentially overvalued. This signal was assigned because the model-estimated fair value is 14.5% below actual market cap; fundamentals score in the upper third of the training dataset; report risk is set to neutral because SEC filing text has not been integrated into this dataset; and the log-scale model error is low (+0.16). The valuation gap is a research signal, not proof of undervaluation or overvaluation. This output is for research purposes only and does not constitute investment advice.",neutral_report_risk,Report risk is currently neutral because filing-text extraction has not yet been integrated for this dataset.,Potentially overvalued,modern_sec_facts_2017_current,modern_2021_2024,50.0,50.0,Neutral relative value,Neutral relative value,Fairly valued / neutral,Original signal used absolute thresholds (trained on 2010–2016 valuations). Calibrated signal compares against 2024 peers — valuations in this era were generally higher.,50,47.3,real_sec_filing,"risk_per1k=7.8, debt=8, legal=14, uncertainty=12, cost+cyber=12",ok,,True,Fairly valued / neutral,
1341439,Oracle Corp,ORCL,2017,172419542314.06403,152464985665.0268,-11.573256941309932,64.31964669372165,50,0.1229957388070879,Potentially overvalued,Random Forest,"Research signal: Potentially overvalued. This signal was assigned because the model-estimated fair value is 11.6% below actual market cap; fundamentals are in the middle range of the training dataset; report risk is set to neutral because SEC filing text has not been integrated into this dataset; and the log-scale model error is low (+0.12). The valuation gap is a research signal, not proof of undervaluation or overvaluation. This output is for research purposes only and does not constitute investment advice.",neutral_report_risk,Report risk is currently neutral because filing-text extraction has not yet been integrated for this dataset.,Potentially overvalued,modern_sec_facts_2017_current,modern_2017_2020,57.1,50.0,Neutral relative value,Neutral relative value,Fairly valued / neutral,Original signal used absolute thresholds (trained on 2010–2016 valuations). Calibrated signal compares against 2017 peers — valuations in this era were generally higher.,50,31.2,real_sec_filing,"risk_per1k=3.4, debt=5, legal=19, uncertainty=0, cost+cyber=13",ok,,True,Fairly valued / neutral,
1341439,Oracle Corp,ORCL,2018,161009475151.3481,155687759207.47668,-3.3052191114026317,51.977483743612645,50,0.0336107571819042,Fairly valued / neutral,Random Forest,"Research signal: Fairly valued / neutral. This signal was assigned because the model-estimated fair value is within 5% of actual market cap; fundamentals are in the middle range of the training dataset; report risk is set to neutral because SEC filing text has not been integrated into this dataset; and the log-scale model error is low (+0.03). The valuation gap is a research signal, not proof of undervaluation or overvaluation. This output is for research purposes only and does not constitute investment advice.",neutral_report_risk,Report risk is currently neutral because filing-text extraction has not yet been integrated for this dataset.,Fairly valued / neutral,modern_sec_facts_2017_current,modern_2017_2020,53.6,62.5,Neutral relative value,Neutral relative value,Fairly valued / neutral,,50,31.8,real_sec_filing,"risk_per1k=5.9, debt=4, legal=19, uncertainty=2, cost+cyber=11",ok,,True,Fairly valued / neutral,
1341439,Oracle Corp,ORCL,2019,161006305131.9275,153174728290.87988,-4.864142950569834,58.4317652069294,50,0.0498642417652952,Fairly valued / neutral,Random Forest,"Research signal: Fairly valued / neutral. This signal was assigned because the model-estimated fair value is within 5% of actual market cap; fundamentals are in the middle range of the training dataset; report risk is set to neutral because SEC filing text has not been integrated into this dataset; and the log-scale model error is low (+0.05). The valuation gap is a research signal, not proof of undervaluation or overvaluation. This output is for research purposes only and does not constitute investment advice.",neutral_report_risk,Report risk is currently neutral because filing-text extraction has not yet been integrated for this dataset.,Fairly valued / neutral,modern_sec_facts_2017_current,modern_2017_2020,64.3,60.7,Neutral relative value,Neutral relative value,Fairly valued / neutral,,50,30.4,real_sec_filing,"risk_per1k=5.2, debt=4, legal=18, uncertainty=1, cost+cyber=12",ok,,True,Fairly valued / neutral,
1341439,Oracle Corp,ORCL,2020,184031274741.0736,142766420742.88782,-22.422739861061213,56.29573261405247,50,0.2538958411900331,Potentially overvalued,Random Forest,"Research signal: Potentially overvalued. This signal was assigned because the model-estimated fair value is 22.4% below actual market cap; fundamentals are in the middle range of the training dataset; report risk is set to neutral because SEC filing text has not been integrated into this dataset; and the log-scale model error is low (+0.25). The valuation gap is a research signal, not proof of undervaluation or overvaluation. This output is for research purposes only and does not constitute investment advice.",neutral_report_risk,Report risk is currently neutral because filing-text extraction has not yet been integrated for this dataset.,Potentially overvalued,modern_sec_facts_2017_current,modern_2017_2020,39.3,35.7,Below-average relative value,Below-average relative value,Potentially overvalued,,50,23.0,real_sec_filing,"risk_per1k=5.2, debt=4, legal=9, uncertainty=3, cost+cyber=7",ok,,True,Potentially overvalued,
1341439,Oracle Corp,ORCL,2021,229205536987.3047,153579033908.5856,-32.99505940072814,68.69870781646918,50,0.4004038290281677,Potentially overvalued,Random Forest,"Research signal: Potentially overvalued. This signal was assigned because the model-estimated fair value is 33.0% below actual market cap; fundamentals score in the upper third of the training dataset; report risk is set to neutral because SEC filing text has not been integrated into this dataset; and the log-scale model error is moderate (+0.40). The valuation gap is a research signal, not proof of undervaluation or overvaluation. This output is for research purposes only and does not constitute investment advice.",neutral_report_risk,Report risk is currently neutral because filing-text extraction has not yet been integrated for this dataset.,Potentially overvalued,modern_sec_facts_2017_current,modern_2021_2024,32.1,20.5,Below-average relative value,Below-average relative value,Potentially overvalued,,50,24.9,real_sec_filing,"risk_per1k=4.9, debt=5, legal=7, uncertainty=4, cost+cyber=7",ok,,True,Potentially overvalued,
1341439,Oracle Corp,ORCL,2022,208609468765.41135,162128909504.48697,-22.281135912000916,78.20363285631916,50,0.2520721770257133,Potentially overvalued,Random Forest,"Research signal: Potentially overvalued. This signal was assigned because the model-estimated fair value is 22.3% below actual market cap; fundamentals score in the upper third of the training dataset; report risk is set to neutral because SEC filing text has not been integrated into this dataset; and the log-scale model error is low (+0.25). The valuation gap is a research signal, not proof of undervaluation or overvaluation. This output is for research purposes only and does not constitute investment advice.",neutral_report_risk,Report risk is currently neutral because filing-text extraction has not yet been integrated for this dataset.,Potentially overvalued,modern_sec_facts_2017_current,modern_2021_2024,21.4,37.5,Below-average relative value,Below-average relative value,Potentially overvalued,,50,22.4,real_sec_filing,"risk_per1k=4.6, debt=5, legal=5, uncertainty=5, cost+cyber=5",ok,,True,Potentially overvalued,
1341439,Oracle Corp,ORCL,2023,278213224860.37445,107958594331.01886,-61.19573597365851,43.03560027885087,50,0.9466400478110408,Potentially overvalued,Random Forest,"Research signal: Potentially overvalued. This signal was assigned because the model-estimated fair value is 61.2% below actual market cap; fundamentals score in the lower third of the training dataset; report risk is set to neutral because SEC filing text has not been integrated into this dataset; and the log-scale model error is high (+0.95) — treat this estimate with additional caution. The valuation gap is a research signal, not proof of undervaluation or overvaluation. This output is for research purposes only and does not constitute investment advice.",neutral_report_risk,Report risk is currently neutral because filing-text extraction has not yet been integrated for this dataset.,Potentially overvalued,modern_sec_facts_2017_current,modern_2021_2024,3.6,1.8,Low relative value,Low relative value,Potentially overvalued,,50,26.8,real_sec_filing,"risk_per1k=4.8, debt=6, legal=7, uncertainty=2, cost+cyber=8",ok,,True,Potentially overvalued,
1341439,Oracle Corp,ORCL,2024,451936566267.7002,225859528531.00824,-50.02406413000391,66.4837348886381,50,0.6936285790136694,Potentially overvalued,Random Forest,"Research signal: Potentially overvalued. This signal was assigned because the model-estimated fair value is 50.0% below actual market cap; fundamentals score in the upper third of the training dataset; report risk is set to neutral because SEC filing text has not been integrated into this dataset; and the log-scale model error is high (+0.69) — treat this estimate with additional caution. The valuation gap is a research signal, not proof of undervaluation or overvaluation. This output is for research purposes only and does not constitute investment advice.",neutral_report_risk,Report risk is currently neutral because filing-text extraction has not yet been integrated for this dataset.,Potentially overvalued,modern_sec_facts_2017_current,modern_2021_2024,7.1,5.4,Low relative value,Low relative value,Potentially overvalued,,50,27.2,real_sec_filing,"risk_per1k=5.1, debt=5, legal=12, uncertainty=2, cost+cyber=8",ok,,True,Potentially overvalued,
1065280,Netflix Inc,NFLX,2017,83300742865.5043,47006583000.68462,-43.570031450283096,30.660330018854047,50,0.5721698113398759,Potentially overvalued,Random Forest,"Research signal: Potentially overvalued. This signal was assigned because the model-estimated fair value is 43.6% below actual market cap; fundamentals score in the lower third of the training dataset; report risk is set to neutral because SEC filing text has not been integrated into this dataset; and the log-scale model error is moderate (+0.57). The valuation gap is a research signal, not proof of undervaluation or overvaluation. This output is for research purposes only and does not constitute investment advice.",neutral_report_risk,Report risk is currently neutral because filing-text extraction has not yet been integrated for this dataset.,Potentially overvalued,modern_sec_facts_2017_current,modern_2017_2020,25.0,12.5,Below-average relative value,Low relative value,Potentially overvalued,,50,80.0,real_sec_filing,"risk_per1k=12.6, debt=42, legal=29, uncertainty=16, cost+cyber=10",ok,,True,Potentially overvalued,
1065280,Netflix Inc,NFLX,2018,116859983737.38329,53055674656.88792,-54.59893715532368,11.953494603524067,50,0.789634670539126,Potentially overvalued,Random Forest,"Research signal: Potentially overvalued. This signal was assigned because the model-estimated fair value is 54.6% below actual market cap; fundamentals score in the lower third of the training dataset; report risk is set to neutral because SEC filing text has not been integrated into this dataset; and the log-scale model error is high (+0.79) — treat this estimate with additional caution. The valuation gap is a research signal, not proof of undervaluation or overvaluation. This output is for research purposes only and does not constitute investment advice.",neutral_report_risk,Report risk is currently neutral because filing-text extraction has not yet been integrated for this dataset.,Potentially overvalued,modern_sec_facts_2017_current,modern_2017_2020,3.6,5.4,Low relative value,Low relative value,Potentially overvalued,Very low quality score (12/100) — high valuation gap may not reflect fundamental strength.,50,83.1,real_sec_filing,"risk_per1k=12.3, debt=42, legal=36, uncertainty=17, cost+cyber=13",ok,,True,Potentially overvalued,
1065280,Netflix Inc,NFLX,2019,141984660587.35873,101187181784.5912,-28.733722807800156,48.96940480656335,50,0.3387469411101271,Potentially overvalued,Random Forest,"Research signal: Potentially overvalued. This signal was assigned because the model-estimated fair value is 28.7% below actual market cap; fundamentals are in the middle range of the training dataset; report risk is set to neutral because SEC filing text has not been integrated into this dataset; and the log-scale model error is moderate (+0.34). The valuation gap is a research signal, not proof of undervaluation or overvaluation. This output is for research purposes only and does not constitute investment advice.",neutral_report_risk,Report risk is currently neutral because filing-text extraction has not yet been integrated for this dataset.,Potentially overvalued,modern_sec_facts_2017_current,modern_2017_2020,21.4,27.7,Below-average relative value,Below-average relative value,Potentially overvalued,,50,85.4,real_sec_filing,"risk_per1k=12.6, debt=47, legal=40, uncertainty=17, cost+cyber=14",ok,,True,Potentially overvalued,
1065280,Netflix Inc,NFLX,2020,239486762725.34537,175555451693.90555,-26.69513350295658,53.33070487795289,50,0.3105431877980287,Potentially overvalued,Random Forest,"Research signal: Potentially overvalued. This signal was assigned because the model-estimated fair value is 26.7% below actual market cap; fundamentals are in the middle range of the training dataset; report risk is set to neutral because SEC filing text has not been integrated into this dataset; and the log-scale model error is moderate (+0.31). The valuation gap is a research signal, not proof of undervaluation or overvaluation. This output is for research purposes only and does not constitute investment advice.",neutral_report_risk,Report risk is currently neutral because filing-text extraction has not yet been integrated for this dataset.,Potentially overvalued,modern_sec_facts_2017_current,modern_2017_2020,32.1,30.4,Below-average relative value,Below-average relative value,Potentially overvalued,,50,85.3,real_sec_filing,"risk_per1k=13.8, debt=45, legal=29, uncertainty=20, cost+cyber=14",ok,,True,Potentially overvalued,
1065280,Netflix Inc,NFLX,2021,267461131877.8046,173214855565.73212,-35.23737286624919,55.29237511900617,50,0.4344414907724712,Potentially overvalued,Random Forest,"Research signal: Potentially overvalued. This signal was assigned because the model-estimated fair value is 35.2% below actual market cap; fundamentals are in the middle range of the training dataset; report risk is set to neutral because SEC filing text has not been integrated into this dataset; and the log-scale model error is moderate (+0.43). The valuation gap is a research signal, not proof of undervaluation or overvaluation. This output is for research purposes only and does not constitute investment advice.",neutral_report_risk,Report risk is currently neutral because filing-text extraction has not yet been integrated for this dataset.,Potentially overvalued,modern_sec_facts_2017_current,modern_2021_2024,21.4,17.9,Below-average relative value,Low relative value,Potentially overvalued,,50,88.4,real_sec_filing,"risk_per1k=14.6, debt=43, legal=39, uncertainty=18, cost+cyber=16",ok,,True,Potentially overvalued,
1065280,Netflix Inc,NFLX,2022,131323861180.28792,165448817764.07715,25.985343620791635,59.43234155765156,50,-0.2309953937277278,Research candidate,Random Forest,"Research signal: Research candidate. This signal was assigned because the model-estimated fair value is 26.0% above actual market cap; fundamentals are in the middle range of the training dataset; report risk is set to neutral because SEC filing text has not been integrated into this dataset; and the log-scale model error is low (-0.23). The valuation gap is a research signal, not proof of undervaluation or overvaluation. This output is for research purposes only and does not constitute investment advice.",neutral_report_risk,Report risk is currently neutral because filing-text extraction has not yet been integrated for this dataset.,Research candidate,modern_sec_facts_2017_current,modern_2021_2024,75.0,88.4,Above-average relative value,Above-average relative value,Research candidate,,50,86.5,real_sec_filing,"risk_per1k=15.2, debt=32, legal=41, uncertainty=15, cost+cyber=16",ok,,True,Fairly valued / neutral,Risk-adjusted: very high filing risk (86/100). Downgraded from Research candidate — research the risk language before acting.
1065280,Netflix Inc,NFLX,2023,210701985069.3103,189665676436.3422,-9.983915731049343,62.77153353138709,50,0.1051818175258354,Fairly valued / neutral,Random Forest,"Research signal: Fairly valued / neutral. This signal was assigned because the model-estimated fair value is 10.0% below actual market cap; fundamentals are in the middle range of the training dataset; report risk is set to neutral because SEC filing text has not been integrated into this dataset; and the log-scale model error is low (+0.11). The valuation gap is a research signal, not proof of undervaluation or overvaluation. This output is for research purposes only and does not constitute investment advice.",neutral_report_risk,Report risk is currently neutral because filing-text extraction has not yet been integrated for this dataset.,Fairly valued / neutral,modern_sec_facts_2017_current,modern_2021_2024,50.0,53.6,Neutral relative value,Neutral relative value,Fairly valued / neutral,,50,86.9,real_sec_filing,"risk_per1k=15.2, debt=32, legal=43, uncertainty=14, cost+cyber=19",ok,,True,Fairly valued / neutral,
1065280,Netflix Inc,NFLX,2024,381268474559.0973,216406566484.34464,-43.24037235583158,48.68214852491265,50,0.5663448938980267,Potentially overvalued,Random Forest,"Research signal: Potentially overvalued. This signal was assigned because the model-estimated fair value is 43.2% below actual market cap; fundamentals are in the middle range of the training dataset; report risk is set to neutral because SEC filing text has not been integrated into this dataset; and the log-scale model error is moderate (+0.57). The valuation gap is a research signal, not proof of undervaluation or overvaluation. This output is for research purposes only and does not constitute investment advice.",neutral_report_risk,Report risk is currently neutral because filing-text extraction has not yet been integrated for this dataset.,Potentially overvalued,modern_sec_facts_2017_current,modern_2021_2024,21.4,12.5,Below-average relative value,Low relative value,Potentially overvalued,,50,87.6,real_sec_filing,"risk_per1k=15.5, debt=31, legal=48, uncertainty=14, cost+cyber=22",ok,,True,Potentially overvalued,
1318605,Tesla Motors Inc,TSLA,2017,52593222406.03097,36749358477.41444,-30.12529600544059,22.104895718134472,50,0.3584664907356192,Potentially overvalued,Random Forest,"Research signal: Potentially overvalued. This signal was assigned because the model-estimated fair value is 30.1% below actual market cap; fundamentals score in the lower third of the training dataset; report risk is set to neutral because SEC filing text has not been integrated into this dataset; and the log-scale model error is moderate (+0.36). The valuation gap is a research signal, not proof of undervaluation or overvaluation. This output is for research purposes only and does not constitute investment advice.",neutral_report_risk,Report risk is currently neutral because filing-text extraction has not yet been integrated for this dataset.,Potentially overvalued,modern_sec_facts_2017_current,modern_2017_2020,35.7,22.3,Below-average relative value,Below-average relative value,Potentially overvalued,Very low quality score (22/100) — high valuation gap may not reflect fundamental strength.,50,29.1,real_sec_filing,"risk_per1k=3.7, debt=3, legal=19, uncertainty=12, cost+cyber=12",ok,,True,Potentially overvalued,
1318605,Tesla Motors Inc,TSLA,2018,57481710412.38387,103864639298.76337,80.69162965684255,33.06030733644505,50,-0.591621688770978,Possible value trap,Random Forest,"Research signal: Possible value trap. This signal was assigned because the model-estimated fair value is 80.7% above actual market cap; fundamentals score in the lower third of the training dataset; report risk is set to neutral because SEC filing text has not been integrated into this dataset; and the log-scale model error is moderate (-0.59). The valuation gap is a research signal, not proof of undervaluation or overvaluation. This output is for research purposes only and does not constitute investment advice.",neutral_report_risk,Report risk is currently neutral because filing-text extraction has not yet been integrated for this dataset.,Possible value trap,modern_sec_facts_2017_current,modern_2017_2020,100.0,94.6,Top decile relative value,Top decile relative value,Possible value trap,,50,28.8,real_sec_filing,"risk_per1k=3.9, debt=3, legal=24, uncertainty=8, cost+cyber=11",ok,,True,Possible value trap,
1318605,Tesla Motors Inc,TSLA,2019,75860624274.01823,54205709134.52133,-28.545659024999058,8.460422425311485,50,0.3361115280343654,Potentially overvalued,Random Forest,"Research signal: Potentially overvalued. This signal was assigned because the model-estimated fair value is 28.5% below actual market cap; fundamentals score in the lower third of the training dataset; report risk is set to neutral because SEC filing text has not been integrated into this dataset; and the log-scale model error is moderate (+0.34). The valuation gap is a research signal, not proof of undervaluation or overvaluation. This output is for research purposes only and does not constitute investment advice.",neutral_report_risk,Report risk is currently neutral because filing-text extraction has not yet been integrated for this dataset.,Potentially overvalued,modern_sec_facts_2017_current,modern_2017_2020,25.0,28.6,Below-average relative value,Below-average relative value,Potentially overvalued,Very low quality score (8/100) — high valuation gap may not reflect fundamental strength.,50,38.3,real_sec_filing,"risk_per1k=4.8, debt=3, legal=27, uncertainty=16, cost+cyber=12",ok,,True,Potentially overvalued,
1318605,Tesla Motors Inc,TSLA,2020,677339805763.9336,420351137474.3815,-37.94087784339044,33.43990810112095,50,0.477082672143478,Potentially overvalued,Random Forest,"Research signal: Potentially overvalued. This signal was assigned because the model-estimated fair value is 37.9% below actual market cap; fundamentals score in the lower third of the training dataset; report risk is set to neutral because SEC filing text has not been integrated into this dataset; and the log-scale model error is moderate (+0.48). The valuation gap is a research signal, not proof of undervaluation or overvaluation. This output is for research purposes only and does not constitute investment advice.",neutral_report_risk,Report risk is currently neutral because filing-text extraction has not yet been integrated for this dataset.,Potentially overvalued,modern_sec_facts_2017_current,modern_2017_2020,7.1,15.2,Low relative value,Low relative value,Potentially overvalued,,50,47.0,real_sec_filing,"risk_per1k=6.5, debt=6, legal=26, uncertainty=14, cost+cyber=10",ok,,True,Potentially overvalued,
1318605,Tesla Motors Inc,TSLA,2021,1092190203431.1232,458097090338.3228,-58.05702258643161,34.19298549334183,50,0.8688591708174442,Potentially overvalued,Random Forest,"Research signal: Potentially overvalued. This signal was assigned because the model-estimated fair value is 58.1% below actual market cap; fundamentals score in the lower third of the training dataset; report risk is set to neutral because SEC filing text has not been integrated into this dataset; and the log-scale model error is high (+0.87) — treat this estimate with additional caution. The valuation gap is a research signal, not proof of undervaluation or overvaluation. This output is for research purposes only and does not constitute investment advice.",neutral_report_risk,Report risk is currently neutral because filing-text extraction has not yet been integrated for this dataset.,Potentially overvalued,modern_sec_facts_2017_current,modern_2021_2024,3.6,2.7,Low relative value,Low relative value,Potentially overvalued,,50,43.7,real_sec_filing,"risk_per1k=6.0, debt=4, legal=27, uncertainty=15, cost+cyber=14",ok,,True,Potentially overvalued,
1318605,Tesla Motors Inc,TSLA,2022,389754171674.78754,331076641004.96295,-15.055010294741722,49.13280641107754,50,0.1631663189472476,Potentially overvalued,Random Forest,"Research signal: Potentially overvalued. This signal was assigned because the model-estimated fair value is 15.1% below actual market cap; fundamentals are in the middle range of the training dataset; report risk is set to neutral because SEC filing text has not been integrated into this dataset; and the log-scale model error is low (+0.16). The valuation gap is a research signal, not proof of undervaluation or overvaluation. This output is for research purposes only and does not constitute investment advice.",neutral_report_risk,Report risk is currently neutral because filing-text extraction has not yet been integrated for this dataset.,Potentially overvalued,modern_sec_facts_2017_current,modern_2021_2024,32.1,49.1,Below-average relative value,Neutral relative value,Potentially overvalued,,50,52.0,real_sec_filing,"risk_per1k=6.3, debt=6, legal=30, uncertainty=16, cost+cyber=16",ok,,True,Potentially overvalued,
1318605,Tesla Motors Inc,TSLA,2023,791356708712.3074,484700619990.65094,-38.7506778353653,61.57118599881286,50,0.4902174033243334,Potentially overvalued,Random Forest,"Research signal: Potentially overvalued. This signal was assigned because the model-estimated fair value is 38.8% below actual market cap; fundamentals are in the middle range of the training dataset; report risk is set to neutral because SEC filing text has not been integrated into this dataset; and the log-scale model error is moderate (+0.49). The valuation gap is a research signal, not proof of undervaluation or overvaluation. This output is for research purposes only and does not constitute investment advice.",neutral_report_risk,Report risk is currently neutral because filing-text extraction has not yet been integrated for this dataset.,Potentially overvalued,modern_sec_facts_2017_current,modern_2021_2024,17.9,16.1,Low relative value,Low relative value,Potentially overvalued,,50,50.9,real_sec_filing,"risk_per1k=6.5, debt=6, legal=29, uncertainty=14, cost+cyber=16",ok,,True,Potentially overvalued,
1318605,Tesla Motors Inc,TSLA,2024,1298958228442.8428,351123606562.9799,-72.96883003051624,70.43077304980851,50,1.308179542526819,Potentially overvalued,Random Forest,"Research signal: Potentially overvalued. This signal was assigned because the model-estimated fair value is 73.0% below actual market cap; fundamentals score in the upper third of the training dataset; report risk is set to neutral because SEC filing text has not been integrated into this dataset; and the log-scale model error is high (+1.31) — treat this estimate with additional caution. The valuation gap is a research signal, not proof of undervaluation or overvaluation. This output is for research purposes only and does not constitute investment advice.","high_model_error, neutral_report_risk, needs_review",Model error of +1.308 (log scale) is large — the model fit was poor for this observation. | Report risk is currently neutral because filing-text extraction has not yet been integrated for this dataset.,Needs review,modern_sec_facts_2017_current,modern_2021_2024,3.6,0.9,Needs review,Needs review,Needs review,,50,42.9,real_sec_filing,"risk_per1k=6.4, debt=3, legal=29, uncertainty=13, cost+cyber=16",ok,,True,Needs review,needs_review_flag_preserved
796343,Adobe Systems Inc,ADBE,2017,86144224122.28151,54115189181.50896,-37.18071091488086,46.1281685268999,50,0.4649080086382327,Potentially overvalued,Random Forest,"Research signal: Potentially overvalued. This signal was assigned because the model-estimated fair value is 37.2% below actual market cap; fundamentals are in the middle range of the training dataset; report risk is set to neutral because SEC filing text has not been integrated into this dataset; and the log-scale model error is moderate (+0.46). The valuation gap is a research signal, not proof of undervaluation or overvaluation. This output is for research purposes only and does not constitute investment advice.",neutral_report_risk,Report risk is currently neutral because filing-text extraction has not yet been integrated for this dataset.,Potentially overvalued,modern_sec_facts_2017_current,modern_2017_2020,28.6,16.1,Below-average relative value,Low relative value,Potentially overvalued,,50,4.5,real_sec_filing,"risk_per1k=1.6, debt=2, legal=1, uncertainty=0, cost+cyber=0",ok,,True,Potentially overvalued,
796343,Adobe Systems Inc,ADBE,2018,110343113688.75848,58596927748.36072,-46.89570940181793,67.03286343433652,50,0.6329124587788719,Potentially overvalued,Random Forest,"Research signal: Potentially overvalued. This signal was assigned because the model-estimated fair value is 46.9% below actual market cap; fundamentals score in the upper third of the training dataset; report risk is set to neutral because SEC filing text has not been integrated into this dataset; and the log-scale model error is high (+0.63) — treat this estimate with additional caution. The valuation gap is a research signal, not proof of undervaluation or overvaluation. This output is for research purposes only and does not constitute investment advice.",neutral_report_risk,Report risk is currently neutral because filing-text extraction has not yet been integrated for this dataset.,Potentially overvalued,modern_sec_facts_2017_current,modern_2017_2020,10.7,8.0,Low relative value,Low relative value,Potentially overvalued,,50,3.6,real_sec_filing,"risk_per1k=1.1, debt=1, legal=1, uncertainty=0, cost+cyber=0",ok,,True,Potentially overvalued,
796343,Adobe Systems Inc,ADBE,2019,159011615687.67242,111417579857.45177,-29.931169257284925,69.0546689110393,50,0.355692130733388,Potentially overvalued,Random Forest,"Research signal: Potentially overvalued. This signal was assigned because the model-estimated fair value is 29.9% below actual market cap; fundamentals score in the upper third of the training dataset; report risk is set to neutral because SEC filing text has not been integrated into this dataset; and the log-scale model error is moderate (+0.36). The valuation gap is a research signal, not proof of undervaluation or overvaluation. This output is for research purposes only and does not constitute investment advice.",neutral_report_risk,Report risk is currently neutral because filing-text extraction has not yet been integrated for this dataset.,Potentially overvalued,modern_sec_facts_2017_current,modern_2017_2020,17.9,25.0,Low relative value,Below-average relative value,Potentially overvalued,,50,11.8,real_sec_filing,"risk_per1k=1.1, debt=5, legal=1, uncertainty=0, cost+cyber=0",ok,,True,Potentially overvalued,
796343,Adobe Systems Inc,ADBE,2020,239407441662.5977,156105121711.46524,-34.795209109887345,82.83978129716414,50,0.4276372398452963,Potentially overvalued,Random Forest,"Research signal: Potentially overvalued. This signal was assigned because the model-estimated fair value is 34.8% below actual market cap; fundamentals score in the upper third of the training dataset; report risk is set to neutral because SEC filing text has not been integrated into this dataset; and the log-scale model error is moderate (+0.43). The valuation gap is a research signal, not proof of undervaluation or overvaluation. This output is for research purposes only and does not constitute investment advice.",neutral_report_risk,Report risk is currently neutral because filing-text extraction has not yet been integrated for this dataset.,Potentially overvalued,modern_sec_facts_2017_current,modern_2017_2020,14.3,17.9,Low relative value,Low relative value,Potentially overvalued,,50,11.5,real_sec_filing,"risk_per1k=1.1, debt=5, legal=1, uncertainty=0, cost+cyber=0",ok,,True,Potentially overvalued,
796343,Adobe Systems Inc,ADBE,2021,267482200848.38867,189090770167.1684,-29.307157796885804,75.69106456974858,50,0.34682586003386,Potentially overvalued,Random Forest,"Research signal: Potentially overvalued. This signal was assigned because the model-estimated fair value is 29.3% below actual market cap; fundamentals score in the upper third of the training dataset; report risk is set to neutral because SEC filing text has not been integrated into this dataset; and the log-scale model error is moderate (+0.35). The valuation gap is a research signal, not proof of undervaluation or overvaluation. This output is for research purposes only and does not constitute investment advice.",neutral_report_risk,Report risk is currently neutral because filing-text extraction has not yet been integrated for this dataset.,Potentially overvalued,modern_sec_facts_2017_current,modern_2021_2024,39.3,25.9,Below-average relative value,Below-average relative value,Potentially overvalued,,50,11.4,real_sec_filing,"risk_per1k=1.1, debt=5, legal=1, uncertainty=0, cost+cyber=0",ok,,True,Potentially overvalued,
796343,Adobe Systems Inc,ADBE,2022,154063433441.1621,127490880947.22116,-17.247799753917082,79.72826383380524,50,0.1893195830078724,Potentially overvalued,Random Forest,"Research signal: Potentially overvalued. This signal was assigned because the model-estimated fair value is 17.2% below actual market cap; fundamentals score in the upper third of the training dataset; report risk is set to neutral because SEC filing text has not been integrated into this dataset; and the log-scale model error is low (+0.19). The valuation gap is a research signal, not proof of undervaluation or overvaluation. This output is for research purposes only and does not constitute investment advice.",neutral_report_risk,Report risk is currently neutral because filing-text extraction has not yet been integrated for this dataset.,Potentially overvalued,modern_sec_facts_2017_current,modern_2021_2024,28.6,45.5,Below-average relative value,Neutral relative value,Potentially overvalued,,50,10.1,real_sec_filing,"risk_per1k=1.1, debt=4, legal=1, uncertainty=0, cost+cyber=1",ok,,True,Potentially overvalued,
796343,Adobe Systems Inc,ADBE,2023,269663188964.84375,145234807038.25888,-46.142145839121824,82.72304450046187,50,0.618821940451447,Potentially overvalued,Random Forest,"Research signal: Potentially overvalued. This signal was assigned because the model-estimated fair value is 46.1% below actual market cap; fundamentals score in the upper third of the training dataset; report risk is set to neutral because SEC filing text has not been integrated into this dataset; and the log-scale model error is high (+0.62) — treat this estimate with additional caution. The valuation gap is a research signal, not proof of undervaluation or overvaluation. This output is for research purposes only and does not constitute investment advice.",neutral_report_risk,Report risk is currently neutral because filing-text extraction has not yet been integrated for this dataset.,Potentially overvalued,modern_sec_facts_2017_current,modern_2021_2024,14.3,8.9,Low relative value,Low relative value,Potentially overvalued,,50,9.6,real_sec_filing,"risk_per1k=1.8, debt=3, legal=1, uncertainty=0, cost+cyber=3",ok,,True,Potentially overvalued,
796343,Adobe Systems Inc,ADBE,2024,193569200811.7676,148597230818.66788,-23.233019408305445,76.7231048886936,50,0.2643955784975667,Potentially overvalued,Random Forest,"Research signal: Potentially overvalued. This signal was assigned because the model-estimated fair value is 23.2% below actual market cap; fundamentals score in the upper third of the training dataset; report risk is set to neutral because SEC filing text has not been integrated into this dataset; and the log-scale model error is low (+0.26). The valuation gap is a research signal, not proof of undervaluation or overvaluation. This output is for research purposes only and does not constitute investment advice.",neutral_report_risk,Report risk is currently neutral because filing-text extraction has not yet been integrated for this dataset.,Potentially overvalued,modern_sec_facts_2017_current,modern_2021_2024,39.3,35.7,Below-average relative value,Below-average relative value,Potentially overvalued,,50,13.2,real_sec_filing,"risk_per1k=1.9, debt=4, legal=1, uncertainty=0, cost+cyber=4",ok,,True,Potentially overvalued,
804328,Qualcomm Inc/De,QCOM,2017,75877752599.21434,100776758202.55644,32.81463241914719,53.475180380101435,50,-0.2837842288635634,Research candidate,Random Forest,"Research signal: Research candidate. This signal was assigned because the model-estimated fair value is 32.8% above actual market cap; fundamentals are in the middle range of the training dataset; report risk is set to neutral because SEC filing text has not been integrated into this dataset; and the log-scale model error is low (-0.28). The valuation gap is a research signal, not proof of undervaluation or overvaluation. This output is for research purposes only and does not constitute investment advice.",neutral_report_risk,Report risk is currently neutral because filing-text extraction has not yet been integrated for this dataset.,Research candidate,modern_sec_facts_2017_current,modern_2017_2020,89.3,85.7,Above-average relative value,Above-average relative value,Research candidate,,50,18.6,real_sec_filing,"risk_per1k=1.6, debt=6, legal=12, uncertainty=0, cost+cyber=0",ok,,True,Research candidate,
804328,Qualcomm Inc/De,QCOM,2018,57038056532.32104,92126917409.98914,61.51833181375094,32.0750515820867,50,-0.4794484599155524,Possible value trap,Random Forest,"Research signal: Possible value trap. This signal was assigned because the model-estimated fair value is 61.5% above actual market cap; fundamentals score in the lower third of the training dataset; report risk is set to neutral because SEC filing text has not been integrated into this dataset; and the log-scale model error is moderate (-0.48). The valuation gap is a research signal, not proof of undervaluation or overvaluation. This output is for research purposes only and does not constitute investment advice.",neutral_report_risk,Report risk is currently neutral because filing-text extraction has not yet been integrated for this dataset.,Possible value trap,modern_sec_facts_2017_current,modern_2017_2020,89.3,90.2,Above-average relative value,Top decile relative value,Possible value trap,,50,20.7,real_sec_filing,"risk_per1k=2.5, debt=6, legal=10, uncertainty=0, cost+cyber=3",ok,,True,Possible value trap,
804328,Qualcomm Inc/De,QCOM,2019,86643280895.7039,59369002837.149864,-31.478814948599663,25.782995625648702,50,0.3780272177109118,Potentially overvalued,Random Forest,"Research signal: Potentially overvalued. This signal was assigned because the model-estimated fair value is 31.5% below actual market cap; fundamentals score in the lower third of the training dataset; report risk is set to neutral because SEC filing text has not been integrated into this dataset; and the log-scale model error is moderate (+0.38). The valuation gap is a research signal, not proof of undervaluation or overvaluation. This output is for research purposes only and does not constitute investment advice.",neutral_report_risk,Report risk is currently neutral because filing-text extraction has not yet been integrated for this dataset.,Potentially overvalued,modern_sec_facts_2017_current,modern_2017_2020,14.3,21.4,Low relative value,Below-average relative value,Potentially overvalued,Very low quality score (26/100) — high valuation gap may not reflect fundamental strength.,50,16.1,real_sec_filing,"risk_per1k=2.6, debt=4, legal=13, uncertainty=0, cost+cyber=0",ok,,True,Potentially overvalued,
804328,Qualcomm Inc/De,QCOM,2020,152493750274.6582,153532250802.2856,0.681011861638235,15.126262615390525,50,-0.0067870345030343,Fairly valued / neutral,Random Forest,"Research signal: Fairly valued / neutral. This signal was assigned because the model-estimated fair value is within 5% of actual market cap; fundamentals score in the lower third of the training dataset; report risk is set to neutral because SEC filing text has not been integrated into this dataset; and the log-scale model error is low (-0.01). The valuation gap is a research signal, not proof of undervaluation or overvaluation. This output is for research purposes only and does not constitute investment advice.",neutral_report_risk,Report risk is currently neutral because filing-text extraction has not yet been integrated for this dataset.,Fairly valued / neutral,modern_sec_facts_2017_current,modern_2017_2020,67.9,67.9,Neutral relative value,Neutral relative value,Fairly valued / neutral,Very low quality score (15/100) — high valuation gap may not reflect fundamental strength.,50,11.7,real_sec_filing,"risk_per1k=1.8, debt=3, legal=11, uncertainty=0, cost+cyber=0",ok,,True,Fairly valued / neutral,
804328,Qualcomm Inc/De,QCOM,2021,184713798828.125,140956819385.6689,-23.689069100447483,45.1251763070115,50,0.2703539958413827,Potentially overvalued,Random Forest,"Research signal: Potentially overvalued. This signal was assigned because the model-estimated fair value is 23.7% below actual market cap; fundamentals are in the middle range of the training dataset; report risk is set to neutral because SEC filing text has not been integrated into this dataset; and the log-scale model error is low (+0.27). The valuation gap is a research signal, not proof of undervaluation or overvaluation. This output is for research purposes only and does not constitute investment advice.",neutral_report_risk,Report risk is currently neutral because filing-text extraction has not yet been integrated for this dataset.,Potentially overvalued,modern_sec_facts_2017_current,modern_2021_2024,57.1,33.9,Neutral relative value,Below-average relative value,Fairly valued / neutral,Original signal used absolute thresholds (trained on 2010–2016 valuations). Calibrated signal compares against 2021 peers — valuations in this era were generally higher.,50,34.5,real_sec_filing,"risk_per1k=6.7, debt=7, legal=15, uncertainty=2, cost+cyber=3",ok,,True,Fairly valued / neutral,
804328,Qualcomm Inc/De,QCOM,2022,113977045532.22656,112046739887.43208,-1.6935915787084452,36.855580467432105,50,0.0170809684747439,Fairly valued / neutral,Random Forest,"Research signal: Fairly valued / neutral. This signal was assigned because the model-estimated fair value is within 5% of actual market cap; fundamentals score in the lower third of the training dataset; report risk is set to neutral because SEC filing text has not been integrated into this dataset; and the log-scale model error is low (+0.02). The valuation gap is a research signal, not proof of undervaluation or overvaluation. This output is for research purposes only and does not constitute investment advice.",neutral_report_risk,Report risk is currently neutral because filing-text extraction has not yet been integrated for this dataset.,Fairly valued / neutral,modern_sec_facts_2017_current,modern_2021_2024,39.3,62.5,Below-average relative value,Neutral relative value,Potentially overvalued,,50,32.6,real_sec_filing,"risk_per1k=6.2, debt=7, legal=16, uncertainty=1, cost+cyber=1",ok,,True,Potentially overvalued,
804328,Qualcomm Inc/De,QCOM,2023,152854304031.37207,175325261062.34998,14.70089911656392,66.54366697963557,50,-0.1371576769705988,Research candidate,Random Forest,"Research signal: Research candidate. This signal was assigned because the model-estimated fair value is 14.7% above actual market cap; fundamentals score in the upper third of the training dataset; report risk is set to neutral because SEC filing text has not been integrated into this dataset; and the log-scale model error is low (-0.14). The valuation gap is a research signal, not proof of undervaluation or overvaluation. This output is for research purposes only and does not constitute investment advice.",neutral_report_risk,Report risk is currently neutral because filing-text extraction has not yet been integrated for this dataset.,Research candidate,modern_sec_facts_2017_current,modern_2021_2024,82.1,80.4,Above-average relative value,Above-average relative value,Research candidate,,50,32.5,real_sec_filing,"risk_per1k=6.2, debt=6, legal=16, uncertainty=1, cost+cyber=3",ok,,True,Research candidate,
804328,Qualcomm Inc/De,QCOM,2024,164399672348.02246,182622506291.72684,11.084470962404309,71.55432725866999,50,-0.1051207255721209,Research candidate,Random Forest,"Research signal: Research candidate. This signal was assigned because the model-estimated fair value is 11.1% above actual market cap; fundamentals score in the upper third of the training dataset; report risk is set to neutral because SEC filing text has not been integrated into this dataset; and the log-scale model error is low (-0.11). The valuation gap is a research signal, not proof of undervaluation or overvaluation. This output is for research purposes only and does not constitute investment advice.",neutral_report_risk,Report risk is currently neutral because filing-text extraction has not yet been integrated for this dataset.,Research candidate,modern_sec_facts_2017_current,modern_2021_2024,78.6,78.6,Above-average relative value,Above-average relative value,Research candidate,,50,32.7,real_sec_filing,"risk_per1k=6.1, debt=6, legal=18, uncertainty=1, cost+cyber=2",ok,,True,Research candidate,
97476,Texas Instruments Inc,TXN,2017,81153537128.44467,84252788366.29012,3.8189971103048106,66.27424352409858,50,-0.037478784475148,Fairly valued / neutral,Random Forest,"Research signal: Fairly valued / neutral. This signal was assigned because the model-estimated fair value is within 5% of actual market cap; fundamentals score in the upper third of the training dataset; report risk is set to neutral because SEC filing text has not been integrated into this dataset; and the log-scale model error is low (-0.04). The valuation gap is a research signal, not proof of undervaluation or overvaluation. This output is for research purposes only and does not constitute investment advice.",neutral_report_risk,Report risk is currently neutral because filing-text extraction has not yet been integrated for this dataset.,Fairly valued / neutral,modern_sec_facts_2017_current,modern_2017_2020,75.0,71.4,Above-average relative value,Above-average relative value,Research candidate,,50,84.9,real_sec_filing,"risk_per1k=17.6, debt=10, legal=5, uncertainty=11, cost+cyber=10",ok,,True,Fairly valued / neutral,Risk-adjusted: very high filing risk (85/100). Downgraded from Research candidate — research the risk language before acting.
97476,Texas Instruments Inc,TXN,2018,71866095266.56647,98784889529.4758,37.45687610139644,64.56506877290546,50,-0.3181400535733978,Research candidate,Random Forest,"Research signal: Research candidate. This signal was assigned because the model-estimated fair value is 37.5% above actual market cap; fundamentals are in the middle range of the training dataset; report risk is set to neutral because SEC filing text has not been integrated into this dataset; and the log-scale model error is moderate (-0.32). The valuation gap is a research signal, not proof of undervaluation or overvaluation. This output is for research purposes only and does not constitute investment advice.",neutral_report_risk,Report risk is currently neutral because filing-text extraction has not yet been integrated for this dataset.,Research candidate,modern_sec_facts_2017_current,modern_2017_2020,82.1,87.5,Above-average relative value,Above-average relative value,Research candidate,,50,88.3,real_sec_filing,"risk_per1k=17.4, debt=10, legal=7, uncertainty=11, cost+cyber=11",ok,,True,Fairly valued / neutral,Risk-adjusted: very high filing risk (88/100). Downgraded from Research candidate — research the risk language before acting.
97476,Texas Instruments Inc,TXN,2019,99816884240.51048,109310791534.68233,9.511324027402132,70.06898420762766,50,-0.0908577736967828,Fairly valued / neutral,Random Forest,"Research signal: Fairly valued / neutral. This signal was assigned because the model-estimated fair value is 9.5% above actual market cap; fundamentals score in the upper third of the training dataset; report risk is set to neutral because SEC filing text has not been integrated into this dataset; and the log-scale model error is low (-0.09). The valuation gap is a research signal, not proof of undervaluation or overvaluation. This output is for research purposes only and does not constitute investment advice.",neutral_report_risk,Report risk is currently neutral because filing-text extraction has not yet been integrated for this dataset.,Fairly valued / neutral,modern_sec_facts_2017_current,modern_2017_2020,75.0,74.1,Above-average relative value,Above-average relative value,Research candidate,,50,88.1,real_sec_filing,"risk_per1k=16.9, debt=10, legal=7, uncertainty=10, cost+cyber=11",ok,,True,Fairly valued / neutral,Risk-adjusted: very high filing risk (88/100). Downgraded from Research candidate — research the risk language before acting.
97476,Texas Instruments Inc,TXN,2020,129526727231.63316,115105454205.90356,-11.13382028092162,67.01001005752971,50,0.1180385464568551,Potentially overvalued,Random Forest,"Research signal: Potentially overvalued. This signal was assigned because the model-estimated fair value is 11.1% below actual market cap; fundamentals score in the upper third of the training dataset; report risk is set to neutral because SEC filing text has not been integrated into this dataset; and the log-scale model error is low (+0.12). The valuation gap is a research signal, not proof of undervaluation or overvaluation. This output is for research purposes only and does not constitute investment advice.",neutral_report_risk,Report risk is currently neutral because filing-text extraction has not yet been integrated for this dataset.,Potentially overvalued,modern_sec_facts_2017_current,modern_2017_2020,57.1,50.9,Neutral relative value,Neutral relative value,Fairly valued / neutral,Original signal used absolute thresholds (trained on 2010–2016 valuations). Calibrated signal compares against 2020 peers — valuations in this era were generally higher.,50,88.5,real_sec_filing,"risk_per1k=19.8, debt=10, legal=8, uncertainty=10, cost+cyber=10",ok,,True,Fairly valued / neutral,
97476,Texas Instruments Inc,TXN,2021,152781157680.14597,124898000734.45049,-18.25038988385603,57.10543705954404,50,0.2015091454435804,Potentially overvalued,Random Forest,"Research signal: Potentially overvalued. This signal was assigned because the model-estimated fair value is 18.3% below actual market cap; fundamentals are in the middle range of the training dataset; report risk is set to neutral because SEC filing text has not been integrated into this dataset; and the log-scale model error is low (+0.20). The valuation gap is a research signal, not proof of undervaluation or overvaluation. This output is for research purposes only and does not constitute investment advice.",neutral_report_risk,Report risk is currently neutral because filing-text extraction has not yet been integrated for this dataset.,Potentially overvalued,modern_sec_facts_2017_current,modern_2021_2024,78.6,44.6,Above-average relative value,Neutral relative value,Research candidate,Original signal used absolute thresholds (trained on 2010–2016 valuations). Calibrated signal compares against 2021 peers — valuations in this era were generally higher.,50,89.9,real_sec_filing,"risk_per1k=19.9, debt=11, legal=8, uncertainty=10, cost+cyber=11",ok,,True,Fairly valued / neutral,Risk-adjusted: very high filing risk (90/100). Downgraded from Research candidate — research the risk language before acting.
97476,Texas Instruments Inc,TXN,2022,135134910934.302,138995241044.24844,2.8566490207872475,62.011527920833174,50,-0.0281660757683788,Fairly valued / neutral,Random Forest,"Research signal: Fairly valued / neutral. This signal was assigned because the model-estimated fair value is within 5% of actual market cap; fundamentals are in the middle range of the training dataset; report risk is set to neutral because SEC filing text has not been integrated into this dataset; and the log-scale model error is low (-0.03). The valuation gap is a research signal, not proof of undervaluation or overvaluation. This output is for research purposes only and does not constitute investment advice.",neutral_report_risk,Report risk is currently neutral because filing-text extraction has not yet been integrated for this dataset.,Fairly valued / neutral,modern_sec_facts_2017_current,modern_2021_2024,57.1,69.6,Neutral relative value,Neutral relative value,Fairly valued / neutral,,50,93.0,real_sec_filing,"risk_per1k=19.3, debt=11, legal=10, uncertainty=10, cost+cyber=13",ok,,True,Fairly valued / neutral,Caution: extreme filing risk (93/100). Review risk factors section before further research.
97476,Texas Instruments Inc,TXN,2023,144284720694.6582,159964487475.90833,10.867239930714732,77.33585136020244,50,-0.1031632628413454,Research candidate,Random Forest,"Research signal: Research candidate. This signal was assigned because the model-estimated fair value is 10.9% above actual market cap; fundamentals score in the upper third of the training dataset; report risk is set to neutral because SEC filing text has not been integrated into this dataset; and the log-scale model error is low (-0.10). The valuation gap is a research signal, not proof of undervaluation or overvaluation. This output is for research purposes only and does not constitute investment advice.",neutral_report_risk,Report risk is currently neutral because filing-text extraction has not yet been integrated for this dataset.,Research candidate,modern_sec_facts_2017_current,modern_2021_2024,75.0,77.7,Above-average relative value,Above-average relative value,Research candidate,,50,94.0,real_sec_filing,"risk_per1k=18.9, debt=11, legal=12, uncertainty=11, cost+cyber=14",ok,,True,Fairly valued / neutral,Risk-adjusted: very high filing risk (94/100). Downgraded from Research candidate — research the risk language before acting.
97476,Texas Instruments Inc,TXN,2024,163426298691.61075,136366605808.92944,-16.557734648169202,68.83366984949281,50,0.1810152261934661,Potentially overvalued,Random Forest,"Research signal: Potentially overvalued. This signal was assigned because the model-estimated fair value is 16.6% below actual market cap; fundamentals score in the upper third of the training dataset; report risk is set to neutral because SEC filing text has not been integrated into this dataset; and the log-scale model error is low (+0.18). The valuation gap is a research signal, not proof of undervaluation or overvaluation. This output is for research purposes only and does not constitute investment advice.",neutral_report_risk,Report risk is currently neutral because filing-text extraction has not yet been integrated for this dataset.,Potentially overvalued,modern_sec_facts_2017_current,modern_2021_2024,46.4,47.3,Neutral relative value,Neutral relative value,Fairly valued / neutral,Original signal used absolute thresholds (trained on 2010–2016 valuations). Calibrated signal compares against 2024 peers — valuations in this era were generally higher.,50,94.4,real_sec_filing,"risk_per1k=19.2, debt=11, legal=12, uncertainty=11, cost+cyber=15",ok,,True,Fairly valued / neutral,Caution: extreme filing risk (94/100). Review risk factors section before further research.
1108524,Salesforce COM Inc,CRM,2017,71097704467.77344,24326464328.220062,-65.78445885092317,26.0151587491048,50,1.0724902255731834,Potentially overvalued,Random Forest,"Research signal: Potentially overvalued. This signal was assigned because the model-estimated fair value is 65.8% below actual market cap; fundamentals score in the lower third of the training dataset; report risk is set to neutral because SEC filing text has not been integrated into this dataset; and the log-scale model error is high (+1.07) — treat this estimate with additional caution. The valuation gap is a research signal, not proof of undervaluation or overvaluation. This output is for research purposes only and does not constitute investment advice.","high_model_error, neutral_report_risk, needs_review",Model error of +1.072 (log scale) is large — the model fit was poor for this observation. | Report risk is currently neutral because filing-text extraction has not yet been integrated for this dataset.,Needs review,modern_sec_facts_2017_current,modern_2017_2020,7.1,1.8,Needs review,Needs review,Needs review,,50,53.3,real_sec_filing,"risk_per1k=8.2, debt=14, legal=25, uncertainty=8, cost+cyber=8",ok,,True,Needs review,needs_review_flag_preserved
1108524,Salesforce COM Inc,CRM,2018,98489628349.3042,46317785195.291214,-52.97191595543427,46.35835351089588,50,0.7544252298666088,Potentially overvalued,Random Forest,"Research signal: Potentially overvalued. This signal was assigned because the model-estimated fair value is 53.0% below actual market cap; fundamentals are in the middle range of the training dataset; report risk is set to neutral because SEC filing text has not been integrated into this dataset; and the log-scale model error is high (+0.75) — treat this estimate with additional caution. The valuation gap is a research signal, not proof of undervaluation or overvaluation. This output is for research purposes only and does not constitute investment advice.",neutral_report_risk,Report risk is currently neutral because filing-text extraction has not yet been integrated for this dataset.,Potentially overvalued,modern_sec_facts_2017_current,modern_2017_2020,7.1,7.1,Low relative value,Low relative value,Potentially overvalued,,50,57.4,real_sec_filing,"risk_per1k=8.5, debt=15, legal=28, uncertainty=8, cost+cyber=11",ok,,True,Potentially overvalued,
1108524,Salesforce COM Inc,CRM,2019,123262942657.4707,71963728222.83115,-41.617710342347095,36.4003902348717,50,0.5381576014330705,Potentially overvalued,Random Forest,"Research signal: Potentially overvalued. This signal was assigned because the model-estimated fair value is 41.6% below actual market cap; fundamentals score in the lower third of the training dataset; report risk is set to neutral because SEC filing text has not been integrated into this dataset; and the log-scale model error is moderate (+0.54). The valuation gap is a research signal, not proof of undervaluation or overvaluation. This output is for research purposes only and does not constitute investment advice.",neutral_report_risk,Report risk is currently neutral because filing-text extraction has not yet been integrated for this dataset.,Potentially overvalued,modern_sec_facts_2017_current,modern_2017_2020,10.7,14.3,Low relative value,Low relative value,Potentially overvalued,,50,59.9,real_sec_filing,"risk_per1k=9.0, debt=15, legal=26, uncertainty=10, cost+cyber=11",ok,,True,Potentially overvalued,
1108524,Salesforce COM Inc,CRM,2020,201464688583.374,165893470484.95914,-17.65630411390635,55.417653281590546,50,0.1942682849833517,Potentially overvalued,Random Forest,"Research signal: Potentially overvalued. This signal was assigned because the model-estimated fair value is 17.7% below actual market cap; fundamentals are in the middle range of the training dataset; report risk is set to neutral because SEC filing text has not been integrated into this dataset; and the log-scale model error is low (+0.19). The valuation gap is a research signal, not proof of undervaluation or overvaluation. This output is for research purposes only and does not constitute investment advice.",neutral_report_risk,Report risk is currently neutral because filing-text extraction has not yet been integrated for this dataset.,Potentially overvalued,modern_sec_facts_2017_current,modern_2017_2020,53.6,42.9,Neutral relative value,Neutral relative value,Fairly valued / neutral,Original signal used absolute thresholds (trained on 2010–2016 valuations). Calibrated signal compares against 2020 peers — valuations in this era were generally higher.,50,63.7,real_sec_filing,"risk_per1k=9.9, debt=13, legal=27, uncertainty=9, cost+cyber=14",ok,,True,Fairly valued / neutral,
1108524,Salesforce COM Inc,CRM,2021,230073335403.4424,135823808193.8255,-40.96499363750551,37.72662338125832,50,0.5270395898540698,Potentially overvalued,Random Forest,"Research signal: Potentially overvalued. This signal was assigned because the model-estimated fair value is 41.0% below actual market cap; fundamentals score in the lower third of the training dataset; report risk is set to neutral because SEC filing text has not been integrated into this dataset; and the log-scale model error is moderate (+0.53). The valuation gap is a research signal, not proof of undervaluation or overvaluation. This output is for research purposes only and does not constitute investment advice.",neutral_report_risk,Report risk is currently neutral because filing-text extraction has not yet been integrated for this dataset.,Potentially overvalued,modern_sec_facts_2017_current,modern_2021_2024,14.3,15.2,Low relative value,Low relative value,Potentially overvalued,,50,73.9,real_sec_filing,"risk_per1k=13.9, debt=10, legal=29, uncertainty=11, cost+cyber=16",ok,,True,Potentially overvalued,
1108524,Salesforce COM Inc,CRM,2022,129031792602.53906,163800462140.4417,26.94581609433401,46.746718726685245,50,-0.2385901645051547,Research candidate,Random Forest,"Research signal: Research candidate. This signal was assigned because the model-estimated fair value is 26.9% above actual market cap; fundamentals are in the middle range of the training dataset; report risk is set to neutral because SEC filing text has not been integrated into this dataset; and the log-scale model error is low (-0.24). The valuation gap is a research signal, not proof of undervaluation or overvaluation. This output is for research purposes only and does not constitute investment advice.",neutral_report_risk,Report risk is currently neutral because filing-text extraction has not yet been integrated for this dataset.,Research candidate,modern_sec_facts_2017_current,modern_2021_2024,78.6,89.3,Above-average relative value,Above-average relative value,Research candidate,,50,65.7,real_sec_filing,"risk_per1k=11.6, debt=10, legal=25, uncertainty=8, cost+cyber=18",ok,,True,Research candidate,
1108524,Salesforce COM Inc,CRM,2023,258664978027.34375,218349294030.92816,-15.586062057521282,48.90011072686471,50,0.1694376565219748,Potentially overvalued,Random Forest,"Research signal: Potentially overvalued. This signal was assigned because the model-estimated fair value is 15.6% below actual market cap; fundamentals are in the middle range of the training dataset; report risk is set to neutral because SEC filing text has not been integrated into this dataset; and the log-scale model error is low (+0.17). The valuation gap is a research signal, not proof of undervaluation or overvaluation. This output is for research purposes only and does not constitute investment advice.",neutral_report_risk,Report risk is currently neutral because filing-text extraction has not yet been integrated for this dataset.,Potentially overvalued,modern_sec_facts_2017_current,modern_2021_2024,39.3,48.2,Below-average relative value,Neutral relative value,Potentially overvalued,,50,73.0,real_sec_filing,"risk_per1k=12.3, debt=11, legal=23, uncertainty=14, cost+cyber=31",ok,,True,Potentially overvalued,
1108524,Salesforce COM Inc,CRM,2024,320200143737.79297,235480577621.228,-26.45831607931461,44.85011346302943,50,0.3073178123531157,Potentially overvalued,Random Forest,"Research signal: Potentially overvalued. This signal was assigned because the model-estimated fair value is 26.5% below actual market cap; fundamentals score in the lower third of the training dataset; report risk is set to neutral because SEC filing text has not been integrated into this dataset; and the log-scale model error is moderate (+0.31). The valuation gap is a research signal, not proof of undervaluation or overvaluation. This output is for research purposes only and does not constitute investment advice.",neutral_report_risk,Report risk is currently neutral because filing-text extraction has not yet been integrated for this dataset.,Potentially overvalued,modern_sec_facts_2017_current,modern_2021_2024,35.7,32.1,Below-average relative value,Below-average relative value,Potentially overvalued,,50,74.5,real_sec_filing,"risk_per1k=12.2, debt=15, legal=23, uncertainty=14, cost+cyber=31",ok,,True,Potentially overvalued,
1121788,Garmin LTD,GRMN,2017,9568716842.32244,9376408065.140474,-2.009765576209601,45.482215325853424,50,0.0203023610196169,Fairly valued / neutral,Random Forest,"Research signal: Fairly valued / neutral. This signal was assigned because the model-estimated fair value is within 5% of actual market cap; fundamentals are in the middle range of the training dataset; report risk is set to neutral because SEC filing text has not been integrated into this dataset; and the log-scale model error is low (+0.02). The valuation gap is a research signal, not proof of undervaluation or overvaluation. This output is for research purposes only and does not constitute investment advice.",neutral_report_risk,Report risk is currently neutral because filing-text extraction has not yet been integrated for this dataset.,Fairly valued / neutral,modern_sec_facts_2017_current,modern_2017_2020,71.4,65.2,Above-average relative value,Neutral relative value,Research candidate,,50,25.8,real_sec_filing,"risk_per1k=5.2, debt=2, legal=12, uncertainty=16, cost+cyber=4",ok,,True,Research candidate,
1121788,Garmin LTD,GRMN,2018,10514014692.19368,10645157681.092833,1.2473160133257395,48.71542617946544,50,-0.0123960111368361,Fairly valued / neutral,Random Forest,"Research signal: Fairly valued / neutral. This signal was assigned because the model-estimated fair value is within 5% of actual market cap; fundamentals are in the middle range of the training dataset; report risk is set to neutral because SEC filing text has not been integrated into this dataset; and the log-scale model error is low (-0.01). The valuation gap is a research signal, not proof of undervaluation or overvaluation. This output is for research purposes only and does not constitute investment advice.",neutral_report_risk,Report risk is currently neutral because filing-text extraction has not yet been integrated for this dataset.,Fairly valued / neutral,modern_sec_facts_2017_current,modern_2017_2020,67.9,68.8,Neutral relative value,Neutral relative value,Fairly valued / neutral,,50,23.0,real_sec_filing,"risk_per1k=4.7, debt=1, legal=14, uncertainty=10, cost+cyber=5",ok,,True,Fairly valued / neutral,
1121788,Garmin LTD,GRMN,2019,16040405679.874825,12850181082.432283,-19.888677762340965,49.978876015255906,50,0.2217529906212938,Potentially overvalued,Random Forest,"Research signal: Potentially overvalued. This signal was assigned because the model-estimated fair value is 19.9% below actual market cap; fundamentals are in the middle range of the training dataset; report risk is set to neutral because SEC filing text has not been integrated into this dataset; and the log-scale model error is low (+0.22). The valuation gap is a research signal, not proof of undervaluation or overvaluation. This output is for research purposes only and does not constitute investment advice.",neutral_report_risk,Report risk is currently neutral because filing-text extraction has not yet been integrated for this dataset.,Potentially overvalued,modern_sec_facts_2017_current,modern_2017_2020,42.9,41.1,Neutral relative value,Neutral relative value,Fairly valued / neutral,Original signal used absolute thresholds (trained on 2010–2016 valuations). Calibrated signal compares against 2019 peers — valuations in this era were generally higher.,50,42.2,real_sec_filing,"risk_per1k=7.6, debt=3, legal=21, uncertainty=22, cost+cyber=5",ok,,True,Fairly valued / neutral,
1121788,Garmin LTD,GRMN,2020,20296160701.59044,14330653302.849764,-29.392294860343753,52.81772622332338,50,0.3480309094885356,Potentially overvalued,Random Forest,"Research signal: Potentially overvalued. This signal was assigned because the model-estimated fair value is 29.4% below actual market cap; fundamentals are in the middle range of the training dataset; report risk is set to neutral because SEC filing text has not been integrated into this dataset; and the log-scale model error is moderate (+0.35). The valuation gap is a research signal, not proof of undervaluation or overvaluation. This output is for research purposes only and does not constitute investment advice.",neutral_report_risk,Report risk is currently neutral because filing-text extraction has not yet been integrated for this dataset.,Potentially overvalued,modern_sec_facts_2017_current,modern_2017_2020,25.0,25.9,Below-average relative value,Below-average relative value,Potentially overvalued,,50,62.4,real_sec_filing,"risk_per1k=10.4, debt=4, legal=31, uncertainty=26, cost+cyber=12",ok,,True,Potentially overvalued,
1121788,Garmin LTD,GRMN,2021,23676795638.882446,16755273086.22255,-29.233358509431284,60.947521946816885,50,0.3457824617091525,Potentially overvalued,Random Forest,"Research signal: Potentially overvalued. This signal was assigned because the model-estimated fair value is 29.2% below actual market cap; fundamentals are in the middle range of the training dataset; report risk is set to neutral because SEC filing text has not been integrated into this dataset; and the log-scale model error is moderate (+0.35). The valuation gap is a research signal, not proof of undervaluation or overvaluation. This output is for research purposes only and does not constitute investment advice.",neutral_report_risk,Report risk is currently neutral because filing-text extraction has not yet been integrated for this dataset.,Potentially overvalued,modern_sec_facts_2017_current,modern_2021_2024,42.9,26.8,Neutral relative value,Below-average relative value,Fairly valued / neutral,Original signal used absolute thresholds (trained on 2010–2016 valuations). Calibrated signal compares against 2021 peers — valuations in this era were generally higher.,50,65.0,real_sec_filing,"risk_per1k=12.0, debt=2, legal=34, uncertainty=27, cost+cyber=23",ok,,True,Fairly valued / neutral,
1121788,Garmin LTD,GRMN,2022,16362840203.727036,19135640392.652367,16.945714523898843,58.32973005554018,50,-0.156539662710152,Research candidate,Random Forest,"Research signal: Research candidate. This signal was assigned because the model-estimated fair value is 16.9% above actual market cap; fundamentals are in the middle range of the training dataset; report risk is set to neutral because SEC filing text has not been integrated into this dataset; and the log-scale model error is low (-0.16). The valuation gap is a research signal, not proof of undervaluation or overvaluation. This output is for research purposes only and does not constitute investment advice.",neutral_report_risk,Report risk is currently neutral because filing-text extraction has not yet been integrated for this dataset.,Research candidate,modern_sec_facts_2017_current,modern_2021_2024,67.9,81.2,Neutral relative value,Above-average relative value,Fairly valued / neutral,,50,64.1,real_sec_filing,"risk_per1k=11.4, debt=2, legal=35, uncertainty=30, cost+cyber=23",ok,,True,Fairly valued / neutral,
1121788,Garmin LTD,GRMN,2023,23511343331.08721,24962153451.8273,6.1706815315048225,60.84950380247588,50,-0.0598778162642652,Fairly valued / neutral,Random Forest,"Research signal: Fairly valued / neutral. This signal was assigned because the model-estimated fair value is 6.2% above actual market cap; fundamentals are in the middle range of the training dataset; report risk is set to neutral because SEC filing text has not been integrated into this dataset; and the log-scale model error is low (-0.06). The valuation gap is a research signal, not proof of undervaluation or overvaluation. This output is for research purposes only and does not constitute investment advice.",neutral_report_risk,Report risk is currently neutral because filing-text extraction has not yet been integrated for this dataset.,Fairly valued / neutral,modern_sec_facts_2017_current,modern_2021_2024,71.4,74.1,Above-average relative value,Above-average relative value,Research candidate,,50,63.5,real_sec_filing,"risk_per1k=10.4, debt=2, legal=39, uncertainty=34, cost+cyber=27",ok,,True,Research candidate,
1121788,Garmin LTD,GRMN,2024,38596753314.728165,21525148193.18503,-44.23067656063384,43.09679916313014,50,0.5839462269249402,Potentially overvalued,Random Forest,"Research signal: Potentially overvalued. This signal was assigned because the model-estimated fair value is 44.2% below actual market cap; fundamentals score in the lower third of the training dataset; report risk is set to neutral because SEC filing text has not been integrated into this dataset; and the log-scale model error is moderate (+0.58). The valuation gap is a research signal, not proof of undervaluation or overvaluation. This output is for research purposes only and does not constitute investment advice.",neutral_report_risk,Report risk is currently neutral because filing-text extraction has not yet been integrated for this dataset.,Potentially overvalued,modern_sec_facts_2017_current,modern_2021_2024,17.9,11.6,Low relative value,Low relative value,Potentially overvalued,,50,71.5,real_sec_filing,"risk_per1k=11.7, debt=5, legal=29, uncertainty=30, cost+cyber=28",ok,,True,Potentially overvalued,
1032975,Logitech International SA,LOGI,2017,4865530302.162113,4575308560.554962,-5.964853234562821,32.793626163762234,50,0.061501571841962,Fairly valued / neutral,Random Forest,"Research signal: Fairly valued / neutral. This signal was assigned because the model-estimated fair value is 6.0% below actual market cap; fundamentals score in the lower third of the training dataset; report risk is set to neutral because SEC filing text has not been integrated into this dataset; and the log-scale model error is low (+0.06). The valuation gap is a research signal, not proof of undervaluation or overvaluation. This output is for research purposes only and does not constitute investment advice.",neutral_report_risk,Report risk is currently neutral because filing-text extraction has not yet been integrated for this dataset.,Fairly valued / neutral,modern_sec_facts_2017_current,modern_2017_2020,67.9,58.9,Neutral relative value,Neutral relative value,Fairly valued / neutral,,50,30.1,real_sec_filing,"risk_per1k=4.0, debt=8, legal=9, uncertainty=5, cost+cyber=11",ok,,True,Fairly valued / neutral,
1032975,Logitech International SA,LOGI,2018,4644788693.597946,4313834844.04134,-7.125272458847699,36.45394638227473,50,0.0739186165625227,Fairly valued / neutral,Random Forest,"Research signal: Fairly valued / neutral. This signal was assigned because the model-estimated fair value is 7.1% below actual market cap; fundamentals score in the lower third of the training dataset; report risk is set to neutral because SEC filing text has not been integrated into this dataset; and the log-scale model error is low (+0.07). The valuation gap is a research signal, not proof of undervaluation or overvaluation. This output is for research purposes only and does not constitute investment advice.",neutral_report_risk,Report risk is currently neutral because filing-text extraction has not yet been integrated for this dataset.,Fairly valued / neutral,modern_sec_facts_2017_current,modern_2017_2020,46.4,56.2,Neutral relative value,Neutral relative value,Fairly valued / neutral,,50,30.3,real_sec_filing,"risk_per1k=3.9, debt=8, legal=9, uncertainty=5, cost+cyber=11",ok,,True,Fairly valued / neutral,
1032975,Logitech International SA,LOGI,2019,7176072344.254097,5660604311.315741,-21.11834942901316,51.11289732878945,50,0.2372215508240636,Potentially overvalued,Random Forest,"Research signal: Potentially overvalued. This signal was assigned because the model-estimated fair value is 21.1% below actual market cap; fundamentals are in the middle range of the training dataset; report risk is set to neutral because SEC filing text has not been integrated into this dataset; and the log-scale model error is low (+0.24). The valuation gap is a research signal, not proof of undervaluation or overvaluation. This output is for research purposes only and does not constitute investment advice.",neutral_report_risk,Report risk is currently neutral because filing-text extraction has not yet been integrated for this dataset.,Potentially overvalued,modern_sec_facts_2017_current,modern_2017_2020,35.7,37.5,Below-average relative value,Below-average relative value,Potentially overvalued,,50,32.5,real_sec_filing,"risk_per1k=4.0, debt=9, legal=9, uncertainty=4, cost+cyber=14",ok,,True,Potentially overvalued,
1032975,Logitech International SA,LOGI,2020,15084150582.49414,9842377091.7363,-34.75020659659261,53.36967409502343,50,0.4269473060216064,Potentially overvalued,Random Forest,"Research signal: Potentially overvalued. This signal was assigned because the model-estimated fair value is 34.8% below actual market cap; fundamentals are in the middle range of the training dataset; report risk is set to neutral because SEC filing text has not been integrated into this dataset; and the log-scale model error is moderate (+0.43). The valuation gap is a research signal, not proof of undervaluation or overvaluation. This output is for research purposes only and does not constitute investment advice.",neutral_report_risk,Report risk is currently neutral because filing-text extraction has not yet been integrated for this dataset.,Potentially overvalued,modern_sec_facts_2017_current,modern_2017_2020,17.9,18.8,Low relative value,Low relative value,Potentially overvalued,,50,33.6,real_sec_filing,"risk_per1k=3.7, debt=9, legal=12, uncertainty=4, cost+cyber=16",ok,,True,Potentially overvalued,
1032975,Logitech International SA,LOGI,2021,12975832151.352736,10599575790.3364,-18.312940035746458,49.4441302921986,50,0.2022745814367859,Potentially overvalued,Random Forest,"Research signal: Potentially overvalued. This signal was assigned because the model-estimated fair value is 18.3% below actual market cap; fundamentals are in the middle range of the training dataset; report risk is set to neutral because SEC filing text has not been integrated into this dataset; and the log-scale model error is low (+0.20). The valuation gap is a research signal, not proof of undervaluation or overvaluation. This output is for research purposes only and does not constitute investment advice.",neutral_report_risk,Report risk is currently neutral because filing-text extraction has not yet been integrated for this dataset.,Potentially overvalued,modern_sec_facts_2017_current,modern_2021_2024,75.0,43.8,Above-average relative value,Neutral relative value,Research candidate,Original signal used absolute thresholds (trained on 2010–2016 valuations). Calibrated signal compares against 2021 peers — valuations in this era were generally higher.,50,40.0,real_sec_filing,"risk_per1k=7.5, debt=8, legal=10, uncertainty=5, cost+cyber=19",ok,,True,Research candidate,
1032975,Logitech International SA,LOGI,2022,9782874664.136868,6659129587.094972,-31.930748213439376,52.710888904574475,50,0.3846445904123428,Potentially overvalued,Random Forest,"Research signal: Potentially overvalued. This signal was assigned because the model-estimated fair value is 31.9% below actual market cap; fundamentals are in the middle range of the training dataset; report risk is set to neutral because SEC filing text has not been integrated into this dataset; and the log-scale model error is moderate (+0.38). The valuation gap is a research signal, not proof of undervaluation or overvaluation. This output is for research purposes only and does not constitute investment advice.",neutral_report_risk,Report risk is currently neutral because filing-text extraction has not yet been integrated for this dataset.,Potentially overvalued,modern_sec_facts_2017_current,modern_2021_2024,10.7,21.4,Low relative value,Below-average relative value,Potentially overvalued,,50,41.4,real_sec_filing,"risk_per1k=8.0, debt=8, legal=10, uncertainty=3, cost+cyber=24",ok,,True,Potentially overvalued,
1032975,Logitech International SA,LOGI,2023,14641616031.313477,16742458777.142712,14.348434908662004,76.77905430216299,50,-0.1340800475366776,Research candidate,Random Forest,"Research signal: Research candidate. This signal was assigned because the model-estimated fair value is 14.3% above actual market cap; fundamentals score in the upper third of the training dataset; report risk is set to neutral because SEC filing text has not been integrated into this dataset; and the log-scale model error is low (-0.13). The valuation gap is a research signal, not proof of undervaluation or overvaluation. This output is for research purposes only and does not constitute investment advice.",neutral_report_risk,Report risk is currently neutral because filing-text extraction has not yet been integrated for this dataset.,Research candidate,modern_sec_facts_2017_current,modern_2021_2024,78.6,79.5,Above-average relative value,Above-average relative value,Research candidate,,50,50.8,real_sec_filing,"risk_per1k=9.9, debt=8, legal=13, uncertainty=5, cost+cyber=27",ok,,True,Research candidate,
1032975,Logitech International SA,LOGI,2024,12456852549.076126,12076953465.653198,-3.049719677793757,49.552081904116854,50,0.0309719128935412,Fairly valued / neutral,Random Forest,"Research signal: Fairly valued / neutral. This signal was assigned because the model-estimated fair value is within 5% of actual market cap; fundamentals are in the middle range of the training dataset; report risk is set to neutral because SEC filing text has not been integrated into this dataset; and the log-scale model error is low (+0.03). The valuation gap is a research signal, not proof of undervaluation or overvaluation. This output is for research purposes only and does not constitute investment advice.",neutral_report_risk,Report risk is currently neutral because filing-text extraction has not yet been integrated for this dataset.,Fairly valued / neutral,modern_sec_facts_2017_current,modern_2021_2024,60.7,58.9,Neutral relative value,Neutral relative value,Fairly valued / neutral,,50,60.1,real_sec_filing,"risk_per1k=11.5, debt=10, legal=16, uncertainty=7, cost+cyber=25",ok,,True,Fairly valued / neutral,
47217,HP Inc,HPQ,2017,2573664202.6138573,8930499172.996279,246.995507958121,41.21299954691831,50,-1.2441416485093306,Possible value trap,Random Forest,"Research signal: Possible value trap. This signal was assigned because the model-estimated fair value is 247.0% above actual market cap; fundamentals score in the lower third of the training dataset; report risk is set to neutral because SEC filing text has not been integrated into this dataset; and the log-scale model error is high (-1.24) — treat this estimate with additional caution. The valuation gap is a research signal, not proof of undervaluation or overvaluation. This output is for research purposes only and does not constitute investment advice.","extreme_valuation_gap, high_model_error, neutral_report_risk, needs_review",Valuation gap of +247.0% exceeds 100% — the model estimate is likely unreliable for this observation. | Model error of -1.244 (log scale) is large — the model fit was poor for this observation. | Report risk is currently neutral because filing-text extraction has not yet been integrated for this dataset.,Needs review,modern_sec_facts_2017_current,modern_2017_2020,100.0,99.1,Needs review,Needs review,Needs review,,50,59.8,real_sec_filing,"risk_per1k=14.9, debt=5, legal=17, uncertainty=10, cost+cyber=19",ok,,True,Needs review,needs_review_flag_preserved
47217,HP Inc,HPQ,2018,24133372479.61342,24510958218.698227,1.564579253909799,25.814574818696514,50,-0.0155246589802828,Fairly valued / neutral,Random Forest,"Research signal: Fairly valued / neutral. This signal was assigned because the model-estimated fair value is within 5% of actual market cap; fundamentals score in the lower third of the training dataset; report risk is set to neutral because SEC filing text has not been integrated into this dataset; and the log-scale model error is low (-0.02). The valuation gap is a research signal, not proof of undervaluation or overvaluation. This output is for research purposes only and does not constitute investment advice.",neutral_report_risk,Report risk is currently neutral because filing-text extraction has not yet been integrated for this dataset.,Fairly valued / neutral,modern_sec_facts_2017_current,modern_2017_2020,71.4,69.6,Above-average relative value,Neutral relative value,Possible value trap,Very low quality score (26/100) — high valuation gap may not reflect fundamental strength.,50,54.5,real_sec_filing,"risk_per1k=15.0, debt=3, legal=17, uncertainty=10, cost+cyber=19",ok,,True,Possible value trap,
47217,HP Inc,HPQ,2019,23094210598.055138,44743602098.31254,93.74380392149276,39.37651983186919,50,-0.6613665019739656,Possible value trap,Random Forest,"Research signal: Possible value trap. This signal was assigned because the model-estimated fair value is 93.7% above actual market cap; fundamentals score in the lower third of the training dataset; report risk is set to neutral because SEC filing text has not been integrated into this dataset; and the log-scale model error is high (-0.66) — treat this estimate with additional caution. The valuation gap is a research signal, not proof of undervaluation or overvaluation. This output is for research purposes only and does not constitute investment advice.",neutral_report_risk,Report risk is currently neutral because filing-text extraction has not yet been integrated for this dataset.,Possible value trap,modern_sec_facts_2017_current,modern_2017_2020,92.9,95.5,Top decile relative value,Top decile relative value,Possible value trap,,50,56.2,real_sec_filing,"risk_per1k=12.0, debt=5, legal=16, uncertainty=12, cost+cyber=17",ok,,True,Possible value trap,
47217,HP Inc,HPQ,2020,25798061515.95659,32161116074.57366,24.664855360087437,32.75563091936381,50,-0.2204587934556201,Possible value trap,Random Forest,"Research signal: Possible value trap. This signal was assigned because the model-estimated fair value is 24.7% above actual market cap; fundamentals score in the lower third of the training dataset; report risk is set to neutral because SEC filing text has not been integrated into this dataset; and the log-scale model error is low (-0.22). The valuation gap is a research signal, not proof of undervaluation or overvaluation. This output is for research purposes only and does not constitute investment advice.",neutral_report_risk,Report risk is currently neutral because filing-text extraction has not yet been integrated for this dataset.,Possible value trap,modern_sec_facts_2017_current,modern_2017_2020,85.7,83.0,Above-average relative value,Above-average relative value,Possible value trap,,50,61.0,real_sec_filing,"risk_per1k=14.5, debt=4, legal=19, uncertainty=13, cost+cyber=22",ok,,True,Possible value trap,
47217,HP Inc,HPQ,2021,34107237176.015724,31461230788.09228,-7.757903034679465,21.97111471124172,50,0.0807535764899398,Fairly valued / neutral,Random Forest,"Research signal: Fairly valued / neutral. This signal was assigned because the model-estimated fair value is 7.8% below actual market cap; fundamentals score in the lower third of the training dataset; report risk is set to neutral because SEC filing text has not been integrated into this dataset; and the log-scale model error is low (+0.08). The valuation gap is a research signal, not proof of undervaluation or overvaluation. This output is for research purposes only and does not constitute investment advice.",neutral_report_risk,Report risk is currently neutral because filing-text extraction has not yet been integrated for this dataset.,Fairly valued / neutral,modern_sec_facts_2017_current,modern_2021_2024,82.1,56.2,Above-average relative value,Neutral relative value,Possible value trap,Very low quality score (22/100) — high valuation gap may not reflect fundamental strength.,50,55.7,real_sec_filing,"risk_per1k=13.8, debt=3, legal=18, uncertainty=11, cost+cyber=21",ok,,True,Possible value trap,
47217,HP Inc,HPQ,2022,22717675850.518227,26580266569.372738,17.002578715667322,14.904202511085431,50,-0.1570257888716284,Possible value trap,Random Forest,"Research signal: Possible value trap. This signal was assigned because the model-estimated fair value is 17.0% above actual market cap; fundamentals score in the lower third of the training dataset; report risk is set to neutral because SEC filing text has not been integrated into this dataset; and the log-scale model error is low (-0.16). The valuation gap is a research signal, not proof of undervaluation or overvaluation. This output is for research purposes only and does not constitute investment advice.",neutral_report_risk,Report risk is currently neutral because filing-text extraction has not yet been integrated for this dataset.,Possible value trap,modern_sec_facts_2017_current,modern_2021_2024,71.4,82.1,Above-average relative value,Above-average relative value,Possible value trap,Very low quality score (15/100) — high valuation gap may not reflect fundamental strength.,50,83.9,real_sec_filing,"risk_per1k=17.0, debt=30, legal=28, uncertainty=12, cost+cyber=31",ok,,True,Possible value trap,
47217,HP Inc,HPQ,2023,26606844341.54735,36167123216.08472,35.931652592144175,28.93091620277439,50,-0.3069820189556118,Possible value trap,Random Forest,"Research signal: Possible value trap. This signal was assigned because the model-estimated fair value is 35.9% above actual market cap; fundamentals score in the lower third of the training dataset; report risk is set to neutral because SEC filing text has not been integrated into this dataset; and the log-scale model error is moderate (-0.31). The valuation gap is a research signal, not proof of undervaluation or overvaluation. This output is for research purposes only and does not constitute investment advice.",neutral_report_risk,Report risk is currently neutral because filing-text extraction has not yet been integrated for this dataset.,Possible value trap,modern_sec_facts_2017_current,modern_2021_2024,92.9,92.9,Top decile relative value,Top decile relative value,Possible value trap,Very low quality score (29/100) — high valuation gap may not reflect fundamental strength.,50,81.1,real_sec_filing,"risk_per1k=14.7, debt=28, legal=25, uncertainty=12, cost+cyber=30",ok,,True,Possible value trap,
47217,HP Inc,HPQ,2024,28251536002.93268,29294227199.860043,3.690741617797797,19.229452507601493,50,-0.0362426448161166,Fairly valued / neutral,Random Forest,"Research signal: Fairly valued / neutral. This signal was assigned because the model-estimated fair value is within 5% of actual market cap; fundamentals score in the lower third of the training dataset; report risk is set to neutral because SEC filing text has not been integrated into this dataset; and the log-scale model error is low (-0.04). The valuation gap is a research signal, not proof of undervaluation or overvaluation. This output is for research purposes only and does not constitute investment advice.",neutral_report_risk,Report risk is currently neutral because filing-text extraction has not yet been integrated for this dataset.,Fairly valued / neutral,modern_sec_facts_2017_current,modern_2021_2024,67.9,70.5,Neutral relative value,Above-average relative value,Fairly valued / neutral,Very low quality score (19/100) — high valuation gap may not reflect fundamental strength.,50,56.7,real_sec_filing,"risk_per1k=11.3, debt=4, legal=19, uncertainty=15, cost+cyber=21",ok,,True,Fairly valued / neutral,
50863,Intel Corp,INTC,2017,180890306488.0371,153446644992.84003,-15.17143844134734,55.94545481119161,50,0.1645378890651017,Potentially overvalued,Random Forest,"Research signal: Potentially overvalued. This signal was assigned because the model-estimated fair value is 15.2% below actual market cap; fundamentals are in the middle range of the training dataset; report risk is set to neutral because SEC filing text has not been integrated into this dataset; and the log-scale model error is low (+0.16). The valuation gap is a research signal, not proof of undervaluation or overvaluation. This output is for research purposes only and does not constitute investment advice.",neutral_report_risk,Report risk is currently neutral because filing-text extraction has not yet been integrated for this dataset.,Potentially overvalued,modern_sec_facts_2017_current,modern_2017_2020,50.0,45.5,Neutral relative value,Neutral relative value,Fairly valued / neutral,Original signal used absolute thresholds (trained on 2010–2016 valuations). Calibrated signal compares against 2017 peers — valuations in this era were generally higher.,50,41.1,real_sec_filing,"risk_per1k=5.2, debt=39, legal=2, uncertainty=3, cost+cyber=22",ok,,True,Fairly valued / neutral,
50863,Intel Corp,INTC,2018,181629109714.5081,166573014556.28055,-8.289472531079014,51.19421399164739,50,0.0865330099462511,Fairly valued / neutral,Random Forest,"Research signal: Fairly valued / neutral. This signal was assigned because the model-estimated fair value is 8.3% below actual market cap; fundamentals are in the middle range of the training dataset; report risk is set to neutral because SEC filing text has not been integrated into this dataset; and the log-scale model error is low (+0.09). The valuation gap is a research signal, not proof of undervaluation or overvaluation. This output is for research purposes only and does not constitute investment advice.",neutral_report_risk,Report risk is currently neutral because filing-text extraction has not yet been integrated for this dataset.,Fairly valued / neutral,modern_sec_facts_2017_current,modern_2017_2020,42.9,55.4,Neutral relative value,Neutral relative value,Fairly valued / neutral,,50,20.7,real_sec_filing,"risk_per1k=3.6, debt=6, legal=1, uncertainty=0, cost+cyber=13",ok,,True,Fairly valued / neutral,
50863,Intel Corp,INTC,2019,225796506271.3623,169208463178.1478,-25.0615228852155,53.161251760804134,50,0.2885027142223535,Potentially overvalued,Random Forest,"Research signal: Potentially overvalued. This signal was assigned because the model-estimated fair value is 25.1% below actual market cap; fundamentals are in the middle range of the training dataset; report risk is set to neutral because SEC filing text has not been integrated into this dataset; and the log-scale model error is low (+0.29). The valuation gap is a research signal, not proof of undervaluation or overvaluation. This output is for research purposes only and does not constitute investment advice.",neutral_report_risk,Report risk is currently neutral because filing-text extraction has not yet been integrated for this dataset.,Potentially overvalued,modern_sec_facts_2017_current,modern_2017_2020,32.1,33.0,Below-average relative value,Below-average relative value,Potentially overvalued,,50,23.0,real_sec_filing,"risk_per1k=4.0, debt=6, legal=2, uncertainty=0, cost+cyber=12",ok,,True,Potentially overvalued,
50863,Intel Corp,INTC,2020,182991618556.97632,187165656713.45505,2.280999637794394,70.43659331970198,50,-0.0225537379283373,Fairly valued / neutral,Random Forest,"Research signal: Fairly valued / neutral. This signal was assigned because the model-estimated fair value is within 5% of actual market cap; fundamentals score in the upper third of the training dataset; report risk is set to neutral because SEC filing text has not been integrated into this dataset; and the log-scale model error is low (-0.02). The valuation gap is a research signal, not proof of undervaluation or overvaluation. This output is for research purposes only and does not constitute investment advice.",neutral_report_risk,Report risk is currently neutral because filing-text extraction has not yet been integrated for this dataset.,Fairly valued / neutral,modern_sec_facts_2017_current,modern_2017_2020,71.4,70.5,Above-average relative value,Above-average relative value,Research candidate,,50,30.4,real_sec_filing,"risk_per1k=5.0, debt=9, legal=5, uncertainty=0, cost+cyber=16",ok,,True,Research candidate,
50863,Intel Corp,INTC,2021,194497120300.29297,197879275437.82135,1.73892298883734,58.629250246679696,50,-0.0172397674338213,Fairly valued / neutral,Random Forest,"Research signal: Fairly valued / neutral. This signal was assigned because the model-estimated fair value is within 5% of actual market cap; fundamentals are in the middle range of the training dataset; report risk is set to neutral because SEC filing text has not been integrated into this dataset; and the log-scale model error is low (-0.02). The valuation gap is a research signal, not proof of undervaluation or overvaluation. This output is for research purposes only and does not constitute investment advice.",neutral_report_risk,Report risk is currently neutral because filing-text extraction has not yet been integrated for this dataset.,Fairly valued / neutral,modern_sec_facts_2017_current,modern_2021_2024,85.7,67.0,Above-average relative value,Neutral relative value,Research candidate,,50,19.5,real_sec_filing,"risk_per1k=3.9, debt=4, legal=6, uncertainty=1, cost+cyber=16",ok,,True,Research candidate,
50863,Intel Corp,INTC,2022,105434998340.60667,371631291171.4963,252.4743178455271,60.83773761437933,50,-1.2598075764342092,Research candidate,Random Forest,"Research signal: Research candidate. This signal was assigned because the model-estimated fair value is 252.5% above actual market cap; fundamentals are in the middle range of the training dataset; report risk is set to neutral because SEC filing text has not been integrated into this dataset; and the log-scale model error is high (-1.26) — treat this estimate with additional caution. The valuation gap is a research signal, not proof of undervaluation or overvaluation. This output is for research purposes only and does not constitute investment advice.","extreme_valuation_gap, high_model_error, neutral_report_risk, needs_review",Valuation gap of +252.5% exceeds 100% — the model estimate is likely unreliable for this observation. | Model error of -1.260 (log scale) is large — the model fit was poor for this observation. | Report risk is currently neutral because filing-text extraction has not yet been integrated for this dataset.,Needs review,modern_sec_facts_2017_current,modern_2021_2024,100.0,100.0,Needs review,Needs review,Needs review,,50,22.6,real_sec_filing,"risk_per1k=5.7, debt=3, legal=7, uncertainty=1, cost+cyber=22",ok,,True,Needs review,needs_review_flag_preserved
50863,Intel Corp,INTC,2023,209649198593.13965,331378609680.2052,58.06338011494259,50.82189153843043,50,-0.4578259065717383,Research candidate,Random Forest,"Research signal: Research candidate. This signal was assigned because the model-estimated fair value is 58.1% above actual market cap; fundamentals are in the middle range of the training dataset; report risk is set to neutral because SEC filing text has not been integrated into this dataset; and the log-scale model error is moderate (-0.46). The valuation gap is a research signal, not proof of undervaluation or overvaluation. This output is for research purposes only and does not constitute investment advice.",neutral_report_risk,Report risk is currently neutral because filing-text extraction has not yet been integrated for this dataset.,Research candidate,modern_sec_facts_2017_current,modern_2021_2024,100.0,96.4,Top decile relative value,Top decile relative value,Research candidate,,50,26.7,real_sec_filing,"risk_per1k=5.6, debt=5, legal=5, uncertainty=1, cost+cyber=24",ok,,True,Research candidate,
50863,Intel Corp,INTC,2024,86816496696.47217,96000456862.16202,10.578588764988767,18.37308008193312,50,-0.1005562927222349,Research candidate,Random Forest,"Research signal: Research candidate. This signal was assigned because the model-estimated fair value is 10.6% above actual market cap; fundamentals score in the lower third of the training dataset; report risk is set to neutral because SEC filing text has not been integrated into this dataset; and the log-scale model error is low (-0.10). The valuation gap is a research signal, not proof of undervaluation or overvaluation. This output is for research purposes only and does not constitute investment advice.",neutral_report_risk,Report risk is currently neutral because filing-text extraction has not yet been integrated for this dataset.,Research candidate,modern_sec_facts_2017_current,modern_2021_2024,75.0,76.8,Above-average relative value,Above-average relative value,Possible value trap,Very low quality score (18/100) — high valuation gap may not reflect fundamental strength.,50,26.1,real_sec_filing,"risk_per1k=5.3, debt=4, legal=5, uncertainty=5, cost+cyber=32",ok,,True,Possible value trap,
858877,Cisco Systems Inc,CSCO,2017,147733333812.98962,134257764164.3874,-9.121549822777624,46.76078261335568,50,0.0956472846683382,Fairly valued / neutral,Random Forest,"Research signal: Fairly valued / neutral. This signal was assigned because the model-estimated fair value is 9.1% below actual market cap; fundamentals are in the middle range of the training dataset; report risk is set to neutral because SEC filing text has not been integrated into this dataset; and the log-scale model error is low (+0.10). The valuation gap is a research signal, not proof of undervaluation or overvaluation. This output is for research purposes only and does not constitute investment advice.",neutral_report_risk,Report risk is currently neutral because filing-text extraction has not yet been integrated for this dataset.,Fairly valued / neutral,modern_sec_facts_2017_current,modern_2017_2020,64.3,54.5,Neutral relative value,Neutral relative value,Fairly valued / neutral,,50,37.1,real_sec_filing,"risk_per1k=8.7, debt=4, legal=8, uncertainty=18, cost+cyber=4",ok,,True,Fairly valued / neutral,
858877,Cisco Systems Inc,CSCO,2018,158978108798.7806,148580629696.8415,-6.540195490122014,47.00066846260286,50,0.0676387404162852,Fairly valued / neutral,Random Forest,"Research signal: Fairly valued / neutral. This signal was assigned because the model-estimated fair value is 6.5% below actual market cap; fundamentals are in the middle range of the training dataset; report risk is set to neutral because SEC filing text has not been integrated into this dataset; and the log-scale model error is low (+0.07). The valuation gap is a research signal, not proof of undervaluation or overvaluation. This output is for research purposes only and does not constitute investment advice.",neutral_report_risk,Report risk is currently neutral because filing-text extraction has not yet been integrated for this dataset.,Fairly valued / neutral,modern_sec_facts_2017_current,modern_2017_2020,50.0,58.0,Neutral relative value,Neutral relative value,Fairly valued / neutral,,50,42.1,real_sec_filing,"risk_per1k=10.3, debt=2, legal=11, uncertainty=25, cost+cyber=5",ok,,True,Fairly valued / neutral,
858877,Cisco Systems Inc,CSCO,2019,168032076893.62048,152549551014.8631,-9.214029942960966,48.18799762933703,50,0.0966654271098015,Fairly valued / neutral,Random Forest,"Research signal: Fairly valued / neutral. This signal was assigned because the model-estimated fair value is 9.2% below actual market cap; fundamentals are in the middle range of the training dataset; report risk is set to neutral because SEC filing text has not been integrated into this dataset; and the log-scale model error is low (+0.10). The valuation gap is a research signal, not proof of undervaluation or overvaluation. This output is for research purposes only and does not constitute investment advice.",neutral_report_risk,Report risk is currently neutral because filing-text extraction has not yet been integrated for this dataset.,Fairly valued / neutral,modern_sec_facts_2017_current,modern_2017_2020,57.1,53.6,Neutral relative value,Neutral relative value,Fairly valued / neutral,,50,45.8,real_sec_filing,"risk_per1k=10.7, debt=2, legal=11, uncertainty=25, cost+cyber=10",ok,,True,Fairly valued / neutral,
858877,Cisco Systems Inc,CSCO,2020,161720450854.85394,153808506796.05685,-4.892358398071839,38.451738642905354,50,0.0501608663323231,Fairly valued / neutral,Random Forest,"Research signal: Fairly valued / neutral. This signal was assigned because the model-estimated fair value is within 5% of actual market cap; fundamentals score in the lower third of the training dataset; report risk is set to neutral because SEC filing text has not been integrated into this dataset; and the log-scale model error is low (+0.05). The valuation gap is a research signal, not proof of undervaluation or overvaluation. This output is for research purposes only and does not constitute investment advice.",neutral_report_risk,Report risk is currently neutral because filing-text extraction has not yet been integrated for this dataset.,Fairly valued / neutral,modern_sec_facts_2017_current,modern_2017_2020,60.7,59.8,Neutral relative value,Neutral relative value,Fairly valued / neutral,,50,54.5,real_sec_filing,"risk_per1k=13.3, debt=3, legal=10, uncertainty=24, cost+cyber=13",ok,,True,Fairly valued / neutral,
858877,Cisco Systems Inc,CSCO,2021,234852273682.12952,183666516369.93823,-21.79487407538184,63.17198183186625,50,0.2458349916769009,Potentially overvalued,Random Forest,"Research signal: Potentially overvalued. This signal was assigned because the model-estimated fair value is 21.8% below actual market cap; fundamentals are in the middle range of the training dataset; report risk is set to neutral because SEC filing text has not been integrated into this dataset; and the log-scale model error is low (+0.25). The valuation gap is a research signal, not proof of undervaluation or overvaluation. This output is for research purposes only and does not constitute investment advice.",neutral_report_risk,Report risk is currently neutral because filing-text extraction has not yet been integrated for this dataset.,Potentially overvalued,modern_sec_facts_2017_current,modern_2021_2024,67.9,38.4,Neutral relative value,Below-average relative value,Fairly valued / neutral,Original signal used absolute thresholds (trained on 2010–2016 valuations). Calibrated signal compares against 2021 peers — valuations in this era were generally higher.,50,47.0,real_sec_filing,"risk_per1k=10.8, debt=4, legal=4, uncertainty=19, cost+cyber=12",ok,,True,Fairly valued / neutral,
858877,Cisco Systems Inc,CSCO,2022,177396663522.00558,160824089859.25555,-9.342099977373165,62.3821669812784,50,0.0980771039619838,Fairly valued / neutral,Random Forest,"Research signal: Fairly valued / neutral. This signal was assigned because the model-estimated fair value is 9.3% below actual market cap; fundamentals are in the middle range of the training dataset; report risk is set to neutral because SEC filing text has not been integrated into this dataset; and the log-scale model error is low (+0.10). The valuation gap is a research signal, not proof of undervaluation or overvaluation. This output is for research purposes only and does not constitute investment advice.",neutral_report_risk,Report risk is currently neutral because filing-text extraction has not yet been integrated for this dataset.,Fairly valued / neutral,modern_sec_facts_2017_current,modern_2021_2024,35.7,54.5,Below-average relative value,Neutral relative value,Potentially overvalued,,50,54.0,real_sec_filing,"risk_per1k=11.2, debt=5, legal=7, uncertainty=21, cost+cyber=15",ok,,True,Potentially overvalued,
858877,Cisco Systems Inc,CSCO,2023,191339854547.7592,174016764781.74298,-9.053571095765776,63.965731434612515,50,0.0948995461792776,Fairly valued / neutral,Random Forest,"Research signal: Fairly valued / neutral. This signal was assigned because the model-estimated fair value is 9.1% below actual market cap; fundamentals are in the middle range of the training dataset; report risk is set to neutral because SEC filing text has not been integrated into this dataset; and the log-scale model error is low (+0.09). The valuation gap is a research signal, not proof of undervaluation or overvaluation. This output is for research purposes only and does not constitute investment advice.",neutral_report_risk,Report risk is currently neutral because filing-text extraction has not yet been integrated for this dataset.,Fairly valued / neutral,modern_sec_facts_2017_current,modern_2021_2024,53.6,55.4,Neutral relative value,Neutral relative value,Fairly valued / neutral,,50,40.6,real_sec_filing,"risk_per1k=9.1, debt=3, legal=8, uncertainty=20, cost+cyber=12",ok,,True,Fairly valued / neutral,
858877,Cisco Systems Inc,CSCO,2024,227851692989.96225,200793222064.6262,-11.875475038286446,67.41468224856771,50,0.1264193153755641,Potentially overvalued,Random Forest,"Research signal: Potentially overvalued. This signal was assigned because the model-estimated fair value is 11.9% below actual market cap; fundamentals score in the upper third of the training dataset; report risk is set to neutral because SEC filing text has not been integrated into this dataset; and the log-scale model error is low (+0.13). The valuation gap is a research signal, not proof of undervaluation or overvaluation. This output is for research purposes only and does not constitute investment advice.",neutral_report_risk,Report risk is currently neutral because filing-text extraction has not yet been integrated for this dataset.,Potentially overvalued,modern_sec_facts_2017_current,modern_2021_2024,53.6,50.9,Neutral relative value,Neutral relative value,Fairly valued / neutral,Original signal used absolute thresholds (trained on 2010–2016 valuations). Calibrated signal compares against 2024 peers — valuations in this era were generally higher.,50,41.7,real_sec_filing,"risk_per1k=9.4, debt=4, legal=11, uncertainty=10, cost+cyber=24",ok,,True,Fairly valued / neutral,
723125,Micron Technology Inc,MU,2017,46249918844.26309,53401599306.19209,15.463120024082174,47.43949410750215,50,-0.143780985833569,Research candidate,Random Forest,"Research signal: Research candidate. This signal was assigned because the model-estimated fair value is 15.5% above actual market cap; fundamentals are in the middle range of the training dataset; report risk is set to neutral because SEC filing text has not been integrated into this dataset; and the log-scale model error is low (-0.14). The valuation gap is a research signal, not proof of undervaluation or overvaluation. This output is for research purposes only and does not constitute investment advice.",neutral_report_risk,Report risk is currently neutral because filing-text extraction has not yet been integrated for this dataset.,Research candidate,modern_sec_facts_2017_current,modern_2017_2020,82.1,77.7,Above-average relative value,Above-average relative value,Research candidate,,50,56.6,real_sec_filing,"risk_per1k=7.7, debt=40, legal=10, uncertainty=48, cost+cyber=5",ok,,True,Research candidate,
723125,Micron Technology Inc,MU,2018,35100505772.42517,29893402493.576298,-14.834838314322976,12.36178465012724,50,0.1605777361782401,Potentially overvalued,Random Forest,"Research signal: Potentially overvalued. This signal was assigned because the model-estimated fair value is 14.8% below actual market cap; fundamentals score in the lower third of the training dataset; report risk is set to neutral because SEC filing text has not been integrated into this dataset; and the log-scale model error is low (+0.16). The valuation gap is a research signal, not proof of undervaluation or overvaluation. This output is for research purposes only and does not constitute investment advice.",neutral_report_risk,Report risk is currently neutral because filing-text extraction has not yet been integrated for this dataset.,Potentially overvalued,modern_sec_facts_2017_current,modern_2017_2020,32.1,46.4,Below-average relative value,Neutral relative value,Potentially overvalued,Very low quality score (12/100) — high valuation gap may not reflect fundamental strength.,50,50.6,real_sec_filing,"risk_per1k=5.8, debt=35, legal=7, uncertainty=35, cost+cyber=5",ok,,True,Potentially overvalued,
723125,Micron Technology Inc,MU,2019,58065855384.64461,162397242125.88443,179.67768846272784,76.72562102725027,50,-1.0284676415090246,Research candidate,Random Forest,"Research signal: Research candidate. This signal was assigned because the model-estimated fair value is 179.7% above actual market cap; fundamentals score in the upper third of the training dataset; report risk is set to neutral because SEC filing text has not been integrated into this dataset; and the log-scale model error is high (-1.03) — treat this estimate with additional caution. The valuation gap is a research signal, not proof of undervaluation or overvaluation. This output is for research purposes only and does not constitute investment advice.","extreme_valuation_gap, high_model_error, neutral_report_risk, needs_review",Valuation gap of +179.7% exceeds 100% — the model estimate is likely unreliable for this observation. | Model error of -1.028 (log scale) is large — the model fit was poor for this observation. | Report risk is currently neutral because filing-text extraction has not yet been integrated for this dataset.,Needs review,modern_sec_facts_2017_current,modern_2017_2020,96.4,98.2,Needs review,Needs review,Needs review,,50,51.9,real_sec_filing,"risk_per1k=5.5, debt=16, legal=10, uncertainty=34, cost+cyber=21",ok,,True,Needs review,needs_review_flag_preserved
723125,Micron Technology Inc,MU,2020,81623749102.02734,158624951774.65555,94.33676291489492,89.79240406683584,50,-0.664422359471132,Research candidate,Random Forest,"Research signal: Research candidate. This signal was assigned because the model-estimated fair value is 94.3% above actual market cap; fundamentals score in the upper third of the training dataset; report risk is set to neutral because SEC filing text has not been integrated into this dataset; and the log-scale model error is high (-0.66) — treat this estimate with additional caution. The valuation gap is a research signal, not proof of undervaluation or overvaluation. This output is for research purposes only and does not constitute investment advice.",neutral_report_risk,Report risk is currently neutral because filing-text extraction has not yet been integrated for this dataset.,Research candidate,modern_sec_facts_2017_current,modern_2017_2020,100.0,96.4,Top decile relative value,Top decile relative value,Research candidate,,50,57.7,real_sec_filing,"risk_per1k=7.6, debt=14, legal=13, uncertainty=35, cost+cyber=23",ok,,True,Research candidate,
723125,Micron Technology Inc,MU,2021,101766767254.40016,104244736624.71413,2.434949480235984,53.627160224707666,50,-0.0240577719044488,Fairly valued / neutral,Random Forest,"Research signal: Fairly valued / neutral. This signal was assigned because the model-estimated fair value is within 5% of actual market cap; fundamentals are in the middle range of the training dataset; report risk is set to neutral because SEC filing text has not been integrated into this dataset; and the log-scale model error is low (-0.02). The valuation gap is a research signal, not proof of undervaluation or overvaluation. This output is for research purposes only and does not constitute investment advice.",neutral_report_risk,Report risk is currently neutral because filing-text extraction has not yet been integrated for this dataset.,Fairly valued / neutral,modern_sec_facts_2017_current,modern_2021_2024,89.3,67.9,Above-average relative value,Neutral relative value,Research candidate,,50,48.9,real_sec_filing,"risk_per1k=7.6, debt=7, legal=14, uncertainty=20, cost+cyber=13",ok,,True,Research candidate,
723125,Micron Technology Inc,MU,2022,53413742472.81116,56627452495.933846,6.01663518477205,33.97985797548963,50,-0.0584258315162529,Fairly valued / neutral,Random Forest,"Research signal: Fairly valued / neutral. This signal was assigned because the model-estimated fair value is 6.0% above actual market cap; fundamentals score in the lower third of the training dataset; report risk is set to neutral because SEC filing text has not been integrated into this dataset; and the log-scale model error is low (-0.06). The valuation gap is a research signal, not proof of undervaluation or overvaluation. This output is for research purposes only and does not constitute investment advice.",neutral_report_risk,Report risk is currently neutral because filing-text extraction has not yet been integrated for this dataset.,Fairly valued / neutral,modern_sec_facts_2017_current,modern_2021_2024,64.3,72.3,Neutral relative value,Above-average relative value,Fairly valued / neutral,,50,56.6,real_sec_filing,"risk_per1k=8.4, debt=8, legal=14, uncertainty=33, cost+cyber=20",ok,,True,Fairly valued / neutral,
723125,Micron Technology Inc,MU,2023,92839488061.04031,115886243129.57603,24.824302190661445,60.43460515330284,50,-0.2217369800818254,Research candidate,Random Forest,"Research signal: Research candidate. This signal was assigned because the model-estimated fair value is 24.8% above actual market cap; fundamentals are in the middle range of the training dataset; report risk is set to neutral because SEC filing text has not been integrated into this dataset; and the log-scale model error is low (-0.22). The valuation gap is a research signal, not proof of undervaluation or overvaluation. This output is for research purposes only and does not constitute investment advice.",neutral_report_risk,Report risk is currently neutral because filing-text extraction has not yet been integrated for this dataset.,Research candidate,modern_sec_facts_2017_current,modern_2021_2024,85.7,86.6,Above-average relative value,Above-average relative value,Research candidate,,50,62.6,real_sec_filing,"risk_per1k=9.3, debt=8, legal=18, uncertainty=36, cost+cyber=20",ok,,True,Research candidate,
723125,Micron Technology Inc,MU,2024,92847294087.09976,111779842134.29446,20.391060647857067,64.95302667970208,50,-0.1855750970193561,Research candidate,Random Forest,"Research signal: Research candidate. This signal was assigned because the model-estimated fair value is 20.4% above actual market cap; fundamentals are in the middle range of the training dataset; report risk is set to neutral because SEC filing text has not been integrated into this dataset; and the log-scale model error is low (-0.19). The valuation gap is a research signal, not proof of undervaluation or overvaluation. This output is for research purposes only and does not constitute investment advice.",neutral_report_risk,Report risk is currently neutral because filing-text extraction has not yet been integrated for this dataset.,Research candidate,modern_sec_facts_2017_current,modern_2021_2024,89.3,84.8,Above-average relative value,Above-average relative value,Research candidate,,50,60.0,real_sec_filing,"risk_per1k=8.6, debt=7, legal=20, uncertainty=32, cost+cyber=21",ok,,True,Research candidate,
6951,Applied Materials Inc,AMAT,2017,49188773881.28902,27304732952.60306,-44.48990938765899,48.54813627527879,50,0.5886053689266788,Potentially overvalued,Random Forest,"Research signal: Potentially overvalued. This signal was assigned because the model-estimated fair value is 44.5% below actual market cap; fundamentals are in the middle range of the training dataset; report risk is set to neutral because SEC filing text has not been integrated into this dataset; and the log-scale model error is moderate (+0.59). The valuation gap is a research signal, not proof of undervaluation or overvaluation. This output is for research purposes only and does not constitute investment advice.",neutral_report_risk,Report risk is currently neutral because filing-text extraction has not yet been integrated for this dataset.,Potentially overvalued,modern_sec_facts_2017_current,modern_2017_2020,21.4,11.6,Below-average relative value,Low relative value,Potentially overvalued,,50,76.9,real_sec_filing,"risk_per1k=11.9, debt=20, legal=22, uncertainty=19, cost+cyber=23",ok,,True,Potentially overvalued,
6951,Applied Materials Inc,AMAT,2018,29049358513.11866,29161614978.024883,0.3864335415721087,52.74910989672479,50,-0.0038568880515299,Fairly valued / neutral,Random Forest,"Research signal: Fairly valued / neutral. This signal was assigned because the model-estimated fair value is within 5% of actual market cap; fundamentals are in the middle range of the training dataset; report risk is set to neutral because SEC filing text has not been integrated into this dataset; and the log-scale model error is low (-0.00). The valuation gap is a research signal, not proof of undervaluation or overvaluation. This output is for research purposes only and does not constitute investment advice.",neutral_report_risk,Report risk is currently neutral because filing-text extraction has not yet been integrated for this dataset.,Fairly valued / neutral,modern_sec_facts_2017_current,modern_2017_2020,64.3,66.1,Neutral relative value,Neutral relative value,Fairly valued / neutral,,50,81.2,real_sec_filing,"risk_per1k=12.3, debt=20, legal=25, uncertainty=20, cost+cyber=30",ok,,True,Fairly valued / neutral,
6951,Applied Materials Inc,AMAT,2019,52660397541.027145,74000951973.34125,40.52486389926682,72.41771242353609,50,-0.3402142543834188,Research candidate,Random Forest,"Research signal: Research candidate. This signal was assigned because the model-estimated fair value is 40.5% above actual market cap; fundamentals score in the upper third of the training dataset; report risk is set to neutral because SEC filing text has not been integrated into this dataset; and the log-scale model error is moderate (-0.34). The valuation gap is a research signal, not proof of undervaluation or overvaluation. This output is for research purposes only and does not constitute investment advice.",neutral_report_risk,Report risk is currently neutral because filing-text extraction has not yet been integrated for this dataset.,Research candidate,modern_sec_facts_2017_current,modern_2017_2020,89.3,88.4,Above-average relative value,Above-average relative value,Research candidate,,50,77.5,real_sec_filing,"risk_per1k=12.5, debt=22, legal=19, uncertainty=17, cost+cyber=28",ok,,True,Research candidate,
6951,Applied Materials Inc,AMAT,2020,75377944222.57843,75688148972.72334,0.4115325157037052,64.17216186357403,50,-0.0041068803672388,Fairly valued / neutral,Random Forest,"Research signal: Fairly valued / neutral. This signal was assigned because the model-estimated fair value is within 5% of actual market cap; fundamentals are in the middle range of the training dataset; report risk is set to neutral because SEC filing text has not been integrated into this dataset; and the log-scale model error is low (-0.00). The valuation gap is a research signal, not proof of undervaluation or overvaluation. This output is for research purposes only and does not constitute investment advice.",neutral_report_risk,Report risk is currently neutral because filing-text extraction has not yet been integrated for this dataset.,Fairly valued / neutral,modern_sec_facts_2017_current,modern_2017_2020,64.3,67.0,Neutral relative value,Neutral relative value,Fairly valued / neutral,,50,80.1,real_sec_filing,"risk_per1k=14.2, debt=22, legal=23, uncertainty=15, cost+cyber=21",ok,,True,Fairly valued / neutral,
6951,Applied Materials Inc,AMAT,2021,134511165941.33205,92709680010.98273,-31.07659177423332,49.63064756011717,50,0.3721743236391894,Potentially overvalued,Random Forest,"Research signal: Potentially overvalued. This signal was assigned because the model-estimated fair value is 31.1% below actual market cap; fundamentals are in the middle range of the training dataset; report risk is set to neutral because SEC filing text has not been integrated into this dataset; and the log-scale model error is moderate (+0.37). The valuation gap is a research signal, not proof of undervaluation or overvaluation. This output is for research purposes only and does not constitute investment advice.",neutral_report_risk,Report risk is currently neutral because filing-text extraction has not yet been integrated for this dataset.,Potentially overvalued,modern_sec_facts_2017_current,modern_2021_2024,35.7,25.0,Below-average relative value,Below-average relative value,Potentially overvalued,,50,65.7,real_sec_filing,"risk_per1k=14.0, debt=6, legal=16, uncertainty=12, cost+cyber=25",ok,,True,Potentially overvalued,
6951,Applied Materials Inc,AMAT,2022,79816491742.64978,82773715407.77153,3.705028372653422,70.28242805557937,50,-0.0363804176827358,Fairly valued / neutral,Random Forest,"Research signal: Fairly valued / neutral. This signal was assigned because the model-estimated fair value is within 5% of actual market cap; fundamentals score in the upper third of the training dataset; report risk is set to neutral because SEC filing text has not been integrated into this dataset; and the log-scale model error is low (-0.04). The valuation gap is a research signal, not proof of undervaluation or overvaluation. This output is for research purposes only and does not constitute investment advice.",neutral_report_risk,Report risk is currently neutral because filing-text extraction has not yet been integrated for this dataset.,Fairly valued / neutral,modern_sec_facts_2017_current,modern_2021_2024,60.7,71.4,Neutral relative value,Above-average relative value,Fairly valued / neutral,,50,72.1,real_sec_filing,"risk_per1k=14.7, debt=6, legal=24, uncertainty=13, cost+cyber=32",ok,,True,Fairly valued / neutral,
6951,Applied Materials Inc,AMAT,2023,131993951431.70113,128081726587.39424,-2.9639425154502055,81.22354001252856,50,0.0300875499130981,Fairly valued / neutral,Random Forest,"Research signal: Fairly valued / neutral. This signal was assigned because the model-estimated fair value is within 5% of actual market cap; fundamentals score in the upper third of the training dataset; report risk is set to neutral because SEC filing text has not been integrated into this dataset; and the log-scale model error is low (+0.03). The valuation gap is a research signal, not proof of undervaluation or overvaluation. This output is for research purposes only and does not constitute investment advice.",neutral_report_risk,Report risk is currently neutral because filing-text extraction has not yet been integrated for this dataset.,Fairly valued / neutral,modern_sec_facts_2017_current,modern_2021_2024,60.7,59.8,Neutral relative value,Neutral relative value,Fairly valued / neutral,,50,71.5,real_sec_filing,"risk_per1k=13.6, debt=6, legal=29, uncertainty=10, cost+cyber=36",ok,,True,Fairly valued / neutral,
6951,Applied Materials Inc,AMAT,2024,130692358859.62836,126474898261.13696,-3.227013909069624,74.6700444799548,50,0.0328022999612152,Fairly valued / neutral,Random Forest,"Research signal: Fairly valued / neutral. This signal was assigned because the model-estimated fair value is within 5% of actual market cap; fundamentals score in the upper third of the training dataset; report risk is set to neutral because SEC filing text has not been integrated into this dataset; and the log-scale model error is low (+0.03). The valuation gap is a research signal, not proof of undervaluation or overvaluation. This output is for research purposes only and does not constitute investment advice.",neutral_report_risk,Report risk is currently neutral because filing-text extraction has not yet been integrated for this dataset.,Fairly valued / neutral,modern_sec_facts_2017_current,modern_2021_2024,57.1,58.0,Neutral relative value,Neutral relative value,Fairly valued / neutral,,50,77.4,real_sec_filing,"risk_per1k=14.8, debt=7, legal=36, uncertainty=12, cost+cyber=42",ok,,True,Fairly valued / neutral,
6281,Analog Devices Inc,ADI,2017,28133827607.867157,19689416013.186596,-30.01515368751041,49.36977798997374,50,0.356891448624328,Potentially overvalued,Random Forest,"Research signal: Potentially overvalued. This signal was assigned because the model-estimated fair value is 30.0% below actual market cap; fundamentals are in the middle range of the training dataset; report risk is set to neutral because SEC filing text has not been integrated into this dataset; and the log-scale model error is moderate (+0.36). The valuation gap is a research signal, not proof of undervaluation or overvaluation. This output is for research purposes only and does not constitute investment advice.",neutral_report_risk,Report risk is currently neutral because filing-text extraction has not yet been integrated for this dataset.,Potentially overvalued,modern_sec_facts_2017_current,modern_2017_2020,39.3,23.2,Below-average relative value,Below-average relative value,Potentially overvalued,,50,62.9,real_sec_filing,"risk_per1k=9.2, debt=27, legal=18, uncertainty=39, cost+cyber=3",ok,,True,Potentially overvalued,
6281,Analog Devices Inc,ADI,2018,27787072664.164505,24381100287.925583,-12.257399033729168,44.143608200246014,50,0.1307626466699005,Potentially overvalued,Random Forest,"Research signal: Potentially overvalued. This signal was assigned because the model-estimated fair value is 12.3% below actual market cap; fundamentals score in the lower third of the training dataset; report risk is set to neutral because SEC filing text has not been integrated into this dataset; and the log-scale model error is low (+0.13). The valuation gap is a research signal, not proof of undervaluation or overvaluation. This output is for research purposes only and does not constitute investment advice.",neutral_report_risk,Report risk is currently neutral because filing-text extraction has not yet been integrated for this dataset.,Potentially overvalued,modern_sec_facts_2017_current,modern_2017_2020,35.7,48.2,Below-average relative value,Neutral relative value,Potentially overvalued,,50,64.8,real_sec_filing,"risk_per1k=9.1, debt=27, legal=21, uncertainty=39, cost+cyber=4",ok,,True,Potentially overvalued,
6281,Analog Devices Inc,ADI,2019,38884333551.26446,40689388148.98247,4.64211272989482,54.6023083713158,50,-0.0453758919785052,Fairly valued / neutral,Random Forest,"Research signal: Fairly valued / neutral. This signal was assigned because the model-estimated fair value is within 5% of actual market cap; fundamentals are in the middle range of the training dataset; report risk is set to neutral because SEC filing text has not been integrated into this dataset; and the log-scale model error is low (-0.05). The valuation gap is a research signal, not proof of undervaluation or overvaluation. This output is for research purposes only and does not constitute investment advice.",neutral_report_risk,Report risk is currently neutral because filing-text extraction has not yet been integrated for this dataset.,Fairly valued / neutral,modern_sec_facts_2017_current,modern_2017_2020,71.4,72.3,Above-average relative value,Above-average relative value,Research candidate,,50,70.9,real_sec_filing,"risk_per1k=9.6, debt=25, legal=25, uncertainty=32, cost+cyber=9",ok,,True,Research candidate,
6281,Analog Devices Inc,ADI,2020,49507774143.26697,61933810691.25708,25.09916222860536,59.425334030196154,50,-0.2239365346486437,Research candidate,Random Forest,"Research signal: Research candidate. This signal was assigned because the model-estimated fair value is 25.1% above actual market cap; fundamentals are in the middle range of the training dataset; report risk is set to neutral because SEC filing text has not been integrated into this dataset; and the log-scale model error is low (-0.22). The valuation gap is a research signal, not proof of undervaluation or overvaluation. This output is for research purposes only and does not constitute investment advice.",neutral_report_risk,Report risk is currently neutral because filing-text extraction has not yet been integrated for this dataset.,Research candidate,modern_sec_facts_2017_current,modern_2017_2020,89.3,83.9,Above-average relative value,Above-average relative value,Research candidate,,50,75.1,real_sec_filing,"risk_per1k=11.6, debt=11, legal=29, uncertainty=22, cost+cyber=14",ok,,True,Research candidate,
6281,Analog Devices Inc,ADI,2021,85196930166.74634,56172311522.22363,-34.06768129757269,42.553983736871366,50,0.4165414443257234,Potentially overvalued,Random Forest,"Research signal: Potentially overvalued. This signal was assigned because the model-estimated fair value is 34.1% below actual market cap; fundamentals score in the lower third of the training dataset; report risk is set to neutral because SEC filing text has not been integrated into this dataset; and the log-scale model error is moderate (+0.42). The valuation gap is a research signal, not proof of undervaluation or overvaluation. This output is for research purposes only and does not constitute investment advice.",neutral_report_risk,Report risk is currently neutral because filing-text extraction has not yet been integrated for this dataset.,Potentially overvalued,modern_sec_facts_2017_current,modern_2021_2024,25.0,18.8,Below-average relative value,Low relative value,Potentially overvalued,,50,76.8,real_sec_filing,"risk_per1k=12.8, debt=14, legal=22, uncertainty=20, cost+cyber=23",ok,,True,Potentially overvalued,
6281,Analog Devices Inc,ADI,2022,78490457594.43452,61559750994.32621,-21.57040119142943,35.74376491507183,50,0.2429687940568428,Potentially overvalued,Random Forest,"Research signal: Potentially overvalued. This signal was assigned because the model-estimated fair value is 21.6% below actual market cap; fundamentals score in the lower third of the training dataset; report risk is set to neutral because SEC filing text has not been integrated into this dataset; and the log-scale model error is low (+0.24). The valuation gap is a research signal, not proof of undervaluation or overvaluation. This output is for research purposes only and does not constitute investment advice.",neutral_report_risk,Report risk is currently neutral because filing-text extraction has not yet been integrated for this dataset.,Potentially overvalued,modern_sec_facts_2017_current,modern_2021_2024,25.0,39.3,Below-average relative value,Below-average relative value,Potentially overvalued,,50,67.5,real_sec_filing,"risk_per1k=12.0, debt=5, legal=24, uncertainty=23, cost+cyber=23",ok,,True,Potentially overvalued,
6281,Analog Devices Inc,ADI,2023,94320530721.36386,78154425325.82837,-17.139540322660444,57.45846020432523,50,0.1880122017155621,Potentially overvalued,Random Forest,"Research signal: Potentially overvalued. This signal was assigned because the model-estimated fair value is 17.1% below actual market cap; fundamentals are in the middle range of the training dataset; report risk is set to neutral because SEC filing text has not been integrated into this dataset; and the log-scale model error is low (+0.19). The valuation gap is a research signal, not proof of undervaluation or overvaluation. This output is for research purposes only and does not constitute investment advice.",neutral_report_risk,Report risk is currently neutral because filing-text extraction has not yet been integrated for this dataset.,Potentially overvalued,modern_sec_facts_2017_current,modern_2021_2024,35.7,46.4,Below-average relative value,Neutral relative value,Potentially overvalued,,50,67.1,real_sec_filing,"risk_per1k=10.8, debt=6, legal=23, uncertainty=26, cost+cyber=23",ok,,True,Potentially overvalued,
6281,Analog Devices Inc,ADI,2024,102691479827.12006,128395472758.76216,25.0303072610449,66.0283051991775,50,-0.2233859800143562,Research candidate,Random Forest,"Research signal: Research candidate. This signal was assigned because the model-estimated fair value is 25.0% above actual market cap; fundamentals score in the upper third of the training dataset; report risk is set to neutral because SEC filing text has not been integrated into this dataset; and the log-scale model error is low (-0.22). The valuation gap is a research signal, not proof of undervaluation or overvaluation. This output is for research purposes only and does not constitute investment advice.",neutral_report_risk,Report risk is currently neutral because filing-text extraction has not yet been integrated for this dataset.,Research candidate,modern_sec_facts_2017_current,modern_2021_2024,92.9,87.5,Top decile relative value,Above-average relative value,Research candidate,,50,68.6,real_sec_filing,"risk_per1k=10.2, debt=6, legal=29, uncertainty=28, cost+cyber=19",ok,,True,Research candidate,
106040,Western Digital Corp,WDC,2017,21281642438.63086,28252261404.337852,32.75414003316674,35.931250943920176,50,-0.283328660338185,Possible value trap,Random Forest,"Research signal: Possible value trap. This signal was assigned because the model-estimated fair value is 32.8% above actual market cap; fundamentals score in the lower third of the training dataset; report risk is set to neutral because SEC filing text has not been integrated into this dataset; and the log-scale model error is low (-0.28). The valuation gap is a research signal, not proof of undervaluation or overvaluation. This output is for research purposes only and does not constitute investment advice.",neutral_report_risk,Report risk is currently neutral because filing-text extraction has not yet been integrated for this dataset.,Possible value trap,modern_sec_facts_2017_current,modern_2017_2020,85.7,84.8,Above-average relative value,Above-average relative value,Possible value trap,,50,68.9,real_sec_filing,"risk_per1k=13.9, debt=71, legal=8, uncertainty=15, cost+cyber=7",ok,,True,Possible value trap,
106040,Western Digital Corp,WDC,2018,10038793423.57775,16592716839.44033,65.28596753938197,11.628246986281676,50,-0.5025069243666209,Possible value trap,Random Forest,"Research signal: Possible value trap. This signal was assigned because the model-estimated fair value is 65.3% above actual market cap; fundamentals score in the lower third of the training dataset; report risk is set to neutral because SEC filing text has not been integrated into this dataset; and the log-scale model error is moderate (-0.50). The valuation gap is a research signal, not proof of undervaluation or overvaluation. This output is for research purposes only and does not constitute investment advice.",neutral_report_risk,Report risk is currently neutral because filing-text extraction has not yet been integrated for this dataset.,Possible value trap,modern_sec_facts_2017_current,modern_2017_2020,92.9,92.0,Top decile relative value,Top decile relative value,Possible value trap,Very low quality score (12/100) — high valuation gap may not reflect fundamental strength.,50,62.4,real_sec_filing,"risk_per1k=15.9, debt=14, legal=6, uncertainty=12, cost+cyber=11",ok,,True,Possible value trap,
106040,Western Digital Corp,WDC,2019,18314507680.41868,82717626138.69675,351.6508310356381,38.03776235882551,50,-1.507739197605268,Possible value trap,Random Forest,"Research signal: Possible value trap. This signal was assigned because the model-estimated fair value is 351.7% above actual market cap; fundamentals score in the lower third of the training dataset; report risk is set to neutral because SEC filing text has not been integrated into this dataset; and the log-scale model error is high (-1.51) — treat this estimate with additional caution. The valuation gap is a research signal, not proof of undervaluation or overvaluation. This output is for research purposes only and does not constitute investment advice.","extreme_valuation_gap, high_model_error, neutral_report_risk, needs_review",Valuation gap of +351.7% exceeds 100% — the model estimate is likely unreliable for this observation. | Model error of -1.508 (log scale) is large — the model fit was poor for this observation. | Report risk is currently neutral because filing-text extraction has not yet been integrated for this dataset.,Needs review,modern_sec_facts_2017_current,modern_2017_2020,100.0,100.0,Needs review,Needs review,Needs review,,50,73.2,real_sec_filing,"risk_per1k=13.9, debt=66, legal=12, uncertainty=15, cost+cyber=12",ok,,True,Needs review,needs_review_flag_preserved
106040,Western Digital Corp,WDC,2020,16680536250.799822,27200576111.59804,63.06775575211972,30.892724894895583,50,-0.4889956079087554,Possible value trap,Random Forest,"Research signal: Possible value trap. This signal was assigned because the model-estimated fair value is 63.1% above actual market cap; fundamentals score in the lower third of the training dataset; report risk is set to neutral because SEC filing text has not been integrated into this dataset; and the log-scale model error is moderate (-0.49). The valuation gap is a research signal, not proof of undervaluation or overvaluation. This output is for research purposes only and does not constitute investment advice.",neutral_report_risk,Report risk is currently neutral because filing-text extraction has not yet been integrated for this dataset.,Possible value trap,modern_sec_facts_2017_current,modern_2017_2020,96.4,91.1,Top decile relative value,Top decile relative value,Possible value trap,,50,66.9,real_sec_filing,"risk_per1k=15.3, debt=18, legal=11, uncertainty=12, cost+cyber=12",ok,,True,Possible value trap,
106040,Western Digital Corp,WDC,2021,20041702346.518196,21607491818.95598,7.812657055600887,8.406541167156098,50,-0.0752248779841302,Fairly valued / neutral,Random Forest,"Research signal: Fairly valued / neutral. This signal was assigned because the model-estimated fair value is 7.8% above actual market cap; fundamentals score in the lower third of the training dataset; report risk is set to neutral because SEC filing text has not been integrated into this dataset; and the log-scale model error is low (-0.08). The valuation gap is a research signal, not proof of undervaluation or overvaluation. This output is for research purposes only and does not constitute investment advice.",neutral_report_risk,Report risk is currently neutral because filing-text extraction has not yet been integrated for this dataset.,Fairly valued / neutral,modern_sec_facts_2017_current,modern_2021_2024,96.4,75.9,Top decile relative value,Above-average relative value,Possible value trap,Very low quality score (8/100) — high valuation gap may not reflect fundamental strength.,50,56.0,real_sec_filing,"risk_per1k=10.7, debt=10, legal=15, uncertainty=9, cost+cyber=11",ok,,True,Possible value trap,
106040,Western Digital Corp,WDC,2022,9877018119.361755,17030937723.652737,72.42995322917618,16.736831371697726,50,-0.5448208997786317,Possible value trap,Random Forest,"Research signal: Possible value trap. This signal was assigned because the model-estimated fair value is 72.4% above actual market cap; fundamentals score in the lower third of the training dataset; report risk is set to neutral because SEC filing text has not been integrated into this dataset; and the log-scale model error is moderate (-0.54). The valuation gap is a research signal, not proof of undervaluation or overvaluation. This output is for research purposes only and does not constitute investment advice.",neutral_report_risk,Report risk is currently neutral because filing-text extraction has not yet been integrated for this dataset.,Possible value trap,modern_sec_facts_2017_current,modern_2021_2024,92.9,97.3,Top decile relative value,Top decile relative value,Possible value trap,Very low quality score (17/100) — high valuation gap may not reflect fundamental strength.,50,57.5,real_sec_filing,"risk_per1k=11.1, debt=11, legal=14, uncertainty=8, cost+cyber=18",ok,,True,Possible value trap,
106040,Western Digital Corp,WDC,2023,16780861194.780394,21786573222.306995,29.829887569081404,27.039867562829535,50,-0.2610548503980325,Possible value trap,Random Forest,"Research signal: Possible value trap. This signal was assigned because the model-estimated fair value is 29.8% above actual market cap; fundamentals score in the lower third of the training dataset; report risk is set to neutral because SEC filing text has not been integrated into this dataset; and the log-scale model error is low (-0.26). The valuation gap is a research signal, not proof of undervaluation or overvaluation. This output is for research purposes only and does not constitute investment advice.",neutral_report_risk,Report risk is currently neutral because filing-text extraction has not yet been integrated for this dataset.,Possible value trap,modern_sec_facts_2017_current,modern_2021_2024,89.3,91.1,Above-average relative value,Top decile relative value,Possible value trap,Very low quality score (27/100) — high valuation gap may not reflect fundamental strength.,50,58.4,real_sec_filing,"risk_per1k=11.3, debt=10, legal=14, uncertainty=9, cost+cyber=20",ok,,True,Possible value trap,
106040,Western Digital Corp,WDC,2024,20386681258.151066,27104099218.30214,32.950031812879274,39.79860989236279,50,-0.2848031709854481,Possible value trap,Random Forest,"Research signal: Possible value trap. This signal was assigned because the model-estimated fair value is 33.0% above actual market cap; fundamentals score in the lower third of the training dataset; report risk is set to neutral because SEC filing text has not been integrated into this dataset; and the log-scale model error is low (-0.28). The valuation gap is a research signal, not proof of undervaluation or overvaluation. This output is for research purposes only and does not constitute investment advice.",neutral_report_risk,Report risk is currently neutral because filing-text extraction has not yet been integrated for this dataset.,Possible value trap,modern_sec_facts_2017_current,modern_2021_2024,96.4,92.0,Top decile relative value,Top decile relative value,Possible value trap,,50,70.4,real_sec_filing,"risk_per1k=11.8, debt=19, legal=14, uncertainty=18, cost+cyber=35",ok,,True,Possible value trap,
1137789,Seagate Technology PLC,STX,2017,8735738462.202387,17424187090.410366,99.4586624336452,51.94376428059885,50,-0.6904368230253404,Research candidate,Random Forest,"Research signal: Research candidate. This signal was assigned because the model-estimated fair value is 99.5% above actual market cap; fundamentals are in the middle range of the training dataset; report risk is set to neutral because SEC filing text has not been integrated into this dataset; and the log-scale model error is high (-0.69) — treat this estimate with additional caution. The valuation gap is a research signal, not proof of undervaluation or overvaluation. This output is for research purposes only and does not constitute investment advice.",neutral_report_risk,Report risk is currently neutral because filing-text extraction has not yet been integrated for this dataset.,Research candidate,modern_sec_facts_2017_current,modern_2017_2020,96.4,97.3,Top decile relative value,Top decile relative value,Research candidate,,50,56.8,real_sec_filing,"risk_per1k=8.3, debt=53, legal=6, uncertainty=30, cost+cyber=7",ok,,True,Research candidate,
1137789,Seagate Technology PLC,STX,2018,8329387795.926502,14119058339.614384,69.50895654683443,12.49926282170754,50,-0.52773558042065,Possible value trap,Random Forest,"Research signal: Possible value trap. This signal was assigned because the model-estimated fair value is 69.5% above actual market cap; fundamentals score in the lower third of the training dataset; report risk is set to neutral because SEC filing text has not been integrated into this dataset; and the log-scale model error is moderate (-0.53). The valuation gap is a research signal, not proof of undervaluation or overvaluation. This output is for research purposes only and does not constitute investment advice.",neutral_report_risk,Report risk is currently neutral because filing-text extraction has not yet been integrated for this dataset.,Possible value trap,modern_sec_facts_2017_current,modern_2017_2020,96.4,93.8,Top decile relative value,Top decile relative value,Possible value trap,Very low quality score (12/100) — high valuation gap may not reflect fundamental strength.,50,58.4,real_sec_filing,"risk_per1k=8.4, debt=51, legal=6, uncertainty=32, cost+cyber=9",ok,,True,Possible value trap,
1137789,Seagate Technology PLC,STX,2019,12729989567.859013,15069245641.710146,18.375946511043058,39.02043263579449,50,-0.1686953613556063,Possible value trap,Random Forest,"Research signal: Possible value trap. This signal was assigned because the model-estimated fair value is 18.4% above actual market cap; fundamentals score in the lower third of the training dataset; report risk is set to neutral because SEC filing text has not been integrated into this dataset; and the log-scale model error is low (-0.17). The valuation gap is a research signal, not proof of undervaluation or overvaluation. This output is for research purposes only and does not constitute investment advice.",neutral_report_risk,Report risk is currently neutral because filing-text extraction has not yet been integrated for this dataset.,Possible value trap,modern_sec_facts_2017_current,modern_2017_2020,85.7,81.2,Above-average relative value,Above-average relative value,Possible value trap,,50,66.4,real_sec_filing,"risk_per1k=10.6, debt=40, legal=7, uncertainty=27, cost+cyber=11",ok,,True,Possible value trap,
1137789,Seagate Technology PLC,STX,2020,13423754390.686323,15561359335.95714,15.924046902660324,47.84014306006091,50,-0.1477650225835205,Research candidate,Random Forest,"Research signal: Research candidate. This signal was assigned because the model-estimated fair value is 15.9% above actual market cap; fundamentals are in the middle range of the training dataset; report risk is set to neutral because SEC filing text has not been integrated into this dataset; and the log-scale model error is low (-0.15). The valuation gap is a research signal, not proof of undervaluation or overvaluation. This output is for research purposes only and does not constitute investment advice.",neutral_report_risk,Report risk is currently neutral because filing-text extraction has not yet been integrated for this dataset.,Research candidate,modern_sec_facts_2017_current,modern_2017_2020,78.6,80.4,Above-average relative value,Above-average relative value,Research candidate,,50,62.8,real_sec_filing,"risk_per1k=9.3, debt=39, legal=7, uncertainty=26, cost+cyber=14",ok,,True,Research candidate,
1137789,Seagate Technology PLC,STX,2021,22332791521.684135,23862228162.188957,6.848389906921433,41.56797273307053,50,-0.0662407269402862,Fairly valued / neutral,Random Forest,"Research signal: Fairly valued / neutral. This signal was assigned because the model-estimated fair value is 6.8% above actual market cap; fundamentals score in the lower third of the training dataset; report risk is set to neutral because SEC filing text has not been integrated into this dataset; and the log-scale model error is low (-0.07). The valuation gap is a research signal, not proof of undervaluation or overvaluation. This output is for research purposes only and does not constitute investment advice.",neutral_report_risk,Report risk is currently neutral because filing-text extraction has not yet been integrated for this dataset.,Fairly valued / neutral,modern_sec_facts_2017_current,modern_2021_2024,92.9,75.0,Top decile relative value,Above-average relative value,Possible value trap,,50,53.7,real_sec_filing,"risk_per1k=9.1, debt=10, legal=14, uncertainty=20, cost+cyber=9",ok,,True,Possible value trap,
1137789,Seagate Technology PLC,STX,2022,9881032183.499092,14810892304.204262,49.89215730860414,41.70734582618182,50,-0.4047458982627816,Possible value trap,Random Forest,"Research signal: Possible value trap. This signal was assigned because the model-estimated fair value is 49.9% above actual market cap; fundamentals score in the lower third of the training dataset; report risk is set to neutral because SEC filing text has not been integrated into this dataset; and the log-scale model error is moderate (-0.40). The valuation gap is a research signal, not proof of undervaluation or overvaluation. This output is for research purposes only and does not constitute investment advice.",neutral_report_risk,Report risk is currently neutral because filing-text extraction has not yet been integrated for this dataset.,Possible value trap,modern_sec_facts_2017_current,modern_2021_2024,85.7,94.6,Above-average relative value,Top decile relative value,Possible value trap,,50,55.9,real_sec_filing,"risk_per1k=9.6, debt=10, legal=13, uncertainty=21, cost+cyber=10",ok,,True,Possible value trap,
1137789,Seagate Technology PLC,STX,2023,16692353754.501724,16921637541.391182,1.3735857163201006,61.61430591545218,50,-0.0136423753397636,Fairly valued / neutral,Random Forest,"Research signal: Fairly valued / neutral. This signal was assigned because the model-estimated fair value is within 5% of actual market cap; fundamentals are in the middle range of the training dataset; report risk is set to neutral because SEC filing text has not been integrated into this dataset; and the log-scale model error is low (-0.01). The valuation gap is a research signal, not proof of undervaluation or overvaluation. This output is for research purposes only and does not constitute investment advice.",neutral_report_risk,Report risk is currently neutral because filing-text extraction has not yet been integrated for this dataset.,Fairly valued / neutral,modern_sec_facts_2017_current,modern_2021_2024,67.9,66.1,Neutral relative value,Neutral relative value,Fairly valued / neutral,,50,57.7,real_sec_filing,"risk_per1k=9.9, debt=10, legal=13, uncertainty=22, cost+cyber=9",ok,,True,Fairly valued / neutral,
1137789,Seagate Technology PLC,STX,2024,17622044816.256523,21191949969.2176,20.25817769835541,52.64505021003888,50,-0.1844707264930178,Research candidate,Random Forest,"Research signal: Research candidate. This signal was assigned because the model-estimated fair value is 20.3% above actual market cap; fundamentals are in the middle range of the training dataset; report risk is set to neutral because SEC filing text has not been integrated into this dataset; and the log-scale model error is low (-0.18). The valuation gap is a research signal, not proof of undervaluation or overvaluation. This output is for research purposes only and does not constitute investment advice.",neutral_report_risk,Report risk is currently neutral because filing-text extraction has not yet been integrated for this dataset.,Research candidate,modern_sec_facts_2017_current,modern_2021_2024,85.7,83.9,Above-average relative value,Above-average relative value,Research candidate,,50,60.7,real_sec_filing,"risk_per1k=10.8, debt=10, legal=15, uncertainty=18, cost+cyber=9",ok,,True,Research candidate,
707549,LAM Research Corp,LRCX,2017,26561279809.1708,19574834118.70959,-26.30312146348085,35.97738001861045,50,0.3052097413326287,Potentially overvalued,Random Forest,"Research signal: Potentially overvalued. This signal was assigned because the model-estimated fair value is 26.3% below actual market cap; fundamentals score in the lower third of the training dataset; report risk is set to neutral because SEC filing text has not been integrated into this dataset; and the log-scale model error is moderate (+0.31). The valuation gap is a research signal, not proof of undervaluation or overvaluation. This output is for research purposes only and does not constitute investment advice.",neutral_report_risk,Report risk is currently neutral because filing-text extraction has not yet been integrated for this dataset.,Potentially overvalued,modern_sec_facts_2017_current,modern_2017_2020,46.4,32.1,Neutral relative value,Below-average relative value,Fairly valued / neutral,Original signal used absolute thresholds (trained on 2010–2016 valuations). Calibrated signal compares against 2017 peers — valuations in this era were generally higher.,50,58.3,real_sec_filing,"risk_per1k=8.7, debt=30, legal=15, uncertainty=18, cost+cyber=5",ok,,True,Fairly valued / neutral,
707549,LAM Research Corp,LRCX,2018,19398182351.222534,18839689480.590916,-2.879098982160153,50.75852100043246,50,0.0292135813533818,Fairly valued / neutral,Random Forest,"Research signal: Fairly valued / neutral. This signal was assigned because the model-estimated fair value is within 5% of actual market cap; fundamentals are in the middle range of the training dataset; report risk is set to neutral because SEC filing text has not been integrated into this dataset; and the log-scale model error is low (+0.03). The valuation gap is a research signal, not proof of undervaluation or overvaluation. This output is for research purposes only and does not constitute investment advice.",neutral_report_risk,Report risk is currently neutral because filing-text extraction has not yet been integrated for this dataset.,Fairly valued / neutral,modern_sec_facts_2017_current,modern_2017_2020,57.1,63.4,Neutral relative value,Neutral relative value,Fairly valued / neutral,,50,56.9,real_sec_filing,"risk_per1k=6.9, debt=34, legal=17, uncertainty=18, cost+cyber=7",ok,,True,Fairly valued / neutral,
707549,LAM Research Corp,LRCX,2019,39123847094.344025,45336615089.7328,15.879747153717236,71.50981592012802,50,-0.1473828049441365,Research candidate,Random Forest,"Research signal: Research candidate. This signal was assigned because the model-estimated fair value is 15.9% above actual market cap; fundamentals score in the upper third of the training dataset; report risk is set to neutral because SEC filing text has not been integrated into this dataset; and the log-scale model error is low (-0.15). The valuation gap is a research signal, not proof of undervaluation or overvaluation. This output is for research purposes only and does not constitute investment advice.",neutral_report_risk,Report risk is currently neutral because filing-text extraction has not yet been integrated for this dataset.,Research candidate,modern_sec_facts_2017_current,modern_2017_2020,82.1,79.5,Above-average relative value,Above-average relative value,Research candidate,,50,57.7,real_sec_filing,"risk_per1k=7.4, debt=36, legal=18, uncertainty=17, cost+cyber=7",ok,,True,Research candidate,
707549,LAM Research Corp,LRCX,2020,64831856427.248,78369317742.5397,20.880878724308875,70.4433531760981,50,-0.1896354013436578,Research candidate,Random Forest,"Research signal: Research candidate. This signal was assigned because the model-estimated fair value is 20.9% above actual market cap; fundamentals score in the upper third of the training dataset; report risk is set to neutral because SEC filing text has not been integrated into this dataset; and the log-scale model error is low (-0.19). The valuation gap is a research signal, not proof of undervaluation or overvaluation. This output is for research purposes only and does not constitute investment advice.",neutral_report_risk,Report risk is currently neutral because filing-text extraction has not yet been integrated for this dataset.,Research candidate,modern_sec_facts_2017_current,modern_2017_2020,82.1,82.1,Above-average relative value,Above-average relative value,Research candidate,,50,61.4,real_sec_filing,"risk_per1k=9.6, debt=8, legal=22, uncertainty=17, cost+cyber=17",ok,,True,Research candidate,
707549,LAM Research Corp,LRCX,2021,97146247221.4306,72730086496.71545,-25.133405996694947,44.49596412871055,50,0.2894624029226094,Potentially overvalued,Random Forest,"Research signal: Potentially overvalued. This signal was assigned because the model-estimated fair value is 25.1% below actual market cap; fundamentals score in the lower third of the training dataset; report risk is set to neutral because SEC filing text has not been integrated into this dataset; and the log-scale model error is low (+0.29). The valuation gap is a research signal, not proof of undervaluation or overvaluation. This output is for research purposes only and does not constitute investment advice.",neutral_report_risk,Report risk is currently neutral because filing-text extraction has not yet been integrated for this dataset.,Potentially overvalued,modern_sec_facts_2017_current,modern_2021_2024,53.6,33.0,Neutral relative value,Below-average relative value,Fairly valued / neutral,Original signal used absolute thresholds (trained on 2010–2016 valuations). Calibrated signal compares against 2021 peers — valuations in this era were generally higher.,50,61.4,real_sec_filing,"risk_per1k=9.8, debt=7, legal=29, uncertainty=15, cost+cyber=9",ok,,True,Fairly valued / neutral,
707549,LAM Research Corp,LRCX,2022,55485835350.52856,55521833186.46101,0.0648775236148741,58.41550932941531,50,-0.0006485648724776,Fairly valued / neutral,Random Forest,"Research signal: Fairly valued / neutral. This signal was assigned because the model-estimated fair value is within 5% of actual market cap; fundamentals are in the middle range of the training dataset; report risk is set to neutral because SEC filing text has not been integrated into this dataset; and the log-scale model error is low (-0.00). The valuation gap is a research signal, not proof of undervaluation or overvaluation. This output is for research purposes only and does not constitute investment advice.",neutral_report_risk,Report risk is currently neutral because filing-text extraction has not yet been integrated for this dataset.,Fairly valued / neutral,modern_sec_facts_2017_current,modern_2021_2024,50.0,65.2,Neutral relative value,Neutral relative value,Fairly valued / neutral,,50,61.2,real_sec_filing,"risk_per1k=9.7, debt=7, legal=28, uncertainty=15, cost+cyber=12",ok,,True,Fairly valued / neutral,
707549,LAM Research Corp,LRCX,2023,101343780631.63536,90577855670.39264,-10.623172822390272,79.14553121986607,50,0.1123087412376122,Potentially overvalued,Random Forest,"Research signal: Potentially overvalued. This signal was assigned because the model-estimated fair value is 10.6% below actual market cap; fundamentals score in the upper third of the training dataset; report risk is set to neutral because SEC filing text has not been integrated into this dataset; and the log-scale model error is low (+0.11). The valuation gap is a research signal, not proof of undervaluation or overvaluation. This output is for research purposes only and does not constitute investment advice.",neutral_report_risk,Report risk is currently neutral because filing-text extraction has not yet been integrated for this dataset.,Potentially overvalued,modern_sec_facts_2017_current,modern_2021_2024,42.9,51.8,Neutral relative value,Neutral relative value,Fairly valued / neutral,Original signal used absolute thresholds (trained on 2010–2016 valuations). Calibrated signal compares against 2023 peers — valuations in this era were generally higher.,50,65.8,real_sec_filing,"risk_per1k=9.9, debt=7, legal=35, uncertainty=14, cost+cyber=17",ok,,True,Fairly valued / neutral,
707549,LAM Research Corp,LRCX,2024,9249749061.035156,21971168294.39152,137.5325876346821,74.69860188214142,50,-0.8651346391674224,Research candidate,Random Forest,"Research signal: Research candidate. This signal was assigned because the model-estimated fair value is 137.5% above actual market cap; fundamentals score in the upper third of the training dataset; report risk is set to neutral because SEC filing text has not been integrated into this dataset; and the log-scale model error is high (-0.87) — treat this estimate with additional caution. The valuation gap is a research signal, not proof of undervaluation or overvaluation. This output is for research purposes only and does not constitute investment advice.","extreme_valuation_gap, neutral_report_risk, needs_review",Valuation gap of +137.5% exceeds 100% — the model estimate is likely unreliable for this observation. | Report risk is currently neutral because filing-text extraction has not yet been integrated for this dataset.,Needs review,modern_sec_facts_2017_current,modern_2021_2024,100.0,98.2,Needs review,Needs review,Needs review,,50,63.0,real_sec_filing,"risk_per1k=9.4, debt=7, legal=33, uncertainty=14, cost+cyber=16",ok,,True,Needs review,needs_review_flag_preserved
896878,Intuit Inc,INTU,2017,37868113440.10254,24747472958.901955,-34.64825492813105,48.94218093062004,50,0.425386042802792,Potentially overvalued,Random Forest,"Research signal: Potentially overvalued. This signal was assigned because the model-estimated fair value is 34.6% below actual market cap; fundamentals are in the middle range of the training dataset; report risk is set to neutral because SEC filing text has not been integrated into this dataset; and the log-scale model error is moderate (+0.43). The valuation gap is a research signal, not proof of undervaluation or overvaluation. This output is for research purposes only and does not constitute investment advice.",neutral_report_risk,Report risk is currently neutral because filing-text extraction has not yet been integrated for this dataset.,Potentially overvalued,modern_sec_facts_2017_current,modern_2017_2020,32.1,19.6,Below-average relative value,Low relative value,Potentially overvalued,,50,42.2,real_sec_filing,"risk_per1k=7.5, debt=6, legal=24, uncertainty=8, cost+cyber=6",ok,,True,Potentially overvalued,
896878,Intuit Inc,INTU,2018,48351451318.95416,36877247388.44037,-23.730836650224425,75.9863516931308,50,0.2709014794568034,Potentially overvalued,Random Forest,"Research signal: Potentially overvalued. This signal was assigned because the model-estimated fair value is 23.7% below actual market cap; fundamentals score in the upper third of the training dataset; report risk is set to neutral because SEC filing text has not been integrated into this dataset; and the log-scale model error is low (+0.27). The valuation gap is a research signal, not proof of undervaluation or overvaluation. This output is for research purposes only and does not constitute investment advice.",neutral_report_risk,Report risk is currently neutral because filing-text extraction has not yet been integrated for this dataset.,Potentially overvalued,modern_sec_facts_2017_current,modern_2017_2020,25.0,34.8,Below-average relative value,Below-average relative value,Potentially overvalued,,50,47.3,real_sec_filing,"risk_per1k=7.7, debt=6, legal=22, uncertainty=8, cost+cyber=25",ok,,True,Potentially overvalued,
896878,Intuit Inc,INTU,2019,65197310339.0961,47630698448.586945,-26.9437677707008,79.22111337998145,50,0.313940736861003,Potentially overvalued,Random Forest,"Research signal: Potentially overvalued. This signal was assigned because the model-estimated fair value is 26.9% below actual market cap; fundamentals score in the upper third of the training dataset; report risk is set to neutral because SEC filing text has not been integrated into this dataset; and the log-scale model error is moderate (+0.31). The valuation gap is a research signal, not proof of undervaluation or overvaluation. This output is for research purposes only and does not constitute investment advice.",neutral_report_risk,Report risk is currently neutral because filing-text extraction has not yet been integrated for this dataset.,Potentially overvalued,modern_sec_facts_2017_current,modern_2017_2020,28.6,29.5,Below-average relative value,Below-average relative value,Potentially overvalued,,50,50.3,real_sec_filing,"risk_per1k=7.7, debt=8, legal=23, uncertainty=7, cost+cyber=25",ok,,True,Potentially overvalued,
896878,Intuit Inc,INTU,2020,95902764042.2201,67162886748.16424,-29.96772572832567,67.6503169022582,50,0.3562139891707865,Potentially overvalued,Random Forest,"Research signal: Potentially overvalued. This signal was assigned because the model-estimated fair value is 30.0% below actual market cap; fundamentals score in the upper third of the training dataset; report risk is set to neutral because SEC filing text has not been integrated into this dataset; and the log-scale model error is moderate (+0.36). The valuation gap is a research signal, not proof of undervaluation or overvaluation. This output is for research purposes only and does not constitute investment advice.",neutral_report_risk,Report risk is currently neutral because filing-text extraction has not yet been integrated for this dataset.,Potentially overvalued,modern_sec_facts_2017_current,modern_2017_2020,21.4,24.1,Below-average relative value,Below-average relative value,Potentially overvalued,,50,41.0,real_sec_filing,"risk_per1k=6.7, debt=10, legal=22, uncertainty=8, cost+cyber=1",ok,,True,Potentially overvalued,
896878,Intuit Inc,INTU,2021,170327256100.64758,89608971649.32942,-47.39011612071128,73.07216574972102,50,0.6422661774462775,Potentially overvalued,Random Forest,"Research signal: Potentially overvalued. This signal was assigned because the model-estimated fair value is 47.4% below actual market cap; fundamentals score in the upper third of the training dataset; report risk is set to neutral because SEC filing text has not been integrated into this dataset; and the log-scale model error is high (+0.64) — treat this estimate with additional caution. The valuation gap is a research signal, not proof of undervaluation or overvaluation. This output is for research purposes only and does not constitute investment advice.",neutral_report_risk,Report risk is currently neutral because filing-text extraction has not yet been integrated for this dataset.,Potentially overvalued,modern_sec_facts_2017_current,modern_2021_2024,7.1,7.1,Low relative value,Low relative value,Potentially overvalued,,50,35.4,real_sec_filing,"risk_per1k=4.3, debt=12, legal=22, uncertainty=3, cost+cyber=0",ok,,True,Potentially overvalued,
896878,Intuit Inc,INTU,2022,107028568490.9244,73441664908.58704,-31.38125087152353,77.1938499627757,50,0.3766043776881389,Potentially overvalued,Random Forest,"Research signal: Potentially overvalued. This signal was assigned because the model-estimated fair value is 31.4% below actual market cap; fundamentals score in the upper third of the training dataset; report risk is set to neutral because SEC filing text has not been integrated into this dataset; and the log-scale model error is moderate (+0.38). The valuation gap is a research signal, not proof of undervaluation or overvaluation. This output is for research purposes only and does not constitute investment advice.",neutral_report_risk,Report risk is currently neutral because filing-text extraction has not yet been integrated for this dataset.,Potentially overvalued,modern_sec_facts_2017_current,modern_2021_2024,17.9,23.2,Low relative value,Below-average relative value,Potentially overvalued,,50,34.3,real_sec_filing,"risk_per1k=5.4, debt=10, legal=16, uncertainty=6, cost+cyber=1",ok,,True,Potentially overvalued,
896878,Intuit Inc,INTU,2023,172136684053.56427,123501591599.87727,-28.253763990569887,70.91900510558139,50,0.3320347925233093,Potentially overvalued,Random Forest,"Research signal: Potentially overvalued. This signal was assigned because the model-estimated fair value is 28.3% below actual market cap; fundamentals score in the upper third of the training dataset; report risk is set to neutral because SEC filing text has not been integrated into this dataset; and the log-scale model error is moderate (+0.33). The valuation gap is a research signal, not proof of undervaluation or overvaluation. This output is for research purposes only and does not constitute investment advice.",neutral_report_risk,Report risk is currently neutral because filing-text extraction has not yet been integrated for this dataset.,Potentially overvalued,modern_sec_facts_2017_current,modern_2021_2024,21.4,29.5,Below-average relative value,Below-average relative value,Potentially overvalued,,50,34.0,real_sec_filing,"risk_per1k=4.8, debt=12, legal=15, uncertainty=6, cost+cyber=0",ok,,True,Potentially overvalued,
896878,Intuit Inc,INTU,2024,174147263806.39648,124557354110.56438,-28.475847746285783,61.83821709467345,50,0.3351349995693553,Potentially overvalued,Random Forest,"Research signal: Potentially overvalued. This signal was assigned because the model-estimated fair value is 28.5% below actual market cap; fundamentals are in the middle range of the training dataset; report risk is set to neutral because SEC filing text has not been integrated into this dataset; and the log-scale model error is moderate (+0.34). The valuation gap is a research signal, not proof of undervaluation or overvaluation. This output is for research purposes only and does not constitute investment advice.",neutral_report_risk,Report risk is currently neutral because filing-text extraction has not yet been integrated for this dataset.,Potentially overvalued,modern_sec_facts_2017_current,modern_2021_2024,32.1,28.6,Below-average relative value,Below-average relative value,Potentially overvalued,,50,42.8,real_sec_filing,"risk_per1k=6.6, debt=12, legal=18, uncertainty=9, cost+cyber=3",ok,,True,Potentially overvalued,
769397,Autodesk Inc,ADSK,2017,23151629168.827087,20355470075.148373,-12.07759105542193,28.67097500255772,50,0.1287154769894378,Potentially overvalued,Random Forest,"Research signal: Potentially overvalued. This signal was assigned because the model-estimated fair value is 12.1% below actual market cap; fundamentals score in the lower third of the training dataset; report risk is set to neutral because SEC filing text has not been integrated into this dataset; and the log-scale model error is low (+0.13). The valuation gap is a research signal, not proof of undervaluation or overvaluation. This output is for research purposes only and does not constitute investment advice.",neutral_report_risk,Report risk is currently neutral because filing-text extraction has not yet been integrated for this dataset.,Potentially overvalued,modern_sec_facts_2017_current,modern_2017_2020,53.6,49.1,Neutral relative value,Neutral relative value,Fairly valued / neutral,Very low quality score (29/100) — high valuation gap may not reflect fundamental strength. | Original signal used absolute thresholds (trained on 2010–2016 valuations). Calibrated signal compares against 2017 peers — valuations in this era were generally higher.,50,59.7,real_sec_filing,"risk_per1k=12.9, debt=9, legal=14, uncertainty=6, cost+cyber=15",ok,,True,Fairly valued / neutral,
769397,Autodesk Inc,ADSK,2018,28079146465.07675,15469339739.318348,-44.90808415933072,18.657825493418876,50,0.5961671985485388,Potentially overvalued,Random Forest,"Research signal: Potentially overvalued. This signal was assigned because the model-estimated fair value is 44.9% below actual market cap; fundamentals score in the lower third of the training dataset; report risk is set to neutral because SEC filing text has not been integrated into this dataset; and the log-scale model error is moderate (+0.60). The valuation gap is a research signal, not proof of undervaluation or overvaluation. This output is for research purposes only and does not constitute investment advice.",neutral_report_risk,Report risk is currently neutral because filing-text extraction has not yet been integrated for this dataset.,Potentially overvalued,modern_sec_facts_2017_current,modern_2017_2020,17.9,10.7,Low relative value,Low relative value,Potentially overvalued,Very low quality score (19/100) — high valuation gap may not reflect fundamental strength.,50,58.2,real_sec_filing,"risk_per1k=11.6, debt=4, legal=36, uncertainty=5, cost+cyber=17",ok,,True,Potentially overvalued,
769397,Autodesk Inc,ADSK,2019,40275932201.29028,33190902149.51312,-17.59122549012084,5.088347529855069,50,0.1934782679715994,Potentially overvalued,Random Forest,"Research signal: Potentially overvalued. This signal was assigned because the model-estimated fair value is 17.6% below actual market cap; fundamentals score in the lower third of the training dataset; report risk is set to neutral because SEC filing text has not been integrated into this dataset; and the log-scale model error is low (+0.19). The valuation gap is a research signal, not proof of undervaluation or overvaluation. This output is for research purposes only and does not constitute investment advice.",neutral_report_risk,Report risk is currently neutral because filing-text extraction has not yet been integrated for this dataset.,Potentially overvalued,modern_sec_facts_2017_current,modern_2017_2020,46.4,43.8,Neutral relative value,Neutral relative value,Fairly valued / neutral,Very low quality score (5/100) — high valuation gap may not reflect fundamental strength. | Original signal used absolute thresholds (trained on 2010–2016 valuations). Calibrated signal compares against 2019 peers — valuations in this era were generally higher.,50,63.0,real_sec_filing,"risk_per1k=11.9, debt=5, legal=37, uncertainty=6, cost+cyber=19",ok,,True,Fairly valued / neutral,
769397,Autodesk Inc,ADSK,2020,67113731195.06836,43072899602.75959,-35.82103269215247,10.673512101382435,50,0.4434946409960183,Potentially overvalued,Random Forest,"Research signal: Potentially overvalued. This signal was assigned because the model-estimated fair value is 35.8% below actual market cap; fundamentals score in the lower third of the training dataset; report risk is set to neutral because SEC filing text has not been integrated into this dataset; and the log-scale model error is moderate (+0.44). The valuation gap is a research signal, not proof of undervaluation or overvaluation. This output is for research purposes only and does not constitute investment advice.",neutral_report_risk,Report risk is currently neutral because filing-text extraction has not yet been integrated for this dataset.,Potentially overvalued,modern_sec_facts_2017_current,modern_2017_2020,10.7,17.0,Low relative value,Low relative value,Potentially overvalued,Very low quality score (11/100) — high valuation gap may not reflect fundamental strength.,50,58.4,real_sec_filing,"risk_per1k=10.9, debt=5, legal=28, uncertainty=6, cost+cyber=21",ok,,True,Potentially overvalued,
769397,Autodesk Inc,ADSK,2021,61747157685.974,33488699363.311615,-45.76479206763772,51.99669518887072,50,0.611839895588588,Potentially overvalued,Random Forest,"Research signal: Potentially overvalued. This signal was assigned because the model-estimated fair value is 45.8% below actual market cap; fundamentals are in the middle range of the training dataset; report risk is set to neutral because SEC filing text has not been integrated into this dataset; and the log-scale model error is high (+0.61) — treat this estimate with additional caution. The valuation gap is a research signal, not proof of undervaluation or overvaluation. This output is for research purposes only and does not constitute investment advice.",neutral_report_risk,Report risk is currently neutral because filing-text extraction has not yet been integrated for this dataset.,Potentially overvalued,modern_sec_facts_2017_current,modern_2021_2024,10.7,9.8,Low relative value,Low relative value,Potentially overvalued,,50,58.1,real_sec_filing,"risk_per1k=12.6, debt=5, legal=19, uncertainty=10, cost+cyber=9",ok,,True,Potentially overvalued,
769397,Autodesk Inc,ADSK,2022,40608340040.30591,23501675624.651863,-42.12598790956435,32.25811992287075,50,0.5469017434390757,Potentially overvalued,Random Forest,"Research signal: Potentially overvalued. This signal was assigned because the model-estimated fair value is 42.1% below actual market cap; fundamentals score in the lower third of the training dataset; report risk is set to neutral because SEC filing text has not been integrated into this dataset; and the log-scale model error is moderate (+0.55). The valuation gap is a research signal, not proof of undervaluation or overvaluation. This output is for research purposes only and does not constitute investment advice.",neutral_report_risk,Report risk is currently neutral because filing-text extraction has not yet been integrated for this dataset.,Potentially overvalued,modern_sec_facts_2017_current,modern_2021_2024,7.1,13.4,Low relative value,Low relative value,Potentially overvalued,,50,61.5,real_sec_filing,"risk_per1k=12.9, debt=5, legal=21, uncertainty=11, cost+cyber=13",ok,,True,Potentially overvalued,
769397,Autodesk Inc,ADSK,2023,52295291365.309296,22732932512.668327,-56.5296761540782,33.61946712653872,50,0.8330916911434656,Potentially overvalued,Random Forest,"Research signal: Potentially overvalued. This signal was assigned because the model-estimated fair value is 56.5% below actual market cap; fundamentals score in the lower third of the training dataset; report risk is set to neutral because SEC filing text has not been integrated into this dataset; and the log-scale model error is high (+0.83) — treat this estimate with additional caution. The valuation gap is a research signal, not proof of undervaluation or overvaluation. This output is for research purposes only and does not constitute investment advice.",neutral_report_risk,Report risk is currently neutral because filing-text extraction has not yet been integrated for this dataset.,Potentially overvalued,modern_sec_facts_2017_current,modern_2021_2024,7.1,3.6,Low relative value,Low relative value,Potentially overvalued,,50,64.3,real_sec_filing,"risk_per1k=13.2, debt=6, legal=24, uncertainty=9, cost+cyber=12",ok,,True,Potentially overvalued,
769397,Autodesk Inc,ADSK,2024,63679665161.0108,43888762068.03533,-31.07884289739146,60.29039216434936,50,0.3722069854006875,Potentially overvalued,Random Forest,"Research signal: Potentially overvalued. This signal was assigned because the model-estimated fair value is 31.1% below actual market cap; fundamentals are in the middle range of the training dataset; report risk is set to neutral because SEC filing text has not been integrated into this dataset; and the log-scale model error is moderate (+0.37). The valuation gap is a research signal, not proof of undervaluation or overvaluation. This output is for research purposes only and does not constitute investment advice.",neutral_report_risk,Report risk is currently neutral because filing-text extraction has not yet been integrated for this dataset.,Potentially overvalued,modern_sec_facts_2017_current,modern_2021_2024,28.6,24.1,Below-average relative value,Below-average relative value,Potentially overvalued,,50,66.5,real_sec_filing,"risk_per1k=13.1, debt=6, legal=27, uncertainty=9, cost+cyber=14",ok,,True,Potentially overvalued,
712515,Electronic Arts Inc,EA,2017,31609319954.28566,23217707221.58044,-26.547906582113814,60.520410599188345,50,0.3085367825097407,Potentially overvalued,Random Forest,"Research signal: Potentially overvalued. This signal was assigned because the model-estimated fair value is 26.5% below actual market cap; fundamentals are in the middle range of the training dataset; report risk is set to neutral because SEC filing text has not been integrated into this dataset; and the log-scale model error is moderate (+0.31). The valuation gap is a research signal, not proof of undervaluation or overvaluation. This output is for research purposes only and does not constitute investment advice.",neutral_report_risk,Report risk is currently neutral because filing-text extraction has not yet been integrated for this dataset.,Potentially overvalued,modern_sec_facts_2017_current,modern_2017_2020,42.9,31.2,Neutral relative value,Below-average relative value,Fairly valued / neutral,Original signal used absolute thresholds (trained on 2010–2016 valuations). Calibrated signal compares against 2017 peers — valuations in this era were generally higher.,50,74.2,real_sec_filing,"risk_per1k=10.8, debt=30, legal=28, uncertainty=15, cost+cyber=14",ok,,True,Fairly valued / neutral,
712515,Electronic Arts Inc,EA,2018,23496896930.683105,22858561073.93064,-2.7166815202687555,52.5209772628677,50,0.0275426556903468,Fairly valued / neutral,Random Forest,"Research signal: Fairly valued / neutral. This signal was assigned because the model-estimated fair value is within 5% of actual market cap; fundamentals are in the middle range of the training dataset; report risk is set to neutral because SEC filing text has not been integrated into this dataset; and the log-scale model error is low (+0.03). The valuation gap is a research signal, not proof of undervaluation or overvaluation. This output is for research purposes only and does not constitute investment advice.",neutral_report_risk,Report risk is currently neutral because filing-text extraction has not yet been integrated for this dataset.,Fairly valued / neutral,modern_sec_facts_2017_current,modern_2017_2020,60.7,64.3,Neutral relative value,Neutral relative value,Fairly valued / neutral,,50,73.0,real_sec_filing,"risk_per1k=11.8, debt=29, legal=27, uncertainty=12, cost+cyber=12",ok,,True,Fairly valued / neutral,
712515,Electronic Arts Inc,EA,2019,31014413359.59267,29854459947.415825,-3.74004627696135,61.88486456777718,50,0.0381178028628923,Fairly valued / neutral,Random Forest,"Research signal: Fairly valued / neutral. This signal was assigned because the model-estimated fair value is within 5% of actual market cap; fundamentals are in the middle range of the training dataset; report risk is set to neutral because SEC filing text has not been integrated into this dataset; and the log-scale model error is low (+0.04). The valuation gap is a research signal, not proof of undervaluation or overvaluation. This output is for research purposes only and does not constitute investment advice.",neutral_report_risk,Report risk is currently neutral because filing-text extraction has not yet been integrated for this dataset.,Fairly valued / neutral,modern_sec_facts_2017_current,modern_2017_2020,67.9,61.6,Neutral relative value,Neutral relative value,Fairly valued / neutral,,50,69.2,real_sec_filing,"risk_per1k=10.3, debt=28, legal=26, uncertainty=12, cost+cyber=13",ok,,True,Fairly valued / neutral,
712515,Electronic Arts Inc,EA,2020,40230832930.805664,31585713653.206085,-21.488790183560464,60.4675034836532,50,0.241928771185286,Potentially overvalued,Random Forest,"Research signal: Potentially overvalued. This signal was assigned because the model-estimated fair value is 21.5% below actual market cap; fundamentals are in the middle range of the training dataset; report risk is set to neutral because SEC filing text has not been integrated into this dataset; and the log-scale model error is low (+0.24). The valuation gap is a research signal, not proof of undervaluation or overvaluation. This output is for research purposes only and does not constitute investment advice.",neutral_report_risk,Report risk is currently neutral because filing-text extraction has not yet been integrated for this dataset.,Potentially overvalued,modern_sec_facts_2017_current,modern_2017_2020,42.9,36.6,Neutral relative value,Below-average relative value,Fairly valued / neutral,Original signal used absolute thresholds (trained on 2010–2016 valuations). Calibrated signal compares against 2020 peers — valuations in this era were generally higher.,50,49.2,real_sec_filing,"risk_per1k=9.2, debt=5, legal=25, uncertainty=12, cost+cyber=11",ok,,True,Fairly valued / neutral,
712515,Electronic Arts Inc,EA,2021,36815121775.06079,28439163261.870155,-22.75140787084034,44.878423080858035,50,0.2581414952415599,Potentially overvalued,Random Forest,"Research signal: Potentially overvalued. This signal was assigned because the model-estimated fair value is 22.8% below actual market cap; fundamentals score in the lower third of the training dataset; report risk is set to neutral because SEC filing text has not been integrated into this dataset; and the log-scale model error is low (+0.26). The valuation gap is a research signal, not proof of undervaluation or overvaluation. This output is for research purposes only and does not constitute investment advice.",neutral_report_risk,Report risk is currently neutral because filing-text extraction has not yet been integrated for this dataset.,Potentially overvalued,modern_sec_facts_2017_current,modern_2021_2024,64.3,36.6,Neutral relative value,Below-average relative value,Fairly valued / neutral,Original signal used absolute thresholds (trained on 2010–2016 valuations). Calibrated signal compares against 2021 peers — valuations in this era were generally higher.,50,42.0,real_sec_filing,"risk_per1k=9.6, debt=6, legal=14, uncertainty=8, cost+cyber=8",ok,,True,Fairly valued / neutral,
712515,Electronic Arts Inc,EA,2022,33585923588.3128,42736734477.81014,27.24597066814514,70.09567455977489,50,-0.2409518042507912,Research candidate,Random Forest,"Research signal: Research candidate. This signal was assigned because the model-estimated fair value is 27.2% above actual market cap; fundamentals score in the upper third of the training dataset; report risk is set to neutral because SEC filing text has not been integrated into this dataset; and the log-scale model error is low (-0.24). The valuation gap is a research signal, not proof of undervaluation or overvaluation. This output is for research purposes only and does not constitute investment advice.",neutral_report_risk,Report risk is currently neutral because filing-text extraction has not yet been integrated for this dataset.,Research candidate,modern_sec_facts_2017_current,modern_2021_2024,82.1,90.2,Above-average relative value,Top decile relative value,Research candidate,,50,46.7,real_sec_filing,"risk_per1k=9.8, debt=7, legal=12, uncertainty=8, cost+cyber=13",ok,,True,Research candidate,
712515,Electronic Arts Inc,EA,2023,36869612675.04761,26752181114.527744,-27.441111599653656,38.169668384766624,50,0.3207717000291765,Potentially overvalued,Random Forest,"Research signal: Potentially overvalued. This signal was assigned because the model-estimated fair value is 27.4% below actual market cap; fundamentals score in the lower third of the training dataset; report risk is set to neutral because SEC filing text has not been integrated into this dataset; and the log-scale model error is moderate (+0.32). The valuation gap is a research signal, not proof of undervaluation or overvaluation. This output is for research purposes only and does not constitute investment advice.",neutral_report_risk,Report risk is currently neutral because filing-text extraction has not yet been integrated for this dataset.,Potentially overvalued,modern_sec_facts_2017_current,modern_2021_2024,25.0,31.2,Below-average relative value,Below-average relative value,Potentially overvalued,,50,69.3,real_sec_filing,"risk_per1k=9.7, debt=32, legal=33, uncertainty=10, cost+cyber=13",ok,,True,Potentially overvalued,
712515,Electronic Arts Inc,EA,2024,38712242544.45488,46144876413.90893,19.19969854734932,47.272610832515795,50,-0.1756300396747683,Research candidate,Random Forest,"Research signal: Research candidate. This signal was assigned because the model-estimated fair value is 19.2% above actual market cap; fundamentals are in the middle range of the training dataset; report risk is set to neutral because SEC filing text has not been integrated into this dataset; and the log-scale model error is low (-0.18). The valuation gap is a research signal, not proof of undervaluation or overvaluation. This output is for research purposes only and does not constitute investment advice.",neutral_report_risk,Report risk is currently neutral because filing-text extraction has not yet been integrated for this dataset.,Research candidate,modern_sec_facts_2017_current,modern_2021_2024,82.1,83.0,Above-average relative value,Above-average relative value,Research candidate,,50,77.6,real_sec_filing,"risk_per1k=11.5, debt=29, legal=36, uncertainty=11, cost+cyber=25",ok,,True,Research candidate,
1065088,eBay Inc,EBAY,2017,33786008047.156895,38402102419.66917,13.662739812496785,55.13467974919737,50,-0.1280654549264177,Research candidate,Random Forest,"Research signal: Research candidate. This signal was assigned because the model-estimated fair value is 13.7% above actual market cap; fundamentals are in the middle range of the training dataset; report risk is set to neutral because SEC filing text has not been integrated into this dataset; and the log-scale model error is low (-0.13). The valuation gap is a research signal, not proof of undervaluation or overvaluation. This output is for research purposes only and does not constitute investment advice.",neutral_report_risk,Report risk is currently neutral because filing-text extraction has not yet been integrated for this dataset.,Research candidate,modern_sec_facts_2017_current,modern_2017_2020,78.6,75.9,Above-average relative value,Above-average relative value,Research candidate,,50,73.2,real_sec_filing,"risk_per1k=10.4, debt=46, legal=86, uncertainty=12, cost+cyber=2",ok,,True,Research candidate,
1065088,eBay Inc,EBAY,2018,22715739905.239765,33713112220.43844,48.413005084029635,60.563604953103955,50,-0.3948287762425622,Research candidate,Random Forest,"Research signal: Research candidate. This signal was assigned because the model-estimated fair value is 48.4% above actual market cap; fundamentals are in the middle range of the training dataset; report risk is set to neutral because SEC filing text has not been integrated into this dataset; and the log-scale model error is moderate (-0.39). The valuation gap is a research signal, not proof of undervaluation or overvaluation. This output is for research purposes only and does not constitute investment advice.",neutral_report_risk,Report risk is currently neutral because filing-text extraction has not yet been integrated for this dataset.,Research candidate,modern_sec_facts_2017_current,modern_2017_2020,85.7,89.3,Above-average relative value,Above-average relative value,Research candidate,,50,64.1,real_sec_filing,"risk_per1k=9.7, debt=17, legal=88, uncertainty=10, cost+cyber=3",ok,,True,Research candidate,
1065088,eBay Inc,EBAY,2019,22724026341.8226,26244081604.589382,15.490455827752116,31.851028803600364,50,-0.1440177070334627,Possible value trap,Random Forest,"Research signal: Possible value trap. This signal was assigned because the model-estimated fair value is 15.5% above actual market cap; fundamentals score in the lower third of the training dataset; report risk is set to neutral because SEC filing text has not been integrated into this dataset; and the log-scale model error is low (-0.14). The valuation gap is a research signal, not proof of undervaluation or overvaluation. This output is for research purposes only and does not constitute investment advice.",neutral_report_risk,Report risk is currently neutral because filing-text extraction has not yet been integrated for this dataset.,Possible value trap,modern_sec_facts_2017_current,modern_2017_2020,78.6,78.6,Above-average relative value,Above-average relative value,Possible value trap,,50,71.3,real_sec_filing,"risk_per1k=12.2, debt=13, legal=93, uncertainty=10, cost+cyber=5",ok,,True,Possible value trap,
1065088,eBay Inc,EBAY,2020,31142938832.284573,42061548090.68631,35.05966253603168,42.31616740252314,50,-0.3005464395328836,Possible value trap,Random Forest,"Research signal: Possible value trap. This signal was assigned because the model-estimated fair value is 35.1% above actual market cap; fundamentals score in the lower third of the training dataset; report risk is set to neutral because SEC filing text has not been integrated into this dataset; and the log-scale model error is moderate (-0.30). The valuation gap is a research signal, not proof of undervaluation or overvaluation. This output is for research purposes only and does not constitute investment advice.",neutral_report_risk,Report risk is currently neutral because filing-text extraction has not yet been integrated for this dataset.,Possible value trap,modern_sec_facts_2017_current,modern_2017_2020,92.9,86.6,Top decile relative value,Above-average relative value,Possible value trap,,50,71.9,real_sec_filing,"risk_per1k=11.9, debt=19, legal=42, uncertainty=10, cost+cyber=7",ok,,True,Possible value trap,
1065088,eBay Inc,EBAY,2021,34286695929.448814,42680213532.10414,24.480392102891845,47.02406975214653,50,-0.2189780243638601,Research candidate,Random Forest,"Research signal: Research candidate. This signal was assigned because the model-estimated fair value is 24.5% above actual market cap; fundamentals are in the middle range of the training dataset; report risk is set to neutral because SEC filing text has not been integrated into this dataset; and the log-scale model error is low (-0.22). The valuation gap is a research signal, not proof of undervaluation or overvaluation. This output is for research purposes only and does not constitute investment advice.",neutral_report_risk,Report risk is currently neutral because filing-text extraction has not yet been integrated for this dataset.,Research candidate,modern_sec_facts_2017_current,modern_2021_2024,100.0,85.7,Top decile relative value,Above-average relative value,Research candidate,,50,70.7,real_sec_filing,"risk_per1k=11.8, debt=18, legal=36, uncertainty=10, cost+cyber=9",ok,,True,Research candidate,
1065088,eBay Inc,EBAY,2022,20807181818.175507,32632184873.81686,56.831353515217366,73.73777175129158,50,-0.4500008605821186,Research candidate,Random Forest,"Research signal: Research candidate. This signal was assigned because the model-estimated fair value is 56.8% above actual market cap; fundamentals score in the upper third of the training dataset; report risk is set to neutral because SEC filing text has not been integrated into this dataset; and the log-scale model error is moderate (-0.45). The valuation gap is a research signal, not proof of undervaluation or overvaluation. This output is for research purposes only and does not constitute investment advice.",neutral_report_risk,Report risk is currently neutral because filing-text extraction has not yet been integrated for this dataset.,Research candidate,modern_sec_facts_2017_current,modern_2021_2024,89.3,95.5,Above-average relative value,Top decile relative value,Research candidate,,50,73.4,real_sec_filing,"risk_per1k=12.0, debt=20, legal=32, uncertainty=9, cost+cyber=15",ok,,True,Research candidate,
1065088,eBay Inc,EBAY,2023,21027983062.74414,30115986245.02048,43.21861566636796,69.00039926478178,50,-0.3592020577596564,Research candidate,Random Forest,"Research signal: Research candidate. This signal was assigned because the model-estimated fair value is 43.2% above actual market cap; fundamentals score in the upper third of the training dataset; report risk is set to neutral because SEC filing text has not been integrated into this dataset; and the log-scale model error is moderate (-0.36). The valuation gap is a research signal, not proof of undervaluation or overvaluation. This output is for research purposes only and does not constitute investment advice.",neutral_report_risk,Report risk is currently neutral because filing-text extraction has not yet been integrated for this dataset.,Research candidate,modern_sec_facts_2017_current,modern_2021_2024,96.4,93.8,Top decile relative value,Top decile relative value,Research candidate,,50,79.5,real_sec_filing,"risk_per1k=13.5, debt=21, legal=45, uncertainty=9, cost+cyber=18",ok,,True,Research candidate,
1065088,eBay Inc,EBAY,2024,27957744407.65381,29660474667.18917,6.09037064903282,24.43739286895425,50,-0.0591210981996077,Fairly valued / neutral,Random Forest,"Research signal: Fairly valued / neutral. This signal was assigned because the model-estimated fair value is 6.1% above actual market cap; fundamentals score in the lower third of the training dataset; report risk is set to neutral because SEC filing text has not been integrated into this dataset; and the log-scale model error is low (-0.06). The valuation gap is a research signal, not proof of undervaluation or overvaluation. This output is for research purposes only and does not constitute investment advice.",neutral_report_risk,Report risk is currently neutral because filing-text extraction has not yet been integrated for this dataset.,Fairly valued / neutral,modern_sec_facts_2017_current,modern_2021_2024,71.4,73.2,Above-average relative value,Above-average relative value,Possible value trap,Very low quality score (24/100) — high valuation gap may not reflect fundamental strength.,50,80.2,real_sec_filing,"risk_per1k=12.7, debt=23, legal=53, uncertainty=8, cost+cyber=33",ok,,True,Possible value trap,
68505,Motorola Solutions Inc,MSI,2017,12899107019.385338,21571760856.718334,67.23452890420522,24.699372993408396,50,-0.5142270059266814,Possible value trap,Random Forest,"Research signal: Possible value trap. This signal was assigned because the model-estimated fair value is 67.2% above actual market cap; fundamentals score in the lower third of the training dataset; report risk is set to neutral because SEC filing text has not been integrated into this dataset; and the log-scale model error is moderate (-0.51). The valuation gap is a research signal, not proof of undervaluation or overvaluation. This output is for research purposes only and does not constitute investment advice.",neutral_report_risk,Report risk is currently neutral because filing-text extraction has not yet been integrated for this dataset.,Possible value trap,modern_sec_facts_2017_current,modern_2017_2020,92.9,92.9,Top decile relative value,Top decile relative value,Possible value trap,Very low quality score (25/100) — high valuation gap may not reflect fundamental strength.,50,68.8,real_sec_filing,"risk_per1k=10.4, debt=19, legal=32, uncertainty=12, cost+cyber=9",ok,,True,Possible value trap,
68505,Motorola Solutions Inc,MSI,2018,17007799804.923218,19573414027.59688,15.084927222220692,22.976623522881756,50,-0.1405001674045252,Possible value trap,Random Forest,"Research signal: Possible value trap. This signal was assigned because the model-estimated fair value is 15.1% above actual market cap; fundamentals score in the lower third of the training dataset; report risk is set to neutral because SEC filing text has not been integrated into this dataset; and the log-scale model error is low (-0.14). The valuation gap is a research signal, not proof of undervaluation or overvaluation. This output is for research purposes only and does not constitute investment advice.",neutral_report_risk,Report risk is currently neutral because filing-text extraction has not yet been integrated for this dataset.,Possible value trap,modern_sec_facts_2017_current,modern_2017_2020,78.6,76.8,Above-average relative value,Above-average relative value,Possible value trap,Very low quality score (23/100) — high valuation gap may not reflect fundamental strength.,50,75.6,real_sec_filing,"risk_per1k=11.2, debt=20, legal=35, uncertainty=18, cost+cyber=10",ok,,True,Possible value trap,
68505,Motorola Solutions Inc,MSI,2019,25184118034.026123,23507370835.5128,-6.657954812028283,32.10236938269065,50,0.0688995345432808,Fairly valued / neutral,Random Forest,"Research signal: Fairly valued / neutral. This signal was assigned because the model-estimated fair value is 6.7% below actual market cap; fundamentals score in the lower third of the training dataset; report risk is set to neutral because SEC filing text has not been integrated into this dataset; and the log-scale model error is low (+0.07). The valuation gap is a research signal, not proof of undervaluation or overvaluation. This output is for research purposes only and does not constitute investment advice.",neutral_report_risk,Report risk is currently neutral because filing-text extraction has not yet been integrated for this dataset.,Fairly valued / neutral,modern_sec_facts_2017_current,modern_2017_2020,60.7,57.1,Neutral relative value,Neutral relative value,Fairly valued / neutral,,50,77.7,real_sec_filing,"risk_per1k=10.4, debt=19, legal=49, uncertainty=18, cost+cyber=14",ok,,True,Fairly valued / neutral,
68505,Motorola Solutions Inc,MSI,2020,26783401847.773804,28048931820.16567,4.7250531489040615,27.96456173835626,50,-0.0461681883541089,Fairly valued / neutral,Random Forest,"Research signal: Fairly valued / neutral. This signal was assigned because the model-estimated fair value is within 5% of actual market cap; fundamentals score in the lower third of the training dataset; report risk is set to neutral because SEC filing text has not been integrated into this dataset; and the log-scale model error is low (-0.05). The valuation gap is a research signal, not proof of undervaluation or overvaluation. This output is for research purposes only and does not constitute investment advice.",neutral_report_risk,Report risk is currently neutral because filing-text extraction has not yet been integrated for this dataset.,Fairly valued / neutral,modern_sec_facts_2017_current,modern_2017_2020,75.0,73.2,Above-average relative value,Above-average relative value,Possible value trap,Very low quality score (28/100) — high valuation gap may not reflect fundamental strength.,50,69.5,real_sec_filing,"risk_per1k=12.6, debt=5, legal=47, uncertainty=12, cost+cyber=19",ok,,True,Possible value trap,
68505,Motorola Solutions Inc,MSI,2021,43205696469.80826,31036000496.82993,-28.16687836864845,26.132387885508894,50,0.3308245122440993,Potentially overvalued,Random Forest,"Research signal: Potentially overvalued. This signal was assigned because the model-estimated fair value is 28.2% below actual market cap; fundamentals score in the lower third of the training dataset; report risk is set to neutral because SEC filing text has not been integrated into this dataset; and the log-scale model error is moderate (+0.33). The valuation gap is a research signal, not proof of undervaluation or overvaluation. This output is for research purposes only and does not constitute investment advice.",neutral_report_risk,Report risk is currently neutral because filing-text extraction has not yet been integrated for this dataset.,Potentially overvalued,modern_sec_facts_2017_current,modern_2021_2024,50.0,30.4,Neutral relative value,Below-average relative value,Fairly valued / neutral,Very low quality score (26/100) — high valuation gap may not reflect fundamental strength. | Original signal used absolute thresholds (trained on 2010–2016 valuations). Calibrated signal compares against 2021 peers — valuations in this era were generally higher.,50,70.6,real_sec_filing,"risk_per1k=10.9, debt=7, legal=58, uncertainty=14, cost+cyber=14",ok,,True,Fairly valued / neutral,
68505,Motorola Solutions Inc,MSI,2022,41309264389.23665,28320175833.06149,-31.443524226879084,14.923599483040482,50,0.3775123165623526,Potentially overvalued,Random Forest,"Research signal: Potentially overvalued. This signal was assigned because the model-estimated fair value is 31.4% below actual market cap; fundamentals score in the lower third of the training dataset; report risk is set to neutral because SEC filing text has not been integrated into this dataset; and the log-scale model error is moderate (+0.38). The valuation gap is a research signal, not proof of undervaluation or overvaluation. This output is for research purposes only and does not constitute investment advice.",neutral_report_risk,Report risk is currently neutral because filing-text extraction has not yet been integrated for this dataset.,Potentially overvalued,modern_sec_facts_2017_current,modern_2021_2024,14.3,22.3,Low relative value,Below-average relative value,Potentially overvalued,Very low quality score (15/100) — high valuation gap may not reflect fundamental strength.,50,69.4,real_sec_filing,"risk_per1k=10.6, debt=6, legal=61, uncertainty=13, cost+cyber=25",ok,,True,Potentially overvalued,
68505,Motorola Solutions Inc,MSI,2023,50501891235.8866,40590986750.355415,-19.624818483012575,57.18958267879703,50,0.2184647450566537,Potentially overvalued,Random Forest,"Research signal: Potentially overvalued. This signal was assigned because the model-estimated fair value is 19.6% below actual market cap; fundamentals are in the middle range of the training dataset; report risk is set to neutral because SEC filing text has not been integrated into this dataset; and the log-scale model error is low (+0.22). The valuation gap is a research signal, not proof of undervaluation or overvaluation. This output is for research purposes only and does not constitute investment advice.",neutral_report_risk,Report risk is currently neutral because filing-text extraction has not yet been integrated for this dataset.,Potentially overvalued,modern_sec_facts_2017_current,modern_2021_2024,32.1,42.9,Below-average relative value,Neutral relative value,Potentially overvalued,,50,61.5,real_sec_filing,"risk_per1k=9.8, debt=5, legal=72, uncertainty=11, cost+cyber=19",ok,,True,Potentially overvalued,
68505,Motorola Solutions Inc,MSI,2024,75724635156.18066,38476400222.37879,-49.18905829916259,57.50240414274599,50,0.6770584667845192,Potentially overvalued,Random Forest,"Research signal: Potentially overvalued. This signal was assigned because the model-estimated fair value is 49.2% below actual market cap; fundamentals are in the middle range of the training dataset; report risk is set to neutral because SEC filing text has not been integrated into this dataset; and the log-scale model error is high (+0.68) — treat this estimate with additional caution. The valuation gap is a research signal, not proof of undervaluation or overvaluation. This output is for research purposes only and does not constitute investment advice.",neutral_report_risk,Report risk is currently neutral because filing-text extraction has not yet been integrated for this dataset.,Potentially overvalued,modern_sec_facts_2017_current,modern_2021_2024,10.7,6.2,Low relative value,Low relative value,Potentially overvalued,,50,68.0,real_sec_filing,"risk_per1k=12.4, debt=5, legal=45, uncertainty=10, cost+cyber=26",ok,,True,Potentially overvalued,
1086222,Akamai Technologies Inc,AKAM,2017,11058854444.068563,9945313320.291143,-10.069226694403865,45.03938887562664,50,0.1061299971261462,Potentially overvalued,Random Forest,"Research signal: Potentially overvalued. This signal was assigned because the model-estimated fair value is 10.1% below actual market cap; fundamentals are in the middle range of the training dataset; report risk is set to neutral because SEC filing text has not been integrated into this dataset; and the log-scale model error is low (+0.11). The valuation gap is a research signal, not proof of undervaluation or overvaluation. This output is for research purposes only and does not constitute investment advice.",neutral_report_risk,Report risk is currently neutral because filing-text extraction has not yet been integrated for this dataset.,Potentially overvalued,modern_sec_facts_2017_current,modern_2017_2020,60.7,52.7,Neutral relative value,Neutral relative value,Fairly valued / neutral,Original signal used absolute thresholds (trained on 2010–2016 valuations). Calibrated signal compares against 2017 peers — valuations in this era were generally higher.,50,49.1,real_sec_filing,"risk_per1k=8.9, debt=5, legal=29, uncertainty=9, cost+cyber=12",ok,,True,Fairly valued / neutral,
1086222,Akamai Technologies Inc,AKAM,2018,9969019615.611008,10918251656.494017,9.52181937125046,41.646397898625494,50,-0.0909536070824863,Fairly valued / neutral,Random Forest,"Research signal: Fairly valued / neutral. This signal was assigned because the model-estimated fair value is 9.5% above actual market cap; fundamentals score in the lower third of the training dataset; report risk is set to neutral because SEC filing text has not been integrated into this dataset; and the log-scale model error is low (-0.09). The valuation gap is a research signal, not proof of undervaluation or overvaluation. This output is for research purposes only and does not constitute investment advice.",neutral_report_risk,Report risk is currently neutral because filing-text extraction has not yet been integrated for this dataset.,Fairly valued / neutral,modern_sec_facts_2017_current,modern_2017_2020,75.0,75.0,Above-average relative value,Above-average relative value,Possible value trap,,50,70.6,real_sec_filing,"risk_per1k=10.0, debt=18, legal=39, uncertainty=12, cost+cyber=13",ok,,True,Possible value trap,
1086222,Akamai Technologies Inc,AKAM,2019,13983354363.0382,12250713034.281406,-12.390741761766655,34.26225861277241,50,0.1322835059792275,Potentially overvalued,Random Forest,"Research signal: Potentially overvalued. This signal was assigned because the model-estimated fair value is 12.4% below actual market cap; fundamentals score in the lower third of the training dataset; report risk is set to neutral because SEC filing text has not been integrated into this dataset; and the log-scale model error is low (+0.13). The valuation gap is a research signal, not proof of undervaluation or overvaluation. This output is for research purposes only and does not constitute investment advice.",neutral_report_risk,Report risk is currently neutral because filing-text extraction has not yet been integrated for this dataset.,Potentially overvalued,modern_sec_facts_2017_current,modern_2017_2020,53.6,47.3,Neutral relative value,Neutral relative value,Fairly valued / neutral,Original signal used absolute thresholds (trained on 2010–2016 valuations). Calibrated signal compares against 2019 peers — valuations in this era were generally higher.,50,69.9,real_sec_filing,"risk_per1k=10.3, debt=19, legal=45, uncertainty=7, cost+cyber=15",ok,,True,Fairly valued / neutral,
1086222,Akamai Technologies Inc,AKAM,2020,17136495798.623886,13885382600.178137,-18.971867041258363,38.54674360708992,50,0.2103737711391566,Potentially overvalued,Random Forest,"Research signal: Potentially overvalued. This signal was assigned because the model-estimated fair value is 19.0% below actual market cap; fundamentals score in the lower third of the training dataset; report risk is set to neutral because SEC filing text has not been integrated into this dataset; and the log-scale model error is low (+0.21). The valuation gap is a research signal, not proof of undervaluation or overvaluation. This output is for research purposes only and does not constitute investment advice.",neutral_report_risk,Report risk is currently neutral because filing-text extraction has not yet been integrated for this dataset.,Potentially overvalued,modern_sec_facts_2017_current,modern_2017_2020,50.0,42.0,Neutral relative value,Neutral relative value,Fairly valued / neutral,Original signal used absolute thresholds (trained on 2010–2016 valuations). Calibrated signal compares against 2020 peers — valuations in this era were generally higher.,50,63.5,real_sec_filing,"risk_per1k=10.1, debt=6, legal=59, uncertainty=9, cost+cyber=20",ok,,True,Fairly valued / neutral,
1086222,Akamai Technologies Inc,AKAM,2021,18766972765.041748,13395165189.8481,-28.62372979620882,45.395796140659485,50,0.3372047219700391,Potentially overvalued,Random Forest,"Research signal: Potentially overvalued. This signal was assigned because the model-estimated fair value is 28.6% below actual market cap; fundamentals are in the middle range of the training dataset; report risk is set to neutral because SEC filing text has not been integrated into this dataset; and the log-scale model error is moderate (+0.34). The valuation gap is a research signal, not proof of undervaluation or overvaluation. This output is for research purposes only and does not constitute investment advice.",neutral_report_risk,Report risk is currently neutral because filing-text extraction has not yet been integrated for this dataset.,Potentially overvalued,modern_sec_facts_2017_current,modern_2021_2024,46.4,27.7,Neutral relative value,Below-average relative value,Fairly valued / neutral,Original signal used absolute thresholds (trained on 2010–2016 valuations). Calibrated signal compares against 2021 peers — valuations in this era were generally higher.,50,66.7,real_sec_filing,"risk_per1k=11.6, debt=7, legal=35, uncertainty=8, cost+cyber=26",ok,,True,Fairly valued / neutral,
1086222,Akamai Technologies Inc,AKAM,2022,13174049911.115875,13151236862.693308,-0.173166555284707,49.97052873012613,50,0.0017331666187878,Fairly valued / neutral,Random Forest,"Research signal: Fairly valued / neutral. This signal was assigned because the model-estimated fair value is within 5% of actual market cap; fundamentals are in the middle range of the training dataset; report risk is set to neutral because SEC filing text has not been integrated into this dataset; and the log-scale model error is low (+0.00). The valuation gap is a research signal, not proof of undervaluation or overvaluation. This output is for research purposes only and does not constitute investment advice.",neutral_report_risk,Report risk is currently neutral because filing-text extraction has not yet been integrated for this dataset.,Fairly valued / neutral,modern_sec_facts_2017_current,modern_2021_2024,46.4,64.3,Neutral relative value,Neutral relative value,Fairly valued / neutral,,50,71.5,real_sec_filing,"risk_per1k=13.1, debt=6, legal=40, uncertainty=10, cost+cyber=32",ok,,True,Fairly valued / neutral,
1086222,Akamai Technologies Inc,AKAM,2023,17933610773.78311,14350122303.271988,-19.98196858242164,50.31356844258298,50,0.2229181839916023,Potentially overvalued,Random Forest,"Research signal: Potentially overvalued. This signal was assigned because the model-estimated fair value is 20.0% below actual market cap; fundamentals are in the middle range of the training dataset; report risk is set to neutral because SEC filing text has not been integrated into this dataset; and the log-scale model error is low (+0.22). The valuation gap is a research signal, not proof of undervaluation or overvaluation. This output is for research purposes only and does not constitute investment advice.",neutral_report_risk,Report risk is currently neutral because filing-text extraction has not yet been integrated for this dataset.,Potentially overvalued,modern_sec_facts_2017_current,modern_2021_2024,28.6,41.1,Below-average relative value,Neutral relative value,Potentially overvalued,,50,67.8,real_sec_filing,"risk_per1k=14.5, debt=4, legal=35, uncertainty=12, cost+cyber=34",ok,,True,Potentially overvalued,
1086222,Akamai Technologies Inc,AKAM,2024,14377872547.766356,13962901199.385883,-2.886180462386552,39.976710876215115,50,0.0292864980822677,Fairly valued / neutral,Random Forest,"Research signal: Fairly valued / neutral. This signal was assigned because the model-estimated fair value is within 5% of actual market cap; fundamentals score in the lower third of the training dataset; report risk is set to neutral because SEC filing text has not been integrated into this dataset; and the log-scale model error is low (+0.03). The valuation gap is a research signal, not proof of undervaluation or overvaluation. This output is for research purposes only and does not constitute investment advice.",neutral_report_risk,Report risk is currently neutral because filing-text extraction has not yet been integrated for this dataset.,Fairly valued / neutral,modern_sec_facts_2017_current,modern_2021_2024,64.3,60.7,Neutral relative value,Neutral relative value,Fairly valued / neutral,,50,67.2,real_sec_filing,"risk_per1k=12.3, debt=5, legal=36, uncertainty=10, cost+cyber=35",ok,,True,Fairly valued / neutral,
