revenue,net_income,operating_income,gross_profit,assets,liabilities,equity,cash,debt,_prior_revenue,_prior_net_income,_latest_end,latest_fundamentals_period,latest_fundamentals_form,profit_margin,gross_margin,operating_margin,debt_to_assets,return_on_assets,return_on_equity,cash_to_assets,revenue_growth,net_income_growth,log_revenue,log_assets,ticker,company_name,data_freshness,latest_model_feature_source,output_quality_flag,company_id,estimated_fair_value,current_price,current_market_cap,daily_change_pct,last_updated,market_data_as_of,current_valuation_gap_pct,quality_score,latest_10q_risk_score,latest_10q_filing_date,filing_risk_delta,filing_risk_trend,annual_10k_risk_score,latest_10q_period,latest_10q_data_quality_flag,report_risk_score_real,report_risk_available,filing_risk_score,has_latest_10q_update,report_risk_score,final_signal,valuation_gap_percentile_year,valuation_bucket_year,final_signal_calibrated,final_signal_calibrated_risk_adjusted,risk_adjustment_reason,final_signal_display,actual_market_cap,valuation_gap_pct,year,latest_model_year,model_error,best_model_used,current_signal_as_of,signal_basis,warning_text,latest_filing_period,report_risk_score_original,risk_score_source,risk_score_components,filing_data_quality_flag,filing_warning_text,output_warning_text,calibration_warning_text,era,valuation_bucket_era,valuation_gap_percentile_era,explanation_text,Market_Cap_B
451442000000.0,122575000000.0,147366000000.0,216071000000.0,371082000000.0,264591000000.0,106491000000.0,45572000000.0,82700000000.0,400366000000.0,97294000000.0,2026-03-28,2026-Q1,10-Q,0.2715188219084622,0.47862405358827936,0.32643396050876966,0.22286179335025683,0.3303178273265747,1.1510362378041337,0.12280843587131685,0.12757327045753142,0.2598413057331388,26.83571274086507,26.639688899390343,AAPL,Apple Inc,current_ttm,sec_company_facts_ttm,neutral_report_risk,320193,2909831708740.4697,308.9100036621094,4537071195746.704,-7.353864245054428,2026-08-01T03:08:02,2026-08-01,-35.9,76.5,68.4,2026-05-01,-5.0,Stable,73.4,2026-Q1,ok,73.4,True,68.4,True,68.4,Potentially overvalued,35.4,Below-average relative value,Potentially overvalued,Potentially overvalued,,Potentially overvalued,4537071195746.704,-35.9,2026,2026-Q1,,Random Forest,2026-10-03T14:19:22,Latest TTM fundamentals + current market data + latest 10-Q risk,Signal uses latest available filing fundamentals plus current market data. It may not reflect filings or events after the latest available filing update.,2026-Q1,50,real_sec_filing,"risk_per1k=16.5, debt=3, legal=69, uncertainty=39, cost+cyber=32",ok,,Report risk is currently neutral because filing-text extraction has not yet been integrated for this dataset.,,current,Below-average relative value,35.4,"Research signal: Potentially overvalued. This signal was assigned because the model-estimated fair value is 21.1% below actual market cap; fundamentals score in the upper third of the training dataset; report risk is set to neutral because SEC filing text has not been integrated into this dataset; and the log-scale model error is low (+0.24). The valuation gap is a research signal, not proof of undervaluation or overvaluation. This output is for research purposes only and does not constitute investment advice.",4537.071195746704
62819000000.0,3635000000.0,15332000000.0,42320000000.0,136463000000.0,,-6656000000.0,9391000000.0,64532000000.0,57367000000.0,4195000000.0,2026-03-31,2026-Q1,10-Q,0.05786465878157882,0.673681529473567,0.2440662856779,0.47289008742296446,0.026637256985409963,-0.5461237980769231,0.0688171885419491,0.0950372165182074,-0.133492252681764,24.86352341243292,25.639319352556345,ABBV,AbbVie Inc,current_ttm,sec_company_facts_ttm,neutral_report_risk,1551152,160132135388.59485,250.94000244140625,443358994815.19904,-2.5135003024964044,2026-08-01T03:08:02,2026-08-01,-63.9,34.3,62.7,2026-05-08,21.1,Increasing,41.6,2026-Q1,ok,41.6,True,62.7,True,62.7,Potentially overvalued,12.5,Low relative value,Potentially overvalued,Potentially overvalued,,Potentially overvalued,443358994815.19904,-63.9,2026,2026-Q1,,Random Forest,2026-10-03T14:19:22,Latest TTM fundamentals + current market data + latest 10-Q risk,Signal uses latest available filing fundamentals plus current market data. It may not reflect filings or events after the latest available filing update.,2026-Q1,50,real_sec_filing,"risk_per1k=6.6, debt=2, legal=72, uncertainty=16, cost+cyber=5",ok,,Report risk is currently neutral because filing-text extraction has not yet been integrated for this dataset.,,current,Low relative value,12.5,"Research signal: Potentially overvalued. This signal was assigned because the model-estimated fair value is 20.4% below actual market cap; fundamentals are in the middle range of the training dataset; report risk is set to neutral because SEC filing text has not been integrated into this dataset; and the log-scale model error is low (+0.23). The valuation gap is a research signal, not proof of undervaluation or overvaluation. This output is for research purposes only and does not constitute investment advice.",443.358994815199
45134000000.0,6276000000.0,7705000000.0,16737000000.0,110429000000.0,,52061000000.0,6803000000.0,29638000000.0,42344000000.0,13502000000.0,2026-03-31,2026-Q1,10-Q,0.1390525989276377,0.37082908671954623,0.1707138742411486,0.2683896440246674,0.05683289715563847,0.12055089222258504,0.06160519428773239,0.06588890988097496,-0.5351799733372833,24.53290167969613,25.42763861745417,ABT,Abbott Laboratories,current_ttm,sec_company_facts_ttm,neutral_report_risk,1800,138434427576.87964,105.6999969482422,182901509106.4893,0.0852157346562914,2026-08-01T03:08:02,2026-08-01,-24.3,41.4,52.0,2026-04-29,-39.2,Decreasing,91.2,2026-Q1,ok,91.2,True,52.0,True,52.0,Potentially overvalued,50.0,Neutral relative value,Fairly valued / neutral,Fairly valued / neutral,,Fairly valued / neutral,182901509106.4893,-24.3,2026,2026-Q1,,Random Forest,2026-10-03T14:19:22,Latest TTM fundamentals + current market data + latest 10-Q risk,Signal uses latest available filing fundamentals plus current market data. It may not reflect filings or events after the latest available filing update.,2026-Q1,50,real_sec_filing,"risk_per1k=15.1, debt=27, legal=89, uncertainty=49, cost+cyber=92",ok,,Report risk is currently neutral because filing-text extraction has not yet been integrated for this dataset.,,current,Neutral relative value,50.0,"Research signal: Potentially overvalued. This signal was assigned because the model-estimated fair value is 23.8% below actual market cap; fundamentals are in the middle range of the training dataset; report risk is set to neutral because SEC filing text has not been integrated into this dataset; and the log-scale model error is low (+0.27). The valuation gap is a research signal, not proof of undervaluation or overvaluation. This output is for research purposes only and does not constitute investment advice.",182.9015091064893
25198000000.0,7229000000.0,9090000000.0,22528000000.0,29933000000.0,18415000000.0,11518000000.0,4919000000.0,4802000000.0,22601000000.0,6869000000.0,2026-05-29,2026-Q2,10-Q,0.286887848241924,0.8940392094610683,0.36074291610445275,0.16042494905288476,0.24150603013396585,0.6276263240145858,0.16433367854875888,0.11490642006990837,0.0524093754549424,23.95003046323485,24.12222738766699,ADBE,Adobe Systems Inc,current_ttm,sec_company_facts_ttm,neutral_report_risk,796343,131559814602.53015,250.41000366210935,99537976455.68848,1.012509006625109,2026-08-01T03:08:02,2026-08-01,32.2,77.7,40.2,2026-06-15,29.5,Increasing,10.7,2026-Q2,ok,10.7,True,40.2,True,40.2,Research candidate,84.2,Above-average relative value,Research candidate,Research candidate,,Research candidate,99537976455.68848,32.2,2026,2026-Q2,,Random Forest,2026-10-03T14:19:22,Latest TTM fundamentals + current market data + latest 10-Q risk,Signal uses latest available filing fundamentals plus current market data. It may not reflect filings or events after the latest available filing update.,2026-Q2,50,real_sec_filing,"risk_per1k=1.9, debt=4, legal=1, uncertainty=0, cost+cyber=4",ok,,Report risk is currently neutral because filing-text extraction has not yet been integrated for this dataset.,,current,Above-average relative value,84.2,"Research signal: Potentially overvalued. This signal was assigned because the model-estimated fair value is 21.7% below actual market cap; fundamentals score in the upper third of the training dataset; report risk is set to neutral because SEC filing text has not been integrated into this dataset; and the log-scale model error is low (+0.24). The valuation gap is a research signal, not proof of undervaluation or overvaluation. This output is for research purposes only and does not constitute investment advice.",99.53797645568848
12740193000.0,3313432000.0,4139945000.0,8216339000.0,47949095000.0,,33742033000.0,2436916000.0,7235424000.0,9818656000.0,1831390000.0,2026-05-02,2026-Q2,10-Q,0.26007706476660125,0.6449147983864922,0.32495151368586017,0.1508980305050596,0.06910311863028906,0.09819894373288059,0.05082298216473116,0.29754958316087254,0.8092443444596726,23.268027636112258,24.59340576427084,ADI,Analog Devices Inc,current_ttm,sec_company_facts_ttm,neutral_report_risk,6281,102970191707.17053,367.4100036621094,178960651150.16602,0.201813676405486,2026-08-01T03:08:02,2026-08-01,-42.5,66.1,29.0,2026-05-20,-27.2,Decreasing,56.2,2026-Q2,ok,56.2,True,29.0,True,29.0,Potentially overvalued,28.3,Below-average relative value,Potentially overvalued,Potentially overvalued,,Potentially overvalued,178960651150.16602,-42.5,2026,2026-Q2,,Random Forest,2026-10-03T14:19:22,Latest TTM fundamentals + current market data + latest 10-Q risk,Signal uses latest available filing fundamentals plus current market data. It may not reflect filings or events after the latest available filing update.,2026-Q2,50,real_sec_filing,"risk_per1k=10.2, debt=6, legal=29, uncertainty=28, cost+cyber=19",ok,,Report risk is currently neutral because filing-text extraction has not yet been integrated for this dataset.,,current,Below-average relative value,28.3,"Research signal: Research candidate. This signal was assigned because the model-estimated fair value is 10.7% above actual market cap; fundamentals score in the upper third of the training dataset; report risk is set to neutral because SEC filing text has not been integrated into this dataset; and the log-scale model error is low (-0.10). The valuation gap is a research signal, not proof of undervaluation or overvaluation. This output is for research purposes only and does not constitute investment advice.",178.96065115016603
7507000000.0,1463000000.0,1886000000.0,6842000000.0,11932000000.0,,3189000000.0,2671000000.0,2500000000.0,6347000000.0,1012000000.0,2026-04-30,2026-Q2,10-Q,0.19488477421073663,0.9114160117223924,0.25123218329559077,0.20952061682869594,0.12261146496815287,0.4587645029789903,0.22385182701977874,0.18276351031983618,0.44565217391304346,22.739101755537277,23.202489703598914,ADSK,Autodesk Inc,current_ttm,sec_company_facts_ttm,neutral_report_risk,769397,28014486206.00062,234.1999969482422,49450217139.83583,-0.327703225288613,2026-08-01T03:08:02,2026-08-01,-43.3,71.5,44.7,2026-05-29,-10.8,Decreasing,55.5,2026-Q2,ok,55.5,True,44.7,True,44.7,Potentially overvalued,27.5,Below-average relative value,Potentially overvalued,Potentially overvalued,,Potentially overvalued,49450217139.83583,-43.3,2026,2026-Q2,,Random Forest,2026-10-03T14:19:22,Latest TTM fundamentals + current market data + latest 10-Q risk,Signal uses latest available filing fundamentals plus current market data. It may not reflect filings or events after the latest available filing update.,2026-Q2,50,real_sec_filing,"risk_per1k=13.1, debt=6, legal=27, uncertainty=9, cost+cyber=14",ok,,Report risk is currently neutral because filing-text extraction has not yet been integrated for this dataset.,,current,Below-average relative value,27.5,"Research signal: Potentially overvalued. This signal was assigned because the model-estimated fair value is 13.1% below actual market cap; fundamentals are in the middle range of the training dataset; report risk is set to neutral because SEC filing text has not been integrated into this dataset; and the log-scale model error is low (+0.14). The valuation gap is a research signal, not proof of undervaluation or overvaluation. This output is for research purposes only and does not constitute investment advice.",49.45021713983583
4266646000.0,435179000.0,526855000.0,,11645752000.0,6736927000.0,4908825000.0,622383000.0,,4019337000.0,452671000.0,2026-03-31,2026-Q1,10-Q,0.10199557216605268,,0.12348223874209391,,0.03736804630564003,0.08865237607777829,0.05344292064608623,0.061529799566445886,-0.03864175085216415,22.174093875442143,23.17820731526941,AKAM,Akamai Technologies Inc,current_ttm,sec_company_facts_ttm,"extreme_valuation_gap, neutral_report_risk, needs_review",1086222,28244231284.948933,115.18000030517578,16745496290.54812,1.2571431254292582,2026-08-01T03:08:02,2026-08-01,68.7,35.9,41.4,2026-05-08,-16.2,Decreasing,57.6,2026-Q1,ok,57.6,True,41.4,True,41.4,Possible value trap,93.3,Needs review,Needs review,Needs review,,Possible value trap,16745496290.54812,68.7,2026,2026-Q1,,Random Forest,2026-10-03T14:19:22,Latest TTM fundamentals + current market data + latest 10-Q risk,Signal uses latest available filing fundamentals plus current market data. It may not reflect filings or events after the latest available filing update.,2026-Q1,50,real_sec_filing,"risk_per1k=12.3, debt=5, legal=36, uncertainty=10, cost+cyber=35",ok,,Valuation gap of +114.4% exceeds 100% — the model estimate is likely unreliable for this observation. | Report risk is currently neutral because filing-text extraction has not yet been integrated for this dataset.,,current,Needs review,93.3,"Research signal: Possible value trap. This signal was assigned because the model-estimated fair value is 114.4% above actual market cap; fundamentals score in the lower third of the training dataset; report risk is set to neutral because SEC filing text has not been integrated into this dataset; and the log-scale model error is high (-0.76) — treat this estimate with additional caution. The valuation gap is a research signal, not proof of undervaluation or overvaluation. This output is for research purposes only and does not constitute investment advice.",16.74549629054812
29024000000.0,8508000000.0,8299000000.0,14209000000.0,40286000000.0,16377000000.0,23909000000.0,6301000000.0,5256000000.0,28089000000.0,6758000000.0,2026-04-26,2026-Q2,10-Q,0.2931367144432194,0.4895603638368247,0.28593577728776187,0.13046715980737725,0.21118999156034354,0.35584926178426535,0.1564066921511195,0.033287051870839024,0.25895235276709094,24.091388910879136,24.419269851002642,AMAT,Applied Materials Inc,current_ttm,sec_company_facts_ttm,neutral_report_risk,6951,127247187030.50754,507.6700134277344,403069394489.17633,1.175842426459216,2026-08-01T03:08:02,2026-08-01,-68.4,61.2,45.3,2026-05-21,-21.4,Decreasing,66.7,2026-Q2,ok,66.7,True,45.3,True,45.3,Potentially overvalued,7.9,Low relative value,Potentially overvalued,Potentially overvalued,,Potentially overvalued,403069394489.17633,-68.4,2026,2026-Q2,,Random Forest,2026-10-03T14:19:22,Latest TTM fundamentals + current market data + latest 10-Q risk,Signal uses latest available filing fundamentals plus current market data. It may not reflect filings or events after the latest available filing update.,2026-Q2,50,real_sec_filing,"risk_per1k=14.8, debt=7, legal=36, uncertainty=12, cost+cyber=42",ok,,Report risk is currently neutral because filing-text extraction has not yet been integrated for this dataset.,,current,Low relative value,7.9,"Research signal: Potentially overvalued. This signal was assigned because the model-estimated fair value is 20.3% below actual market cap; fundamentals score in the upper third of the training dataset; report risk is set to neutral because SEC filing text has not been integrated into this dataset; and the log-scale model error is low (+0.23). The valuation gap is a research signal, not proof of undervaluation or overvaluation. This output is for research purposes only and does not constitute investment advice.",403.0693944891763
37454000000.0,5009000000.0,4364000000.0,18832000000.0,79642000000.0,,64462000000.0,5585000000.0,2350000000.0,27750000000.0,2227000000.0,2026-03-28,2026-Q1,10-Q,0.13373738452501735,0.5028034388850323,0.11651625994553319,0.029507044021998444,0.06289395042816605,0.07770469423846607,0.07012631526079205,0.34969369369369363,1.2492141894925908,24.346379350284728,25.10080742883562,AMD,Advanced Micro Devices,current_ttm,sec_company_facts_ttm,neutral_report_risk,2488,131453760813.84428,476.1499938964844,776410484307.4535,-1.903628107934105,2026-08-01T03:08:02,2026-08-01,-83.1,58.6,36.8,2026-05-06,-0.8,Stable,37.6,2026-Q1,ok,37.6,True,36.8,True,36.8,Potentially overvalued,0.8,Low relative value,Potentially overvalued,Potentially overvalued,,Potentially overvalued,776410484307.4535,-83.1,2026,2026-Q1,,Random Forest,2026-10-03T14:19:22,Latest TTM fundamentals + current market data + latest 10-Q risk,Signal uses latest available filing fundamentals plus current market data. It may not reflect filings or events after the latest available filing update.,2026-Q1,50,real_sec_filing,"risk_per1k=9.2, debt=4, legal=12, uncertainty=25, cost+cyber=7",ok,,Report risk is currently neutral because filing-text extraction has not yet been integrated for this dataset.,,current,Low relative value,0.8,"Research signal: Potentially overvalued. This signal was assigned because the model-estimated fair value is 12.1% below actual market cap; fundamentals are in the middle range of the training dataset; report risk is set to neutral because SEC filing text has not been integrated into this dataset; and the log-scale model error is low (+0.13). The valuation gap is a research signal, not proof of undervaluation or overvaluation. This output is for research purposes only and does not constitute investment advice.",776.4104843074535
37220000000.0,7800000000.0,10568000000.0,18081000000.0,92504000000.0,,9190000000.0,12038000000.0,57323000000.0,34126000000.0,5933000000.0,2026-03-31,2026-Q1,10-Q,0.20956475013433637,0.4857872111767867,0.2839333691563675,0.6196813110784398,0.08432067802473407,0.8487486398258978,0.13013491308483957,0.09066400984586531,0.3146806000337097,24.340112088160517,25.250517723773072,AMGN,Amgen Inc,current_ttm,sec_company_facts_ttm,neutral_report_risk,318154,150806932094.5539,385.1600036621094,207874040790.31073,-0.639771667684339,2026-08-01T03:08:02,2026-08-01,-27.5,61.2,43.3,2026-05-01,11.2,Increasing,32.1,2026-Q1,ok,32.1,True,43.3,True,43.3,Potentially overvalued,45.0,Neutral relative value,Fairly valued / neutral,Fairly valued / neutral,,Fairly valued / neutral,207874040790.31073,-27.5,2026,2026-Q1,,Random Forest,2026-10-03T14:19:22,Latest TTM fundamentals + current market data + latest 10-Q risk,Signal uses latest available filing fundamentals plus current market data. It may not reflect filings or events after the latest available filing update.,2026-Q1,50,real_sec_filing,"risk_per1k=5.6, debt=5, legal=40, uncertainty=1, cost+cyber=6",ok,,Report risk is currently neutral because filing-text extraction has not yet been integrated for this dataset.,,current,Neutral relative value,45.0,"Research signal: Fairly valued / neutral. This signal was assigned because the model-estimated fair value is 5.2% above actual market cap; fundamentals are in the middle range of the training dataset; report risk is set to neutral because SEC filing text has not been integrated into this dataset; and the log-scale model error is low (-0.05). The valuation gap is a research signal, not proof of undervaluation or overvaluation. This output is for research purposes only and does not constitute investment advice.",207.87404079031074
742776000000.0,90798000000.0,85422000000.0,4372000000.0,916630000000.0,,441914000000.0,101816000000.0,122632000000.0,650313000000.0,65944000000.0,2026-03-31,2026-Q1,10-Q,0.12224142944844744,0.005886027550701692,0.11500371579049404,0.13378571506496623,0.09905632588939921,0.20546531678109314,0.11107644305772231,0.14218230298333268,0.37689554773747425,27.33366035572527,27.543969738138898,AMZN,Amazon COM Inc,current_ttm,sec_company_facts_ttm,"high_model_error, neutral_report_risk, needs_review",1018724,1455965868546.0144,271.5799865722656,2921415636185.272,15.320588778032112,2026-08-01T03:08:02,2026-08-01,-50.2,56.6,55.4,2026-04-30,-11.0,Decreasing,66.4,2026-Q1,ok,66.4,True,55.4,True,55.4,Potentially overvalued,23.3,Needs review,Needs review,Needs review,,Potentially overvalued,2921415636185.272,-50.2,2026,2026-Q1,,Random Forest,2026-10-03T14:19:22,Latest TTM fundamentals + current market data + latest 10-Q risk,Signal uses latest available filing fundamentals plus current market data. It may not reflect filings or events after the latest available filing update.,2026-Q1,50,real_sec_filing,"risk_per1k=14.1, debt=3, legal=49, uncertainty=25, cost+cyber=33",ok,,Model error of +2.496 (log scale) is large — the model fit was poor for this observation. | Report risk is currently neutral because filing-text extraction has not yet been integrated for this dataset.,,current,Needs review,23.3,"Research signal: Potentially overvalued. This signal was assigned because the model-estimated fair value is 91.8% below actual market cap; fundamentals score in the lower third of the training dataset; report risk is set to neutral because SEC filing text has not been integrated into this dataset; and the log-scale model error is high (+2.50) — treat this estimate with additional caution. The valuation gap is a research signal, not proof of undervaluation or overvaluation. This output is for research purposes only and does not constitute investment advice.",2921.415636185272
75465000000.0,11633000000.0,32746000000.0,51524000000.0,179158000000.0,91467000000.0,179158000000.0,19628000000.0,64907000000.0,57046000000.0,11633000000.0,2026-05-03,2026-Q2,10-Q,0.15415093089511694,0.6827535943815014,0.43392301066719674,0.36228915259156724,0.0649315129662086,0.0649315129662086,0.10955692740486052,0.3228797812291835,0.0,25.046934809557804,25.91153393501713,AVGO,Broadcom Inc,current_ttm,sec_company_facts_ttm,neutral_report_risk,1730168,585003774086.3208,389.2799987792969,1852030813669.847,0.3712877617066867,2026-08-01T03:08:02,2026-08-01,-68.4,59.0,68.5,2026-06-09,3.9,Stable,64.6,2026-Q2,ok,64.6,True,68.5,True,68.5,Potentially overvalued,7.9,Low relative value,Potentially overvalued,Potentially overvalued,,Potentially overvalued,1852030813669.847,-68.4,2026,2026-Q2,,Random Forest,2026-10-03T14:19:22,Latest TTM fundamentals + current market data + latest 10-Q risk,Signal uses latest available filing fundamentals plus current market data. It may not reflect filings or events after the latest available filing update.,2026-Q2,50,real_sec_filing,"risk_per1k=10.2, debt=12, legal=37, uncertainty=24, cost+cyber=20",ok,,Report risk is currently neutral because filing-text extraction has not yet been integrated for this dataset.,,current,Low relative value,7.9,"Research signal: Potentially overvalued. This signal was assigned because the model-estimated fair value is 62.4% below actual market cap; fundamentals are in the middle range of the training dataset; report risk is set to neutral because SEC filing text has not been integrated into this dataset; and the log-scale model error is high (+0.98) — treat this estimate with additional caution. The valuation gap is a research signal, not proof of undervaluation or overvaluation. This output is for research purposes only and does not constitute investment advice.",1852.030813669847
42195000000.0,11220000000.0,5448000000.0,,308894000000.0,274899000000.0,33995000000.0,43440000000.0,58750000000.0,39112000000.0,10276000000.0,2026-03-31,2026-Q1,10-Q,0.2659082829719161,,0.12911482403128333,0.19019469462016095,0.036323139976820525,0.33004853654949257,0.14063076654127304,0.07882491307015749,0.09186453873102374,24.46556756755634,26.456264012920567,AXP,American Express Co,current_ttm,sec_company_facts_ttm,neutral_report_risk,4962,224533282584.89252,336.25,227072931346.25,-0.3762707558100897,2026-08-01T03:08:02,2026-08-01,-1.1,55.3,87.8,2026-04-23,3.1,Stable,84.7,2026-Q1,ok,84.7,True,87.8,True,87.8,Fairly valued / neutral,68.3,Neutral relative value,Fairly valued / neutral,Fairly valued / neutral,,Fairly valued / neutral,227072931346.25,-1.1,2026,2026-Q1,,Random Forest,2026-10-03T14:19:22,Latest TTM fundamentals + current market data + latest 10-Q risk,Signal uses latest available filing fundamentals plus current market data. It may not reflect filings or events after the latest available filing update.,2026-Q1,50,real_sec_filing,"risk_per1k=19.1, debt=9, legal=152, uncertainty=34, cost+cyber=42",ok,,Report risk is currently neutral because filing-text extraction has not yet been integrated for this dataset.,,current,Neutral relative value,68.3,"Research signal: Potentially overvalued. This signal was assigned because the model-estimated fair value is 52.8% below actual market cap; fundamentals score in the upper third of the training dataset; report risk is set to neutral because SEC filing text has not been integrated into this dataset; and the log-scale model error is high (+0.75) — treat this estimate with additional caution. The valuation gap is a research signal, not proof of undervaluation or overvaluation. This output is for research purposes only and does not constitute investment advice.",227.07293134625
115122000000.0,31733000000.0,,,3496186000000.0,3195518000000.0,300668000000.0,301006000000.0,325964000000.0,108285000000.0,27659000000.0,2026-03-31,2026-Q1,10-Q,0.27564670523444695,,,0.09323417003557591,0.00907646217907171,0.10554166056913274,0.08609553381885289,0.06313893891120648,0.14729382841028227,25.469258272550427,28.8826937759679,BAC,Bank of America Corp,current_ttm,sec_company_facts_ttm,neutral_report_risk,70858,319184005845.41565,61.95000076293945,434763089501.28424,0.3563927139714261,2026-08-01T03:08:02,2026-08-01,-26.6,50.0,76.5,2026-05-01,55.0,Increasing,21.5,2026-Q1,ok,21.5,True,76.5,True,76.5,Potentially overvalued,46.7,Neutral relative value,Fairly valued / neutral,Fairly valued / neutral,,Fairly valued / neutral,434763089501.28424,-26.6,2026,2026-Q1,,Random Forest,2026-10-03T14:19:22,Latest TTM fundamentals + current market data + latest 10-Q risk,Signal uses latest available filing fundamentals plus current market data. It may not reflect filings or events after the latest available filing update.,2026-Q1,50,real_sec_filing,"risk_per1k=2.4, debt=1, legal=1, uncertainty=0, cost+cyber=1",ok,,Report risk is currently neutral because filing-text extraction has not yet been integrated for this dataset.,,current,Neutral relative value,46.7,"Research signal: Potentially overvalued. This signal was assigned because the model-estimated fair value is 11.7% below actual market cap; fundamentals are in the middle range of the training dataset; report risk is set to neutral because SEC filing text has not been integrated into this dataset; and the log-scale model error is low (+0.12). The valuation gap is a research signal, not proof of undervaluation or overvaluation. This output is for research purposes only and does not constitute investment advice.",434.76308950128424
9937400000.0,1372000000.0,2477500000.0,11639400000.0,29483100000.0,10831400000.0,29483100000.0,2913700000.0,6288500000.0,9816400000.0,1479100000.0,2026-03-31,2026-Q1,10-Q,0.13806428240787327,1.171272163745044,0.2493106848873951,0.21329168235361953,0.046535133686756144,0.046535133686756144,0.09882610715969488,0.01232631107126858,-0.07240889730241362,23.01957125398315,24.10708305477703,BIIB,Biogen Inc,current_ttm,sec_company_facts_ttm,"extreme_valuation_gap, neutral_report_risk, needs_review",875045,36865037575.84899,202.9499969482422,29986673443.190582,-2.395034820832324,2026-08-01T03:08:02,2026-08-01,22.9,34.3,60.9,2026-04-29,29.5,Increasing,31.4,2026-Q1,ok,31.4,True,60.9,True,60.9,Possible value trap,80.8,Needs review,Needs review,Needs review,,Possible value trap,29986673443.190582,22.9,2026,2026-Q1,,Random Forest,2026-10-03T14:19:22,Latest TTM fundamentals + current market data + latest 10-Q risk,Signal uses latest available filing fundamentals plus current market data. It may not reflect filings or events after the latest available filing update.,2026-Q1,50,real_sec_filing,"risk_per1k=6.5, debt=1, legal=49, uncertainty=1, cost+cyber=10",ok,,Valuation gap of +138.9% exceeds 100% — the model estimate is likely unreliable for this observation. | Report risk is currently neutral because filing-text extraction has not yet been integrated for this dataset.,,current,Needs review,80.8,"Research signal: Possible value trap. This signal was assigned because the model-estimated fair value is 138.9% above actual market cap; fundamentals score in the lower third of the training dataset; report risk is set to neutral because SEC filing text has not been integrated into this dataset; and the log-scale model error is high (-0.87) — treat this estimate with additional caution. The valuation gap is a research signal, not proof of undervaluation or overvaluation. This output is for research purposes only and does not constitute investment advice.",29.986673443190583
27687000000.0,6154000000.0,9034000000.0,12439000000.0,27720000000.0,36444000000.0,-8724000000.0,16024000000.0,15398000000.0,24086000000.0,5439000000.0,2026-03-31,2026-Q1,10-Q,0.22227037960053456,0.449272221620255,0.32629031675515585,0.5554834054834055,0.222005772005772,-0.7054103622191655,0.5780663780663781,0.14950593705887227,0.1314579886008458,24.04422882589796,24.045420011268114,BKNG,Booking Holdings Inc,current_ttm,sec_company_facts_ttm,neutral_report_risk,1075531,193886293689.20093,192.8999938964844,149474045574.91736,-0.175953005078814,2026-08-01T03:08:02,2026-08-01,29.7,41.5,43.6,2026-04-28,-26.3,Decreasing,69.9,2026-Q1,ok,69.9,True,43.6,True,43.6,Possible value trap,81.7,Above-average relative value,Possible value trap,Possible value trap,,Possible value trap,149474045574.91736,29.7,2026,2026-Q1,,Random Forest,2026-10-03T14:19:22,Latest TTM fundamentals + current market data + latest 10-Q risk,Signal uses latest available filing fundamentals plus current market data. It may not reflect filings or events after the latest available filing update.,2026-Q1,50,real_sec_filing,"risk_per1k=16.2, debt=5, legal=43, uncertainty=26, cost+cyber=31",ok,,Report risk is currently neutral because filing-text extraction has not yet been integrated for this dataset.,,current,Above-average relative value,81.7,"Research signal: Fairly valued / neutral. This signal was assigned because the model-estimated fair value is 6.5% below actual market cap; fundamentals score in the upper third of the training dataset; report risk is set to neutral because SEC filing text has not been integrated into this dataset; and the log-scale model error is low (+0.07). The valuation gap is a research signal, not proof of undervaluation or overvaluation. This output is for research purposes only and does not constitute investment advice.",149.47404557491737
48482000000.0,7275000000.0,,30745000000.0,86476000000.0,66374000000.0,20068000000.0,9574000000.0,44140000000.0,47636000000.0,5419000000.0,2026-03-31,2026-Q1,10-Q,0.15005569077183284,0.6341528814817871,,0.5104306397150654,0.08412738794578843,0.3625174407016145,0.11071279892686989,0.017759677554790576,0.34249861598080833,24.604458431981953,25.18313275573863,BMY,Bristol-Myers Squibb Co,current_ttm,sec_company_facts_ttm,neutral_report_risk,14272,141983958276.7875,65.30999755859375,133409689196.26369,0.6937973234776206,2026-08-01T03:08:02,2026-08-01,6.4,40.8,54.7,2026-04-30,23.9,Increasing,30.8,2026-Q1,ok,30.8,True,54.7,True,54.7,Fairly valued / neutral,74.6,Above-average relative value,Possible value trap,Possible value trap,,Possible value trap,133409689196.26369,6.4,2026,2026-Q1,,Random Forest,2026-10-03T14:19:22,Latest TTM fundamentals + current market data + latest 10-Q risk,Signal uses latest available filing fundamentals plus current market data. It may not reflect filings or events after the latest available filing update.,2026-Q1,50,real_sec_filing,"risk_per1k=4.0, debt=1, legal=92, uncertainty=5, cost+cyber=5",ok,,Report risk is currently neutral because filing-text extraction has not yet been integrated for this dataset.,,current,Above-average relative value,74.6,"Research signal: Possible value trap. This signal was assigned because the model-estimated fair value is 23.9% above actual market cap; fundamentals score in the lower third of the training dataset; report risk is set to neutral because SEC filing text has not been integrated into this dataset; and the log-scale model error is low (-0.21). The valuation gap is a research signal, not proof of undervaluation or overvaluation. This output is for research purposes only and does not constitute investment advice.",133.40968919626368
85225000000.0,14306000000.0,,,2657202000000.0,2443380000000.0,212291000000.0,188105000000.0,315827000000.0,80722000000.0,12682000000.0,2025-12-31,2025-Q4,10-K,0.16786154297447933,,,0.11885697812962658,0.0053838586603502485,0.06738863164241536,0.0707906286386959,0.0557840489581527,0.12805551174893548,25.168560654970378,28.608294805409198,C,Citigroup Inc,current_ttm,sec_company_facts_ttm,neutral_report_risk,831001,209954945798.35242,132.4499969482422,222171624880.98145,0.0982388277117675,2026-08-01T03:08:02,2026-08-01,-5.5,43.2,63.0,2026-05-07,33.5,Increasing,29.5,2026-Q1,ok,29.5,False,63.0,True,63.0,Fairly valued / neutral,65.8,Neutral relative value,Fairly valued / neutral,Fairly valued / neutral,,Fairly valued / neutral,222171624880.98145,-5.5,2026,2025-Q4,,Random Forest,2026-10-03T14:19:22,Latest TTM fundamentals + current market data + latest 10-Q risk,Signal uses latest available filing fundamentals plus current market data. It may not reflect filings or events after the latest available filing update.,2025-Q4,50,filing_missing_or_error,"risk_per1k=0.8, debt=35, legal=0, uncertainty=0, cost+cyber=3",too_short,,Report risk is currently neutral because filing-text extraction has not yet been integrated for this dataset.,,current,Neutral relative value,65.8,"Research signal: Fairly valued / neutral. This signal was assigned because the model-estimated fair value is within 5% of actual market cap; fundamentals are in the middle range of the training dataset; report risk is set to neutral because SEC filing text has not been integrated into this dataset; and the log-scale model error is low (+0.02). The valuation gap is a research signal, not proof of undervaluation or overvaluation. This output is for research purposes only and does not constitute investment advice.",222.17162488098145
70755000000.0,9430000000.0,11657000000.0,9940000000.0,95550000000.0,76890000000.0,95550000000.0,4072000000.0,30696000000.0,63259000000.0,9939000000.0,2026-03-31,2026-Q1,10-Q,0.13327680022613242,0.14048477139424775,0.16475160766023603,0.3212558869701727,0.09869178440607013,0.09869178440607013,0.04261643118785976,0.11849697276276894,-0.05121239561324076,24.982489042350746,25.282915507632694,CAT,Caterpillar Inc,current_ttm,sec_company_facts_ttm,neutral_report_risk,18230,177837720987.66577,814.8099975585938,375294952543.73785,0.7007418750165008,2026-08-01T03:08:02,2026-08-01,-52.6,43.2,57.8,2026-05-06,-20.8,Decreasing,78.6,2026-Q1,ok,78.6,True,57.8,True,57.8,Potentially overvalued,20.8,Below-average relative value,Potentially overvalued,Potentially overvalued,,Potentially overvalued,375294952543.73785,-52.6,2026,2026-Q1,,Random Forest,2026-10-03T14:19:22,Latest TTM fundamentals + current market data + latest 10-Q risk,Signal uses latest available filing fundamentals plus current market data. It may not reflect filings or events after the latest available filing update.,2026-Q1,50,real_sec_filing,"risk_per1k=15.6, debt=47, legal=23, uncertainty=30, cost+cyber=24",ok,,Report risk is currently neutral because filing-text extraction has not yet been integrated for this dataset.,,current,Below-average relative value,20.8,"Research signal: Potentially overvalued. This signal was assigned because the model-estimated fair value is 12.9% below actual market cap; fundamentals score in the lower third of the training dataset; report risk is set to neutral because SEC filing text has not been integrated into this dataset; and the log-scale model error is low (+0.14). The valuation gap is a research signal, not proof of undervaluation or overvaluation. This output is for research purposes only and does not constitute investment advice.",375.29495254373785
60822000000.0,11299000000.0,,,275456000000.0,195544000000.0,73788000000.0,2285000000.0,15970000000.0,56212000000.0,8460000000.0,2026-03-31,2026-Q1,10-Q,0.18577159580414981,,,0.05797659154275093,0.04101925534386617,0.15312787987206591,0.008295335734200743,0.08201095851419615,0.3355791962174941,24.83121740257473,26.341693743165568,CB,Chubb Ltd,current_ttm,sec_company_facts_ttm,neutral_report_risk,896159,194054906058.12378,350.67999267578125,135292291728.43744,0.1513633552864089,2026-08-01T03:08:02,2026-08-01,43.4,59.2,46.3,2026-04-28,-5.9,Stable,52.2,2026-Q1,ok,52.2,True,46.3,True,46.3,Research candidate,91.7,Top decile relative value,Research candidate,Research candidate,,Research candidate,135292291728.43744,43.4,2026,2026-Q1,,Random Forest,2026-10-03T14:19:22,Latest TTM fundamentals + current market data + latest 10-Q risk,Signal uses latest available filing fundamentals plus current market data. It may not reflect filings or events after the latest available filing update.,2026-Q1,50,real_sec_filing,"risk_per1k=13.2, debt=7, legal=19, uncertainty=8, cost+cyber=13",ok,,Report risk is currently neutral because filing-text extraction has not yet been integrated for this dataset.,,current,Top decile relative value,91.7,"Research signal: Potentially overvalued. This signal was assigned because the model-estimated fair value is 26.0% below actual market cap; fundamentals are in the middle range of the training dataset; report risk is set to neutral because SEC filing text has not been integrated into this dataset; and the log-scale model error is moderate (+0.30). The valuation gap is a research signal, not proof of undervaluation or overvaluation. This output is for research purposes only and does not constitute investment advice.",135.29229172843745
5528613000.0,1170969000.0,1561851000.0,,12098354000.0,,6561463000.0,1406668000.0,,4874527000.0,1081420000.0,2026-03-31,2026-Q1,10-Q,0.21180158567799917,,0.2825032245881562,,0.09678746381532562,0.17846157175617694,0.11626937019697059,0.13418450651724778,0.08280686504780754,22.43320280727841,23.216335247237918,CDNS,Cadence Design Systems Inc,current_ttm,sec_company_facts_ttm,neutral_report_risk,813672,53927167676.63386,340.0199890136719,93639124834.44214,2.163325981313142,2026-08-01T03:08:02,2026-08-01,-42.4,61.5,44.8,2026-05-01,-17.2,Decreasing,62.0,2026-Q1,ok,62.0,True,44.8,True,44.8,Potentially overvalued,29.6,Below-average relative value,Potentially overvalued,Potentially overvalued,,Potentially overvalued,93639124834.44214,-42.4,2026,2026-Q1,,Random Forest,2026-10-03T14:19:22,Latest TTM fundamentals + current market data + latest 10-Q risk,Signal uses latest available filing fundamentals plus current market data. It may not reflect filings or events after the latest available filing update.,2026-Q1,50,real_sec_filing,"risk_per1k=10.6, debt=23, legal=32, uncertainty=10, cost+cyber=19",ok,,Report risk is currently neutral because filing-text extraction has not yet been integrated for this dataset.,,current,Below-average relative value,29.6,"Research signal: Potentially overvalued. This signal was assigned because the model-estimated fair value is 31.1% below actual market cap; fundamentals score in the upper third of the training dataset; report risk is set to neutral because SEC filing text has not been integrated into this dataset; and the log-scale model error is moderate (+0.37). The valuation gap is a research signal, not proof of undervaluation or overvaluation. This output is for research purposes only and does not constitute investment advice.",93.63912483444214
54636000000.0,4933000000.0,12879000000.0,,154644000000.0,,16385000000.0,517000000.0,94414000000.0,55141000000.0,5194000000.0,2026-03-31,2026-Q1,10-Q,0.09028845449886522,,0.23572369866022402,0.610524818292336,0.0318990714156385,0.3010680500457736,0.003343162360001035,-0.009158339529569681,-0.05025028879476323,24.723958843087058,25.764391538040666,CHTR,Charter Communications Inc,current_ttm,sec_company_facts_ttm,neutral_report_risk,1091667,76040549922.54811,144.97999572753906,17292850425.53157,2.0985885405204665,2026-08-01T03:08:02,2026-08-01,339.7,38.0,35.0,2026-04-24,3.8,Stable,31.2,2026-Q1,ok,31.2,True,35.0,True,35.0,Possible value trap,100.0,Top decile relative value,Possible value trap,Possible value trap,,Possible value trap,17292850425.53157,339.7,2026,2026-Q1,,Random Forest,2026-10-03T14:19:22,Latest TTM fundamentals + current market data + latest 10-Q risk,Signal uses latest available filing fundamentals plus current market data. It may not reflect filings or events after the latest available filing update.,2026-Q1,50,real_sec_filing,"risk_per1k=2.9, debt=13, legal=22, uncertainty=7, cost+cyber=1",ok,,Report risk is currently neutral because filing-text extraction has not yet been integrated for this dataset.,,current,Top decile relative value,100.0,"Research signal: Research candidate. This signal was assigned because the model-estimated fair value is 43.2% above actual market cap; fundamentals are in the middle range of the training dataset; report risk is set to neutral because SEC filing text has not been integrated into this dataset; and the log-scale model error is moderate (-0.36). The valuation gap is a research signal, not proof of undervaluation or overvaluation. This output is for research purposes only and does not constitute investment advice.",17.29285042553157
20795000000.0,2088000000.0,3194000000.0,12490000000.0,16610000000.0,16124000000.0,145000000.0,1335000000.0,7937000000.0,19947000000.0,2896000000.0,2026-03-31,2026-Q1,10-Q,0.10040875210387112,0.6006251502765088,0.15359461408992547,0.477844671884407,0.12570740517760384,14.4,0.08037326911499097,0.042512658545144744,-0.27900552486187846,23.757978410141288,23.533270760571614,CL,Colgate-Palmolive Co,current_ttm,sec_company_facts_ttm,neutral_report_risk,21665,69694100180.25465,91.3000030517578,73057286444.98398,-0.3275059250661846,2026-08-01T03:08:02,2026-08-01,-4.6,47.4,30.9,2026-05-01,-44.9,Decreasing,75.8,2026-Q1,ok,75.8,True,30.9,True,30.9,Fairly valued / neutral,66.7,Neutral relative value,Fairly valued / neutral,Fairly valued / neutral,,Fairly valued / neutral,73057286444.98398,-4.6,2026,2026-Q1,,Random Forest,2026-10-03T14:19:22,Latest TTM fundamentals + current market data + latest 10-Q risk,Signal uses latest available filing fundamentals plus current market data. It may not reflect filings or events after the latest available filing update.,2026-Q1,50,real_sec_filing,"risk_per1k=16.9, debt=8, legal=55, uncertainty=17, cost+cyber=53",ok,,Report risk is currently neutral because filing-text extraction has not yet been integrated for this dataset.,,current,Neutral relative value,66.7,"Research signal: Fairly valued / neutral. This signal was assigned because the model-estimated fair value is within 5% of actual market cap; fundamentals are in the middle range of the training dataset; report risk is set to neutral because SEC filing text has not been integrated into this dataset; and the log-scale model error is low (+0.01). The valuation gap is a research signal, not proof of undervaluation or overvaluation. This output is for research purposes only and does not constitute investment advice.",73.05728644498397
125277000000.0,18797000000.0,19149000000.0,,260002000000.0,,88274000000.0,9468000000.0,89218000000.0,123560000000.0,15710000000.0,2026-03-31,2026-Q1,10-Q,0.1500435035960312,,0.1528532771378625,0.34314351428065937,0.07229559772617133,0.21293925731245894,0.03641510449919616,0.013896082874716775,0.19649904519414396,25.553793122542032,26.283955160240044,CMCSA,Comcast Corp,current_ttm,sec_company_facts_ttm,neutral_report_risk,1166691,180038006050.63776,23.959999084472656,85025329040.20618,1.2251753580227136,2026-08-01T03:08:02,2026-08-01,111.7,36.5,28.0,2026-04-23,-1.5,Stable,29.5,2026-Q1,ok,29.5,True,28.0,True,28.0,Possible value trap,96.7,Top decile relative value,Possible value trap,Possible value trap,,Possible value trap,85025329040.20618,111.7,2026,2026-Q1,,Random Forest,2026-10-03T14:19:22,Latest TTM fundamentals + current market data + latest 10-Q risk,Signal uses latest available filing fundamentals plus current market data. It may not reflect filings or events after the latest available filing update.,2026-Q1,50,real_sec_filing,"risk_per1k=2.7, debt=4, legal=37, uncertainty=10, cost+cyber=3",ok,,Report risk is currently neutral because filing-text extraction has not yet been integrated for this dataset.,,current,Top decile relative value,96.7,"Research signal: Research candidate. This signal was assigned because the model-estimated fair value is 15.0% above actual market cap; fundamentals score in the lower third of the training dataset; report risk is set to neutral because SEC filing text has not been integrated into this dataset; and the log-scale model error is low (-0.14). The valuation gap is a research signal, not proof of undervaluation or overvaluation. This output is for research purposes only and does not constitute investment advice.",85.02532904020617
6758400000.0,4244800000.0,4431200000.0,,201993500000.0,175375300000.0,26618200000.0,2391200000.0,,6284500000.0,3581300000.0,2026-03-31,2026-Q1,10-Q,0.6280776515151515,,0.6556581439393939,,0.02101453759650682,0.15946983642770735,0.011838004688269671,0.07540774922428195,0.1852679194705833,22.634052012596108,26.031501355612065,CME,CME Group Inc,current_ttm,sec_company_facts_ttm,neutral_report_risk,1156375,67582440419.03835,267.7900085449219,96291733911.34673,0.2133101270918593,2026-08-01T03:08:02,2026-08-01,-29.8,62.2,61.8,2026-04-24,3.2,Stable,58.6,2026-Q1,ok,58.6,True,61.8,True,61.8,Potentially overvalued,40.0,Neutral relative value,Fairly valued / neutral,Fairly valued / neutral,,Fairly valued / neutral,96291733911.34673,-29.8,2026,2026-Q1,,Random Forest,2026-10-03T14:19:22,Latest TTM fundamentals + current market data + latest 10-Q risk,Signal uses latest available filing fundamentals plus current market data. It may not reflect filings or events after the latest available filing update.,2026-Q1,50,real_sec_filing,"risk_per1k=10.3, debt=28, legal=40, uncertainty=4, cost+cyber=13",ok,,Report risk is currently neutral because filing-text extraction has not yet been integrated for this dataset.,,current,Neutral relative value,40.0,"Research signal: Potentially overvalued. This signal was assigned because the model-estimated fair value is 15.3% below actual market cap; fundamentals are in the middle range of the training dataset; report risk is set to neutral because SEC filing text has not been integrated into this dataset; and the log-scale model error is low (+0.17). The valuation gap is a research signal, not proof of undervaluation or overvaluation. This output is for research purposes only and does not constitute investment advice.",96.29173391134672
8983000000.0,3223000000.0,,,682905000000.0,570644000000.0,112261000000.0,,50262000000.0,6014000000.0,4874000000.0,2026-03-31,2026-Q1,10-Q,0.35878882333296225,,,0.07360028115184396,0.004719543713986572,0.0287098814370084,,0.4936814100432325,-0.3387361510053344,22.918599739193482,27.24962159460286,COF,Capital One Financial Corp,current_ttm,sec_company_facts_ttm,neutral_report_risk,927628,73841781310.20898,209.0099945068359,128224462202.38716,-0.5377390720922237,2026-08-01T03:08:02,2026-08-01,-42.4,57.6,30.8,2026-05-07,-30.7,Decreasing,61.5,2026-Q1,ok,61.5,True,30.8,True,30.8,Potentially overvalued,29.6,Below-average relative value,Potentially overvalued,Potentially overvalued,,Potentially overvalued,128224462202.38716,-42.4,2026,2026-Q1,,Random Forest,2026-10-03T14:19:22,Latest TTM fundamentals + current market data + latest 10-Q risk,Signal uses latest available filing fundamentals plus current market data. It may not reflect filings or events after the latest available filing update.,2026-Q1,50,real_sec_filing,"risk_per1k=8.8, debt=49, legal=67, uncertainty=2, cost+cyber=15",ok,,Report risk is currently neutral because filing-text extraction has not yet been integrated for this dataset.,,current,Below-average relative value,29.6,"Research signal: Potentially overvalued. This signal was assigned because the model-estimated fair value is 19.0% below actual market cap; fundamentals are in the middle range of the training dataset; report risk is set to neutral because SEC filing text has not been integrated into this dataset; and the log-scale model error is low (+0.21). The valuation gap is a research signal, not proof of undervaluation or overvaluation. This output is for research purposes only and does not constitute investment advice.",128.22446220238717
293587000000.0,8838000000.0,11225000000.0,16465000000.0,86430000000.0,52921000000.0,33509000000.0,18946000000.0,5670000000.0,268776000000.0,7843000000.0,2026-05-10,2026-Q2,10-Q,0.030103512757717475,0.056082183475426366,0.03823398174987312,0.06560222145088511,0.10225616105518917,0.263750037303411,0.21920629411084114,0.09231106944072387,0.1268647201326023,26.40543985477732,25.182600674710958,COST,Costco Wholesale Corp,current_ttm,sec_company_facts_ttm,neutral_report_risk,909832,346945679682.62573,951.8900146484376,422143045235.83154,-0.2389478083103176,2026-08-01T03:08:02,2026-08-01,-17.8,54.2,45.3,2026-06-03,-25.9,Decreasing,71.2,2026-Q2,ok,71.2,True,45.3,True,45.3,Potentially overvalued,54.2,Neutral relative value,Fairly valued / neutral,Fairly valued / neutral,,Fairly valued / neutral,422143045235.83154,-17.8,2026,2026-Q2,,Random Forest,2026-10-03T14:19:22,Latest TTM fundamentals + current market data + latest 10-Q risk,Signal uses latest available filing fundamentals plus current market data. It may not reflect filings or events after the latest available filing update.,2026-Q2,50,real_sec_filing,"risk_per1k=14.9, debt=6, legal=48, uncertainty=18, cost+cyber=55",ok,,Report risk is currently neutral because filing-text extraction has not yet been integrated for this dataset.,,current,Neutral relative value,54.2,"Research signal: Potentially overvalued. This signal was assigned because the model-estimated fair value is 44.4% below actual market cap; fundamentals are in the middle range of the training dataset; report risk is set to neutral because SEC filing text has not been integrated into this dataset; and the log-scale model error is moderate (+0.59). The valuation gap is a research signal, not proof of undervaluation or overvaluation. This output is for research purposes only and does not constitute investment advice.",422.14304523583155
42829000000.0,8023000000.0,8736000000.0,33254000000.0,106680000000.0,72445000000.0,34235000000.0,8935000000.0,39280000000.0,38591000000.0,6205000000.0,2026-04-30,2026-Q2,10-Q,0.1873263442994233,0.7764365266525018,0.20397394288916387,0.3682039745031871,0.07520622422197225,0.234350810573974,0.0837551556055493,0.10981835142908958,0.29298952457695404,24.480481280180644,25.393099536260223,CRM,Salesforce COM Inc,current_ttm,sec_company_facts_ttm,neutral_report_risk,1108524,153641475969.6922,184.02000427246097,150712383499.1455,1.8316625729723632,2026-08-01T03:08:02,2026-08-01,1.9,52.8,33.7,2026-05-28,-30.3,Decreasing,64.0,2026-Q2,ok,64.0,True,33.7,True,33.7,Fairly valued / neutral,71.7,Above-average relative value,Research candidate,Research candidate,,Research candidate,150712383499.1455,1.9,2026,2026-Q2,,Random Forest,2026-10-03T14:19:22,Latest TTM fundamentals + current market data + latest 10-Q risk,Signal uses latest available filing fundamentals plus current market data. It may not reflect filings or events after the latest available filing update.,2026-Q2,50,real_sec_filing,"risk_per1k=12.2, debt=15, legal=23, uncertainty=14, cost+cyber=31",ok,,Report risk is currently neutral because filing-text extraction has not yet been integrated for this dataset.,,current,Above-average relative value,71.7,"Research signal: Potentially overvalued. This signal was assigned because the model-estimated fair value is 31.4% below actual market cap; fundamentals are in the middle range of the training dataset; report risk is set to neutral because SEC filing text has not been integrated into this dataset; and the log-scale model error is moderate (+0.38). The valuation gap is a research signal, not proof of undervaluation or overvaluation. This output is for research purposes only and does not constitute investment advice.",150.71238349914552
60746000000.0,11958000000.0,14191000000.0,39077000000.0,125546000000.0,76685000000.0,48861000000.0,7083000000.0,22869000000.0,55623000000.0,9792000000.0,2026-04-25,2026-Q2,10-Q,0.19685246765219108,0.6432851545780792,0.23361208968491753,0.1821563411020662,0.09524795692415529,0.2447350647755879,0.056417568062702116,0.09210218794383618,0.22120098039215685,24.829967073377883,25.555938062225664,CSCO,Cisco Systems Inc,current_ttm,sec_company_facts_ttm,neutral_report_risk,858877,203074415466.86124,115.98999786376952,457166998373.5372,2.1398382858558707,2026-08-01T03:08:02,2026-08-01,-55.6,61.0,45.8,2026-05-19,9.0,Stable,36.8,2026-Q2,ok,36.8,True,45.8,True,45.8,Potentially overvalued,17.5,Low relative value,Potentially overvalued,Potentially overvalued,,Potentially overvalued,457166998373.5372,-55.6,2026,2026-Q2,,Random Forest,2026-10-03T14:19:22,Latest TTM fundamentals + current market data + latest 10-Q risk,Signal uses latest available filing fundamentals plus current market data. It may not reflect filings or events after the latest available filing update.,2026-Q2,50,real_sec_filing,"risk_per1k=9.4, debt=4, legal=11, uncertainty=10, cost+cyber=24",ok,,Report risk is currently neutral because filing-text extraction has not yet been integrated for this dataset.,,current,Low relative value,17.5,"Research signal: Fairly valued / neutral. This signal was assigned because the model-estimated fair value is 5.9% below actual market cap; fundamentals score in the upper third of the training dataset; report risk is set to neutral because SEC filing text has not been integrated into this dataset; and the log-scale model error is low (+0.06). The valuation gap is a research signal, not proof of undervaluation or overvaluation. This output is for research purposes only and does not constitute investment advice.",457.1669983735372
21406000000.0,2229000000.0,3379000000.0,,20500000000.0,5432000000.0,15068000000.0,1504000000.0,535000000.0,20091000000.0,2357000000.0,2026-03-31,2026-Q1,10-Q,0.10412968326637391,,0.157852938428478,0.026097560975609755,0.10873170731707317,0.14792938677993098,0.07336585365853658,0.06545219252401568,-0.054306321595248175,23.786937093508595,23.743690723090772,CTSH,Cognizant Technology Solutions,current_ttm,sec_company_facts_ttm,neutral_report_risk,1058290,52206608614.28693,55.349998474121094,24932086280.826683,2.690161237835964,2026-08-01T03:08:02,2026-08-01,109.4,53.5,48.9,2026-04-29,-12.5,Decreasing,61.4,2026-Q1,ok,61.4,True,48.9,True,48.9,Research candidate,95.8,Top decile relative value,Research candidate,Research candidate,,Research candidate,24932086280.826683,109.4,2026,2026-Q1,,Random Forest,2026-10-03T14:19:22,Latest TTM fundamentals + current market data + latest 10-Q risk,Signal uses latest available filing fundamentals plus current market data. It may not reflect filings or events after the latest available filing update.,2026-Q1,50,real_sec_filing,"risk_per1k=12.5, debt=13, legal=14, uncertainty=19, cost+cyber=31",ok,,Report risk is currently neutral because filing-text extraction has not yet been integrated for this dataset.,,current,Top decile relative value,95.8,"Research signal: Research candidate. This signal was assigned because the model-estimated fair value is 37.7% above actual market cap; fundamentals are in the middle range of the training dataset; report risk is set to neutral because SEC filing text has not been integrated into this dataset; and the log-scale model error is moderate (-0.32). The valuation gap is a research signal, not proof of undervaluation or overvaluation. This output is for research purposes only and does not constitute investment advice.",24.932086280826685
47393000000.0,4783000000.0,12958000000.0,7595000000.0,107001000000.0,79541000000.0,27406000000.0,7905000000.0,32447000000.0,45567000000.0,5652000000.0,2026-05-03,2026-Q2,10-Q,0.10092207709999367,0.16025573396915158,0.27341590530247084,0.30324015663405013,0.04470051681759984,0.17452382689921914,0.07387781422603527,0.04007285974499086,-0.15375088464260434,24.58174037541688,25.39610401715904,DE,Deere & Company,current_ttm,sec_company_facts_ttm,neutral_report_risk,315189,135996334178.43344,592.6699829101562,159983809061.56158,-1.1343333486734906,2026-08-01T03:08:02,2026-08-01,-15.0,46.1,,2026-05-28,,Unavailable,72.3,2026-Q2,too_short,72.3,True,72.3,False,72.3,Potentially overvalued,55.4,Neutral relative value,Fairly valued / neutral,Fairly valued / neutral,,Fairly valued / neutral,159983809061.56158,-15.0,2026,2026-Q2,,Random Forest,2026-10-03T14:19:22,Latest TTM fundamentals + current market data + latest 10-Q risk,Signal uses latest available filing fundamentals plus current market data. It may not reflect filings or events after the latest available filing update.,2026-Q2,50,real_sec_filing,"risk_per1k=12.0, debt=20, legal=36, uncertainty=20, cost+cyber=28",ok,,Report risk is currently neutral because filing-text extraction has not yet been integrated for this dataset.,,current,Neutral relative value,55.4,"Research signal: Fairly valued / neutral. This signal was assigned because the model-estimated fair value is 9.9% above actual market cap; fundamentals are in the middle range of the training dataset; report risk is set to neutral because SEC filing text has not been integrated into this dataset; and the log-scale model error is low (-0.09). The valuation gap is a research signal, not proof of undervaluation or overvaluation. This output is for research purposes only and does not constitute investment advice.",159.98380906156157
7648000000.0,680000000.0,993000000.0,5718000000.0,13280000000.0,7128000000.0,6152000000.0,2784000000.0,,,1049000000.0,2025-12-31,2025-Q4,10-Q,0.08891213389121339,0.7476464435146444,0.12983786610878661,,0.05120481927710843,0.11053315994798439,0.20963855421686747,,-0.3517635843660629,22.75771001269551,23.3095249809947,EA,Electronic Arts Inc,current_ttm,sec_company_facts_ttm,neutral_report_risk,712515,39510781461.84932,209.86000061035156,52965272816.44287,0.1288249807617964,2026-08-01T03:08:02,2026-08-01,-25.4,41.7,36.0,2026-02-03,-31.7,Decreasing,67.7,2025-Q4,ok,67.7,True,36.0,True,36.0,Potentially overvalued,49.2,Neutral relative value,Fairly valued / neutral,Fairly valued / neutral,,Fairly valued / neutral,52965272816.44287,-25.4,2026,2025-Q4,,Random Forest,2026-10-03T14:19:22,Latest TTM fundamentals + current market data + latest 10-Q risk,Signal uses latest available filing fundamentals plus current market data. It may not reflect filings or events after the latest available filing update.,2025-Q4,50,real_sec_filing,"risk_per1k=11.5, debt=29, legal=36, uncertainty=11, cost+cyber=25",ok,,Report risk is currently neutral because filing-text extraction has not yet been integrated for this dataset.,,current,Neutral relative value,49.2,"Research signal: Research candidate. This signal was assigned because the model-estimated fair value is 77.3% above actual market cap; fundamentals are in the middle range of the training dataset; report risk is set to neutral because SEC filing text has not been integrated into this dataset; and the log-scale model error is moderate (-0.57). The valuation gap is a research signal, not proof of undervaluation or overvaluation. This output is for research purposes only and does not constitute investment advice.",52.96527281644287
11604000000.0,2044000000.0,2277000000.0,8330000000.0,17893000000.0,13481000000.0,4412000000.0,2894000000.0,5994000000.0,10312000000.0,2036000000.0,2026-03-31,2026-Q1,10-Q,0.1761461564977594,0.7178559117545674,0.19622543950361945,0.3349913373945118,0.11423461688928631,0.46328195829555757,0.1617392276309171,0.12529092319627622,0.003929273084479323,23.174615703205568,23.607675411856135,EBAY,eBay Inc,current_ttm,sec_company_facts_ttm,neutral_report_risk,1065088,67794164513.11391,114.01000213623048,50620440948.48633,0.4316468531132494,2026-08-01T03:08:02,2026-08-01,33.9,60.1,59.9,2026-04-29,-12.8,Decreasing,72.7,2026-Q1,ok,72.7,True,59.9,True,59.9,Research candidate,87.5,Above-average relative value,Research candidate,Research candidate,,Research candidate,50620440948.48633,33.9,2026,2026-Q1,,Random Forest,2026-10-03T14:19:22,Latest TTM fundamentals + current market data + latest 10-Q risk,Signal uses latest available filing fundamentals plus current market data. It may not reflect filings or events after the latest available filing update.,2026-Q1,50,real_sec_filing,"risk_per1k=12.7, debt=23, legal=53, uncertainty=8, cost+cyber=33",ok,,Report risk is currently neutral because filing-text extraction has not yet been integrated for this dataset.,,current,Above-average relative value,87.5,"Research signal: Possible value trap. This signal was assigned because the model-estimated fair value is 45.1% above actual market cap; fundamentals score in the lower third of the training dataset; report risk is set to neutral because SEC filing text has not been integrated into this dataset; and the log-scale model error is moderate (-0.37). The valuation gap is a research signal, not proof of undervaluation or overvaluation. This output is for research purposes only and does not constitute investment advice.",50.620440948486326
7109500000.0,1954542685.0,2210900000.0,5709200000.0,9883500000.0,8893800000.0,989700000.0,2223800000.0,496800000.0,6142200000.0,1879318820.0,2026-03-31,2026-Q1,10-Q,0.2749198516070047,0.8030381883395457,0.3109782685139602,0.05026559417210502,0.1977581509586685,1.9748839900980095,0.22500126473415288,0.15748428901696454,0.04002719719477943,22.684697754800702,23.01413253698626,FTNT,Fortinet Inc,current_ttm,sec_company_facts_ttm,neutral_report_risk,1262039,71488038695.97563,161.9499969482422,118824923864.23364,4.991894293836102,2026-08-01T03:08:02,2026-08-01,-39.8,86.2,62.5,2026-05-08,-8.8,Stable,71.3,2026-Q1,ok,71.3,True,62.5,True,62.5,Potentially overvalued,32.5,Below-average relative value,Potentially overvalued,Potentially overvalued,,Potentially overvalued,118824923864.23364,-39.8,2026,2026-Q1,,Random Forest,2026-10-03T14:19:22,Latest TTM fundamentals + current market data + latest 10-Q risk,Signal uses latest available filing fundamentals plus current market data. It may not reflect filings or events after the latest available filing update.,2026-Q1,50,real_sec_filing,"risk_per1k=16.1, debt=14, legal=26, uncertainty=13, cost+cyber=73",ok,,Report risk is currently neutral because filing-text extraction has not yet been integrated for this dataset.,,current,Below-average relative value,32.5,"Research signal: Potentially overvalued. This signal was assigned because the model-estimated fair value is 19.9% below actual market cap; fundamentals are in the middle range of the training dataset; report risk is set to neutral because SEC filing text has not been integrated into this dataset; and the log-scale model error is low (+0.22). The valuation gap is a research signal, not proof of undervaluation or overvaluation. This output is for research purposes only and does not constitute investment advice.",118.82492386423364
7463909000.0,1736196000.0,1974917000.0,4414047000.0,10952438000.0,,9271024000.0,2289916000.0,,6450353000.0,1468244000.0,2026-03-28,2026-Q1,10-Q,0.23261216073239907,0.5913854255189874,0.2645955356636851,,0.15852141778844125,0.18727122268262925,0.2090781979318212,0.15713186549635338,0.182498276853166,22.733345108562897,23.11682791682827,GRMN,Garmin LTD,current_ttm,sec_company_facts_ttm,neutral_report_risk,1121788,61088240695.9864,293.7799987792969,56656217790.66431,-1.2670103069521823,2026-08-01T03:08:02,2026-08-01,7.8,61.8,44.8,2026-04-29,-15.5,Decreasing,60.3,2026-Q1,ok,60.3,True,44.8,True,44.8,Fairly valued / neutral,75.8,Above-average relative value,Research candidate,Research candidate,,Research candidate,56656217790.66431,7.8,2026,2026-Q1,,Random Forest,2026-10-03T14:19:22,Latest TTM fundamentals + current market data + latest 10-Q risk,Signal uses latest available filing fundamentals plus current market data. It may not reflect filings or events after the latest available filing update.,2026-Q1,50,real_sec_filing,"risk_per1k=11.7, debt=5, legal=29, uncertainty=30, cost+cyber=28",ok,,Report risk is currently neutral because filing-text extraction has not yet been integrated for this dataset.,,current,Above-average relative value,75.8,"Research signal: Fairly valued / neutral. This signal was assigned because the model-estimated fair value is 7.6% above actual market cap; fundamentals score in the lower third of the training dataset; report risk is set to neutral because SEC filing text has not been integrated into this dataset; and the log-scale model error is low (-0.07). The valuation gap is a research signal, not proof of undervaluation or overvaluation. This output is for research purposes only and does not constitute investment advice.",56.65621779066431
76388000000.0,6794000000.0,,,61450000000.0,45623000000.0,-6303000000.0,940000000.0,44373000000.0,71585000000.0,5779000000.0,2026-03-31,2026-Q1,10-Q,0.08894067130962978,,,0.7220992676973149,0.11056143205858421,-1.0778994129779471,0.015296989422294549,0.06709506181462599,0.17563592317009857,25.059091452719578,24.841489672958456,HCA,HCA Healthcare Inc,current_ttm,sec_company_facts_ttm,neutral_report_risk,860730,116494699549.64122,402.5899963378906,87161338092.14783,1.7180797003866144,2026-08-01T03:08:02,2026-08-01,33.7,24.8,62.5,2026-04-29,23.9,Increasing,38.6,2026-Q1,ok,38.6,True,62.5,True,62.5,Possible value trap,86.7,Above-average relative value,Possible value trap,Possible value trap,,Possible value trap,87161338092.14783,33.7,2026,2026-Q1,,Random Forest,2026-10-03T14:19:22,Latest TTM fundamentals + current market data + latest 10-Q risk,Signal uses latest available filing fundamentals plus current market data. It may not reflect filings or events after the latest available filing update.,2026-Q1,50,real_sec_filing,"risk_per1k=6.1, debt=17, legal=20, uncertainty=5, cost+cyber=11",ok,,Report risk is currently neutral because filing-text extraction has not yet been integrated for this dataset.,,current,Above-average relative value,86.7,"Research signal: Fairly valued / neutral. This signal was assigned because the model-estimated fair value is within 5% of actual market cap; fundamentals score in the lower third of the training dataset; report risk is set to neutral because SEC filing text has not been integrated into this dataset; and the log-scale model error is low (+0.00). The valuation gap is a research signal, not proof of undervaluation or overvaluation. This output is for research purposes only and does not constitute investment advice.",87.16133809214783
166592000000.0,14016000000.0,20738000000.0,55187000000.0,107904000000.0,94030000000.0,13874000000.0,1601000000.0,44828000000.0,162952000000.0,14643000000.0,2026-05-03,2026-Q2,10-Q,0.08413369189396849,0.3312704091432962,0.12448376872839031,0.41544335705812574,0.1298932384341637,1.010234971889866,0.01483726275207592,0.02233786636555557,-0.04281909444785903,25.838813546318512,25.404507779885748,HD,Home Depot Inc,current_ttm,sec_company_facts_ttm,neutral_report_risk,354950,235830795490.43024,331.9599914550781,331002845236.43585,-0.4169835377191674,2026-08-01T03:08:02,2026-08-01,-28.8,43.7,57.3,2026-05-27,18.9,Increasing,38.4,2026-Q2,ok,38.4,True,57.3,True,57.3,Potentially overvalued,41.7,Neutral relative value,Fairly valued / neutral,Fairly valued / neutral,,Fairly valued / neutral,331002845236.43585,-28.8,2026,2026-Q2,,Random Forest,2026-10-03T14:19:22,Latest TTM fundamentals + current market data + latest 10-Q risk,Signal uses latest available filing fundamentals plus current market data. It may not reflect filings or events after the latest available filing update.,2026-Q2,50,real_sec_filing,"risk_per1k=6.5, debt=9, legal=18, uncertainty=5, cost+cyber=36",ok,,Report risk is currently neutral because filing-text extraction has not yet been integrated for this dataset.,,current,Neutral relative value,41.7,"Research signal: Potentially overvalued. This signal was assigned because the model-estimated fair value is 16.7% below actual market cap; fundamentals are in the middle range of the training dataset; report risk is set to neutral because SEC filing text has not been integrated into this dataset; and the log-scale model error is low (+0.18). The valuation gap is a research signal, not proof of undervaluation or overvaluation. This output is for research purposes only and does not constitute investment advice.",331.00284523643586
37660000000.0,4101000000.0,8254000000.0,13829000000.0,73988000000.0,,13590000000.0,11977000000.0,32109000000.0,35485000000.0,5692000000.0,2026-03-31,2026-Q1,10-Q,0.10889537971322358,0.367206585236325,0.2191715347849177,0.4339757798561929,0.055427907228199166,0.30176600441501106,0.16187760177326052,0.06129350429759062,-0.2795151089248068,24.35186436017542,25.027168754838712,HON,Honeywell International Inc,current_ttm,sec_company_facts_ttm,neutral_report_risk,773840,144913846278.46173,243.0500030517578,77032270397.72415,0.471249378856091,2026-08-01T03:08:02,2026-08-01,88.1,47.1,44.5,2026-04-23,-19.2,Decreasing,63.7,2026-Q1,ok,63.7,True,44.5,True,44.5,Research candidate,95.0,Top decile relative value,Research candidate,Research candidate,,Research candidate,77032270397.72415,88.1,2026,2026-Q1,,Random Forest,2026-10-03T14:19:22,Latest TTM fundamentals + current market data + latest 10-Q risk,Signal uses latest available filing fundamentals plus current market data. It may not reflect filings or events after the latest available filing update.,2026-Q1,50,real_sec_filing,"risk_per1k=11.9, debt=9, legal=29, uncertainty=17, cost+cyber=37",ok,,Report risk is currently neutral because filing-text extraction has not yet been integrated for this dataset.,,current,Top decile relative value,95.0,"Research signal: Fairly valued / neutral. This signal was assigned because the model-estimated fair value is 7.6% below actual market cap; fundamentals are in the middle range of the training dataset; report risk is set to neutral because SEC filing text has not been integrated into this dataset; and the log-scale model error is low (+0.08). The valuation gap is a research signal, not proof of undervaluation or overvaluation. This output is for research purposes only and does not constitute investment advice.",77.03227039772415
57417000000.0,2553000000.0,3046000000.0,11664000000.0,42936000000.0,,-144000000.0,3703000000.0,8856000000.0,54298000000.0,2517000000.0,2026-04-30,2026-Q2,10-Q,0.044464183081665706,0.20314540989602384,0.05305049027291569,0.2062604807154835,0.059460592509782,-17.729166666666668,0.08624464318986398,0.057442263066779686,0.014302741358760418,24.773606263670455,24.48297647182094,HPQ,HP Inc,current_ttm,sec_company_facts_ttm,"extreme_valuation_gap, high_model_error, neutral_report_risk, needs_review",47217,75804324114.10081,27.270000457763672,24939034174.935265,1.5264327553816202,2026-08-01T03:08:02,2026-08-01,204.0,22.8,64.9,2026-05-28,17.7,Increasing,47.2,2026-Q2,ok,47.6,True,64.9,True,64.9,Possible value trap,99.2,Needs review,Needs review,Needs review,,Possible value trap,24939034174.935265,204.0,2026,2026-Q2,,Random Forest,2026-10-03T14:19:22,Latest TTM fundamentals + current market data + latest 10-Q risk,Signal uses latest available filing fundamentals plus current market data. It may not reflect filings or events after the latest available filing update.,2026-Q2,50,real_sec_filing,"risk_per1k=12.4, debt=8, legal=14, uncertainty=8, cost+cyber=9",ok,,Valuation gap of +741.2% exceeds 100% — the model estimate is likely unreliable for this observation. | Model error of -2.130 (log scale) is large — the model fit was poor for this observation. | Report risk is currently neutral because filing-text extraction has not yet been integrated for this dataset.,,current,Needs review,99.2,"Research signal: Possible value trap. This signal was assigned because the model-estimated fair value is 741.2% above actual market cap; fundamentals score in the lower third of the training dataset; report risk is set to neutral because SEC filing text has not been integrated into this dataset; and the log-scale model error is high (-2.13) — treat this estimate with additional caution. The valuation gap is a research signal, not proof of undervaluation or overvaluation. This output is for research purposes only and does not constitute investment advice.",24.939034174935266
13077000000.0,3931000000.0,5373000000.0,,179177000000.0,149615000000.0,29478000000.0,863000000.0,18619000000.0,12189000000.0,2784000000.0,2026-03-31,2026-Q1,10-Q,0.3006041140934465,,0.41087405368203717,0.10391400682007178,0.02193919978568678,0.13335368749575954,0.004816466399147212,0.07285257199113948,0.41199712643678166,23.294120798870775,25.91163998103562,ICE,Intercontinental Exchange Inc,current_ttm,sec_company_facts_ttm,neutral_report_risk,1571949,75825502551.15225,152.47999572753906,85601428979.22398,-2.425294964677862,2026-08-01T03:08:02,2026-08-01,-11.4,63.6,60.7,2026-04-30,-11.3,Decreasing,72.0,2026-Q1,ok,72.0,True,60.7,True,60.7,Potentially overvalued,58.3,Neutral relative value,Fairly valued / neutral,Fairly valued / neutral,,Fairly valued / neutral,85601428979.22398,-11.4,2026,2026-Q1,,Random Forest,2026-10-03T14:19:22,Latest TTM fundamentals + current market data + latest 10-Q risk,Signal uses latest available filing fundamentals plus current market data. It may not reflect filings or events after the latest available filing update.,2026-Q1,50,real_sec_filing,"risk_per1k=12.4, debt=36, legal=55, uncertainty=4, cost+cyber=25",ok,,Report risk is currently neutral because filing-text extraction has not yet been integrated for this dataset.,,current,Neutral relative value,58.3,"Research signal: Potentially overvalued. This signal was assigned because the model-estimated fair value is 24.1% below actual market cap; fundamentals are in the middle range of the training dataset; report risk is set to neutral because SEC filing text has not been integrated into this dataset; and the log-scale model error is low (+0.28). The valuation gap is a research signal, not proof of undervaluation or overvaluation. This output is for research purposes only and does not constitute investment advice.",85.60142897922398
53763000000.0,-3174000000.0,-5049000000.0,19050000000.0,205332000000.0,,111394000000.0,17247000000.0,43027000000.0,53044000000.0,-19196000000.0,2026-03-28,2026-Q1,10-Q,-0.05903688410244964,0.3543329055298253,-0.09391217007979466,0.20954843862622485,-0.015457892583718076,-0.02849345566188484,0.08399567529659284,0.013554784707035639,-0.8346530527193166,24.70785133517577,26.047894018284246,INTC,Intel Corp,current_ttm,sec_company_facts_ttm,neutral_report_risk,50863,155220228819.26935,90.1999969482422,454968784606.9336,-1.0205205017065884,2026-08-01T03:08:02,2026-08-01,-65.9,16.2,48.4,2026-04-24,24.1,Increasing,24.3,2026-Q1,ok,24.3,True,48.4,True,48.4,Potentially overvalued,11.2,Low relative value,Potentially overvalued,Potentially overvalued,,Potentially overvalued,454968784606.9336,-65.9,2026,2026-Q1,,Random Forest,2026-10-03T14:19:22,Latest TTM fundamentals + current market data + latest 10-Q risk,Signal uses latest available filing fundamentals plus current market data. It may not reflect filings or events after the latest available filing update.,2026-Q1,50,real_sec_filing,"risk_per1k=5.3, debt=4, legal=5, uncertainty=5, cost+cyber=32",ok,,Report risk is currently neutral because filing-text extraction has not yet been integrated for this dataset.,,current,Low relative value,11.2,"Research signal: Possible value trap. This signal was assigned because the model-estimated fair value is 17.3% above actual market cap; fundamentals score in the lower third of the training dataset; report risk is set to neutral because SEC filing text has not been integrated into this dataset; and the log-scale model error is low (-0.16). The valuation gap is a research signal, not proof of undervaluation or overvaluation. This output is for research purposes only and does not constitute investment advice.",454.9687846069336
20925000000.0,4584000000.0,5748000000.0,,39330000000.0,18701000000.0,20629000000.0,4681000000.0,6162000000.0,18184000000.0,3468000000.0,2026-04-30,2026-Q2,10-Q,0.21906810035842295,,0.2746953405017921,0.1566742944317315,0.11655225019069412,0.22221144990062533,0.1190185608949911,0.15073691157061142,0.32179930795847755,23.76421045332195,24.39525342339013,INTU,Intuit Inc,current_ttm,sec_company_facts_ttm,neutral_report_risk,896878,89669755006.82584,316.07000732421875,86456841593.44482,0.1806679316065768,2026-08-01T03:08:02,2026-08-01,3.7,67.9,38.5,2026-05-20,2.4,Stable,36.1,2026-Q2,ok,36.1,True,38.5,True,38.5,Fairly valued / neutral,73.3,Above-average relative value,Research candidate,Research candidate,,Research candidate,86456841593.44482,3.7,2026,2026-Q2,,Random Forest,2026-10-03T14:19:22,Latest TTM fundamentals + current market data + latest 10-Q risk,Signal uses latest available filing fundamentals plus current market data. It may not reflect filings or events after the latest available filing update.,2026-Q2,50,real_sec_filing,"risk_per1k=6.6, debt=12, legal=18, uncertainty=9, cost+cyber=3",ok,,Report risk is currently neutral because filing-text extraction has not yet been integrated for this dataset.,,current,Above-average relative value,73.3,"Research signal: Potentially overvalued. This signal was assigned because the model-estimated fair value is 57.0% below actual market cap; fundamentals score in the upper third of the training dataset; report risk is set to neutral because SEC filing text has not been integrated into this dataset; and the log-scale model error is high (+0.84) — treat this estimate with additional caution. The valuation gap is a research signal, not proof of undervaluation or overvaluation. This output is for research purposes only and does not constitute investment advice.",86.45684159344482
10582100000.0,2979100000.0,3222700000.0,7015100000.0,20111000000.0,2513800000.0,17474500000.0,2006500000.0,,8714900000.0,2476100000.0,2026-03-31,2026-Q1,10-Q,0.2815225711342739,0.6629213483146067,0.3045425766152276,,0.1481328626125006,0.17048270336776444,0.09977126945452737,0.21425374932586716,0.20314203788215335,23.08242973139315,23.724532765998877,ISRG,Intuitive Surgical Inc,current_ttm,sec_company_facts_ttm,neutral_report_risk,1035267,82297022277.5213,353.3299865722656,126590374355.67767,0.1019875202758124,2026-08-01T03:08:02,2026-08-01,-35.0,65.3,58.1,2026-04-22,16.4,Increasing,41.7,2026-Q1,ok,41.7,True,58.1,True,58.1,Potentially overvalued,36.7,Below-average relative value,Potentially overvalued,Potentially overvalued,,Potentially overvalued,126590374355.67767,-35.0,2026,2026-Q1,,Random Forest,2026-10-03T14:19:22,Latest TTM fundamentals + current market data + latest 10-Q risk,Signal uses latest available filing fundamentals plus current market data. It may not reflect filings or events after the latest available filing update.,2026-Q1,50,real_sec_filing,"risk_per1k=8.6, debt=3, legal=49, uncertainty=8, cost+cyber=9",ok,,Report risk is currently neutral because filing-text extraction has not yet been integrated for this dataset.,,current,Below-average relative value,36.7,"Research signal: Potentially overvalued. This signal was assigned because the model-estimated fair value is 51.5% below actual market cap; fundamentals are in the middle range of the training dataset; report risk is set to neutral because SEC filing text has not been integrated into this dataset; and the log-scale model error is high (+0.72) — treat this estimate with additional caution. The valuation gap is a research signal, not proof of undervaluation or overvaluation. This output is for research purposes only and does not constitute investment advice.",126.59037435567767
96362000000.0,21040000000.0,21766000000.0,65357000000.0,200894000000.0,119708000000.0,81186000000.0,21688000000.0,37527000000.0,89331000000.0,21810000000.0,2026-03-29,2026-Q1,10-Q,0.21834333035844006,0.6782445362279736,0.2258774205599718,0.18680000398219956,0.10473184863659442,0.25915798290345626,0.10795743028661882,0.0787072796677526,-0.03530490600641911,25.291377769977895,26.026043242716536,JNJ,Johnson & Johnson,current_ttm,sec_company_facts_ttm,neutral_report_risk,200406,447361230824.3203,256.3500061035156,617777520049.8037,0.2071764381685636,2026-08-01T03:08:02,2026-08-01,-27.6,58.6,53.6,2026-04-22,-35.1,Decreasing,88.7,2026-Q1,ok,88.7,True,53.6,True,53.6,Potentially overvalued,43.8,Neutral relative value,Fairly valued / neutral,Fairly valued / neutral,,Fairly valued / neutral,617777520049.8037,-27.6,2026,2026-Q1,,Random Forest,2026-10-03T14:19:22,Latest TTM fundamentals + current market data + latest 10-Q risk,Signal uses latest available filing fundamentals plus current market data. It may not reflect filings or events after the latest available filing update.,2026-Q1,50,real_sec_filing,"risk_per1k=22.0, debt=9, legal=62, uncertainty=12, cost+cyber=38",ok,,Report risk is currently neutral because filing-text extraction has not yet been integrated for this dataset.,,current,Neutral relative value,43.8,"Research signal: Fairly valued / neutral. This signal was assigned because the model-estimated fair value is within 5% of actual market cap; fundamentals are in the middle range of the training dataset; report risk is set to neutral because SEC filing text has not been integrated into this dataset; and the log-scale model error is low (+0.05). The valuation gap is a research signal, not proof of undervaluation or overvaluation. This output is for research purposes only and does not constitute investment advice.",617.7775200498037
186973000000.0,58851000000.0,,,4900475000000.0,4536437000000.0,364038000000.0,278793000000.0,269929000000.0,180932000000.0,59724000000.0,2026-03-31,2026-Q1,10-Q,0.31475667609761837,,,0.05508221141828088,0.012009244001856963,0.16166169465824995,0.05689101566684862,0.03338823425375281,-0.014617239300783624,25.95423005834974,29.22035325512238,JPM,JPMorgan Chase & Co,current_ttm,sec_company_facts_ttm,neutral_report_risk,19617,445031537514.83057,351.7900085449219,935128200714.1112,0.2679214550530489,2026-08-01T03:08:02,2026-08-01,-52.4,51.5,45.4,2026-05-01,-29.4,Decreasing,74.8,2026-Q1,ok,74.8,True,45.4,True,45.4,Potentially overvalued,21.7,Below-average relative value,Potentially overvalued,Potentially overvalued,,Potentially overvalued,935128200714.1112,-52.4,2026,2026-Q1,,Random Forest,2026-10-03T14:19:22,Latest TTM fundamentals + current market data + latest 10-Q risk,Signal uses latest available filing fundamentals plus current market data. It may not reflect filings or events after the latest available filing update.,2026-Q1,50,real_sec_filing,"risk_per1k=12.8, debt=31, legal=124, uncertainty=8, cost+cyber=9",ok,,Report risk is currently neutral because filing-text extraction has not yet been integrated for this dataset.,,current,Below-average relative value,21.7,"Research signal: Potentially overvalued. This signal was assigned because the model-estimated fair value is 26.6% below actual market cap; fundamentals are in the middle range of the training dataset; report risk is set to neutral because SEC filing text has not been integrated into this dataset; and the log-scale model error is moderate (+0.31). The valuation gap is a research signal, not proof of undervaluation or overvaluation. This output is for research purposes only and does not constitute investment advice.",935.1282007141112
13096661000.0,4670561000.0,631867000.0,4146569000.0,16873515000.0,11043020000.0,5830495000.0,1787010000.0,5887063000.0,11550156000.0,3695240000.0,2026-03-31,2026-Q1,10-Q,0.3566222718905223,0.3166126847140657,0.04824641944996515,0.3488936952377735,0.27679834343940785,0.8010573716296815,0.10590620863524879,0.13389472834825789,0.26393982528874993,23.295623149168506,23.549011069832776,KLAC,KLA Corp,current_ttm,sec_company_facts_ttm,neutral_report_risk,319201,50966885550.10327,182.82000732421875,238813243459.6454,1.3808048954032992,2026-08-01T03:08:02,2026-08-01,-78.7,53.4,48.4,2026-04-30,-19.1,Decreasing,67.5,2026-Q1,ok,67.5,True,48.4,True,48.4,Potentially overvalued,2.5,Low relative value,Potentially overvalued,Potentially overvalued,,Potentially overvalued,238813243459.6454,-78.7,2026,2026-Q1,,Random Forest,2026-10-03T14:19:22,Latest TTM fundamentals + current market data + latest 10-Q risk,Signal uses latest available filing fundamentals plus current market data. It may not reflect filings or events after the latest available filing update.,2026-Q1,50,real_sec_filing,"risk_per1k=11.9, debt=18, legal=26, uncertainty=23, cost+cyber=22",ok,,Report risk is currently neutral because filing-text extraction has not yet been integrated for this dataset.,,current,Low relative value,2.5,"Research signal: Fairly valued / neutral. This signal was assigned because the model-estimated fair value is 9.9% below actual market cap; fundamentals score in the upper third of the training dataset; report risk is set to neutral because SEC filing text has not been integrated into this dataset; and the log-scale model error is low (+0.10). The valuation gap is a research signal, not proof of undervaluation or overvaluation. This output is for research purposes only and does not constitute investment advice.",238.81324345964538
49284000000.0,13701000000.0,14462000000.0,30430000000.0,104217000000.0,,33633000000.0,10574000000.0,39065000000.0,46890000000.0,10784000000.0,2026-04-03,2026-Q2,10-Q,0.2780009739469199,0.6174417660904148,0.29344209073938804,0.3748428759223543,0.1314660755922738,0.4073677638034074,0.10146137386414884,0.05105566218809976,0.2704933234421365,24.620865321708834,25.36974110075123,KO,Coca-Cola Co,current_ttm,sec_company_facts_ttm,neutral_report_risk,21344,182873593728.6085,87.58999633789062,376860272437.9641,-1.0170658239414356,2026-08-01T03:08:02,2026-08-01,-51.5,54.4,64.3,2026-04-30,25.6,Increasing,38.7,2026-Q2,ok,38.7,True,64.3,True,64.3,Potentially overvalued,22.5,Below-average relative value,Potentially overvalued,Potentially overvalued,,Potentially overvalued,376860272437.9641,-51.5,2026,2026-Q2,,Random Forest,2026-10-03T14:19:22,Latest TTM fundamentals + current market data + latest 10-Q risk,Signal uses latest available filing fundamentals plus current market data. It may not reflect filings or events after the latest available filing update.,2026-Q2,50,real_sec_filing,"risk_per1k=7.3, debt=5, legal=22, uncertainty=9, cost+cyber=29",ok,,Report risk is currently neutral because filing-text extraction has not yet been integrated for this dataset.,,current,Below-average relative value,22.5,"Research signal: Potentially overvalued. This signal was assigned because the model-estimated fair value is 20.8% below actual market cap; fundamentals are in the middle range of the training dataset; report risk is set to neutral because SEC filing text has not been integrated into this dataset; and the log-scale model error is low (+0.23). The valuation gap is a research signal, not proof of undervaluation or overvaluation. This output is for research purposes only and does not constitute investment advice.",376.8602724379641
4840761000.0,711187000.0,775194000.0,2091337000.0,3848588000.0,1637194000.0,2211394000.0,1741546000.0,,4554900000.0,631529000.0,2026-03-31,2026-Q1,10-K,0.1469163629437603,0.4320264933550737,0.16013887072714394,,0.1847916690484926,0.32160121624640386,0.45251557194482755,0.062759006783903,0.126135141854135,22.300337776720347,22.070972164728932,LOGI,Logitech International SA,current_ttm,sec_company_facts_ttm,neutral_report_risk,1032975,9718444847.30478,102.4800033569336,14673940744.033722,0.8959374469268082,2026-08-01T03:08:02,2026-08-01,-33.8,52.0,50.0,2026-01-28,-0.7,Stable,50.7,2025-Q4,ok,13.1,True,50.0,True,50.0,Potentially overvalued,38.3,Below-average relative value,Potentially overvalued,Potentially overvalued,,Potentially overvalued,14673940744.033722,-33.8,2026,2026-Q1,,Random Forest,2026-10-03T14:19:22,Latest TTM fundamentals + current market data + latest 10-Q risk,Signal uses latest available filing fundamentals plus current market data. It may not reflect filings or events after the latest available filing update.,2026-Q1,50,real_sec_filing,"risk_per1k=1.9, debt=3, legal=6, uncertainty=2, cost+cyber=13",ok,,Report risk is currently neutral because filing-text extraction has not yet been integrated for this dataset.,,current,Below-average relative value,38.3,"Research signal: Possible value trap. This signal was assigned because the model-estimated fair value is 96.2% above actual market cap; fundamentals score in the lower third of the training dataset; report risk is set to neutral because SEC filing text has not been integrated into this dataset; and the log-scale model error is high (-0.67) — treat this estimate with additional caution. The valuation gap is a research signal, not proof of undervaluation or overvaluation. This output is for research purposes only and does not constitute investment advice.",14.673940744033722
88434000000.0,6641000000.0,10213000000.0,29442000000.0,54941000000.0,64211000000.0,-9270000000.0,786000000.0,36751000000.0,83240000000.0,6843000000.0,2026-05-01,2026-Q2,10-Q,0.07509555148472306,0.33292625008480903,0.11548725603274758,0.6689175661163794,0.1208751205838991,-0.7163969795037756,0.014306255801678163,0.062397885631907846,-0.02951921671781388,25.20552234802909,24.729525719122446,LOW,Lowe's Companies Inc,current_ttm,sec_company_facts_ttm,neutral_report_risk,60667,131867378298.32819,207.80999755859375,116520528821.29633,-1.080542770694787,2026-08-01T03:08:02,2026-08-01,13.2,18.0,48.1,2026-05-28,-16.7,Decreasing,64.8,2026-Q2,ok,64.8,True,48.1,True,48.1,Research candidate,77.5,Above-average relative value,Possible value trap,Possible value trap,,Possible value trap,116520528821.29633,13.2,2026,2026-Q2,,Random Forest,2026-10-03T14:19:22,Latest TTM fundamentals + current market data + latest 10-Q risk,Signal uses latest available filing fundamentals plus current market data. It may not reflect filings or events after the latest available filing update.,2026-Q2,50,real_sec_filing,"risk_per1k=10.8, debt=11, legal=39, uncertainty=14, cost+cyber=56",ok,,Report risk is currently neutral because filing-text extraction has not yet been integrated for this dataset.,,current,Above-average relative value,77.5,"Research signal: Potentially overvalued. This signal was assigned because the model-estimated fair value is 19.4% below actual market cap; fundamentals score in the lower third of the training dataset; report risk is set to neutral because SEC filing text has not been integrated into this dataset; and the log-scale model error is low (+0.22). The valuation gap is a research signal, not proof of undervaluation or overvaluation. This output is for research purposes only and does not constitute investment advice.",116.52052882129632
21681845000.0,6708202000.0,7427435000.0,10836277000.0,20791910000.0,10207131000.0,10584779000.0,4750936000.0,3730384000.0,17135705000.0,4658411000.0,2026-03-29,2026-Q1,10-Q,0.30939258167374595,0.4997857424033794,0.3425647125509845,0.17941516676438096,0.32263519801692103,0.6337592877470564,0.22849925764395865,0.26530218628296875,0.4400193542390314,23.799741111372946,23.757829805688313,LRCX,LAM Research Corp,current_ttm,sec_company_facts_ttm,"extreme_valuation_gap, neutral_report_risk, needs_review",707549,95123482486.07147,293.0199890136719,366649465813.0493,-1.5786686106947443,2026-08-01T03:08:02,2026-08-01,-74.1,83.0,54.5,2026-04-23,2.6,Stable,51.9,2026-Q1,ok,51.9,True,54.5,True,54.5,Potentially overvalued,4.2,Needs review,Needs review,Needs review,,Potentially overvalued,366649465813.0493,-74.1,2026,2026-Q1,,Random Forest,2026-10-03T14:19:22,Latest TTM fundamentals + current market data + latest 10-Q risk,Signal uses latest available filing fundamentals plus current market data. It may not reflect filings or events after the latest available filing update.,2026-Q1,50,real_sec_filing,"risk_per1k=9.4, debt=7, legal=33, uncertainty=14, cost+cyber=16",ok,,Valuation gap of +164.2% exceeds 100% — the model estimate is likely unreliable for this observation. | Report risk is currently neutral because filing-text extraction has not yet been integrated for this dataset.,,current,Needs review,4.2,"Research signal: Research candidate. This signal was assigned because the model-estimated fair value is 164.2% above actual market cap; fundamentals score in the upper third of the training dataset; report risk is set to neutral because SEC filing text has not been integrated into this dataset; and the log-scale model error is high (-0.97) — treat this estimate with additional caution. The valuation gap is a research signal, not proof of undervaluation or overvaluation. This output is for research purposes only and does not constitute investment advice.",366.6494658130493
33939000000.0,3220000000.0,19655000000.0,,52449000000.0,45727000000.0,6719000000.0,7906000000.0,17212000000.0,29069000000.0,3220000000.0,2026-03-31,2026-Q1,10-Q,0.09487610124046082,,0.5791272577270986,0.3281664092737707,0.06139297222063338,0.4792379818425361,0.150736906328052,0.16753242285596337,0.0,24.247830632558852,24.683107105830032,MA,Mastercard Inc,current_ttm,sec_company_facts_ttm,neutral_report_risk,1141391,171312905725.51837,573.0999755859375,502041275227.0386,-0.7361219675616658,2026-08-01T03:08:02,2026-08-01,-65.9,76.2,63.1,2026-04-30,28.6,Increasing,34.5,2026-Q1,ok,34.5,True,63.1,True,63.1,Potentially overvalued,11.2,Low relative value,Potentially overvalued,Potentially overvalued,,Potentially overvalued,502041275227.0386,-65.9,2026,2026-Q1,,Random Forest,2026-10-03T14:19:22,Latest TTM fundamentals + current market data + latest 10-Q risk,Signal uses latest available filing fundamentals plus current market data. It may not reflect filings or events after the latest available filing update.,2026-Q1,50,real_sec_filing,"risk_per1k=4.8, debt=8, legal=34, uncertainty=0, cost+cyber=11",ok,,Report risk is currently neutral because filing-text extraction has not yet been integrated for this dataset.,,current,Low relative value,11.2,"Research signal: Potentially overvalued. This signal was assigned because the model-estimated fair value is 40.6% below actual market cap; fundamentals are in the middle range of the training dataset; report risk is set to neutral because SEC filing text has not been integrated into this dataset; and the log-scale model error is moderate (+0.52). The valuation gap is a research signal, not proof of undervaluation or overvaluation. This output is for research purposes only and does not constitute investment advice.",502.04127522703857
27446000000.0,8678000000.0,12698000000.0,,60037000000.0,,-1286000000.0,1170000000.0,40105000000.0,25707000000.0,8162000000.0,2026-03-31,2026-Q1,10-Q,0.31618450776069373,,0.46265393864315385,0.6680047304162433,0.14454419774472407,-6.74805598755832,0.019487982410846646,0.06764694441202779,0.06321979906885566,24.035486274793854,24.81822687577442,MCD,McDonald's Corp,current_ttm,sec_company_facts_ttm,neutral_report_risk,63908,148793339449.6597,270.6400146484375,192291316087.56067,0.8195545324923984,2026-08-01T03:08:02,2026-08-01,-22.6,35.7,24.0,2026-05-07,4.2,Stable,19.8,2026-Q1,ok,19.8,True,24.0,True,24.0,Potentially overvalued,52.5,Neutral relative value,Fairly valued / neutral,Fairly valued / neutral,,Fairly valued / neutral,192291316087.56067,-22.6,2026,2026-Q1,,Random Forest,2026-10-03T14:19:22,Latest TTM fundamentals + current market data + latest 10-Q risk,Signal uses latest available filing fundamentals plus current market data. It may not reflect filings or events after the latest available filing update.,2026-Q1,50,real_sec_filing,"risk_per1k=3.9, debt=0, legal=1, uncertainty=0, cost+cyber=1",ok,,Report risk is currently neutral because filing-text extraction has not yet been integrated for this dataset.,,current,Neutral relative value,52.5,"Research signal: Potentially overvalued. This signal was assigned because the model-estimated fair value is 35.6% below actual market cap; fundamentals score in the lower third of the training dataset; report risk is set to neutral because SEC filing text has not been integrated into this dataset; and the log-scale model error is moderate (+0.44). The valuation gap is a research signal, not proof of undervaluation or overvaluation. This output is for research purposes only and does not constitute investment advice.",192.29131608756066
4713100000.0,230000000.0,490100000.0,2721100000.0,14370100000.0,,6432400000.0,240300000.0,5496400000.0,4401600000.0,-500000.0,2026-03-31,2026-Q1,10-K,0.04880015276569562,0.5773482421336276,0.10398676030638009,0.3824886396058483,0.016005455772750362,0.03575648280579566,0.016722221835617012,0.07076972010178118,-461.0,22.273611702570822,23.38841549595537,MCHP,Microchip Technology Inc,current_ttm,sec_company_facts_ttm,neutral_report_risk,827054,25820882850.032326,74.29000091552734,40340092304.43901,-0.9598736171150676,2026-08-01T03:08:02,2026-08-01,-36.0,26.4,62.9,2026-02-05,-0.3,Stable,63.2,2025-Q4,ok,63.2,True,62.9,True,62.9,Potentially overvalued,34.2,Below-average relative value,Potentially overvalued,Potentially overvalued,,Potentially overvalued,40340092304.43901,-36.0,2026,2026-Q1,,Random Forest,2026-10-03T14:19:22,Latest TTM fundamentals + current market data + latest 10-Q risk,Signal uses latest available filing fundamentals plus current market data. It may not reflect filings or events after the latest available filing update.,2026-Q1,50,real_sec_filing,"risk_per1k=10.2, debt=27, legal=20, uncertainty=21, cost+cyber=41",ok,,Report risk is currently neutral because filing-text extraction has not yet been integrated for this dataset.,,current,Below-average relative value,34.2,"Research signal: Research candidate. This signal was assigned because the model-estimated fair value is 57.0% above actual market cap; fundamentals are in the middle range of the training dataset; report risk is set to neutral because SEC filing text has not been integrated into this dataset; and the log-scale model error is moderate (-0.45). The valuation gap is a research signal, not proof of undervaluation or overvaluation. This output is for research purposes only and does not constitute investment advice.",40.34009230443901
214963000000.0,70587000000.0,88593000000.0,,395250000000.0,151569000000.0,243681000000.0,23426000000.0,58748000000.0,170360000000.0,66635000000.0,2026-03-31,2026-Q1,10-Q,0.3283681377725469,,0.41213139005317195,0.14863504111321948,0.17858823529411766,0.2896696911125611,0.05926881720430108,0.26181615402676695,0.059308171381406094,26.093731757241116,26.70278431303599,META,Facebook Inc,current_ttm,sec_company_facts_ttm,"high_model_error, neutral_report_risk, needs_review",1326801,1862776996748.2102,556.7100219726562,1418222246495.2285,3.279964327561397,2026-08-01T03:08:02,2026-08-01,31.3,79.8,41.9,2026-04-30,-2.4,Stable,44.3,2026-Q1,ok,44.3,True,41.9,True,41.9,Research candidate,83.3,Needs review,Needs review,Needs review,,Research candidate,1418222246495.2285,31.3,2026,2026-Q1,,Random Forest,2026-10-03T14:19:22,Latest TTM fundamentals + current market data + latest 10-Q risk,Signal uses latest available filing fundamentals plus current market data. It may not reflect filings or events after the latest available filing update.,2026-Q1,50,real_sec_filing,"risk_per1k=10.2, debt=1, legal=77, uncertainty=7, cost+cyber=10",ok,,Model error of +1.167 (log scale) is large — the model fit was poor for this observation. | Report risk is currently neutral because filing-text extraction has not yet been integrated for this dataset.,,current,Needs review,83.3,"Research signal: Potentially overvalued. This signal was assigned because the model-estimated fair value is 68.9% below actual market cap; fundamentals are in the middle range of the training dataset; report risk is set to neutral because SEC filing text has not been integrated into this dataset; and the log-scale model error is high (+1.17) — treat this estimate with additional caution. The valuation gap is a research signal, not proof of undervaluation or overvaluation. This output is for research purposes only and does not constitute investment advice.",1418.2222464952285
25024000000.0,2787000000.0,4780000000.0,,35436000000.0,32125000000.0,3263000000.0,2173000000.0,10906000000.0,24513000000.0,4361000000.0,2026-03-31,2026-Q1,10-Q,0.11137308184143223,,0.1910166240409207,0.30776611355683486,0.07864883169657975,0.854121973643886,0.0613218196184671,0.020846081670950145,-0.3609263930291218,23.94310120130931,24.2909940894962,MMM,3M Co,current_ttm,sec_company_facts_ttm,neutral_report_risk,66740,66966850323.77765,176.27999877929688,90911547039.21603,0.1192658864899361,2026-08-01T03:08:02,2026-08-01,-26.3,50.8,45.0,2026-04-21,-40.7,Decreasing,85.7,2026-Q1,ok,85.7,True,45.0,True,45.0,Potentially overvalued,47.5,Neutral relative value,Fairly valued / neutral,Fairly valued / neutral,,Fairly valued / neutral,90911547039.21603,-26.3,2026,2026-Q1,,Random Forest,2026-10-03T14:19:22,Latest TTM fundamentals + current market data + latest 10-Q risk,Signal uses latest available filing fundamentals plus current market data. It may not reflect filings or events after the latest available filing update.,2026-Q1,50,real_sec_filing,"risk_per1k=17.1, debt=9, legal=93, uncertainty=60, cost+cyber=82",ok,,Report risk is currently neutral because filing-text extraction has not yet been integrated for this dataset.,,current,Neutral relative value,47.5,"Research signal: Research candidate. This signal was assigned because the model-estimated fair value is 17.0% above actual market cap; fundamentals are in the middle range of the training dataset; report risk is set to neutral because SEC filing text has not been integrated into this dataset; and the log-scale model error is low (-0.16). The valuation gap is a research signal, not proof of undervaluation or overvaluation. This output is for research purposes only and does not constitute investment advice.",90.91154703921603
2957090000.0,679657000.0,801029000.0,1631576000.0,4448866000.0,771456000.0,3677410000.0,1062930000.0,,2386769000.0,1634569000.0,2026-03-31,2026-Q1,10-Q,0.2298398087308807,0.551750538536196,0.2708842138724219,,0.1527708409289019,0.18481947892674463,0.23892155888714112,0.2389510673215547,-0.5841980363019242,21.807471513606536,22.21591506918883,MPWR,Monolithic Power Systems Inc,current_ttm,sec_company_facts_ttm,neutral_report_risk,1280452,19992711432.61299,1426.030029296875,70059810059.344,8.34612067522359,2026-08-01T03:08:02,2026-08-01,-71.5,64.3,49.1,2026-05-04,-18.5,Decreasing,67.6,2026-Q1,ok,67.6,True,49.1,True,49.1,Potentially overvalued,6.7,Low relative value,Potentially overvalued,Potentially overvalued,,Potentially overvalued,70059810059.344,-71.5,2026,2026-Q1,,Random Forest,2026-10-03T14:19:22,Latest TTM fundamentals + current market data + latest 10-Q risk,Signal uses latest available filing fundamentals plus current market data. It may not reflect filings or events after the latest available filing update.,2026-Q1,50,real_sec_filing,"risk_per1k=18.1, debt=5, legal=33, uncertainty=30, cost+cyber=29",ok,,Report risk is currently neutral because filing-text extraction has not yet been integrated for this dataset.,,current,Low relative value,6.7,"Research signal: Fairly valued / neutral. This signal was assigned because the model-estimated fair value is 5.6% below actual market cap; fundamentals score in the upper third of the training dataset; report risk is set to neutral because SEC filing text has not been integrated into this dataset; and the log-scale model error is low (+0.06). The valuation gap is a research signal, not proof of undervaluation or overvaluation. This output is for research purposes only and does not constitute investment advice.",70.05981005934399
65768000000.0,8935000000.0,,,128685000000.0,,45878000000.0,5327000000.0,46673000000.0,63922000000.0,17434000000.0,2026-03-31,2026-Q1,10-Q,0.13585634351052184,,,0.3626918444263123,0.06943311186229942,0.19475565630585465,0.041395656059369776,0.02887894621570042,-0.4874956980612596,24.909399234796243,25.58063339463945,MRK,Merck & Co Inc,current_ttm,sec_company_facts_ttm,neutral_report_risk,310158,131770239011.43948,130.1999969482422,321571131295.69403,0.3158977450638185,2026-08-01T03:08:02,2026-08-01,-59.0,39.9,52.9,2026-05-04,28.9,Increasing,24.0,2026-Q1,ok,24.0,True,52.9,True,52.9,Potentially overvalued,15.8,Low relative value,Potentially overvalued,Potentially overvalued,,Potentially overvalued,321571131295.69403,-59.0,2026,2026-Q1,,Random Forest,2026-10-03T14:19:22,Latest TTM fundamentals + current market data + latest 10-Q risk,Signal uses latest available filing fundamentals plus current market data. It may not reflect filings or events after the latest available filing update.,2026-Q1,50,real_sec_filing,"risk_per1k=3.4, debt=0, legal=36, uncertainty=4, cost+cyber=13",ok,,Report risk is currently neutral because filing-text extraction has not yet been integrated for this dataset.,,current,Low relative value,15.8,"Research signal: Potentially overvalued. This signal was assigned because the model-estimated fair value is 17.2% below actual market cap; fundamentals are in the middle range of the training dataset; report risk is set to neutral because SEC filing text has not been integrated into this dataset; and the log-scale model error is low (+0.19). The valuation gap is a research signal, not proof of undervaluation or overvaluation. This output is for research purposes only and does not constitute investment advice.",321.57113129569404
318273000000.0,125216000000.0,148957000000.0,217410000000.0,694228000000.0,279861000000.0,414367000000.0,32105000000.0,40262000000.0,270010000000.0,96635000000.0,2026-03-31,2026-Q1,10-Q,0.39342325613545603,0.6830928165442874,0.4680164512855316,0.05799535599255576,0.1803672568666202,0.30218622621975205,0.04624561383291945,0.17874523165808665,0.29576240492575145,26.48617534200037,27.266066273758334,MSFT,Microsoft Corp,current_ttm,sec_company_facts_ttm,neutral_report_risk,789019,2490651374691.925,464.7200012207031,3450799509641.9067,3.019285066039673,2026-08-01T03:08:02,2026-08-01,-27.8,82.9,43.5,2026-04-29,19.0,Increasing,24.5,2026-Q1,ok,24.5,True,43.5,True,43.5,Potentially overvalued,42.5,Neutral relative value,Fairly valued / neutral,Fairly valued / neutral,,Fairly valued / neutral,3450799509641.9067,-27.8,2026,2026-Q1,,Random Forest,2026-10-03T14:19:22,Latest TTM fundamentals + current market data + latest 10-Q risk,Signal uses latest available filing fundamentals plus current market data. It may not reflect filings or events after the latest available filing update.,2026-Q1,50,real_sec_filing,"risk_per1k=3.8, debt=4, legal=26, uncertainty=1, cost+cyber=9",ok,,Report risk is currently neutral because filing-text extraction has not yet been integrated for this dataset.,,current,Neutral relative value,42.5,"Research signal: Fairly valued / neutral. This signal was assigned because the model-estimated fair value is 8.7% below actual market cap; fundamentals score in the upper third of the training dataset; report risk is set to neutral because SEC filing text has not been integrated into this dataset; and the log-scale model error is low (+0.09). The valuation gap is a research signal, not proof of undervaluation or overvaluation. This output is for research purposes only and does not constitute investment advice.",3450.7995096419068
11868000000.0,2090000000.0,2931000000.0,6097000000.0,19080000000.0,,2544000000.0,886000000.0,8415000000.0,10956000000.0,2046000000.0,2026-04-04,2026-Q2,10-Q,0.17610380856083585,0.5137344118638355,0.24696663296258847,0.4410377358490566,0.10953878406708595,0.8215408805031447,0.04643605870020964,0.08324205914567351,0.021505376344086002,23.197111539374987,23.67190650296655,MSI,Motorola Solutions Inc,current_ttm,sec_company_facts_ttm,neutral_report_risk,68505,61505250539.76617,435.75,72332574856.5,1.144327698799542,2026-08-01T03:08:02,2026-08-01,-15.0,59.7,32.0,2026-05-07,-27.3,Decreasing,59.3,2026-Q2,ok,59.3,True,32.0,True,32.0,Potentially overvalued,55.4,Neutral relative value,Fairly valued / neutral,Fairly valued / neutral,,Fairly valued / neutral,72332574856.5,-15.0,2026,2026-Q2,,Random Forest,2026-10-03T14:19:22,Latest TTM fundamentals + current market data + latest 10-Q risk,Signal uses latest available filing fundamentals plus current market data. It may not reflect filings or events after the latest available filing update.,2026-Q2,50,real_sec_filing,"risk_per1k=12.4, debt=5, legal=45, uncertainty=10, cost+cyber=26",ok,,Report risk is currently neutral because filing-text extraction has not yet been integrated for this dataset.,,current,Neutral relative value,55.4,"Research signal: Potentially overvalued. This signal was assigned because the model-estimated fair value is 17.9% below actual market cap; fundamentals are in the middle range of the training dataset; report risk is set to neutral because SEC filing text has not been integrated into this dataset; and the log-scale model error is low (+0.20). The valuation gap is a research signal, not proof of undervaluation or overvaluation. This output is for research purposes only and does not constitute investment advice.",72.3325748565
90274000000.0,50469000000.0,59243000000.0,65511000000.0,134112000000.0,33388000000.0,100724000000.0,24995000000.0,5140000000.0,33813000000.0,6225000000.0,2026-05-28,2026-Q2,10-Q,0.5590646254735583,0.7256906750559408,0.6562576157033033,0.038326175137198756,0.3763197924123121,0.5010623088836822,0.18637407539966594,1.6698015556147046,7.107469879518073,25.226115326784665,25.62194110868907,MU,Micron Technology Inc,current_ttm,sec_company_facts_ttm,neutral_report_risk,723125,1206851453043.0571,823.030029296875,929524478155.22,-5.902858874636621,2026-08-01T03:08:02,2026-08-01,29.8,94.9,35.1,2026-06-25,-15.1,Decreasing,50.2,2026-Q2,ok,50.2,True,35.1,True,35.1,High-priority research candidate,82.5,Above-average relative value,Research candidate,Research candidate,,Research candidate,929524478155.22,29.8,2026,2026-Q2,,Random Forest,2026-10-03T14:19:22,Latest TTM fundamentals + current market data + latest 10-Q risk,Signal uses latest available filing fundamentals plus current market data. It may not reflect filings or events after the latest available filing update.,2026-Q2,50,real_sec_filing,"risk_per1k=8.6, debt=7, legal=20, uncertainty=32, cost+cyber=21",ok,,Report risk is currently neutral because filing-text extraction has not yet been integrated for this dataset.,,current,Above-average relative value,82.5,"Research signal: Research candidate. This signal was assigned because the model-estimated fair value is 89.3% above actual market cap; fundamentals score in the upper third of the training dataset; report risk is set to neutral because SEC filing text has not been integrated into this dataset; and the log-scale model error is high (-0.64) — treat this estimate with additional caution. The valuation gap is a research signal, not proof of undervaluation or overvaluation. This output is for research purposes only and does not constitute investment advice.",929.52447815522
46889992000.0,13373440000.0,13936601000.0,9719737000.0,61015914000.0,29889515000.0,31126399000.0,12259772000.0,13361331000.0,40173327000.0,9270142000.0,2026-03-31,2026-Q1,10-Q,0.2852088351817164,0.20728809252089445,0.2972190952815688,0.2189810841807598,0.21917954060312855,0.4296494432266322,0.20092744984529773,0.16719215214612415,0.4426359380471194,24.571070099435822,24.834400552340984,NFLX,Netflix Inc,current_ttm,sec_company_facts_ttm,"high_model_error, neutral_report_risk, needs_review",1065280,175734186212.2933,71.70999908447266,298596110353.7594,-1.9953520855660027,2026-08-01T03:08:02,2026-08-01,-41.1,72.3,31.3,2026-04-17,-47.4,Decreasing,78.7,2026-Q1,ok,78.7,True,31.3,True,31.3,Potentially overvalued,31.7,Needs review,Needs review,Needs review,,Potentially overvalued,298596110353.7594,-41.1,2026,2026-Q1,,Random Forest,2026-10-03T14:19:22,Latest TTM fundamentals + current market data + latest 10-Q risk,Signal uses latest available filing fundamentals plus current market data. It may not reflect filings or events after the latest available filing update.,2026-Q1,50,real_sec_filing,"risk_per1k=15.5, debt=31, legal=48, uncertainty=14, cost+cyber=22",ok,,Model error of +1.194 (log scale) is large — the model fit was poor for this observation. | Report risk is currently neutral because filing-text extraction has not yet been integrated for this dataset.,,current,Needs review,31.7,"Research signal: Potentially overvalued. This signal was assigned because the model-estimated fair value is 69.7% below actual market cap; fundamentals are in the middle range of the training dataset; report risk is set to neutral because SEC filing text has not been integrated into this dataset; and the log-scale model error is high (+1.19) — treat this estimate with additional caution. The valuation gap is a research signal, not proof of undervaluation or overvaluation. This output is for research purposes only and does not constitute investment advice.",298.5961103537594
46398000000.0,3108000000.0,,19911000000.0,38410000000.0,,14865000000.0,7563000000.0,7942000000.0,46309000000.0,3219000000.0,2026-05-31,2026-Q2,10-K,0.06698564593301436,0.42913487650329757,,0.20676907055454308,0.08091642801353814,0.20908173562058527,0.19690184847695913,0.0019218726381480256,-0.03448275862068961,24.560522191801365,24.371583679304223,NKE,Nike Inc,current_ttm,sec_company_facts_ttm,neutral_report_risk,320187,142994102744.17673,41.709999084472656,61876729543.94637,-1.3714869200717656,2026-08-01T03:08:02,2026-08-01,131.1,43.5,32.0,2026-04-01,-28.4,Decreasing,60.4,2026-Q1,ok,60.4,True,32.0,True,32.0,Possible value trap,97.5,Top decile relative value,Possible value trap,Possible value trap,,Possible value trap,61876729543.94637,131.1,2026,2026-Q2,,Random Forest,2026-10-03T14:19:22,Latest TTM fundamentals + current market data + latest 10-Q risk,Signal uses latest available filing fundamentals plus current market data. It may not reflect filings or events after the latest available filing update.,2026-Q2,50,real_sec_filing,"risk_per1k=13.3, debt=6, legal=26, uncertainty=24, cost+cyber=19",ok,,Report risk is currently neutral because filing-text extraction has not yet been integrated for this dataset.,,current,Top decile relative value,97.5,"Research signal: Research candidate. This signal was assigned because the model-estimated fair value is 15.9% above actual market cap; fundamentals are in the middle range of the training dataset; report risk is set to neutral because SEC filing text has not been integrated into this dataset; and the log-scale model error is low (-0.15). The valuation gap is a research signal, not proof of undervaluation or overvaluation. This output is for research purposes only and does not constitute investment advice.",61.876729543946375
13960000000.0,1757000000.0,1876000000.0,10688000000.0,24381000000.0,12653000000.0,11728000000.0,2702000000.0,1484000000.0,11469000000.0,1538000000.0,2026-03-31,2026-Q1,10-Q,0.1258595988538682,0.7656160458452722,0.13438395415472779,0.060867068619006606,0.0720643123743899,0.14981241473396997,0.11082400229687052,0.2171941756038016,0.14239271781534457,23.359461934280638,23.917069977385587,NOW,ServiceNow Inc,current_ttm,sec_company_facts_ttm,neutral_report_risk,1373715,83239760611.35722,111.2300033569336,114996473730.60608,1.0538781369360914,2026-08-01T03:08:02,2026-08-01,-27.6,61.6,31.7,2026-04-23,-24.1,Decreasing,55.8,2026-Q1,ok,55.8,True,31.7,True,31.7,Potentially overvalued,43.8,Neutral relative value,Fairly valued / neutral,Fairly valued / neutral,,Fairly valued / neutral,114996473730.60608,-27.6,2026,2026-Q1,,Random Forest,2026-10-03T14:19:22,Latest TTM fundamentals + current market data + latest 10-Q risk,Signal uses latest available filing fundamentals plus current market data. It may not reflect filings or events after the latest available filing update.,2026-Q1,50,real_sec_filing,"risk_per1k=10.2, debt=9, legal=50, uncertainty=5, cost+cyber=14",ok,,Report risk is currently neutral because filing-text extraction has not yet been integrated for this dataset.,,current,Neutral relative value,43.8,"Research signal: Potentially overvalued. This signal was assigned because the model-estimated fair value is 51.2% below actual market cap; fundamentals score in the lower third of the training dataset; report risk is set to neutral because SEC filing text has not been integrated into this dataset; and the log-scale model error is high (+0.72) — treat this estimate with additional caution. The valuation gap is a research signal, not proof of undervaluation or overvaluation. This output is for research purposes only and does not constitute investment advice.",114.99647373060608
253491000000.0,159613000000.0,162285000000.0,187952000000.0,259474000000.0,64000000000.0,195474000000.0,13237000000.0,8470000000.0,148515000000.0,76774000000.0,2026-04-26,2026-Q2,10-Q,0.629659435640713,0.741454331711974,0.6402002437956377,0.0326429623006544,0.6151406306604901,0.8165433766127465,0.05101474521532023,0.7068376931623068,1.0789980983145337,26.258594156388824,26.281922341854507,NVDA,Nvidia Corp,current_ttm,sec_company_facts_ttm,neutral_report_risk,1045810,1841949775296.0273,200.75,4862365750000.0,2.927608137009285,2026-08-01T03:08:02,2026-08-01,-62.1,96.1,61.0,2026-05-20,22.1,Increasing,38.9,2026-Q2,ok,38.9,True,61.0,True,61.0,Potentially overvalued,14.2,Low relative value,Potentially overvalued,Potentially overvalued,,Potentially overvalued,4862365750000.0,-62.1,2026,2026-Q2,,Random Forest,2026-10-03T14:19:22,Latest TTM fundamentals + current market data + latest 10-Q risk,Signal uses latest available filing fundamentals plus current market data. It may not reflect filings or events after the latest available filing update.,2026-Q2,50,real_sec_filing,"risk_per1k=7.8, debt=8, legal=14, uncertainty=12, cost+cyber=12",ok,,Report risk is currently neutral because filing-text extraction has not yet been integrated for this dataset.,,current,Low relative value,14.2,"Research signal: Potentially overvalued. This signal was assigned because the model-estimated fair value is 50.1% below actual market cap; fundamentals score in the upper third of the training dataset; report risk is set to neutral because SEC filing text has not been integrated into this dataset; and the log-scale model error is high (+0.70) — treat this estimate with additional caution. The valuation gap is a research signal, not proof of undervaluation or overvaluation. This output is for research purposes only and does not constitute investment advice.",4862.36575
2996000000.0,247000000.0,166000000.0,2320000000.0,9347000000.0,2448000000.0,6899000000.0,762000000.0,,2681000000.0,130000000.0,2026-04-30,2026-Q2,10-Q,0.08244325767690254,0.774365821094793,0.05540720961281709,,0.02642559109874826,0.035802290186983624,0.08152348347063229,0.11749347258485643,0.8999999999999999,21.820543902601383,22.958321273146858,OKTA,Okta Inc,current_ttm,sec_company_facts_ttm,neutral_report_risk,1660134,33092904876.1321,141.92999267578125,24668478041.44684,1.0753414944637718,2026-08-01T03:08:02,2026-08-01,34.2,34.5,35.4,2026-05-29,-8.4,Stable,43.8,2026-Q2,ok,43.8,True,35.4,True,35.4,Possible value trap,88.3,Above-average relative value,Possible value trap,Possible value trap,,Possible value trap,24668478041.44684,34.2,2026,2026-Q2,,Random Forest,2026-10-03T14:19:22,Latest TTM fundamentals + current market data + latest 10-Q risk,Signal uses latest available filing fundamentals plus current market data. It may not reflect filings or events after the latest available filing update.,2026-Q2,50,real_sec_filing,"risk_per1k=9.1, debt=17, legal=11, uncertainty=5, cost+cyber=16",ok,,Report risk is currently neutral because filing-text extraction has not yet been integrated for this dataset.,,current,Above-average relative value,88.3,"Research signal: Possible value trap. This signal was assigned because the model-estimated fair value is 58.2% above actual market cap; fundamentals score in the lower third of the training dataset; report risk is set to neutral because SEC filing text has not been integrated into this dataset; and the log-scale model error is moderate (-0.46). The valuation gap is a research signal, not proof of undervaluation or overvaluation. This output is for research purposes only and does not constitute investment advice.",24.66847804144684
67357000000.0,17087000000.0,20606000000.0,24313000000.0,261759000000.0,,42508000000.0,31289000000.0,0.0,57399000000.0,12443000000.0,2026-05-31,2026-Q2,10-K,0.2536781626260077,0.3609572872901109,0.30592217586887777,0.0,0.06527760268032809,0.4019713936200245,0.11953361680018643,0.1734873429850694,0.3732218918267298,24.933272669071588,26.290690070060098,ORCL,Oracle Corp,current_ttm,sec_company_facts_ttm,neutral_report_risk,1341439,321523561331.3225,129.8699951171875,374086754705.2002,1.810910632490934,2026-08-01T03:08:02,2026-08-01,-14.1,83.0,32.5,2026-03-11,10.3,Increasing,22.2,2026-Q1,ok,22.2,True,32.5,True,32.5,Potentially overvalued,56.7,Neutral relative value,Fairly valued / neutral,Fairly valued / neutral,,Fairly valued / neutral,374086754705.2002,-14.1,2026,2026-Q2,,Random Forest,2026-10-03T14:19:22,Latest TTM fundamentals + current market data + latest 10-Q risk,Signal uses latest available filing fundamentals plus current market data. It may not reflect filings or events after the latest available filing update.,2026-Q2,50,real_sec_filing,"risk_per1k=5.1, debt=5, legal=12, uncertainty=2, cost+cyber=8",ok,,Report risk is currently neutral because filing-text extraction has not yet been integrated for this dataset.,,current,Neutral relative value,56.7,"Research signal: Potentially overvalued. This signal was assigned because the model-estimated fair value is 54.0% below actual market cap; fundamentals score in the upper third of the training dataset; report risk is set to neutral because SEC filing text has not been integrated into this dataset; and the log-scale model error is high (+0.78) — treat this estimate with additional caution. The valuation gap is a research signal, not proof of undervaluation or overvaluation. This output is for research purposes only and does not constitute investment advice.",374.0867547052002
10606500000.0,842900000.0,1019900000.0,7629900000.0,46266000000.0,18598000000.0,27668000000.0,2364000000.0,1991500000.0,8874500000.0,1237700000.0,2026-04-30,2026-Q2,10-Q,0.07947013623721302,0.719360769339556,0.09615801631075284,0.04304456836553841,0.01821856222712143,0.030464796877258928,0.05109583711580858,0.19516592484083617,-0.318978750908944,23.08473285767668,24.55767318702529,PANW,Palo Alto Networks Inc,current_ttm,sec_company_facts_ttm,neutral_report_risk,1327567,61296392939.27397,331.8299865722656,270441439056.39648,1.8883548375066368,2026-08-01T03:08:02,2026-08-01,-77.3,48.6,35.9,2026-06-03,-31.3,Decreasing,67.2,2026-Q2,ok,67.2,True,35.9,True,35.9,Potentially overvalued,3.3,Low relative value,Potentially overvalued,Potentially overvalued,,Potentially overvalued,270441439056.39648,-77.3,2026,2026-Q2,,Random Forest,2026-10-03T14:19:22,Latest TTM fundamentals + current market data + latest 10-Q risk,Signal uses latest available filing fundamentals plus current market data. It may not reflect filings or events after the latest available filing update.,2026-Q2,50,real_sec_filing,"risk_per1k=16.5, debt=9, legal=40, uncertainty=5, cost+cyber=27",ok,,Report risk is currently neutral because filing-text extraction has not yet been integrated for this dataset.,,current,Low relative value,3.3,"Research signal: Fairly valued / neutral. This signal was assigned because the model-estimated fair value is within 5% of actual market cap; fundamentals score in the lower third of the training dataset; report risk is set to neutral because SEC filing text has not been integrated into this dataset; and the log-scale model error is low (+0.03). The valuation gap is a research signal, not proof of undervaluation or overvaluation. This output is for research purposes only and does not constitute investment advice.",270.44143905639646
96904000000.0,10451000000.0,14362000000.0,52286000000.0,112189000000.0,89919000000.0,22098000000.0,10251000000.0,42612000000.0,91748000000.0,7550000000.0,2026-06-13,2026-Q2,10-Q,0.1078490052010237,0.5395649302402378,0.14820853628333197,0.37982333383843336,0.09315530043052349,0.4729387274866504,0.09137259446113255,0.056197410297772254,0.3842384105960266,25.29698663466091,25.443450786013162,PEP,PepsiCo Inc,current_ttm,sec_company_facts_ttm,neutral_report_risk,77476,225933014020.04086,139.55999755859375,190484262502.2252,-0.4564903021251183,2026-08-01T03:08:02,2026-08-01,18.6,46.4,69.6,2026-07-09,10.4,Increasing,59.2,2026-Q2,ok,59.2,True,69.6,True,69.6,Research candidate,80.0,Above-average relative value,Research candidate,Research candidate,,Research candidate,190484262502.2252,18.6,2026,2026-Q2,,Random Forest,2026-10-03T14:19:22,Latest TTM fundamentals + current market data + latest 10-Q risk,Signal uses latest available filing fundamentals plus current market data. It may not reflect filings or events after the latest available filing update.,2026-Q2,50,real_sec_filing,"risk_per1k=12.5, debt=3, legal=34, uncertainty=19, cost+cyber=60",ok,,Report risk is currently neutral because filing-text extraction has not yet been integrated for this dataset.,,current,Above-average relative value,80.0,"Research signal: Fairly valued / neutral. This signal was assigned because the model-estimated fair value is within 5% of actual market cap; fundamentals are in the middle range of the training dataset; report risk is set to neutral because SEC filing text has not been integrated into this dataset; and the log-scale model error is low (+0.01). The valuation gap is a research signal, not proof of undervaluation or overvaluation. This output is for research purposes only and does not constitute investment advice.",190.4842625022252
63315000000.0,7491000000.0,,,207618000000.0,117214000000.0,90101000000.0,1703000000.0,60565000000.0,62463000000.0,7883000000.0,2026-03-29,2026-Q1,10-Q,0.11831319592513623,,,0.2917136279128014,0.03608068664566656,0.08314003174215602,0.008202564324865859,0.013640074924355261,-0.0497272611949765,24.871388104848982,26.058965689681777,PFE,Pfizer Inc,current_ttm,sec_company_facts_ttm,neutral_report_risk,78003,128627042177.74016,25.010000228881836,142543099971.18924,0.4014467365808337,2026-08-01T03:08:02,2026-08-01,-9.8,31.7,71.3,2026-05-05,22.1,Increasing,49.2,2026-Q1,ok,49.2,True,71.3,True,71.3,Fairly valued / neutral,60.0,Neutral relative value,Fairly valued / neutral,Fairly valued / neutral,,Fairly valued / neutral,142543099971.18924,-9.8,2026,2026-Q1,,Random Forest,2026-10-03T14:19:22,Latest TTM fundamentals + current market data + latest 10-Q risk,Signal uses latest available filing fundamentals plus current market data. It may not reflect filings or events after the latest available filing update.,2026-Q1,50,real_sec_filing,"risk_per1k=10.1, debt=3, legal=48, uncertainty=9, cost+cyber=18",ok,,Report risk is currently neutral because filing-text extraction has not yet been integrated for this dataset.,,current,Neutral relative value,60.0,"Research signal: Research candidate. This signal was assigned because the model-estimated fair value is 54.5% above actual market cap; fundamentals score in the upper third of the training dataset; report risk is set to neutral because SEC filing text has not been integrated into this dataset; and the log-scale model error is moderate (-0.44). The valuation gap is a research signal, not proof of undervaluation or overvaluation. This output is for research purposes only and does not constitute investment advice.",142.54309997118924
86718000000.0,16617000000.0,20153000000.0,,128378000000.0,73647000000.0,128378000000.0,9304000000.0,23852000000.0,83927000000.0,15494000000.0,2026-03-31,2026-Q1,10-Q,0.19162111672317167,,0.23239696487465117,0.18579507392232314,0.12943806571219368,0.12943806571219368,0.07247347676393151,0.03325509073361377,0.07247966954950313,25.185927311641173,25.57824487395811,PG,Procter & Gamble Co,current_ttm,sec_company_facts_ttm,neutral_report_risk,80424,314403405436.44525,144.49000549316406,336459279122.5962,0.3681569565013239,2026-08-01T03:08:02,2026-08-01,-6.6,43.3,60.4,2026-04-24,-13.5,Decreasing,73.9,2026-Q1,ok,73.9,True,60.4,True,60.4,Fairly valued / neutral,64.2,Neutral relative value,Fairly valued / neutral,Fairly valued / neutral,,Fairly valued / neutral,336459279122.5962,-6.6,2026,2026-Q1,,Random Forest,2026-10-03T14:19:22,Latest TTM fundamentals + current market data + latest 10-Q risk,Signal uses latest available filing fundamentals plus current market data. It may not reflect filings or events after the latest available filing update.,2026-Q1,50,real_sec_filing,"risk_per1k=16.5, debt=12, legal=49, uncertainty=7, cost+cyber=64",ok,,Report risk is currently neutral because filing-text extraction has not yet been integrated for this dataset.,,current,Neutral relative value,64.2,"Research signal: Potentially overvalued. This signal was assigned because the model-estimated fair value is 28.8% below actual market cap; fundamentals are in the middle range of the training dataset; report risk is set to neutral because SEC filing text has not been integrated into this dataset; and the log-scale model error is moderate (+0.34). The valuation gap is a research signal, not proof of undervaluation or overvaluation. This output is for research purposes only and does not constitute investment advice.",336.4592791225962
41493000000.0,11096000000.0,15241000000.0,27917000000.0,68913000000.0,76213000000.0,-9279000000.0,5450000000.0,43808000000.0,38386000000.0,7599000000.0,2026-03-31,2026-Q1,10-Q,0.26741860072783363,0.6728122815896658,0.3673149687899164,0.635700085615196,0.16101461262751585,-1.1958185149261773,0.07908522339761728,0.08094096806127227,0.4601921305434926,24.448790575257092,24.956110676413616,PM,Philip Morris International Inc,current_ttm,sec_company_facts_ttm,neutral_report_risk,1413329,206304380170.91983,190.82000732421875,297414627845.6058,-0.6145795186360676,2026-08-01T03:08:02,2026-08-01,-30.6,36.8,54.3,2026-04-24,-26.1,Decreasing,80.4,2026-Q1,ok,80.4,True,54.3,True,54.3,Potentially overvalued,39.2,Below-average relative value,Potentially overvalued,Potentially overvalued,,Potentially overvalued,297414627845.6058,-30.6,2026,2026-Q1,,Random Forest,2026-10-03T14:19:22,Latest TTM fundamentals + current market data + latest 10-Q risk,Signal uses latest available filing fundamentals plus current market data. It may not reflect filings or events after the latest available filing update.,2026-Q1,50,real_sec_filing,"risk_per1k=14.3, debt=10, legal=70, uncertainty=64, cost+cyber=25",ok,,Report risk is currently neutral because filing-text extraction has not yet been integrated for this dataset.,,current,Below-average relative value,39.2,"Research signal: Fairly valued / neutral. This signal was assigned because the model-estimated fair value is within 5% of actual market cap; fundamentals score in the lower third of the training dataset; report risk is set to neutral because SEC filing text has not been integrated into this dataset; and the log-scale model error is low (-0.00). The valuation gap is a research signal, not proof of undervaluation or overvaluation. This output is for research purposes only and does not constitute investment advice.",297.41462784560576
44487000000.0,9923000000.0,11355000000.0,,57136000000.0,29858000000.0,57136000000.0,5435000000.0,14772000000.0,42286000000.0,11041000000.0,2026-03-29,2026-Q1,10-Q,0.22305392586598333,,0.25524310472722367,0.25854102492299075,0.1736733408008961,0.1736733408008961,0.09512391486978437,0.05205032398429732,-0.10125894393623769,24.518462848607452,24.768700227798504,QCOM,Qualcomm Inc/De,current_ttm,sec_company_facts_ttm,neutral_report_risk,804328,156227845395.2346,147.61000061035156,154990500640.86914,-2.631929638867959,2026-08-01T03:08:02,2026-08-01,0.8,47.5,64.5,2026-04-29,39.2,Increasing,25.3,2026-Q1,ok,25.3,True,64.5,True,64.5,Fairly valued / neutral,70.0,Above-average relative value,Research candidate,Research candidate,,Research candidate,154990500640.86914,0.8,2026,2026-Q1,,Random Forest,2026-10-03T14:19:22,Latest TTM fundamentals + current market data + latest 10-Q risk,Signal uses latest available filing fundamentals plus current market data. It may not reflect filings or events after the latest available filing update.,2026-Q1,50,real_sec_filing,"risk_per1k=6.1, debt=6, legal=18, uncertainty=1, cost+cyber=2",ok,,Report risk is currently neutral because filing-text extraction has not yet been integrated for this dataset.,,current,Above-average relative value,70.0,"Research signal: Research candidate. This signal was assigned because the model-estimated fair value is 24.1% above actual market cap; fundamentals score in the upper third of the training dataset; report risk is set to neutral because SEC filing text has not been integrated into this dataset; and the log-scale model error is low (-0.22). The valuation gap is a research signal, not proof of undervaluation or overvaluation. This output is for research purposes only and does not constitute investment advice.",154.99050064086913
14919600000.0,4423400000.0,3629100000.0,,40868800000.0,9445200000.0,31423600000.0,2962600000.0,1986200000.0,14085700000.0,4499300000.0,2026-03-31,2026-Q1,10-Q,0.29648247942304085,,0.24324378669669428,0.04859942058489606,0.10823415417139726,0.14076681220483966,0.07249050620522257,0.059201885600289605,-0.016869290778565582,23.425941621711168,24.43363277270177,REGN,Regeneron Pharmaceuticals Inc,current_ttm,sec_company_facts_ttm,neutral_report_risk,872589,70581395678.48238,762.6300048828125,78516563001.1499,3.289809185991558,2026-08-01T03:08:02,2026-08-01,-10.1,56.0,39.6,2026-04-29,11.1,Increasing,28.5,2026-Q1,ok,28.5,True,39.6,True,39.6,Potentially overvalued,59.2,Neutral relative value,Fairly valued / neutral,Fairly valued / neutral,,Fairly valued / neutral,78516563001.1499,-10.1,2026,2026-Q1,,Random Forest,2026-10-03T14:19:22,Latest TTM fundamentals + current market data + latest 10-Q risk,Signal uses latest available filing fundamentals plus current market data. It may not reflect filings or events after the latest available filing update.,2026-Q1,50,real_sec_filing,"risk_per1k=4.5, debt=4, legal=44, uncertainty=1, cost+cyber=2",ok,,Report risk is currently neutral because filing-text extraction has not yet been integrated for this dataset.,,current,Neutral relative value,59.2,"Research signal: Fairly valued / neutral. This signal was assigned because the model-estimated fair value is within 5% of actual market cap; fundamentals are in the middle range of the training dataset; report risk is set to neutral because SEC filing text has not been integrated into this dataset; and the log-scale model error is low (-0.01). The valuation gap is a research signal, not proof of undervaluation or overvaluation. This output is for research purposes only and does not constitute investment advice.",78.5165630011499
38471600000.0,1495600000.0,2932800000.0,,30557500000.0,39015200000.0,-8465100000.0,3177500000.0,15081900000.0,36347300000.0,3129100000.0,2026-03-29,2026-Q1,10-Q,0.03887543018746296,,0.07623285748448205,0.49355804630614414,0.04894379448580545,-0.17667836174410226,0.10398429190869672,0.058444506194407886,-0.5220350899619699,24.37318614369575,24.142875991615693,SBUX,Starbucks Corp,current_ttm,sec_company_facts_ttm,neutral_report_risk,829224,63947679727.16559,105.25,119985000000.0,-0.5668384343602851,2026-08-01T03:08:02,2026-08-01,-46.7,17.4,56.7,2026-04-28,3.0,Stable,53.7,2026-Q1,ok,53.7,True,56.7,True,56.7,Potentially overvalued,26.7,Below-average relative value,Potentially overvalued,Potentially overvalued,,Potentially overvalued,119985000000.0,-46.7,2026,2026-Q1,,Random Forest,2026-10-03T14:19:22,Latest TTM fundamentals + current market data + latest 10-Q risk,Signal uses latest available filing fundamentals plus current market data. It may not reflect filings or events after the latest available filing update.,2026-Q1,50,real_sec_filing,"risk_per1k=12.7, debt=6, legal=29, uncertainty=6, cost+cyber=26",ok,,Report risk is currently neutral because filing-text extraction has not yet been integrated for this dataset.,,current,Below-average relative value,26.7,"Research signal: Potentially overvalued. This signal was assigned because the model-estimated fair value is 26.4% below actual market cap; fundamentals score in the lower third of the training dataset; report risk is set to neutral because SEC filing text has not been integrated into this dataset; and the log-scale model error is moderate (+0.31). The valuation gap is a research signal, not proof of undervaluation or overvaluation. This output is for research purposes only and does not constitute investment advice.",119.985
8679380000.0,773268000.0,610134000.0,6376921000.0,46889027000.0,16411962000.0,30478131000.0,2412472000.0,10035962000.0,6221316000.0,2163176000.0,2026-04-30,2026-Q2,10-Q,0.08909253886798366,0.7347207980293523,0.07029695669506347,0.2140364738214764,0.016491449054807643,0.02537124077588616,0.05145067309671408,0.3951035440090167,-0.6425311671357301,22.8842159344961,24.571049519139496,SNPS,Synopsys Inc,current_ttm,sec_company_facts_ttm,neutral_report_risk,883241,68121591436.057465,388.760009765625,74439504256.91528,4.412758516878271,2026-08-01T03:08:02,2026-08-01,-8.5,42.1,31.5,2026-05-27,-31.8,Decreasing,63.3,2026-Q2,ok,63.3,True,31.5,True,31.5,Fairly valued / neutral,63.3,Neutral relative value,Fairly valued / neutral,Fairly valued / neutral,,Fairly valued / neutral,74439504256.91528,-8.5,2026,2026-Q2,,Random Forest,2026-10-03T14:19:22,Latest TTM fundamentals + current market data + latest 10-Q risk,Signal uses latest available filing fundamentals plus current market data. It may not reflect filings or events after the latest available filing update.,2026-Q2,50,real_sec_filing,"risk_per1k=16.1, debt=10, legal=20, uncertainty=14, cost+cyber=20",ok,,Report risk is currently neutral because filing-text extraction has not yet been integrated for this dataset.,,current,Neutral relative value,63.3,"Research signal: Potentially overvalued. This signal was assigned because the model-estimated fair value is 13.3% below actual market cap; fundamentals score in the upper third of the training dataset; report risk is set to neutral because SEC filing text has not been integrated into this dataset; and the log-scale model error is low (+0.14). The valuation gap is a research signal, not proof of undervaluation or overvaluation. This output is for research purposes only and does not constitute investment advice.",74.43950425691528
11010000000.0,2378000000.0,3103000000.0,,8892000000.0,7797000000.0,1095000000.0,1146000000.0,3465000000.0,8540000000.0,1494000000.0,2026-04-03,2026-Q2,10-Q,0.21598546775658492,,0.2818346957311535,0.3896761133603239,0.2674313990103464,2.171689497716895,0.12887989203778677,0.2892271662763466,0.5917001338688086,23.122069787681,22.90841783304836,STX,Seagate Technology PLC,current_ttm,sec_company_facts_ttm,"extreme_valuation_gap, neutral_report_risk, needs_review",1137789,54645738655.83754,856.1300048828125,194341511108.39844,0.5224981501620511,2026-08-01T03:08:02,2026-08-01,-71.9,73.7,56.9,2026-04-29,6.7,Stable,50.2,2026-Q2,ok,48.9,True,56.9,True,56.9,Potentially overvalued,5.8,Needs review,Needs review,Needs review,,Potentially overvalued,194341511108.39844,-71.9,2026,2026-Q2,,Random Forest,2026-10-03T14:19:22,Latest TTM fundamentals + current market data + latest 10-Q risk,Signal uses latest available filing fundamentals plus current market data. It may not reflect filings or events after the latest available filing update.,2026-Q2,50,real_sec_filing,"risk_per1k=9.5, debt=13, legal=11, uncertainty=27, cost+cyber=8",ok,,Valuation gap of +107.1% exceeds 100% — the model estimate is likely unreliable for this observation. | Report risk is currently neutral because filing-text extraction has not yet been integrated for this dataset.,,current,Needs review,5.8,"Research signal: Possible value trap. This signal was assigned because the model-estimated fair value is 107.1% above actual market cap; fundamentals score in the lower third of the training dataset; report risk is set to neutral because SEC filing text has not been integrated into this dataset; and the log-scale model error is high (-0.73) — treat this estimate with additional caution. The valuation gap is a research signal, not proof of undervaluation or overvaluation. This output is for research purposes only and does not constitute investment advice.",194.34151110839844
4044300000.0,361200000.0,367500000.0,1661100000.0,7896000000.0,2130300000.0,5765700000.0,1413300000.0,496700000.0,3952200000.0,412100000.0,2026-04-03,2026-Q2,10-Q,0.08931088198204881,0.4107262072546547,0.09086862992359618,0.06290526849037488,0.045744680851063826,0.06264633955981061,0.17898936170212765,0.023303476544709323,-0.12351371026449887,22.120574319329403,22.78962213907759,SWKS,Skyworks Solutions Inc,current_ttm,sec_company_facts_ttm,"extreme_valuation_gap, high_model_error, neutral_report_risk, needs_review",4127,15046376683.278992,62.279998779296875,9371444679.277405,-0.3201036562176238,2026-08-01T03:08:02,2026-08-01,60.6,33.0,59.1,2026-05-05,-8.0,Stable,67.1,2026-Q2,ok,67.1,True,59.1,True,59.1,Possible value trap,92.5,Needs review,Needs review,Needs review,,Possible value trap,9371444679.277405,60.6,2026,2026-Q2,,Random Forest,2026-10-03T14:19:22,Latest TTM fundamentals + current market data + latest 10-Q risk,Signal uses latest available filing fundamentals plus current market data. It may not reflect filings or events after the latest available filing update.,2026-Q2,50,real_sec_filing,"risk_per1k=11.6, debt=20, legal=22, uncertainty=41, cost+cyber=18",ok,,Valuation gap of +217.5% exceeds 100% — the model estimate is likely unreliable for this observation. | Model error of -1.155 (log scale) is large — the model fit was poor for this observation. | Report risk is currently neutral because filing-text extraction has not yet been integrated for this dataset.,,current,Needs review,92.5,"Research signal: Research candidate. This signal was assigned because the model-estimated fair value is 217.5% above actual market cap; fundamentals score in the upper third of the training dataset; report risk is set to neutral because SEC filing text has not been integrated into this dataset; and the log-scale model error is high (-1.16) — treat this estimate with additional caution. The valuation gap is a research signal, not proof of undervaluation or overvaluation. This output is for research purposes only and does not constitute investment advice.",9.371444679277404
126528000000.0,21431000000.0,25066000000.0,,421188000000.0,279032000000.0,421188000000.0,11964000000.0,131589000000.0,122934000000.0,11854000000.0,2026-03-31,2026-Q1,10-Q,0.16937752908447143,,0.19810634800202326,0.31242343086697627,0.050882266351368034,0.050882266351368034,0.028405367674292716,0.029235199375274634,0.8079129407794836,25.563729464494564,26.766345126771892,T,AT&T Inc,current_ttm,sec_company_facts_ttm,neutral_report_risk,732717,182790391754.12744,23.25,159317966362.5,0.1723434601688722,2026-08-01T03:08:02,2026-08-01,14.7,30.6,26.9,2026-04-27,-61.8,Decreasing,88.7,2026-Q1,ok,88.7,True,26.9,True,26.9,Research candidate,78.3,Above-average relative value,Possible value trap,Possible value trap,,Possible value trap,159317966362.5,14.7,2026,2026-Q1,,Random Forest,2026-10-03T14:19:22,Latest TTM fundamentals + current market data + latest 10-Q risk,Signal uses latest available filing fundamentals plus current market data. It may not reflect filings or events after the latest available filing update.,2026-Q1,50,real_sec_filing,"risk_per1k=14.7, debt=17, legal=43, uncertainty=18, cost+cyber=33",ok,,Report risk is currently neutral because filing-text extraction has not yet been integrated for this dataset.,,current,Above-average relative value,78.3,"Research signal: Fairly valued / neutral. This signal was assigned because the model-estimated fair value is 5.3% below actual market cap; fundamentals score in the lower third of the training dataset; report risk is set to neutral because SEC filing text has not been integrated into this dataset; and the log-scale model error is low (+0.05). The valuation gap is a research signal, not proof of undervaluation or overvaluation. This output is for research purposes only and does not constitute investment advice.",159.3179663625
106377000000.0,3451000000.0,4780000000.0,20754000000.0,58010000000.0,,16395000000.0,3534000000.0,14282000000.0,105881000000.0,4185000000.0,2026-05-02,2026-Q2,10-Q,0.032441223196743654,0.1950985645393271,0.044934525320323,0.24619893121875538,0.05948974314773315,0.2104910033546813,0.06092053094294087,0.004684504301999404,-0.17538829151732382,25.39025522507331,24.783881246424386,TGT,Target Corp,current_ttm,sec_company_facts_ttm,neutral_report_risk,27419,70823166390.18019,144.49000549316406,65626076267.826294,-0.0138322707298486,2026-08-01T03:08:02,2026-08-01,7.9,31.4,52.4,2026-05-29,-18.2,Decreasing,70.6,2026-Q2,ok,70.6,True,52.4,True,52.4,Fairly valued / neutral,76.7,Above-average relative value,Possible value trap,Possible value trap,,Possible value trap,65626076267.826294,7.9,2026,2026-Q2,,Random Forest,2026-10-03T14:19:22,Latest TTM fundamentals + current market data + latest 10-Q risk,Signal uses latest available filing fundamentals plus current market data. It may not reflect filings or events after the latest available filing update.,2026-Q2,50,real_sec_filing,"risk_per1k=17.5, debt=12, legal=35, uncertainty=8, cost+cyber=102",ok,,Report risk is currently neutral because filing-text extraction has not yet been integrated for this dataset.,,current,Above-average relative value,76.7,"Research signal: Possible value trap. This signal was assigned because the model-estimated fair value is 30.9% above actual market cap; fundamentals score in the lower third of the training dataset; report risk is set to neutral because SEC filing text has not been integrated into this dataset; and the log-scale model error is low (-0.27). The valuation gap is a research signal, not proof of undervaluation or overvaluation. This output is for research purposes only and does not constitute investment advice.",65.62607626782629
45197000000.0,6865000000.0,7893000000.0,11328000000.0,113281000000.0,,51934000000.0,3254000000.0,42947000000.0,42898000000.0,5228100000.0,2026-03-28,2026-Q1,10-Q,0.15189061220877492,0.25063610416620574,0.17463548465606124,0.37911918150440055,0.060601513051615014,0.13218700658528132,0.02872502891040863,0.053592242062566964,0.31309653602647236,24.534296549900482,25.45313729453647,TMO,Thermo Fisher Scientific Inc,current_ttm,sec_company_facts_ttm,neutral_report_risk,97745,113503187850.83867,574.2999877929688,213422202813.10516,-0.428252449787297,2026-08-01T03:08:02,2026-08-01,-46.8,35.7,56.3,2026-05-01,-12.0,Decreasing,68.3,2026-Q1,ok,68.3,True,56.3,True,56.3,Potentially overvalued,25.8,Below-average relative value,Potentially overvalued,Potentially overvalued,,Potentially overvalued,213422202813.10516,-46.8,2026,2026-Q1,,Random Forest,2026-10-03T14:19:22,Latest TTM fundamentals + current market data + latest 10-Q risk,Signal uses latest available filing fundamentals plus current market data. It may not reflect filings or events after the latest available filing update.,2026-Q1,50,real_sec_filing,"risk_per1k=9.2, debt=16, legal=70, uncertainty=20, cost+cyber=24",ok,,Report risk is currently neutral because filing-text extraction has not yet been integrated for this dataset.,,current,Below-average relative value,25.8,"Research signal: Potentially overvalued. This signal was assigned because the model-estimated fair value is 21.1% below actual market cap; fundamentals are in the middle range of the training dataset; report risk is set to neutral because SEC filing text has not been integrated into this dataset; and the log-scale model error is low (+0.24). The valuation gap is a research signal, not proof of undervaluation or overvaluation. This output is for research purposes only and does not constitute investment advice.",213.42220281310517
90530000000.0,10543000000.0,17976000000.0,,214667000000.0,10270605000.0,55879000000.0,3520000000.0,86282000000.0,82692000000.0,11918000000.0,2026-03-31,2026-Q1,10-Q,0.11645863249751463,,0.19856401192974704,0.40193415848733155,0.04911327777441339,0.18867553105817927,0.016397490066009213,0.09478546896918694,-0.11537170666219165,25.22894712443376,26.09235382717648,TMUS,T-Mobile US Inc,current_ttm,sec_company_facts_ttm,neutral_report_risk,1283699,137297270361.06853,172.7100067138672,185261121483.00476,-0.363441581477481,2026-08-01T03:08:02,2026-08-01,-25.9,48.4,43.0,2026-04-28,-40.1,Decreasing,83.1,2026-Q1,ok,83.1,True,43.0,True,43.0,Potentially overvalued,48.3,Neutral relative value,Fairly valued / neutral,Fairly valued / neutral,,Fairly valued / neutral,185261121483.00476,-25.9,2026,2026-Q1,,Random Forest,2026-10-03T14:19:22,Latest TTM fundamentals + current market data + latest 10-Q risk,Signal uses latest available filing fundamentals plus current market data. It may not reflect filings or events after the latest available filing update.,2026-Q1,50,real_sec_filing,"risk_per1k=14.5, debt=44, legal=43, uncertainty=20, cost+cyber=42",ok,,Report risk is currently neutral because filing-text extraction has not yet been integrated for this dataset.,,current,Neutral relative value,48.3,"Research signal: Potentially overvalued. This signal was assigned because the model-estimated fair value is 37.1% below actual market cap; fundamentals score in the lower third of the training dataset; report risk is set to neutral because SEC filing text has not been integrated into this dataset; and the log-scale model error is moderate (+0.46). The valuation gap is a research signal, not proof of undervaluation or overvaluation. This output is for research purposes only and does not constitute investment advice.",185.26112148300476
97879000000.0,3862000000.0,4897000000.0,18661000000.0,143724000000.0,58922000000.0,84116000000.0,16603000000.0,7645000000.0,95724000000.0,6110000000.0,2026-03-31,2026-Q1,10-Q,0.03945688043400525,0.1906537663850264,0.05003116092318066,0.05319222955108402,0.026870947093039436,0.04591278710352371,0.11552002449138626,0.022512640508127513,-0.3679214402618658,25.306997858876947,25.69116063069978,TSLA,Tesla Motors Inc,current_ttm,sec_company_facts_ttm,neutral_report_risk,1318605,209351282709.73978,311.2099914550781,1229138610738.166,0.7641202217660038,2026-08-01T03:08:02,2026-08-01,-83.0,31.1,63.5,2026-04-23,27.8,Increasing,35.7,2026-Q1,ok,35.7,True,63.5,True,63.5,Potentially overvalued,1.7,Low relative value,Potentially overvalued,Potentially overvalued,,Potentially overvalued,1229138610738.166,-83.0,2026,2026-Q1,,Random Forest,2026-10-03T14:19:22,Latest TTM fundamentals + current market data + latest 10-Q risk,Signal uses latest available filing fundamentals plus current market data. It may not reflect filings or events after the latest available filing update.,2026-Q1,50,real_sec_filing,"risk_per1k=6.4, debt=3, legal=29, uncertainty=13, cost+cyber=16",ok,,Report risk is currently neutral because filing-text extraction has not yet been integrated for this dataset.,,current,Low relative value,1.7,"Research signal: Potentially overvalued. This signal was assigned because the model-estimated fair value is 38.0% below actual market cap; fundamentals score in the upper third of the training dataset; report risk is set to neutral because SEC filing text has not been integrated into this dataset; and the log-scale model error is moderate (+0.48). The valuation gap is a research signal, not proof of undervaluation or overvaluation. This output is for research purposes only and does not constitute investment advice.",1229.138610738166
18438000000.0,5367000000.0,6507000000.0,10569000000.0,34393000000.0,17615000000.0,16778000000.0,3549000000.0,14050000000.0,16049000000.0,4873000000.0,2026-03-31,2026-Q1,10-Q,0.2910836316303287,0.5732183534005858,0.35291246339082327,0.4085133602768005,0.15604919605733725,0.31988318035522706,0.10318960253539965,0.14885662658109533,0.101374923045352,23.637679589322815,24.261118892247104,TXN,Texas Instruments Inc,current_ttm,sec_company_facts_ttm,neutral_report_risk,97476,85435303001.31686,275.739990234375,251818908019.20557,-0.5769114172650004,2026-08-01T03:08:02,2026-08-01,-66.1,65.3,67.2,2026-04-24,-18.0,Decreasing,85.2,2026-Q1,ok,85.2,True,67.2,True,67.2,Potentially overvalued,10.0,Low relative value,Potentially overvalued,Potentially overvalued,,Potentially overvalued,251818908019.20557,-66.1,2026,2026-Q1,,Random Forest,2026-10-03T14:19:22,Latest TTM fundamentals + current market data + latest 10-Q risk,Signal uses latest available filing fundamentals plus current market data. It may not reflect filings or events after the latest available filing update.,2026-Q1,50,real_sec_filing,"risk_per1k=19.2, debt=11, legal=12, uncertainty=11, cost+cyber=15",ok,,Report risk is currently neutral because filing-text extraction has not yet been integrated for this dataset.,,current,Low relative value,10.0,"Research signal: Potentially overvalued. This signal was assigned because the model-estimated fair value is 12.9% below actual market cap; fundamentals score in the upper third of the training dataset; report risk is set to neutral because SEC filing text has not been integrated into this dataset; and the log-scale model error is low (+0.14). The valuation gap is a research signal, not proof of undervaluation or overvaluation. This output is for research purposes only and does not constitute investment advice.",251.81890801920557
449713000000.0,12044000000.0,18835000000.0,,312644000000.0,207325000000.0,312644000000.0,28001000000.0,71440000000.0,410057000000.0,22106000000.0,2026-03-31,2026-Q1,10-Q,0.026781525106012057,,0.041882267134817096,0.22850270595309682,0.0385230485792147,0.0385230485792147,0.08956192986271926,0.09670850637838146,-0.4551705419343165,26.831875438466238,26.468330999987153,UNH,UnitedHealth Group Inc,current_ttm,sec_company_facts_ttm,neutral_report_risk,731766,434108078889.1474,414.3999938964844,376335035474.7264,-1.6774639484997498,2026-08-01T03:08:02,2026-08-01,15.4,32.1,74.6,2026-05-05,24.8,Increasing,49.8,2026-Q1,ok,49.8,True,74.6,True,74.6,Possible value trap,79.2,Above-average relative value,Possible value trap,Possible value trap,,Possible value trap,376335035474.7264,15.4,2026,2026-Q1,,Random Forest,2026-10-03T14:19:22,Latest TTM fundamentals + current market data + latest 10-Q risk,Signal uses latest available filing fundamentals plus current market data. It may not reflect filings or events after the latest available filing update.,2026-Q1,50,real_sec_filing,"risk_per1k=10.5, debt=2, legal=51, uncertainty=9, cost+cyber=17",ok,,Report risk is currently neutral because filing-text extraction has not yet been integrated for this dataset.,,current,Above-average relative value,79.2,"Research signal: Fairly valued / neutral. This signal was assigned because the model-estimated fair value is 8.5% below actual market cap; fundamentals score in the lower third of the training dataset; report risk is set to neutral because SEC filing text has not been integrated into this dataset; and the log-scale model error is low (+0.09). The valuation gap is a research signal, not proof of undervaluation or overvaluation. This output is for research purposes only and does not constitute investment advice.",376.3350354747264
43027000000.0,22236000000.0,26296000000.0,,95049000000.0,59388000000.0,95049000000.0,12404000000.0,22417000000.0,37621000000.0,19886000000.0,2026-03-31,2026-Q1,10-Q,0.5167917819043856,,0.6111511376577498,0.23584677376931898,0.23394249281949311,0.23394249281949311,0.1305011099538133,0.14369633981021246,0.11817358945992162,24.485093662565614,25.27765838504697,V,Visa Inc,current_ttm,sec_company_facts_ttm,neutral_report_risk,1403161,357950939144.9917,366.1300048828125,683582022054.1117,-0.0382188372124994,2026-08-01T03:08:02,2026-08-01,-47.6,70.8,44.4,2026-04-29,6.6,Stable,37.8,2026-Q1,ok,37.8,True,44.4,True,44.4,Potentially overvalued,25.0,Below-average relative value,Potentially overvalued,Potentially overvalued,,Potentially overvalued,683582022054.1117,-47.6,2026,2026-Q1,,Random Forest,2026-10-03T14:19:22,Latest TTM fundamentals + current market data + latest 10-Q risk,Signal uses latest available filing fundamentals plus current market data. It may not reflect filings or events after the latest available filing update.,2026-Q1,50,real_sec_filing,"risk_per1k=4.1, debt=10, legal=41, uncertainty=2, cost+cyber=9",ok,,Report risk is currently neutral because filing-text extraction has not yet been integrated for this dataset.,,current,Below-average relative value,25.0,"Research signal: Potentially overvalued. This signal was assigned because the model-estimated fair value is 13.6% below actual market cap; fundamentals score in the upper third of the training dataset; report risk is set to neutral because SEC filing text has not been integrated into this dataset; and the log-scale model error is low (+0.15). The valuation gap is a research signal, not proof of undervaluation or overvaluation. This output is for research purposes only and does not constitute investment advice.",683.5820220541117
12218000000.0,4338300000.0,4681300000.0,,26484400000.0,7122500000.0,19361900000.0,5492900000.0,105000000.0,11099700000.0,-988900000.0,2026-03-31,2026-Q1,10-Q,0.3550744802750041,,0.3831478146996235,0.0039645980275180865,0.16380586307411155,0.22406375407372212,0.2074013381462295,0.10075047073344323,-5.38699565173425,23.226176111173988,23.999821717353647,VRTX,Vertex Pharmaceuticals Inc,current_ttm,sec_company_facts_ttm,neutral_report_risk,875320,76738879209.54994,477.1000061035156,121090565999.80531,-0.954952457327025,2026-08-01T03:08:02,2026-08-01,-36.6,76.4,30.3,2026-05-05,18.6,Increasing,11.7,2026-Q1,ok,11.7,True,30.3,True,30.3,Potentially overvalued,33.3,Below-average relative value,Potentially overvalued,Potentially overvalued,,Potentially overvalued,121090565999.80531,-36.6,2026,2026-Q1,,Random Forest,2026-10-03T14:19:22,Latest TTM fundamentals + current market data + latest 10-Q risk,Signal uses latest available filing fundamentals plus current market data. It may not reflect filings or events after the latest available filing update.,2026-Q1,50,real_sec_filing,"risk_per1k=1.2, debt=0, legal=20, uncertainty=2, cost+cyber=8",ok,,Report risk is currently neutral because filing-text extraction has not yet been integrated for this dataset.,,current,Below-average relative value,33.3,"Research signal: Fairly valued / neutral. This signal was assigned because the model-estimated fair value is 6.0% below actual market cap; fundamentals score in the upper third of the training dataset; report risk is set to neutral because SEC filing text has not been integrated into this dataset; and the log-scale model error is low (+0.06). The valuation gap is a research signal, not proof of undervaluation or overvaluation. This output is for research purposes only and does not constitute investment advice.",121.0905659998053
139146000000.0,17774000000.0,29523000000.0,,417882000000.0,,417882000000.0,8366000000.0,144231000000.0,135292000000.0,18226000000.0,2026-03-31,2026-Q1,10-Q,0.1277363344975781,,0.2121728256651287,0.34514767326661594,0.042533538175848686,0.042533538175848686,0.020020005647527293,0.02848653283268776,-0.02479973663996493,25.658789578547538,26.75846493296725,VZ,Verizon Communications Inc,current_ttm,sec_company_facts_ttm,neutral_report_risk,732712,141960445668.95218,46.810001373291016,195457918311.3575,1.5181105046055994,2026-08-01T03:08:02,2026-08-01,-27.4,29.1,49.6,2026-05-01,-19.2,Decreasing,68.8,2026-Q1,ok,68.8,True,49.6,True,49.6,Potentially overvalued,45.8,Neutral relative value,Fairly valued / neutral,Fairly valued / neutral,,Fairly valued / neutral,195457918311.3575,-27.4,2026,2026-Q1,,Random Forest,2026-10-03T14:19:22,Latest TTM fundamentals + current market data + latest 10-Q risk,Signal uses latest available filing fundamentals plus current market data. It may not reflect filings or events after the latest available filing update.,2026-Q1,50,real_sec_filing,"risk_per1k=10.8, debt=8, legal=71, uncertainty=20, cost+cyber=39",ok,,Report risk is currently neutral because filing-text extraction has not yet been integrated for this dataset.,,current,Neutral relative value,45.8,"Research signal: Fairly valued / neutral. This signal was assigned because the model-estimated fair value is within 5% of actual market cap; fundamentals score in the lower third of the training dataset; report risk is set to neutral because SEC filing text has not been integrated into this dataset; and the log-scale model error is low (-0.01). The valuation gap is a research signal, not proof of undervaluation or overvaluation. This output is for research purposes only and does not constitute investment advice.",195.4579183113575
9854000000.0,847000000.0,1020000000.0,,16091000000.0,9408000000.0,6683000000.0,559000000.0,2988000000.0,8696000000.0,487000000.0,2026-04-30,2026-Q2,10-Q,0.08595494215546987,,0.10351126446113254,0.1856938661363495,0.05263812068858368,0.12673948825377823,0.03473991672363433,0.13316467341306337,0.7392197125256674,23.01114330106818,23.501525946423424,WDAY,Workday Inc,current_ttm,sec_company_facts_ttm,neutral_report_risk,1327811,42123104695.67446,160.33999633789062,39599726718.41611,1.4104077660683174,2026-08-01T03:08:02,2026-08-01,6.4,47.3,56.4,2026-05-22,-2.4,Stable,58.8,2026-Q2,ok,58.8,True,56.4,True,56.4,Fairly valued / neutral,74.6,Above-average relative value,Research candidate,Research candidate,,Research candidate,39599726718.41611,6.4,2026,2026-Q2,,Random Forest,2026-10-03T14:19:22,Latest TTM fundamentals + current market data + latest 10-Q risk,Signal uses latest available filing fundamentals plus current market data. It may not reflect filings or events after the latest available filing update.,2026-Q2,50,real_sec_filing,"risk_per1k=12.9, debt=9, legal=37, uncertainty=6, cost+cyber=14",ok,,Report risk is currently neutral because filing-text extraction has not yet been integrated for this dataset.,,current,Above-average relative value,74.6,"Research signal: Fairly valued / neutral. This signal was assigned because the model-estimated fair value is 6.7% below actual market cap; fundamentals score in the lower third of the training dataset; report risk is set to neutral because SEC filing text has not been integrated into this dataset; and the log-scale model error is low (+0.07). The valuation gap is a research signal, not proof of undervaluation or overvaluation. This output is for research purposes only and does not constitute investment advice.",39.59972671841611
11777000000.0,6511000000.0,3570000000.0,5350000000.0,15045000000.0,5365000000.0,9680000000.0,2050000000.0,1581000000.0,8919000000.0,1646000000.0,2026-04-03,2026-Q2,10-Q,0.5528572641589539,0.45427528232996517,0.3031332257790609,0.10508474576271186,0.4327683615819209,0.6726239669421488,0.13625789298770355,0.32043951115595926,2.9556500607533414,23.189414313805823,23.43431154702842,WDC,Western Digital Corp,current_ttm,sec_company_facts_ttm,neutral_report_risk,106040,72616700077.28505,544.8400268554688,187796621510.6402,2.213726796214089,2026-08-01T03:08:02,2026-08-01,-61.3,85.1,43.9,2026-05-01,-17.8,Decreasing,61.7,2026-Q2,ok,40.2,True,43.9,True,43.9,Potentially overvalued,15.0,Low relative value,Potentially overvalued,Potentially overvalued,,Potentially overvalued,187796621510.6402,-61.3,2026,2026-Q2,,Random Forest,2026-10-03T14:19:22,Latest TTM fundamentals + current market data + latest 10-Q risk,Signal uses latest available filing fundamentals plus current market data. It may not reflect filings or events after the latest available filing update.,2026-Q2,50,real_sec_filing,"risk_per1k=11.2, debt=8, legal=12, uncertainty=6, cost+cyber=7",ok,,Report risk is currently neutral because filing-text extraction has not yet been integrated for this dataset.,,current,Low relative value,15.0,"Research signal: Fairly valued / neutral. This signal was assigned because the model-estimated fair value is 8.7% below actual market cap; fundamentals are in the middle range of the training dataset; report risk is set to neutral because SEC filing text has not been integrated into this dataset; and the log-scale model error is low (+0.09). The valuation gap is a research signal, not proof of undervaluation or overvaluation. This output is for research purposes only and does not constitute investment advice.",187.7966215106402
84996000000.0,21697000000.0,,,2205752000000.0,2025439000000.0,178396000000.0,,183941000000.0,81582000000.0,19997000000.0,2026-03-31,2026-Q1,10-Q,0.2552708362746482,,,0.08339151454923309,0.009836554608133643,0.12162268212291756,,0.041847466352872065,0.08501275191278701,25.165870033505897,28.422089609769284,WFC,Wells Fargo & Co,current_ttm,sec_company_facts_ttm,neutral_report_risk,72971,183671076110.04803,86.44999694824219,261424733368.6864,1.1939560335043211,2026-08-01T03:08:02,2026-08-01,-29.7,47.0,64.1,2026-04-29,-2.7,Stable,66.8,2026-Q1,ok,66.8,False,64.1,True,64.1,Potentially overvalued,40.8,Neutral relative value,Fairly valued / neutral,Fairly valued / neutral,,Fairly valued / neutral,261424733368.6864,-29.7,2026,2026-Q1,,Random Forest,2026-10-03T14:19:22,Latest TTM fundamentals + current market data + latest 10-Q risk,Signal uses latest available filing fundamentals plus current market data. It may not reflect filings or events after the latest available filing update.,2026-Q1,50,filing_missing_or_error,"risk_per1k=75.8, debt=40, legal=0, uncertainty=6, cost+cyber=0",too_short,,Report risk is currently neutral because filing-text extraction has not yet been integrated for this dataset.,,current,Neutral relative value,40.8,"Research signal: Potentially overvalued. This signal was assigned because the model-estimated fair value is 26.6% below actual market cap; fundamentals are in the middle range of the training dataset; report risk is set to neutral because SEC filing text has not been integrated into this dataset; and the log-scale model error is moderate (+0.31). The valuation gap is a research signal, not proof of undervaluation or overvaluation. This output is for research purposes only and does not constitute investment advice.",261.4247333686864
718116000000.0,22736000000.0,30183000000.0,,289607000000.0,,94330000000.0,10729000000.0,36887000000.0,678581000000.0,18819000000.0,2026-04-30,2026-Q2,10-Q,0.03166062307482356,,0.04203081396320372,0.12736915889463998,0.07850638969361928,0.24102618467083642,0.03704675646652187,0.05826128347242254,0.2081407088580689,27.299896952833823,26.39179066843657,WMT,Walmart Inc,current_ttm,sec_company_facts_ttm,neutral_report_risk,104169,391664840313.7413,111.1999969482422,884938377749.8698,0.0900076287079218,2026-08-01T03:08:02,2026-08-01,-55.7,45.6,57.5,2026-05-29,17.5,Increasing,40.0,2026-Q2,ok,40.0,True,57.5,True,57.5,Potentially overvalued,16.7,Low relative value,Potentially overvalued,Potentially overvalued,,Potentially overvalued,884938377749.8698,-55.7,2026,2026-Q2,,Random Forest,2026-10-03T14:19:22,Latest TTM fundamentals + current market data + latest 10-Q risk,Signal uses latest available filing fundamentals plus current market data. It may not reflect filings or events after the latest available filing update.,2026-Q2,50,real_sec_filing,"risk_per1k=8.5, debt=7, legal=19, uncertainty=5, cost+cyber=27",ok,,Report risk is currently neutral because filing-text extraction has not yet been integrated for this dataset.,,current,Low relative value,16.7,"Research signal: Potentially overvalued. This signal was assigned because the model-estimated fair value is 38.3% below actual market cap; fundamentals score in the lower third of the training dataset; report risk is set to neutral because SEC filing text has not been integrated into this dataset; and the log-scale model error is moderate (+0.48). The valuation gap is a research signal, not proof of undervaluation or overvaluation. This output is for research purposes only and does not constitute investment advice.",884.9383777498698
3173564000.0,-77388000.0,-150017000.0,2432659000.0,7098079000.0,4731484000.0,2366595000.0,982112000.0,1148881000.0,2546757000.0,-38778000.0,2026-04-30,2026-Q2,10-Q,-0.024385202252105203,0.7665385037138057,-0.04727082863304474,0.16185801820464382,-0.010902668172614026,-0.03270014514524031,0.13836306978268345,0.24611967298018622,0.9956676466037444,21.878121083515484,22.683090021004524,ZS,Zscaler Inc,current_ttm,sec_company_facts_ttm,neutral_report_risk,1713683,34824098858.86779,151.1999969482422,24450479686.501698,1.893656964857278,2026-08-01T03:08:02,2026-08-01,42.4,38.5,42.6,2026-05-26,-19.3,Decreasing,61.9,2026-Q2,ok,61.9,True,42.6,True,42.6,Possible value trap,90.8,Top decile relative value,Possible value trap,Possible value trap,,Possible value trap,24450479686.501698,42.4,2026,2026-Q2,,Random Forest,2026-10-03T14:19:22,Latest TTM fundamentals + current market data + latest 10-Q risk,Signal uses latest available filing fundamentals plus current market data. It may not reflect filings or events after the latest available filing update.,2026-Q2,50,real_sec_filing,"risk_per1k=11.6, debt=17, legal=30, uncertainty=9, cost+cyber=21",ok,,Report risk is currently neutral because filing-text extraction has not yet been integrated for this dataset.,,current,Top decile relative value,90.8,"Research signal: Possible value trap. This signal was assigned because the model-estimated fair value is 15.9% above actual market cap; fundamentals score in the lower third of the training dataset; report risk is set to neutral because SEC filing text has not been integrated into this dataset; and the log-scale model error is low (-0.15). The valuation gap is a research signal, not proof of undervaluation or overvaluation. This output is for research purposes only and does not constitute investment advice.",24.450479686501698
445866000000.0,244205000000.0,147628000000.0,,921983000000.0,281503000000.0,640480000000.0,55911000000.0,98165000000.0,359672000000.0,115573000000.0,2026-06-30,2026-Q2,10-Q,0.5477094014793682,,0.331103963971238,0.10647159437863822,0.26486930887012017,0.3812843492380715,0.06064211596092336,0.23964612202228697,1.112993519247575,26.82328429539231,27.549792622155145,GOOGL,Alphabet Inc,current_ttm,sec_company_facts_ttm,neutral_report_risk,1652044,1896106346519.7583,343.5,4200982614448.5,1.555111730573374,2026-10-03T14:17:34,2026-10-03,-54.9,81.9,49.6,2026-07-23,-10.8,Decreasing,60.4,2026-Q2,ok,60.4,True,49.6,True,49.6,Potentially overvalued,19.2,Low relative value,Potentially overvalued,Potentially overvalued,,Potentially overvalued,4200982614448.5,-54.9,2026,2026-Q2,,Random Forest,2026-10-03T14:19:22,Latest TTM fundamentals + current market data + latest 10-Q risk,Signal uses latest available filing fundamentals plus current market data. It may not reflect filings or events after the latest available filing update.,2026-Q2,50,real_sec_filing,"risk_per1k=11.4, debt=6, legal=46, uncertainty=14, cost+cyber=28",ok,,Report risk is currently neutral because filing-text extraction has not yet been integrated for this dataset.,,current,Low relative value,19.2,"Research signal: Potentially overvalued. This signal was assigned because the model-estimated fair value is 46.0% below actual market cap; fundamentals score in the upper third of the training dataset; report risk is set to neutral because SEC filing text has not been integrated into this dataset; and the log-scale model error is high (+0.62) — treat this estimate with additional caution. The valuation gap is a research signal, not proof of undervaluation or overvaluation. This output is for research purposes only and does not constitute investment advice.",4200.9826144485
6197800000.0,630200000.0,669700000.0,2337600000.0,13485100000.0,6246600000.0,7218700000.0,3514500000.0,4504900000.0,6398800000.0,465800000.0,2026-07-03,2026-Q3,10-Q,0.10168124173093679,0.37716609119364936,0.10805447094130176,0.3340650050796805,0.04673306093391966,0.0873010375829443,0.2606209816760721,-0.03141213977620805,0.3529411764705883,22.54746022731763,23.324851209157625,ON,ON Semiconductor Corp,current_ttm,sec_company_facts_ttm,neutral_report_risk,1097864,15140921615.14664,84.88999938964844,33049256819.948776,6.00649032044409,2026-10-03T14:17:34,2026-10-03,-54.2,22.1,51.3,2026-08-03,10.3,Increasing,41.0,2026-Q3,ok,41.0,True,51.3,True,51.3,Potentially overvalued,20.0,Below-average relative value,Potentially overvalued,Potentially overvalued,,Potentially overvalued,33049256819.948776,-54.2,2026,2026-Q3,,Random Forest,2026-10-03T14:19:22,Latest TTM fundamentals + current market data + latest 10-Q risk,Signal uses latest available filing fundamentals plus current market data. It may not reflect filings or events after the latest available filing update.,2026-Q3,50,real_sec_filing,"risk_per1k=8.8, debt=7, legal=42, uncertainty=5, cost+cyber=3",ok,,Report risk is currently neutral because filing-text extraction has not yet been integrated for this dataset.,,current,Below-average relative value,20.0,"Research signal: Research candidate. This signal was assigned because the model-estimated fair value is 98.0% above actual market cap; fundamentals score in the upper third of the training dataset; report risk is set to neutral because SEC filing text has not been integrated into this dataset; and the log-scale model error is high (-0.68) — treat this estimate with additional caution. The valuation gap is a research signal, not proof of undervaluation or overvaluation. This output is for research purposes only and does not constitute investment advice.",33.04925681994877
9450300000.0,2639900000.0,1561300000.0,4934100000.0,27554600000.0,9023000000.0,18531600000.0,3932800000.0,4962900000.0,7234900000.0,-103400000.0,2026-08-01,2026-Q3,10-Q,0.2793456292392834,0.5221104091933589,0.1652116864014899,0.18011148773707475,0.0958061448905083,0.14245397051522804,0.14272753006757494,0.3062101756762361,-26.530947775628626,22.969312323979914,24.039435327754543,MRVL,Marvell Technology Inc,current_ttm,sec_company_facts_ttm,neutral_report_risk,1835632,68406287121.03591,272.2900085449219,244708286753.1307,1.570435013253541,2026-10-03T14:17:34,2026-10-03,-72.0,59.9,62.9,2026-08-28,-1.0,Stable,63.9,2026-Q3,ok,63.9,True,62.9,True,62.9,Potentially overvalued,5.0,Low relative value,Potentially overvalued,Potentially overvalued,,Potentially overvalued,244708286753.1307,-72.0,2026,2026-Q3,,Random Forest,2026-10-03T14:19:22,Latest TTM fundamentals + current market data + latest 10-Q risk,Signal uses latest available filing fundamentals plus current market data. It may not reflect filings or events after the latest available filing update.,2026-Q3,50,real_sec_filing,"risk_per1k=21.4, debt=8, legal=20, uncertainty=11, cost+cyber=42",ok,,Report risk is currently neutral because filing-text extraction has not yet been integrated for this dataset.,,current,Low relative value,5.0,"Research signal: Potentially overvalued. This signal was assigned because the model-estimated fair value is 31.8% below actual market cap; fundamentals score in the lower third of the training dataset; report risk is set to neutral because SEC filing text has not been integrated into this dataset; and the log-scale model error is moderate (+0.38). The valuation gap is a research signal, not proof of undervaluation or overvaluation. This output is for research purposes only and does not constitute investment advice.",244.7082867531307
3966725000.0,177543000.0,16329000.0,3154033000.0,7547675000.0,3180515000.0,4367160000.0,434957000.0,,3016056000.0,124584000.0,2026-06-30,2026-Q2,10-Q,0.044758081288720546,0.7951226767673585,0.004116494085171016,,0.023522872937692733,0.04065410930673481,0.05762794502942959,0.3152027018065977,0.42508668849932585,22.101206654170007,22.744505405762055,DDOG,Datadog Inc,current_ttm,sec_company_facts_ttm,neutral_report_risk,1561550,31818948639.2739,277.2200012207031,99542778591.604,0.2749076861447034,2026-10-03T14:17:34,2026-10-03,-68.0,39.8,28.1,2026-08-06,-8.8,Stable,36.9,2026-Q2,ok,36.9,True,28.1,True,28.1,Potentially overvalued,9.2,Low relative value,Potentially overvalued,Potentially overvalued,,Potentially overvalued,99542778591.604,-68.0,2026,2026-Q2,,Random Forest,2026-10-03T14:19:22,Latest TTM fundamentals + current market data + latest 10-Q risk,Signal uses latest available filing fundamentals plus current market data. It may not reflect filings or events after the latest available filing update.,2026-Q2,50,real_sec_filing,"risk_per1k=7.0, debt=14, legal=14, uncertainty=6, cost+cyber=10",ok,,Report risk is currently neutral because filing-text extraction has not yet been integrated for this dataset.,,current,Low relative value,9.2,"Research signal: Potentially overvalued. This signal was assigned because the model-estimated fair value is 17.7% below actual market cap; fundamentals score in the lower third of the training dataset; report risk is set to neutral because SEC filing text has not been integrated into this dataset; and the log-scale model error is low (+0.20). The valuation gap is a research signal, not proof of undervaluation or overvaluation. This output is for research purposes only and does not constitute investment advice.",99.542778591604
98861000000.0,8600000000.0,18238000000.0,,204740000000.0,,110032000000.0,5185000000.0,37414000000.0,94535000000.0,11551000000.0,2026-06-27,2026-Q2,10-Q,0.08699082550247317,,0.1844812413388495,0.1827390837159324,0.042004493503956235,0.07815908099461975,0.025324802188141055,0.04576082932247316,-0.25547571638819155,25.31698066008865,26.045006718438035,DIS,Walt Disney Co,current_ttm,sec_company_facts_ttm,neutral_report_risk,1744489,159815747622.9511,102.19000244140624,176450138730.9242,0.8487127156924589,2026-10-03T14:17:34,2026-10-03,-9.4,37.7,57.1,2026-08-05,44.9,Increasing,12.2,2026-Q2,ok,12.2,True,57.1,True,57.1,Fairly valued / neutral,60.8,Neutral relative value,Fairly valued / neutral,Fairly valued / neutral,,Fairly valued / neutral,176450138730.9242,-9.4,2026,2026-Q2,,Random Forest,2026-10-03T14:19:22,Latest TTM fundamentals + current market data + latest 10-Q risk,Signal uses latest available filing fundamentals plus current market data. It may not reflect filings or events after the latest available filing update.,2026-Q2,50,real_sec_filing,"risk_per1k=2.8, debt=1, legal=10, uncertainty=3, cost+cyber=9",ok,,Report risk is currently neutral because filing-text extraction has not yet been integrated for this dataset.,,current,Neutral relative value,60.8,"Research signal: Potentially overvalued. This signal was assigned because the model-estimated fair value is 10.3% below actual market cap; fundamentals are in the middle range of the training dataset; report risk is set to neutral because SEC filing text has not been integrated into this dataset; and the log-scale model error is low (+0.11). The valuation gap is a research signal, not proof of undervaluation or overvaluation. This output is for research purposes only and does not constitute investment advice.",176.45013873092418
27299000000.0,6576000000.0,8891000000.0,,175875000000.0,111335000000.0,57613000000.0,10492000000.0,12744000000.0,21573000000.0,6404000000.0,2026-06-30,2026-Q2,10-Q,0.2408879446133558,,0.3256895856991099,0.07246055437100213,0.037390191897654586,0.11414090569836668,0.05965600568585643,0.2654243730589163,0.026858213616489657,24.0301159084298,25.893039352380963,BLK,BlackRock Inc,current_ttm,sec_company_facts_ttm,neutral_report_risk,2012383,156700685578.6207,1059.6300048828125,164104113670.36755,-0.4443966828748891,2026-10-03T14:17:34,2026-10-03,-4.5,70.9,38.6,2026-08-06,-5.3,Stable,43.9,2026-Q2,ok,43.9,True,38.6,True,38.6,Fairly valued / neutral,67.5,Neutral relative value,Fairly valued / neutral,Fairly valued / neutral,,Fairly valued / neutral,164104113670.36755,-4.5,2026,2026-Q2,,Random Forest,2026-10-03T14:19:22,Latest TTM fundamentals + current market data + latest 10-Q risk,Signal uses latest available filing fundamentals plus current market data. It may not reflect filings or events after the latest available filing update.,2026-Q2,50,real_sec_filing,"risk_per1k=7.5, debt=19, legal=35, uncertainty=1, cost+cyber=4",ok,,Report risk is currently neutral because filing-text extraction has not yet been integrated for this dataset.,,current,Neutral relative value,67.5,"Research signal: Fairly valued / neutral. This signal was assigned because the model-estimated fair value is 7.7% below actual market cap; fundamentals score in the upper third of the training dataset; report risk is set to neutral because SEC filing text has not been integrated into this dataset; and the log-scale model error is low (+0.08). The valuation gap is a research signal, not proof of undervaluation or overvaluation. This output is for research purposes only and does not constitute investment advice.",164.10411367036755
26025000000.0,1252852000.0,,,517266000000.0,467119000000.0,50147000000.0,40580000000.0,22669000000.0,21626000000.0,1346942000.0,2026-06-30,2026-Q2,10-Q,0.04814032660902978,,,0.0438246472801228,0.002422065243027765,0.024983588250543403,0.07845093240228432,0.2034125589568112,-0.06985452974218642,23.982323451447442,26.97182308591144,SCHW,Charles Schwab Corp,current_ttm,sec_company_facts_ttm,neutral_report_risk,316709,157796729880.0862,96.6999969482422,167226758266.28622,-1.69767790150628,2026-10-03T14:17:34,2026-10-03,-5.6,55.1,55.2,2026-08-07,-1.0,Stable,56.2,2026-Q2,ok,56.2,True,55.2,True,55.2,Fairly valued / neutral,65.0,Neutral relative value,Fairly valued / neutral,Fairly valued / neutral,,Fairly valued / neutral,167226758266.28622,-5.6,2026,2026-Q2,,Random Forest,2026-10-03T14:19:22,Latest TTM fundamentals + current market data + latest 10-Q risk,Signal uses latest available filing fundamentals plus current market data. It may not reflect filings or events after the latest available filing update.,2026-Q2,50,real_sec_filing,"risk_per1k=8.3, debt=43, legal=54, uncertainty=3, cost+cyber=6",ok,,Report risk is currently neutral because filing-text extraction has not yet been integrated for this dataset.,,current,Neutral relative value,65.0,"Research signal: Fairly valued / neutral. This signal was assigned because the model-estimated fair value is within 5% of actual market cap; fundamentals are in the middle range of the training dataset; report risk is set to neutral because SEC filing text has not been integrated into this dataset; and the log-scale model error is low (-0.04). The valuation gap is a research signal, not proof of undervaluation or overvaluation. This output is for research purposes only and does not constitute investment advice.",167.22675826628623
30457000000.0,-3240000000.0,-2497000000.0,19783000000.0,49362000000.0,,11829000000.0,5412000000.0,26246000000.0,28863000000.0,6311000000.0,2026-06-30,2026-Q2,10-Q,-0.10637948583248515,0.6495386938963128,-0.08198443707522081,0.5317045500587496,-0.0656375349459098,-0.27390311945219376,0.10963899355779749,0.055226414440633365,-1.5133893202345112,24.139581689740268,24.622446734361258,GILD,Gilead Sciences Inc,current_ttm,sec_company_facts_ttm,neutral_report_risk,882095,138432173281.42944,144.74000549316406,179471115945.9771,-1.8711827164989407,2026-10-03T14:17:34,2026-10-03,-22.9,11.5,86.0,2026-08-06,20.8,Increasing,65.2,2026-Q2,ok,65.2,True,86.0,True,86.0,Potentially overvalued,51.7,Neutral relative value,Fairly valued / neutral,Fairly valued / neutral,,Fairly valued / neutral,179471115945.9771,-22.9,2026,2026-Q2,,Random Forest,2026-10-03T14:19:22,Latest TTM fundamentals + current market data + latest 10-Q risk,Signal uses latest available filing fundamentals plus current market data. It may not reflect filings or events after the latest available filing update.,2026-Q2,50,real_sec_filing,"risk_per1k=11.0, debt=42, legal=21, uncertainty=15, cost+cyber=24",ok,,Report risk is currently neutral because filing-text extraction has not yet been integrated for this dataset.,,current,Neutral relative value,51.7,"Research signal: Potentially overvalued. This signal was assigned because the model-estimated fair value is 30.4% below actual market cap; fundamentals are in the middle range of the training dataset; report risk is set to neutral because SEC filing text has not been integrated into this dataset; and the log-scale model error is moderate (+0.36). The valuation gap is a research signal, not proof of undervaluation or overvaluation. This output is for research purposes only and does not constitute investment advice.",179.47111594597712
39304000000.0,2609000000.0,3676000000.0,11308000000.0,71122000000.0,45318000000.0,25750000000.0,2476000000.0,15468000000.0,36464000000.0,3601000000.0,2026-03-31,2026-Q1,10-Q,0.06638001221249745,0.2877060858945654,0.09352737634846327,0.2174854475408453,0.036683445347431176,0.10132038834951457,0.034813419195185734,0.07788503729706009,-0.2754790336017773,24.394592131812757,24.987662549241474,MDLZ,Mondelez International Inc,current_ttm,sec_company_facts_ttm,neutral_report_risk,1103982,67738369369.61448,58.189998626708984,74268364084.08762,0.7444603837799544,2026-10-03T14:17:34,2026-10-03,-8.8,38.5,52.8,2026-07-28,0.9,Stable,51.9,2026-Q2,ok,51.9,True,52.8,True,52.8,Fairly valued / neutral,61.7,Neutral relative value,Fairly valued / neutral,Fairly valued / neutral,,Fairly valued / neutral,74268364084.08762,-8.8,2026,2026-Q1,,Random Forest,2026-10-03T14:19:22,Latest TTM fundamentals + current market data + latest 10-Q risk,Signal uses latest available filing fundamentals plus current market data. It may not reflect filings or events after the latest available filing update.,2026-Q1,50,real_sec_filing,"risk_per1k=9.9, debt=8, legal=13, uncertainty=35, cost+cyber=25",ok,,Report risk is currently neutral because filing-text extraction has not yet been integrated for this dataset.,,current,Neutral relative value,61.7,"Research signal: Fairly valued / neutral. This signal was assigned because the model-estimated fair value is 7.9% above actual market cap; fundamentals score in the lower third of the training dataset; report risk is set to neutral because SEC filing text has not been integrated into this dataset; and the log-scale model error is low (-0.08). The valuation gap is a research signal, not proof of undervaluation or overvaluation. This output is for research purposes only and does not constitute investment advice.",74.26836408408762
50638000000.0,8972000000.0,22569000000.0,25123000000.0,127672000000.0,109805000000.0,17640000000.0,43299000000.0,17157000000.0,41612000000.0,7757000000.0,2026-06-30,2026-Q2,10-Q,0.17717919349105415,0.49612938899640585,0.4456929578577353,0.13438342001378534,0.07027382668086973,0.5086167800453515,0.3391424901309606,0.21690858406228974,0.15663271883460106,24.64796811953163,25.572730312043298,GE,GE Aerospace,current_ttm,sec_company_facts_ttm,neutral_report_risk,40545,324051364262.76166,309.55999755859375,321187848991.1684,-0.905924311642496,2026-10-03T14:17:34,2026-10-03,0.9,84.6,49.8,2026-07-16,-6.2,Stable,56.0,2026-Q2,ok,56.0,True,49.8,True,49.8,Fairly valued / neutral,70.8,Above-average relative value,Research candidate,Research candidate,,Research candidate,321187848991.1684,0.9,2026,2026-Q2,,Random Forest,2026-10-03T14:19:22,Latest TTM fundamentals + current market data + latest 10-Q risk,Signal uses latest available filing fundamentals plus current market data. It may not reflect filings or events after the latest available filing update.,2026-Q2,50,real_sec_filing,"risk_per1k=4.4, debt=39, legal=35, uncertainty=14, cost+cyber=45",ok,,Report risk is currently neutral because filing-text extraction has not yet been integrated for this dataset.,,current,Above-average relative value,70.8,"Research signal: Potentially overvalued. This signal was assigned because the model-estimated fair value is 47.9% below actual market cap; fundamentals score in the lower third of the training dataset; report risk is set to neutral because SEC filing text has not been integrated into this dataset; and the log-scale model error is high (+0.65) — treat this estimate with additional caution. The valuation gap is a research signal, not proof of undervaluation or overvaluation. This output is for research purposes only and does not constitute investment advice.",321.1878489911684
94720000000.0,4433.0,5463000000.0,,98937000000.0,,31647000000.0,13311000000.0,23455000000.0,87926000000.0,4092.0,2026-05-31,2026-Q2,10-K,4.6801097972972973e-08,,0.05767525337837838,0.2370700546812618,4.480629087196903e-08,1.4007646854362182e-07,0.1345401619212226,0.07726952209812787,0.08333333333333326,25.274191008082106,25.31774912087936,FDX,FedEx Corp,current_ttm,sec_company_facts_ttm,neutral_report_risk,1048911,128706696526.8217,290.3599853515625,68719624039.74792,1.146054252762124,2026-10-03T14:17:34,2026-10-03,87.3,28.7,51.6,2026-03-19,-37.1,Decreasing,88.7,2026-Q1,ok,88.7,True,51.6,True,51.6,Possible value trap,94.2,Top decile relative value,Possible value trap,Possible value trap,,Possible value trap,68719624039.74792,87.3,2026,2026-Q2,,Random Forest,2026-10-03T14:19:22,Latest TTM fundamentals + current market data + latest 10-Q risk,Signal uses latest available filing fundamentals plus current market data. It may not reflect filings or events after the latest available filing update.,2026-Q2,50,real_sec_filing,"risk_per1k=32.7, debt=2, legal=1, uncertainty=1, cost+cyber=1",ok,,Report risk is currently neutral because filing-text extraction has not yet been integrated for this dataset.,,current,Top decile relative value,94.2,"Research signal: Research candidate. This signal was assigned because the model-estimated fair value is 81.8% above actual market cap; fundamentals are in the middle range of the training dataset; report risk is set to neutral because SEC filing text has not been integrated into this dataset; and the log-scale model error is moderate (-0.60). The valuation gap is a research signal, not proof of undervaluation or overvaluation. This output is for research purposes only and does not constitute investment advice.",68.71962403974793
893400000.0,3401000000.0,4902000000.0,,63300100000.0,53047600000.0,3719700000.0,1762500000.0,31963100000.0,874900000.0,1292800000.0,2026-06-30,2026-Q2,10-Q,3.8068054622789345,,5.486903962390866,0.5049454898175516,0.05372819316241206,0.9143210473962954,0.027843557909071233,0.021145273745570847,1.63072400990099,20.61054496688229,24.871152745874124,AMT,American Tower Corp,current_ttm,sec_company_facts_ttm,neutral_report_risk,1053507,58062267396.71972,162.1999969482422,75578718363.60278,0.7078103855264899,2026-10-03T14:17:34,2026-10-03,-23.2,59.1,30.9,2026-07-28,-32.6,Decreasing,63.5,2026-Q2,ok,63.5,True,30.9,True,30.9,Potentially overvalued,50.8,Neutral relative value,Fairly valued / neutral,Fairly valued / neutral,,Fairly valued / neutral,75578718363.60278,-23.2,2026,2026-Q2,,Random Forest,2026-10-03T14:19:22,Latest TTM fundamentals + current market data + latest 10-Q risk,Signal uses latest available filing fundamentals plus current market data. It may not reflect filings or events after the latest available filing update.,2026-Q2,50,real_sec_filing,"risk_per1k=10.0, debt=50, legal=20, uncertainty=16, cost+cyber=28",ok,,Report risk is currently neutral because filing-text extraction has not yet been integrated for this dataset.,,current,Neutral relative value,50.8,"Research signal: Fairly valued / neutral. This signal was assigned because the model-estimated fair value is 5.7% below actual market cap; fundamentals score in the upper third of the training dataset; report risk is set to neutral because SEC filing text has not been integrated into this dataset; and the log-scale model error is low (+0.06). The valuation gap is a research signal, not proof of undervaluation or overvaluation. This output is for research purposes only and does not constitute investment advice.",75.57871836360279
88317000000.0,5311000000.0,7468000000.0,,71809000000.0,,15763000000.0,5802000000.0,23749000000.0,90910000000.0,5856000000.0,2026-03-31,2026-Q1,10-Q,0.06013564772354133,,0.0845590316700069,0.330724560988177,0.07396008856828531,0.3369282496986614,0.08079767160105279,-0.028522714772852287,-0.09306693989071035,25.204198451506986,24.997275653334576,UPS,United Parcel Service Inc,current_ttm,sec_company_facts_ttm,neutral_report_risk,1090727,105022390699.778,93.0199966430664,79139699901.62273,-0.9266191844047992,2026-10-03T14:18:29,2026-10-03,32.7,35.1,54.9,2026-05-06,-23.7,Decreasing,78.6,2026-Q1,ok,78.6,True,54.9,True,54.9,Possible value trap,85.0,Above-average relative value,Possible value trap,Possible value trap,,Possible value trap,79139699901.62273,32.7,2026,2026-Q1,,Random Forest,2026-10-03T14:19:22,Latest TTM fundamentals + current market data + latest 10-Q risk,Signal uses latest available filing fundamentals plus current market data. It may not reflect filings or events after the latest available filing update.,2026-Q1,50,real_sec_filing,"risk_per1k=17.7, debt=6, legal=58, uncertainty=35, cost+cyber=48",ok,,Report risk is currently neutral because filing-text extraction has not yet been integrated for this dataset.,,current,Above-average relative value,85.0,"Research signal: Research candidate. This signal was assigned because the model-estimated fair value is 74.8% above actual market cap; fundamentals are in the middle range of the training dataset; report risk is set to neutral because SEC filing text has not been integrated into this dataset; and the log-scale model error is moderate (-0.56). The valuation gap is a research signal, not proof of undervaluation or overvaluation. This output is for research purposes only and does not constitute investment advice.",79.13969990162272
92184000000.0,2268000000.0,4268000000.0,4418000000.0,164787000000.0,158800000000.0,5987000000.0,9441000000.0,46962000000.0,69444000000.0,-11511000000.0,2026-03-31,2026-Q1,10-Q,0.024602967977089298,0.04792588735572333,0.04629870693395817,0.2849860729305103,0.013763221613355423,0.37882077835309835,0.057292140763531105,0.3274580957318127,-1.1970289288506646,25.247052416658125,25.82791956781517,BA,Boeing Co,current_ttm,sec_company_facts_ttm,neutral_report_risk,12927,139902499032.571,193.55999755859375,152984019141.5857,0.6656952295730381,2026-10-03T14:18:29,2026-10-03,-8.6,58.5,43.5,2026-04-22,-40.4,Decreasing,83.9,2026-Q1,ok,83.9,True,43.5,True,43.5,Fairly valued / neutral,62.5,Neutral relative value,Fairly valued / neutral,Fairly valued / neutral,,Fairly valued / neutral,152984019141.5857,-8.6,2026,2026-Q1,,Random Forest,2026-10-03T14:19:22,Latest TTM fundamentals + current market data + latest 10-Q risk,Signal uses latest available filing fundamentals plus current market data. It may not reflect filings or events after the latest available filing update.,2026-Q1,50,real_sec_filing,"risk_per1k=19.2, debt=24, legal=51, uncertainty=15, cost+cyber=51",ok,,Report risk is currently neutral because filing-text extraction has not yet been integrated for this dataset.,,current,Neutral relative value,62.5,"Research signal: Fairly valued / neutral. This signal was assigned because the model-estimated fair value is within 5% of actual market cap; fundamentals score in the lower third of the training dataset; report risk is set to neutral because SEC filing text has not been integrated into this dataset; and the log-scale model error is low (+0.02). The valuation gap is a research signal, not proof of undervaluation or overvaluation. This output is for research purposes only and does not constitute investment advice.",152.9840191415857
75106000000.0,4793000000.0,7422000000.0,7374000000.0,59238000000.0,51749000000.0,7489000000.0,1894000000.0,20529000000.0,71811000000.0,5503000000.0,2026-03-29,2026-Q1,10-Q,0.06381647271855777,0.09818123718477885,0.09882033392804836,0.3465512002430872,0.08091090178601573,0.640005341167045,0.03197272021337655,0.045884335268969956,-0.12902053425404325,25.04216628600055,24.80482906480378,LMT,Lockheed Martin Corp,current_ttm,sec_company_facts_ttm,neutral_report_risk,936468,74713778524.59,505.4100036621094,116643955318.91098,-0.0178034298497774,2026-10-03T14:18:29,2026-10-03,-35.9,44.8,62.5,2026-04-23,-7.2,Stable,69.7,2026-Q1,ok,69.7,True,62.5,True,62.5,Potentially overvalued,35.4,Below-average relative value,Potentially overvalued,Potentially overvalued,,Potentially overvalued,116643955318.91098,-35.9,2026,2026-Q1,,Random Forest,2026-10-03T14:19:22,Latest TTM fundamentals + current market data + latest 10-Q risk,Signal uses latest available filing fundamentals plus current market data. It may not reflect filings or events after the latest available filing update.,2026-Q1,50,real_sec_filing,"risk_per1k=15.7, debt=11, legal=30, uncertainty=14, cost+cyber=27",ok,,Report risk is currently neutral because filing-text extraction has not yet been integrated for this dataset.,,current,Below-average relative value,35.4,"Research signal: Potentially overvalued. This signal was assigned because the model-estimated fair value is 24.5% below actual market cap; fundamentals are in the middle range of the training dataset; report risk is set to neutral because SEC filing text has not been integrated into this dataset; and the log-scale model error is low (+0.28). The valuation gap is a research signal, not proof of undervaluation or overvaluation. This output is for research purposes only and does not constitute investment advice.",116.64395531891098
42367000000.0,4576000000.0,4927000000.0,,50007000000.0,32892000000.0,17115000000.0,2090000000.0,14411000000.0,40368000000.0,3711000000.0,2026-03-31,2026-Q1,10-Q,0.10800859159251304,,0.1162933415158024,0.28817965484832125,0.0915071889935409,0.2673678060181128,0.041794148819165315,0.04951942132382081,0.23309081110212881,24.469635594263373,24.63542883257547,NOC,Northrop Grumman Corp,current_ttm,sec_company_facts_ttm,neutral_report_risk,1133421,69778406512.47221,478.0,67906126428.0,-0.8298755186721992,2026-10-03T14:18:29,2026-10-03,2.8,42.6,58.0,2026-04-21,-27.1,Decreasing,85.1,2026-Q1,ok,85.1,True,58.0,True,58.0,Fairly valued / neutral,72.5,Above-average relative value,Possible value trap,Possible value trap,,Possible value trap,67906126428.0,2.8,2026,2026-Q1,,Random Forest,2026-10-03T14:19:22,Latest TTM fundamentals + current market data + latest 10-Q risk,Signal uses latest available filing fundamentals plus current market data. It may not reflect filings or events after the latest available filing update.,2026-Q1,50,real_sec_filing,"risk_per1k=17.7, debt=16, legal=55, uncertainty=36, cost+cyber=29",ok,,Report risk is currently neutral because filing-text extraction has not yet been integrated for this dataset.,,current,Above-average relative value,72.5,"Research signal: Fairly valued / neutral. This signal was assigned because the model-estimated fair value is 7.1% above actual market cap; fundamentals score in the lower third of the training dataset; report risk is set to neutral because SEC filing text has not been integrated into this dataset; and the log-scale model error is low (-0.07). The valuation gap is a research signal, not proof of undervaluation or overvaluation. This output is for research purposes only and does not constitute investment advice.",67.906126428
334246000000.0,25314000000.0,,,464410000000.0,203414000000.0,254381000000.0,8435000000.0,33130000000.0,349632000000.0,33173000000.0,2026-03-31,2026-Q1,10-Q,0.07573463855962376,,,0.07133782648952434,0.05450787020090007,0.09951214909918586,0.018162830257746388,-0.04400626944902064,-0.2369095348626895,26.535143085766357,26.86403361969938,XOM,Exxon Mobil Corp,current_ttm,sec_company_facts_ttm,neutral_report_risk,34088,253696956627.035,164.00999450683594,674394657972.193,0.1159731254566366,2026-10-03T14:18:29,2026-10-03,-62.4,39.9,49.0,2026-05-04,-2.7,Stable,51.7,2026-Q1,ok,51.7,True,49.0,True,49.0,Potentially overvalued,13.3,Low relative value,Potentially overvalued,Potentially overvalued,,Potentially overvalued,674394657972.193,-62.4,2026,2026-Q1,,Random Forest,2026-10-03T14:19:22,Latest TTM fundamentals + current market data + latest 10-Q risk,Signal uses latest available filing fundamentals plus current market data. It may not reflect filings or events after the latest available filing update.,2026-Q1,50,real_sec_filing,"risk_per1k=8.7, debt=8, legal=31, uncertainty=11, cost+cyber=61",ok,,Report risk is currently neutral because filing-text extraction has not yet been integrated for this dataset.,,current,Low relative value,13.3,"Research signal: Research candidate. This signal was assigned because the model-estimated fair value is 12.7% above actual market cap; fundamentals score in the upper third of the training dataset; report risk is set to neutral because SEC filing text has not been integrated into this dataset; and the log-scale model error is low (-0.12). The valuation gap is a research signal, not proof of undervaluation or overvaluation. This output is for research purposes only and does not constitute investment advice.",674.394657972193
185887000000.0,11010000000.0,,,329551000000.0,140180000000.0,183715000000.0,4008000000.0,39781000000.0,192935000000.0,15699000000.0,2026-03-31,2026-Q1,10-Q,0.05922953191992985,,,0.12071272731686446,0.03340909297802161,0.05992978254361375,0.012162002239410592,-0.036530437712182895,-0.29868144467800495,25.94840479915866,26.52099695888144,CVX,Chevron Corp,current_ttm,sec_company_facts_ttm,neutral_report_risk,93410,180530046924.4245,206.69000244140625,405443785492.1305,-0.1979737566518666,2026-10-03T14:18:29,2026-10-03,-55.5,34.9,66.8,2026-05-07,-19.1,Decreasing,85.9,2026-Q1,ok,85.9,True,66.8,True,66.8,Potentially overvalued,18.3,Low relative value,Potentially overvalued,Potentially overvalued,,Potentially overvalued,405443785492.1305,-55.5,2026,2026-Q1,,Random Forest,2026-10-03T14:19:22,Latest TTM fundamentals + current market data + latest 10-Q risk,Signal uses latest available filing fundamentals plus current market data. It may not reflect filings or events after the latest available filing update.,2026-Q1,50,real_sec_filing,"risk_per1k=18.4, debt=7, legal=31, uncertainty=23, cost+cyber=12",ok,,Report risk is currently neutral because filing-text extraction has not yet been integrated for this dataset.,,current,Low relative value,18.3,"Research signal: Fairly valued / neutral. This signal was assigned because the model-estimated fair value is 6.5% above actual market cap; fundamentals score in the upper third of the training dataset; report risk is set to neutral because SEC filing text has not been integrated into this dataset; and the log-scale model error is low (-0.06). The valuation gap is a research signal, not proof of undervaluation or overvaluation. This output is for research purposes only and does not constitute investment advice.",405.4437854921305
50845000000.0,7322000000.0,,,122725000000.0,58184000000.0,64541000000.0,5877000000.0,22262000000.0,51590000000.0,9543000000.0,2026-03-31,2026-Q1,10-Q,0.14400629363752582,,,0.1813974332858016,0.05966184558973314,0.11344726607892658,0.04788755347321247,-0.014440783097499521,-0.23273603688567535,24.65204762618951,25.533211916890526,COP,ConocoPhillips,current_ttm,sec_company_facts_ttm,neutral_report_risk,1163165,123811586443.88707,126.75,154418765387.25,-0.2439773056431821,2026-10-03T14:18:29,2026-10-03,-19.8,38.0,61.5,2026-04-30,-30.4,Decreasing,91.9,2026-Q1,ok,91.9,True,61.5,True,61.5,Potentially overvalued,53.3,Neutral relative value,Fairly valued / neutral,Fairly valued / neutral,,Fairly valued / neutral,154418765387.25,-19.8,2026,2026-Q1,,Random Forest,2026-10-03T14:19:22,Latest TTM fundamentals + current market data + latest 10-Q risk,Signal uses latest available filing fundamentals plus current market data. It may not reflect filings or events after the latest available filing update.,2026-Q1,50,real_sec_filing,"risk_per1k=23.5, debt=17, legal=37, uncertainty=27, cost+cyber=27",ok,,Report risk is currently neutral because filing-text extraction has not yet been integrated for this dataset.,,current,Neutral relative value,53.3,"Research signal: Research candidate. This signal was assigned because the model-estimated fair value is 38.6% above actual market cap; fundamentals score in the upper third of the training dataset; report risk is set to neutral because SEC filing text has not been integrated into this dataset; and the log-scale model error is moderate (-0.33). The valuation gap is a research signal, not proof of undervaluation or overvaluation. This output is for research purposes only and does not constitute investment advice.",154.41876538725
35939000000.0,3329000000.0,6781000000.0,,54526000000.0,27173000000.0,26177000000.0,3172000000.0,9670000000.0,36072000000.0,4190000000.0,2026-03-31,2026-Q1,10-Q,0.09262917721695095,,0.18868082027880576,0.17734658694934527,0.061053442394454024,0.12717270886656226,0.05817408208927851,-0.003687070303836748,-0.20548926014319813,24.30508889376336,24.721943489076835,SLB,Schlumberger Ltd,current_ttm,sec_company_facts_ttm,neutral_report_risk,87347,71640683060.05746,48.7400016784668,72337143570.02513,0.16440984649724,2026-10-03T14:18:29,2026-10-03,-1.0,38.8,64.6,2026-04-29,-2.7,Stable,67.3,2026-Q1,ok,67.3,True,64.6,True,64.6,Fairly valued / neutral,69.2,Neutral relative value,Fairly valued / neutral,Fairly valued / neutral,,Fairly valued / neutral,72337143570.02513,-1.0,2026,2026-Q1,,Random Forest,2026-10-03T14:19:22,Latest TTM fundamentals + current market data + latest 10-Q risk,Signal uses latest available filing fundamentals plus current market data. It may not reflect filings or events after the latest available filing update.,2026-Q1,50,real_sec_filing,"risk_per1k=11.8, debt=7, legal=40, uncertainty=29, cost+cyber=43",ok,,Report risk is currently neutral because filing-text extraction has not yet been integrated for this dataset.,,current,Neutral relative value,69.2,"Research signal: Research candidate. This signal was assigned because the model-estimated fair value is 28.4% above actual market cap; fundamentals are in the middle range of the training dataset; report risk is set to neutral because SEC filing text has not been integrated into this dataset; and the log-scale model error is low (-0.25). The valuation gap is a research signal, not proof of undervaluation or overvaluation. This output is for research purposes only and does not constitute investment advice.",72.33714357002513
21325000000.0,4006000000.0,,,80464000000.0,,38932000000.0,3811000000.0,14707000000.0,21792000000.0,2411000000.0,2026-03-31,2026-Q1,10-Q,0.1878546307151231,,,0.18277739113143765,0.04978623980910718,0.10289735949861296,0.04736279578445019,-0.021429882525697552,0.6615512235586893,23.783145930324153,25.11107571637602,OXY,Occidental Petroleum Corp,current_ttm,sec_company_facts_ttm,"extreme_valuation_gap, high_model_error, neutral_report_risk, needs_review",797468,79870741906.54128,58.08000183105469,58058940338.070694,0.4149406601549925,2026-10-03T14:18:29,2026-10-03,37.6,36.5,64.6,2026-05-05,-17.0,Decreasing,81.6,2026-Q1,ok,81.6,True,64.6,True,64.6,Possible value trap,90.0,Needs review,Needs review,Needs review,,Possible value trap,58058940338.070694,37.6,2026,2026-Q1,,Random Forest,2026-10-03T14:19:22,Latest TTM fundamentals + current market data + latest 10-Q risk,Signal uses latest available filing fundamentals plus current market data. It may not reflect filings or events after the latest available filing update.,2026-Q1,50,real_sec_filing,"risk_per1k=12.9, debt=20, legal=53, uncertainty=36, cost+cyber=30",ok,,Valuation gap of +295.9% exceeds 100% — the model estimate is likely unreliable for this observation. | Model error of -1.376 (log scale) is large — the model fit was poor for this observation. | Report risk is currently neutral because filing-text extraction has not yet been integrated for this dataset.,,current,Needs review,90.0,"Research signal: Research candidate. This signal was assigned because the model-estimated fair value is 295.9% above actual market cap; fundamentals score in the upper third of the training dataset; report risk is set to neutral because SEC filing text has not been integrated into this dataset; and the log-scale model error is high (-1.38) — treat this estimate with additional caution. The valuation gap is a research signal, not proof of undervaluation or overvaluation. This output is for research purposes only and does not constitute investment advice.",58.05894033807069
25900000000.0,8184000000.0,8232000000.0,,221424000000.0,154792000000.0,55222000000.0,1998000000.0,93948000000.0,24100000000.0,5511000000.0,2026-03-31,2026-Q1,10-Q,0.315984555984556,,0.3178378378378378,0.42429004985909385,0.03696076306091481,0.14820180362898844,0.009023412096249728,0.07468879668049788,0.4850299401197604,23.977508805651905,26.123345252429985,NEE,NextEra Energy Inc,current_ttm,sec_company_facts_ttm,neutral_report_risk,753308,105477551222.50578,76.83000183105469,160265709617.0102,0.6286881028508354,2026-10-03T14:18:29,2026-10-03,-34.2,49.4,87.0,2026-04-23,43.8,Increasing,43.2,2026-Q1,ok,43.2,True,87.0,True,87.0,Potentially overvalued,37.5,Below-average relative value,Potentially overvalued,Potentially overvalued,,Potentially overvalued,160265709617.0102,-34.2,2026,2026-Q1,,Random Forest,2026-10-03T14:19:22,Latest TTM fundamentals + current market data + latest 10-Q risk,Signal uses latest available filing fundamentals plus current market data. It may not reflect filings or events after the latest available filing update.,2026-Q1,50,real_sec_filing,"risk_per1k=5.5, debt=1, legal=53, uncertainty=26, cost+cyber=23",ok,,Report risk is currently neutral because filing-text extraction has not yet been integrated for this dataset.,,current,Below-average relative value,37.5,"Research signal: Potentially overvalued. This signal was assigned because the model-estimated fair value is 37.5% below actual market cap; fundamentals are in the middle range of the training dataset; report risk is set to neutral because SEC filing text has not been integrated into this dataset; and the log-scale model error is moderate (+0.47). The valuation gap is a research signal, not proof of undervaluation or overvaluation. This output is for research purposes only and does not constitute investment advice.",160.2657096170102
32518000000.0,5139000000.0,9008000000.0,,198048000000.0,,54457000000.0,2140000000.0,80477000000.0,30736000000.0,4765000000.0,2026-03-31,2026-Q1,10-Q,0.15803554954179225,,0.27701580663017406,0.4063509856196478,0.025948254968492488,0.09436803349431662,0.01080546130231055,0.05797761582509109,0.07848898216159506,24.205059619119776,26.011775262503363,DUK,Duke Energy Corp,current_ttm,sec_company_facts_ttm,neutral_report_risk,1326160,78592610720.60338,114.12999725341795,88987409145.57397,0.3428867566144618,2026-10-03T14:18:29,2026-10-03,-11.7,38.5,51.3,2026-05-05,-32.1,Decreasing,83.4,2026-Q1,ok,83.4,True,51.3,True,51.3,Potentially overvalued,57.5,Neutral relative value,Fairly valued / neutral,Fairly valued / neutral,,Fairly valued / neutral,88987409145.57397,-11.7,2026,2026-Q1,,Random Forest,2026-10-03T14:19:22,Latest TTM fundamentals + current market data + latest 10-Q risk,Signal uses latest available filing fundamentals plus current market data. It may not reflect filings or events after the latest available filing update.,2026-Q1,50,real_sec_filing,"risk_per1k=15.4, debt=4, legal=11, uncertainty=2, cost+cyber=8",ok,,Report risk is currently neutral because filing-text extraction has not yet been integrated for this dataset.,,current,Neutral relative value,57.5,"Research signal: Potentially overvalued. This signal was assigned because the model-estimated fair value is 16.2% below actual market cap; fundamentals score in the lower third of the training dataset; report risk is set to neutral because SEC filing text has not been integrated into this dataset; and the log-scale model error is low (+0.18). The valuation gap is a research signal, not proof of undervaluation or overvaluation. This output is for research purposes only and does not constitute investment advice.",88.98740914557398
30175000000.0,4363000000.0,7293000000.0,,157031000000.0,117119000000.0,157031000000.0,981000000.0,67148000000.0,27853000000.0,5544000000.0,2026-03-31,2026-Q1,10-Q,0.14458989229494615,,0.24169014084507043,0.42760983500073235,0.02778432284071298,0.02778432284071298,0.006247174124854328,0.08336624421067751,-0.213023088023088,24.130279603930006,25.779709075032894,SO,Southern Co,current_ttm,sec_company_facts_ttm,neutral_report_risk,92122,131866676223.3163,83.72000122070312,96308388917.77168,0.2995088011787309,2026-10-03T14:18:29,2026-10-03,36.9,35.3,35.2,2026-04-30,-12.3,Decreasing,47.5,2026-Q1,ok,47.5,False,35.2,True,35.2,Possible value trap,89.2,Above-average relative value,Possible value trap,Possible value trap,,Possible value trap,96308388917.77168,36.9,2026,2026-Q1,,Random Forest,2026-10-03T14:19:22,Latest TTM fundamentals + current market data + latest 10-Q risk,Signal uses latest available filing fundamentals plus current market data. It may not reflect filings or events after the latest available filing update.,2026-Q1,50,filing_missing_or_error,"risk_per1k=2.8, debt=223, legal=36, uncertainty=0, cost+cyber=0",too_short,,Report risk is currently neutral because filing-text extraction has not yet been integrated for this dataset.,,current,Above-average relative value,89.2,"Research signal: Potentially overvalued. This signal was assigned because the model-estimated fair value is 13.1% below actual market cap; fundamentals are in the middle range of the training dataset; report risk is set to neutral because SEC filing text has not been integrated into this dataset; and the log-scale model error is low (+0.14). The valuation gap is a research signal, not proof of undervaluation or overvaluation. This output is for research purposes only and does not constitute investment advice.",96.30838891777168
9436000000.0,1422000000.0,1967000000.0,2924205000.0,40898000000.0,26578000000.0,14298000000.0,1362000000.0,19785000000.0,8846000000.0,927000000.0,2026-03-31,2026-Q1,10-Q,0.1506994489190335,0.30989879186095803,0.20845697329376855,0.48376448726099075,0.034769426377817984,0.0994544691565254,0.033302361973690645,0.06669681211847167,0.5339805825242718,22.96779799849184,24.434346999044035,EQIX,Equinix Inc,current_ttm,sec_company_facts_ttm,neutral_report_risk,1101239,52005580891.601494,1025.719970703125,101209518873.14796,1.3226866127879422,2026-10-03T14:18:29,2026-10-03,-48.6,35.6,69.8,2026-04-29,-19.8,Decreasing,89.6,2026-Q1,ok,89.6,True,69.8,True,69.8,Potentially overvalued,24.2,Below-average relative value,Potentially overvalued,Potentially overvalued,,Potentially overvalued,101209518873.14796,-48.6,2026,2026-Q1,,Random Forest,2026-10-03T14:19:22,Latest TTM fundamentals + current market data + latest 10-Q risk,Signal uses latest available filing fundamentals plus current market data. It may not reflect filings or events after the latest available filing update.,2026-Q1,50,real_sec_filing,"risk_per1k=17.3, debt=20, legal=78, uncertainty=50, cost+cyber=48",ok,,Report risk is currently neutral because filing-text extraction has not yet been integrated for this dataset.,,current,Below-average relative value,24.2,"Research signal: Potentially overvalued. This signal was assigned because the model-estimated fair value is 25.6% below actual market cap; fundamentals score in the lower third of the training dataset; report risk is set to neutral because SEC filing text has not been integrated into this dataset; and the log-scale model error is low (+0.30). The valuation gap is a research signal, not proof of undervaluation or overvaluation. This output is for research purposes only and does not constitute investment advice.",101.20951887314797
8948185000.0,3717254000.0,4690506000.0,,98133451000.0,40184959000.0,53503401000.0,861144000.0,34669592000.0,8384654000.0,3738873000.0,2026-03-31,2026-Q1,10-Q,0.4154198868262111,,0.5241851839227731,0.35329025573552897,0.0378795809392253,0.06947696652031522,0.00877523404328255,0.06720980973096813,-0.005782223680772303,22.914716555371744,25.309594134181218,PLD,Prologis Inc,current_ttm,sec_company_facts_ttm,neutral_report_risk,1045609,71646980567.75099,128.91000366210938,122507478464.74477,0.5695202278366612,2026-10-03T14:18:29,2026-10-03,-41.5,48.3,33.9,2026-04-30,-36.6,Decreasing,70.5,2026-Q1,ok,70.5,True,33.9,True,33.9,Potentially overvalued,30.8,Below-average relative value,Potentially overvalued,Potentially overvalued,,Potentially overvalued,122507478464.74477,-41.5,2026,2026-Q1,,Random Forest,2026-10-03T14:19:22,Latest TTM fundamentals + current market data + latest 10-Q risk,Signal uses latest available filing fundamentals plus current market data. It may not reflect filings or events after the latest available filing update.,2026-Q1,50,real_sec_filing,"risk_per1k=13.7, debt=36, legal=16, uncertainty=25, cost+cyber=27",ok,,Report risk is currently neutral because filing-text extraction has not yet been integrated for this dataset.,,current,Below-average relative value,30.8,"Research signal: Potentially overvalued. This signal was assigned because the model-estimated fair value is 12.4% below actual market cap; fundamentals are in the middle range of the training dataset; report risk is set to neutral because SEC filing text has not been integrated into this dataset; and the log-scale model error is low (+0.13). The valuation gap is a research signal, not proof of undervaluation or overvaluation. This output is for research purposes only and does not constitute investment advice.",122.50747846474476
407905000000.0,2932000000.0,5966000000.0,29292000000.0,252974000000.0,175337000000.0,77456000000.0,9542000000.0,60531000000.0,378960000000.0,5280000000.0,2026-03-31,2026-Q1,10-Q,0.00718794817420723,0.07181083830793934,0.01462595457275591,0.23927755421505767,0.011590123886249179,0.03785374922536666,0.03771929131056947,0.07638009288579273,-0.4446969696969697,26.734300141101144,26.256552553594645,CVS,CVS Health Corp,current_ttm,sec_company_facts_ttm,"extreme_valuation_gap, neutral_report_risk, needs_review",64803,147114737424.02502,86.45999908447266,110579776932.80763,1.4788757997208646,2026-10-03T14:18:29,2026-10-03,33.0,27.9,46.8,2026-05-06,17.7,Increasing,29.1,2026-Q1,ok,29.1,True,46.8,True,46.8,Possible value trap,85.8,Needs review,Needs review,Needs review,,Possible value trap,110579776932.80763,33.0,2026,2026-Q1,,Random Forest,2026-10-03T14:19:22,Latest TTM fundamentals + current market data + latest 10-Q risk,Signal uses latest available filing fundamentals plus current market data. It may not reflect filings or events after the latest available filing update.,2026-Q1,50,real_sec_filing,"risk_per1k=6.5, debt=9, legal=9, uncertainty=5, cost+cyber=4",ok,,Valuation gap of +101.3% exceeds 100% — the model estimate is likely unreliable for this observation. | Report risk is currently neutral because filing-text extraction has not yet been integrated for this dataset.,,current,Needs review,85.8,"Research signal: Possible value trap. This signal was assigned because the model-estimated fair value is 101.3% above actual market cap; fundamentals score in the lower third of the training dataset; report risk is set to neutral because SEC filing text has not been integrated into this dataset; and the log-scale model error is high (-0.70) — treat this estimate with additional caution. The valuation gap is a research signal, not proof of undervaluation or overvaluation. This output is for research purposes only and does not constitute investment advice.",110.57977693280763
33734000000.0,5059000000.0,6023000000.0,,80546000000.0,60522000000.0,20024000000.0,6977000000.0,10876000000.0,31889000000.0,4546000000.0,2026-03-31,2026-Q1,10-Q,0.1499673919487757,,0.17854390229442105,0.1350284309587068,0.06280882973704467,0.2526468238114263,0.08662130956223772,0.05785694126501295,0.11284645842498908,24.241772067782232,25.11209428673922,PYPL,PayPal Holdings Inc,current_ttm,sec_company_facts_ttm,neutral_report_risk,1633917,121611985533.92862,52.79999923706055,45168333494.53515,-0.4900153213364726,2026-10-03T14:18:29,2026-10-03,169.2,53.6,37.4,2026-05-05,-15.4,Decreasing,52.8,2026-Q1,ok,52.8,True,37.4,True,37.4,Research candidate,98.3,Top decile relative value,Research candidate,Research candidate,,Research candidate,45168333494.53515,169.2,2026,2026-Q1,,Random Forest,2026-10-03T14:19:22,Latest TTM fundamentals + current market data + latest 10-Q risk,Signal uses latest available filing fundamentals plus current market data. It may not reflect filings or events after the latest available filing update.,2026-Q1,50,real_sec_filing,"risk_per1k=9.8, debt=4, legal=89, uncertainty=5, cost+cyber=27",ok,,Report risk is currently neutral because filing-text extraction has not yet been integrated for this dataset.,,current,Top decile relative value,98.3,"Research signal: Research candidate. This signal was assigned because the model-estimated fair value is 30.0% above actual market cap; fundamentals are in the middle range of the training dataset; report risk is set to neutral because SEC filing text has not been integrated into this dataset; and the log-scale model error is low (-0.26). The valuation gap is a research signal, not proof of undervaluation or overvaluation. This output is for research purposes only and does not constitute investment advice.",45.16833349453515
